review,rating,sentiment
"🌯 House of Kabab Jees: The Cheap and Handy Lifesaver
Overall Verdict: Your Go-To for a Quick, Economical, and Satisfying Meal.
House of Kabab Jees is a completely different experience from a fine-dining …",4,Positive
"Suman Rizvi (GRO) was an excellent hostess and ensured our food was promptly delivered, delicious, and exactly what we ordered. She sat us in a beautiful spot and I really enjoyed my meal. What we ordered, chicken tikka pizza, deal 2 of Zingo Burger, Turkish Reshmi Kabob, & cold coffee. I would recommend it.",5,Positive
"Very nice place for family visit there
""House of Kababjees is a true gem for desi food lovers! The kebabs are perfectly grilled, juicy, and full of rich spices. Their handi and biryani are packed …",5,Positive
"Dear Kababjees.
It was a pleasure visiting the restaurant for a family get-together. We really enjoyed everything, food, taste and the environment. …",4,Positive
"Ordered 2 pizza deals
Taste 10/10
Service 8/10 …",4,Positive
Outstanding and amazing service. Food quality is excellent and under one roof they have all the services.,5,Positive
"The "" House of Kababjees "" North Nazimabad, Block"" H "". The famous food street of North Nazimabad, i.e. Five (5) Star Food Street have a numbers of famous Food Restaurants but House of Kababjees appears to be a jewel among them. Taking …",4,Positive
"We had a great experience and really enjoyed dining at Kababjees. The place was quite crowded, and while the food quality was excellent, the service was unfortunately quite poor. It took a long time, especially for the pizza section, which …",5,Positive
"Today, ordered 1 Malai chicken chatni roll and deal 7 which had Alfredo pasta and 2 reshmi chicken rolls. I really like kababjees Alfredo pasta but it wasn't good today, not saucy enough and the pasta was stuck up all together! The rolls were okay too. Not satisfied enough",3,Neutral
"We had a great experience and spent a good time at kababjees. We ordered honey mustard wings, zinger burgers,fries,chicken pieces and majesty burger, all the items were supper delicious and fresh. But the place was overly crowded with …",4,Positive
"Fast food quality as comparison to Major brand is need to be improved

Some issues related to service as myself face dual token number and due to this …",4,Positive
"The house of kababjee,place felt warm and welcoming, great for families. The service was quick, and the staff was very polite. The Chicken Wings with Mustard Honey Sauce were super tasty — sweet and tangy at the same time. I highly recommend it for a great food experience !",5,Positive
Abbuzar ansari ...I will come house of kababjees landi Total with my family and celebrations for birthday my son I can order fride chicken. Pizza..bbq...and soup and Chinese all food was owsem serves was superb ...suman rizvi gro....,5,Positive
Tried deal of 3 Zinga burgers was v.reasonable n tasty.. chicken was very juicy n crispy from outside  .. if sauce was added it will be on next level... And the pizza was also tasty n unique taste ( creamy Tikka ),4,Positive
We are visiting with my family in kababjes and celebrating birthday and dinen eating fried chicken burgers and Alfredo pasta test was superb service delicious 😋 Suman Rizvi gro …,5,Positive
"It's pocket friendly. You have a wide variety to order from. From just coming in for a snack, drink, lunch, dinner or indulging in guilty pleasure sweets... House of Kababjees has it all covered.",5,Positive
"The food was excellent. The whole model of the place is ridiculous. There are spearate counters for chicken, pizza, express, deserts, etc. You have to go place an order on each one separately and pay separately. No one takes your order at …",3,Neutral
Today we gathered at Kababjees and this was a great experience. Nice staff and delicious food. I recommend everyone to visit at least here.,5,Positive
Am eating fried chicken..zingu Chipotle burger was owsem test and we are regular customer and always satisfied..gro suman rizvi ...,5,Positive
Am visiting house of kababjees landi kotal food was delicious service was owsem ...suman rizvi gro order taker aneeb..,5,Positive
"Everything is fine but at least reorder tu staff lesskta ausky lye bhi nechy utru
if u want to order water or anything in emergency staff lade",2,Negative
"Outstanding place, food quality is excellent, Ambiance amazing little bit parking issue in peak hours.",5,Positive
"Although it's a competitor to KFC but the only reason of this competition is BEING A PAKISTANI BRAND, services are very slow for about 5 kind of seperate cuisine they have only one counter running for each. So I had to stand and wait to …",4,Positive
"They really are serving the best they can, the ambiance is so pretty in this branch plus the food is really good there.",4,Positive
Muhammad Rameez ...food was delicious service superb we are satisfied...suman rizvi gro...,5,Positive
The zinger is so simple only zinger mayo aNd bun in zinger and the blood on ckicken and black stops on ckilen i prefer not to go here but servive is so good but food is not,2,Negative
The food is very good and the service is great to😇 suman rizvi gro …,5,Positive
always very crowded so it's impossible for staff to constantly clean it. service is also slow because of too many customers. serving size is also comparatively small than other branches. very chaotic atmosphere,2,Negative
"The Atmosphere, was just as expected, it resembled a food court, but the cleanliness could be improved. …",4,Positive
Food is good. Seats were not comfortable. Food served after 45 minutes. Portion sizes were quite lesser.,4,Positive
"Kababjees is now a hit and miss. Although they have tons of options on the menu, I feel like they are not living up to the standards. All in all, it's a good spot to hang out and have dinner. Value for money.",3,Neutral
The food quality was up to par and the service was quick and excellent,5,Positive
"Really delicious taste and highly recommended
By suman rizvi GRO",5,Positive
"Best serving and Staff attitude.
Suman Rizvi GRO",5,Positive
Very good supportive sttaf ...nice people...gro suman rizvi,5,Positive
"Well the plus point is that you get everything under one roof , apart from that food was just ok I think they should concentrate on one item like fried chicken rather than trying to pull off everything at the same time. They need to up their food taste if they want to be competitive and sustainable.",4,Positive
"If you're craving flavorful, perfectly grilled kebabs and a wide variety of delicious desi dishes, House of Kababjees is the place to go! The ambiance is warm and welcoming, the service is excellent, and the food quality is top-notch. Their …",5,Positive
The food was delicious service was good suman rizvi,5,Positive
Service was good. Everything was great!,5,Positive
"We ordered a beef burger, spicy garlic chicken and chicken corn soup.
The chicken corn soup was just average.
The beef burger and spicy garlic chicken taste good but they have changed their …",4,Positive
"Kababjees is becoming everyone's fav day by day,as they are having the best taste than KFC,their burgers, Alfredo pasta,beverages, fried chicken and wraps have the authentic,juicy and tender taste. it's really worth it for a get together and for satisfying your cravings. I am totally their fan",5,Positive
"Multiple Verity of Food, Staff very cooperative but couple and family are different entities.",4,Positive
White sauce pasta uski Sauce proper cooked nahi The Sauce thora thic kren Thats very liquid foam  Baki All food very nice Embiance Very good  Staff also Nice coperative and Bs Thora Time ziada lelety hai Dine in may  otherwise love this,3,Neutral
"My friend and I went there. My friend told me that their pizzas are really good, she wasn't wrong.  We ordered the Siracha sauced pizza and another one, whose name I don't remember. Both were way too scrumptious for wods.. Then we decided …",4,Positive
Slow service and some people got food quicker than us whereas we came before them,2,Negative
"The taste was sooooo good 👍
Sumen rizvi …",5,Positive
"We like to go to this place because (biggest plus IMHO) we can order fried chicken, chow mein, and BBQ all under one roof.
. …",4,Positive
"Ordered pizza from here, overecooked, cold and incorrect order sent, despite complaining no positive response.",3,Neutral
Mdm GRo suman is very good behavior,5,Positive
"Overall a good dine-in place in North Nazimabad.  A very good replacement for KFC. Clean environment, good helpful support staff and simple yet good food.",4,Positive
They take orders at closing but dine is close . But the manager comes and solves the issue but their moods were off,5,Positive
Waiters are not active they all are like come for sleep,5,Positive
Very poor service. I do not recomend anyone to go there.,4,Positive
"Fried chicken best burger
Sumal rizvi",5,Positive
House off kababjees landi kotal visit with my family food was owsem ...suman rizvi,5,Positive
"Overall service was good
Suman rizvi",5,Positive
"Very good branch, all under one roof. Seating is acceptable, and parking is through random on road valet guy.",4,Positive
Fried chicken n Zingo burger were on point as always. Alfredo pasta was also good but the sauce was a bit runny n chicken portion was less.,4,Positive
"First Visit:
Comments: I waited for an hour to finally eat the food I ordered an hour earlier. While the food was delicious, the management and queue system were terrible. I …",2,Negative
"I used to always go to KFC, especially for their Xtreme Dua box deal, which was perfect for 2 people and a kid for around 1500. But since Kabab Jee opened, I've been going there instead. They have almost everything KFC has, but with one …",5,Positive
"Enjoy the deals and food
Summan rizvi Gro",5,Positive
Overall food was excellent however waiting time and service was not upto the mark .,4,Positive
"Best Place to go and have a meal with family
only thing is missing which kababjees management should look at that it should have play area for kids just like kfc or any other multinational outlet have …",4,Positive
"Soo good. Appreciate As a Pakistani brand competing KFC, Coca Cola ,and other American brands",5,Positive
"Excellent ambiance, burgers were nice, broast was excellent albaik sauce too good over all 5/5 Highly recommend kababjees fried chicken",5,Positive
It was very good experience. All variety available under one roof with good atmosphere and delicious food. Service was good too 👍🏼 …,5,Positive
All ok service was good,5,Positive
"It's the one place to have all the kababjees food chain variety. Their burgers are so mouth watering, the best pakistani restaurant for all you want to eat and a perfect replacement for the boycotted restaurants.",5,Positive
"Suggestion: Make a play area. It's just good customer service!

Review: It was a good place to have fast food. Could improve though",3,Neutral
Meneger Ali service and dealing is best,5,Positive
"Best halwa puri with best atmosphere, service and with low rate",5,Positive
Atmosphere vey noisy and crowded.,5,Positive
"Its a nice place to be, they have 5 different brands of kababjees under the same roof and have plenty of space for dine in.",5,Positive
Zabardast menu with friendly service and environment,5,Positive
Very good service and good foodThe atmosphere of the restaurant is also like a family ☺️☺️,5,Positive
"Best quality
Suman rizvii",5,Positive
Need an option to swap cold drinks for water,4,Positive
Manager and all staff are friendly at night shift .,5,Positive
"Excellent taste of everything especially pasta good atmosphere I enjoyed the food taste, atmosphere and service also",5,Positive
Service sufian lobby guy is asome,5,Positive
All good,5,Positive
Expensive but not bad,4,Positive
Ali meneger nice service,5,Positive
"Delicious food
Suman Rizvi",5,Positive
It's a good place. But kababjees express take time for the order.,3,Neutral
Great place for family and friends,5,Positive
All.food was delicious 😋 …,5,Positive
All best,5,Positive
Good app,5,Positive
Average... Food is good but not serving nd service..,3,Neutral
Top food. Top service. Top ambiance. Keep it up!,5,Positive
Fried chicken is good. Many items under one roof.,5,Positive
Good food,4,Positive
Rabia is best GRO,5,Positive
Nice good,5,Positive
Overall good experience,5,Positive
"Awesome experience, great ambiance, perfect taste",5,Positive
I visited first time good experience but too much costly,5,Positive
Not extra but average,3,Neutral
Sufian service is asome,5,Positive
Service is best,5,Positive
"Amazing,",5,Positive
"Great experience birthday party , very friendly staff",5,Positive
All ok saticfied,5,Positive
Fried clhicken asome,5,Positive
Best of the best outlet of kababjees in karachi what a marvellous atmosphere eye catching ambience no doubt it is simply the best,5,Positive
Good,5,Positive
Their Peri Bites and Fish and chips are awesome,5,Positive
Super supreme pizza really very good 👍 …,4,Positive
👍 …,5,Positive
Marvellous outstanding,5,Positive
Best place for food lovers,5,Positive
service best,5,Positive
They bring your order to your table.,4,Positive
🍟fries thanday …,3,Neutral
Need to focus on cleanliness and service,3,Neutral
Best friend chicken and Alfredo pasta,5,Positive
The cashiers are a bit rude.,3,Neutral
Aesthetic!,4,Positive
Little Bit expensive....,4,Positive
Good place to visit,5,Positive
Good experience,5,Positive
Good 👍 …,5,Positive
Good experiens,5,Positive
too rush,3,Neutral
Great experience,5,Positive
Expensive,4,Positive
Pizza was delicious,5,Positive
This is called all in one,5,Positive
Best service and delicious food 😋 we are celebrating my birthday in house of kababjees landi kotal...suman rizvi gro …,5,Positive
"Nice, enjoyed alot",5,Positive
Niceeee enjoyed alot tasty food 10/10,5,Positive
The food was delicious 😋 and service good all over is done 👍 suman rizvi gro …,5,Positive
"very good experience 10/10 taste and quality
suman rizvi",5,Positive
The food and and services are fabulous verrier come here patents to thumb regularly,5,Positive
Food was delicious 😋 service was good suman rizvi gro.. …,5,Positive
"Enjoyed the Food and environment.
Suman rizvi GR",5,Positive
Food was good. Atmosphere and service were excellent,5,Positive
Food quality is amazing everything is perfect & service also good,5,Positive
Overall the food was 10 on 10 but i would appreciate if kababjees take care of soap fillment in the girls bathroom thanku,5,Positive
All superb,5,Positive
We are trying beef burger and Alfredo pasta so yummy and delicious service was good.. suman rizvi gro..,5,Positive
All ok,5,Positive
all ok,5,Positive
All nice  Meneger Ali and Sufyan service wwas nice,5,Positive
Excellent 👍 …,5,Positive
The taste was so good we really enjoyed it ♥️suman rizvi,5,Positive
atmosphere is good service fast and food also delicious very enjoy at kabab jees house,5,Positive
"Overall all the money is for ambitions and the biggest issue is to eat, if you get stuck at all then you will have to go to the downstairs counter again to order yourself..... rice and spice or what, a hair came out in the rice, as the supervisor noticed and got it changed. His tikka is very amazing.",3,Neutral
"They have set up such close tables that I am listening to the conversations of the people standing next to me, awkward. 
Ordered 2 items… 1st arrived, what happened… have to wait for the 2nd. 2nd order comes after 20 minutes, the waiter forgets to bring a cold drink…lol🙂 …",5,Positive
AL HAMDO LIL LAH regular customer 🥰 …,5,Positive
Gro Suma Rizvi,5,Positive
Gro suman rizvi,4,Positive
"Is you're a taste lover. Get here with your family. They serve you as per your expectations.
Taste 10/10 …",5,Positive
"Ordered online,Red Velvet Cake from Kababjees Bakers.
Yummiest cake 🎂 🍰
Taste was delicious. …",5,Positive
"1.prices are high
2.food quality was good
3. ambience is not good …",3,Neutral
This review is for the Mohammad Ali society site but they don't  have a Google location so I'm posting it here. …,4,Positive
"Previously it was kababjees restaurant and bakers both but now its only kababjees bakers at 2nd floor.
Great taste as i tried multiple items including gulab jamun, cham cham, barfi, …",4,Positive
"Good place, atmosphere is good, good for family dinner. Food quality is good but the quantity is very low they should increase the quantity of food. Taste is good souces are good service is good. Must go place. But food price are very high very expressive, i can't afford it two times in six months.",4,Positive
"Price is good, excellent taste, not good for dinning, only good for home delivery and takeaway.",3,Neutral
I tried first time #kababjeesbakers on my daughters birthday i ordered online 2 milky malt cheese cakes and instruct them to write Happy Birthday to haniya on cake we received and than we open it there was not written on cake so on that …,2,Negative
Good food and good service but too expensive,4,Positive
"Everything was good except kabab platter which cost around 1800 rs but poor taste poor quantity... Chicken mandi and chicken karhai both were good.. ambiance and service quite amazing.. will visit again..
P.s : got two complementary ice cream too :)",4,Positive
"Food taste is good👍
Ambiance is average.. cooperative staff. Service is quite slow. …",4,Positive
"Delish food!! Ordered Mutton Peshawari Karahi, Butter Katakat, and Zinger Burger, all were exceptionally delicious!",5,Positive
Recently ordered Lotus cake. It was good and reasonable. But I ordered it for my parents anniversary and they destroyed the cake's look by mistake.,4,Positive
"Excellent price, excellent taste, abundant quantity. NOT ideal for family or old people. Only home delivery and takeaway.",5,Positive
Very nice ambience. Excellent taste. Very kind staff. Bit pricy but worth it.,5,Positive
Great experience. Very nice ambience. All items are delicious 😋. But little bit expensive …,4,Positive
Very nice food and service,4,Positive
"Excellent environment good food.

PS: i have been to this branch of kababjees several times the food and …",4,Positive
Good and quality food but some time very noisy.,4,Positive
"It was good, food was great and delicious but it should be more wide sitting area",4,Positive
Excellent Food !!  Service could be a bit better !!,4,Positive
"Ordered bihari boti, malai boti, paneer handi, naan, chicken alfredo pasta, chicken burger, chicken bbq burger. Malai boti, handi and naan were on point. Whereas bihari boti was too much spicy to handle. On the other hand, burgers were both …",3,Neutral
"Kababjees is famous for cakes, cookies and nimco etc. I really liked their cakes such as Red Valvet and Three milk cake.",4,Positive
"Visited kababjees m.ali, ordered their mandi, chicken makhni handi and their rango Kabab. The food was great, especially the mandi was really good definitely worth it. :-)",4,Positive
Very decent ambiance with well mannered staff. Food was good too,4,Positive
Perfect food and great ambiance,5,Positive
"Cakes are moist, well balanced taste in short simply delicious. I ordered custom cakes twice and highly satisfied with the end product. Would highly recommend them for customised cakes. Snacks are also a good option. Their new line of soft …",5,Positive
Nice food and calm envoirnment.. so relaxing..,5,Positive
Crowded place.. But good in taste,4,Positive
Awesome place to have meals with family and friends,5,Positive
kebabjees one of the best restaurant in karachi tastefully food.,4,Positive
"food was great, i love the fried chicken here",4,Positive
My first experience in this restaurant. Food is tasty and it's service was good. Crowdy atmosphere shows that the food and service are nice! .,3,Neutral
"Love it. ❤
Tasty food. 🍗
Good service. 👍 …",5,Positive
The cake was delicious like ever. They are the best bakers.,5,Positive
"we only ate their pizza's and it was yummy .. madely fresh n serve hot, its very crowded all the time specially after 6 pm.. staff was good,
i dont know about burgers and chicken .. cause we I didn't try yet",5,Positive
Horrible customer service but great food! Just be prepared for long wait times 😅 …,4,Positive
I would prefer this place any day of the week bcoz I'm a lab lover and if you are a kabab lover then it's the place for you to go,5,Positive
Food quality is excellent,5,Positive
"Bought samosa soggy they were
Nankhatai good
Brownies ok …",2,Negative
A nice place to visit along with kids and family,4,Positive
AMAZING PLACE NO WORDS. The taste of food is PERFECT in every way. The ambience is extravagant and soothing. Moreover it has WiFi facility on each floor. However the elevator is very small and only 2 people can fit at a time which needs to be upgraded and enlarged.,5,Positive
"Good place, atmosphere is good, good for family dinner. Food quality is good. Taste is good .service is good. Must go place.",4,Positive
"Kababjees has introduced a unique takeaway bakery service, situated on the second floor, offering a convenient option for grabbing fresh bakery items on the go. While it’s not a dine-in spot, the selection and quality make it worth the …",5,Positive
Taste was good also environment and their staff including service excellent,5,Positive
"I disliked it as compared to it's branch at DHA Phase 8. Standard should be maintained throughout all branches. Food taste, appearance, and even serving style not the same. I visited both these branches with a gap of only 2 days and some of …",2,Negative
A good service .... With delicious food (Kababjees),3,Neutral
"I was put in an awkward situation because of their lackluster attitude. I got a promotional email that they are offering almost twenty-five percent discount. I along with my colleagues, fifteen in total reached and the food was served. When …",4,Positive
"Very good food.. Great service.. Great environment.. Friendly staff..
But they just want you to eat and leave early.. The ogling eyes suggesting to leave early, makes conversations non indulging..",4,Positive
I was arranged and booked 1st birthday party of my son.  But when we reached there the overall cooling system is not working properly in any floor. It seems very much disappointing specially in front of our guests. I am not satisfied for its cooling and lightning.,3,Neutral
"Went two years ago, wasn't the best of its branches. Food quality was not matching that of other branches. Extra oily, the washroom wasn't that clean. Staff wasn't very cooperative. But then again, not very bad too. Just that the M.A.S branch and jail road branch have set a benchmark that is not easy to match.",3,Neutral
"The food was excellent, but unfortunately the place was  very untidy, we had to ask the staff to either clean or replace the chairs, the floor also had stains on it. I think these things should be checked by the management regularly.",4,Positive
Great quality great taste 👍 …,5,Positive
"One of the best restaurants I've been to on my trip to Pakistan. Food was excellent there steak and ribs were phenomenal Honestly I was not expecting it to be that good ,the view of the ocean while eating was another great thing the service …",5,Positive
Awesome food and environment,5,Positive
The place is good for family dine in. The Management is slow. It takes several minutes for arranging seats. Food was good and a awesome. Food services are good but there is lacking of managing them. Moreover the roads are not in good condition.,4,Positive
"It is a very comfortable place with lots of nice dishes. However, the prices are quite high compared to the quantity of food served. This food chain has many branches in Karachi.This particular branch is in a congested area but the valet parking is available.",4,Positive
Great place to spend dinner time with your loved ones ...,3,Neutral
Food is delicious,5,Positive
Best I was ordered a cake last year was so yummy,5,Positive
"We ordered by foodpanda several time.We have tired aloo ka samosas,qeema Samosa and Chicken samosas.The masla they use to make alo samosas is quite different in taste and the ingredients were used  fresh & tasty.We also tired breads & …",4,Positive
So kababjees is our most favourite place when it comes to food. Their all branches are really nice. Food is always the best. Yummy in taste and quite reasonable. Ambiance is great and their service is outclass too. They have everything in …,5,Positive
"Food Quality 9/10
Ambience 7/10",5,Positive
Taste was good but not extreamely good...service was quick and nice...ambiance is good with warm lights...but one thing i didnt like is that after paying the bill the waiter did'nt returned the rest of the amount which was Rs 60/=...he kept …,3,Neutral
"Pricey for the quality of food provided. The place smelled like sanitizer all over (maybe they're overdoing it).
The food was okay. Don't steer away from the barbeque items it's their only …",3,Neutral
We had a family gathering at this restaurant and we are extremely pleased with food and service.  Owner came to our table and make sure everything is fine. Food itself was very good. I personally over eat. I definitely recommend and will go back to Kababjees.,5,Positive
One of the finest bakeries in K-town. They bake yummiest of the cakes. Prices are relatively same to the other brands. Room for improvement in how they showcase their products. They do accept credit cards here which is a plus. Service is …,4,Positive
"Amazing Experience...🤤👌 Well done
Food Quantity Good
Food Quality Great …",5,Positive
The cakes I buy from Kababjees are mostly good but the one I bought from this branch was not that good.,4,Positive
"Pleasant ambience
Excellent service
Delicious taste …",5,Positive
Beutifill place have dinner,5,Positive
I visited Kaba jees North Nazimabad on last weekend with my family to have dinner. …,4,Positive
"It was nice visit after two years. However, available wheelchair was without footsteps making it difficult to use. I hope they facilitate with  equipments in order.",3,Neutral
Heard lot of good reviews about the place but it was absolutely opposite to the reviews. Food taste and quantity is not upto the mark. Price is high in comparision to the quality of food. Service is poor.,2,Negative
Not the perfect taste as they were in the beginning. Inside restaurant there was low A/C issue at some tables. Service was better with average taste of food with a bit higher rate.,2,Negative
"Good, hygienic food and ambiance. An elevator is there so you don't need to worry about taking along people who can't climb up the staircase.",4,Positive
"Tried
Mutton Karhai - Ordinary
Chicken paneer handi - Awesome …",5,Positive
"Sundae is love
Mine favorite is Galaxy sundae and the taste was delicious 😍❤️ …",5,Positive
Good quality and the same for you and I will be there at the same time I will be there at the same time I will be able to make it to the meeting tonight 👍😊😊😊😀😊😊 it up 😊😀😁😊😊😀👍😁😁😁😁😊😊 it was 👌😊 it up 😊 it to the meeting tonight but I will be …,5,Positive
"Kababjees is a cool restaurant they have Chinese food, continental food and some fast food menu items.
Ambience is also good, lighting is a little low but everything's viewable, …",5,Positive
"The food quality is perfect. The manager and staff services are beyond the mark. The environement can be improved a little bit but overal, its a good place to spend quality time with family.",5,Positive
The place is so wonderful and the ambiance is also so good. Service is amazing and the food is also very tasty. Staff is very co operative,5,Positive
Now food quality better last year start not good.. food is fresh.. price is little bit high.. but restaurant area is nice staff is good,4,Positive
"Always a pleasure ordering from Kababjees, they never disappoint, and are highly professional and helpful. Even when the malir cantt branch hadn't opened , I got my order delivered twice, with no worries. Thanks so much! And the best decision was to open up in cantt, now we're going to get proper fat 🤣 …",5,Positive
I love the place n food as well,5,Positive
Great for families. Delicious food! Paneer Reshmi Handi is a must try if you're a cheese lover! And their Malai boti! Steaks are also yum!!! Fabulous overall experience. One of the favourites,5,Positive
The food is amazing.,5,Positive
"It was a very nice place with the services you can get your order in just 10 to 15 mints which is really nice
Food quality is divine with afordable price.",4,Positive
"Food and service is very good. Menu and decor is an eye sore. It's clean, table and chair are nice. I'd visit again and recommend it for others.",4,Positive
"I had a slight mishap in my order. However, I was provided with effective and reliable customer care and am completely satisfied with the service! Great going Kababjees!",5,Positive
"Excellent food. Perfect taste. Quality service. Specialty are Paneer Handi, Mutton Peshawri Karahi, Malai boti & chiken Reshmi kababs.
Ambiance is okay! Quite expensive and serving is below average.
Overall best Experience. Recommended.",4,Positive
It is very good. Best service great taste in foods. All variety of foods are available. Every thing is perfect. Yes it's expensive,5,Positive
Loved their cakes n brownies.. mouth watering...,5,Positive
Delicious food 🥘.. wonderful food and service was extra ordinary. Would recommend and love to go again. …,5,Positive
Very good food and service. No complaints. Staff is also helpful and always available. Must visit.,5,Positive
Good place for families and food is delicious 😋 …,5,Positive
Crunchy Chicken Burger was good. Chinese Fried Rice was just OK along with Green Chilli Chicken. Dhaka Fish and Lahori Mutton Karahi were a huge disappointment and highly not recommended dishes for anyone. Only the star dish was Cheesy Nan.,3,Neutral
"Good food
Quantity and quality both are good
Prices are reasonable …",5,Positive
"They have a very decent and efficient take away. I really enjoyed their service at take away counter. however, they should have a physical counter at Takeaway for home deliveries as well.",4,Positive
Nice red velvet cake,5,Positive
"Not Completely but satisfactory arrangements for COVID19, Their products are yummy no doubt about it but i was amazed to see as they are selling infrared thermometer + KN95 Masks as well... 😆😆 …",4,Positive
The place have good food and really enjoyfull resturant,5,Positive
"Quite a good place but lacks originality. Service was outstanding, the food not so much. All in all an ok experience...",4,Positive
It was good specially quantity and quality of foods both are good  enough environment n staff is also  remarkably tremendous,3,Neutral
Food was not extraordinary. Expensive compare to other highway restaurents. No proper parking for car but the vallet parking present. Ambience space.,3,Neutral
Good quality food seating capacity and quality service is offered quantity of food is also good with nominal charges beside there is a tea shop tea quality is also good and parking place is also available on main road so easy to park,5,Positive
food was great in taste and ok in quantity. the service was good.. its a good place for   a fancy dinner with family.,5,Positive
"Very disappointing service and behaviour of staff. Even AC was not working properly. But this was covered when the food was served, chow mein was good, cheese naan is love",4,Positive
"Very good n nice in food points, situated in the heart of khi city, perfect in items n arrangements. Services r nice.",5,Positive
"Ambience is not so good, but food quality is ok. Taste is also above average. Peshawri Morton karhai, beef nehari boti and various kababs are really good",4,Positive
Excellent and fast service . Clean. My kids did not get sick after having it . It was there first time in Karachi coming from states,5,Positive
"It's just ok,
Very expensive and taste wasn't so much good...
Environment was outstanding but taste was just acceptable....🙄😒 …",3,Neutral
So delicious food,5,Positive
Good food and service but they can more update himself,4,Positive
Good food and good place but little expensive,4,Positive
"Food is good, but if eat at first floor dining, careful of the sitting spot you chose, proper air conditioning system is not there",4,Positive
people may try their speciality.. but very costly.. if you have enough money to spend then visit .. found service and food good enough..,3,Neutral
Kababjees is one of the famous places of Karachi. They started from one restaurant and have now expanded into many outlets by the same name. Some of them owned whereas others have been given the rights. The kababjees restaurant that got …,2,Negative
"Awesome food
Awesome service
Awesome people …",5,Positive
"The bakery is currently under construction (Jan-2022). However, it is serving customers. There is a set of stairs that takes you to it. …",4,Positive
"Kababjees is known for its best service and divine food. But here in this branch if I compare it to shaheed e millat branch the standards are not same.
But service is no doubt excellent. Parking is a big concern here",3,Neutral
"Visited and tried awesome taste of kababjees North Nazimabad . All dishes were delicious specially mutton karhaii was awesome , challu kabab with rice, seekh kabab, beef boti, and Chinese dishes were also nice. Price are low than other kababjees because of location but taste was same as other restaurants of kababjees.",5,Positive
They maintain a very good standard in quality and taste of food. They have started Bakery in 2109 which offers very high quality cakes and other baked items at affordable rates.,5,Positive
Years ago the food and service both were to good but as they grows and keeps opening new branches standard of quality drops so and the services,2,Negative
"Best restaurant ever in Karachi.
I visit frequently.
Environment ,service,food taste and quality and presentation all are perfectly done by the professionals.",5,Positive
"The food is excellent. The rates are slightly high. Delivery time is reasonable. But in the end, there is no accounting for the taste!!!!",5,Positive
Excellent service and food quality great environment. Very good place for family.,5,Positive
"Awesome view you can make memories over here, i recommend everyone to have dinner or lunch with your spouse atleast onces in a life.",4,Positive
"Congested area of sitting in ground floor , average food quality . Too much expensive 1.5 litter mineral water charge 99/each .that's example...",2,Negative
First time i visited this hugely popular restaurant.. and it was as it is hyped.. food was delicious and environment was great,5,Positive
"Excellent Taste, Nice Place To have Food",5,Positive
Good food but price is too high. Service needs improvement.,4,Positive
Good Place But Food isn't Good i dont like it,3,Neutral
"Bakery was not up to the mark when I visited last time, may because of renovation work or whatever, hope will be  improved.",3,Neutral
Good place good food especially a dish named ALFREDO but worst place for taking pics due to dim lighting still peaceful place,4,Positive
Nice food and reasonable price,5,Positive
"Visited Kababjees North Nazimabad branch in Ramadhan for official iftaar and dinner.
Good Ambience. …",5,Positive
Delicious food with Best quality of service.,5,Positive
"A rare desi fine dine restaurant in the area
The food and especially the service is almost always on point
However, it is slightly on the expensive side …",4,Positive
"Great ambiance, tasty food and reasonable prices. Usually 15 to 20 mind waiting time on weekends.",5,Positive
"Food is so nice specially Makhni Handi ..
So reasonable prices with high quality service ..
Don't forget to order its amli wali chatni 😍 …",4,Positive
Ambience is awesome but the food is just OK. There are better options available for the similar food items in the same price range.,3,Neutral
Good and tasty foods...prices are bit high..further need to make cake more professionally in cake dough mostly egg taste feels...,4,Positive
Loved the food. People are nice and friendly. Environment is pretty good as s well,5,Positive
Good food but pretty expensive . Ambiance and service is pretty good .,3,Neutral
Very nice place and there is a public gaming area where there are swings and gaming zones. The view of the lake is also very good,5,Positive
"Nice place, very large dining Hall, quick service and also very yummy food with best qulaty.",4,Positive
"Really, good food. Was really surprised by the Mandi ( The Arabic Dish), they served. It was definitely one of best i have ever tasted.",4,Positive
"Kababjees is always a good experience. They have good variety and taste with very good service. They will ask you atleast thrice, during your visit regarding your experience. This shows there commitment for better customer experience.",4,Positive
Food quality and ambiance is good but air conditioning is poor which makes it less enjoying,3,Neutral
"Worst experience ever , IDK Kya planning hain in logon ki la chine kabab jee nhn lag ta , aik din pehle reservations krao , walk in mai duniya wait kra ti in ka restaurant khali pada th per phone pe mna Kr diya",2,Negative
"The wooden decks made on the shore of the Karachi sea, far away from urban noises, surrounded with cool sea breeze, having an attractive view of silent sea on one side and far away urban Karachi on other. …",5,Positive
"Comparatively new but they are off to a great start be it food, ambiance or staff everything is good. Hope they maintain their standard.",5,Positive
its a good food chain but they have not similar type of quality in every branch specially the cleaning and cutlery,3,Neutral
"Delicious and healthy food, at competitive rates. Good place to eat outdoor with family and friends.",5,Positive
Food so Tasty and very good service,5,Positive
"Food is really good
I tried Tariq road & do derya branches
Both offer large variety of Pakistani Chinese continental BBQ & fast food.
Overall service is good",4,Positive
Nice food but kind of expensive,4,Positive
Customer service is excellent taste is very good that's why I rate 4 star yet value money,4,Positive
Food was very tasty excellent service good ambiance,5,Positive
Excelent taste n good service but charges were high,5,Positive
"Good tasty food .Neat and clean place. Freshly backed Naans are very tasty, cooperative and helpful staff.",4,Positive
I really like and enjoy it your recipe foods Look so Delicious,5,Positive
"Calm and peaceful, good and quick service. Food quality was very good…",5,Positive
"Service is slow.  The wait staff missed bringing a few people's drinks.  The food was all wrapped up for the platters, to the point that we didn't find some of it until end of the meal.  The food was ok.",4,Positive
Place is nice valet parking inside restaurant spacious tables are small though for huge platters. Hummus was ordinary but Garlic Naan was Ammazing! Mix grill platter was adequate with quantity though looked small but four people has some …,3,Neutral
"Visited with my family. We ordered Chicken fire steaks and Taragon Steaks. Tarragon steak was cewamy and very tasty. I think it is their signature steak.
Service was not that good. One waiter was allocated to multiple tables. …",4,Positive
"I tried the Kunafa Chocolate from Kababjees, but it tasted like Dairy Milk ice cream nothing different",5,Positive
"The restaurant was good, a little too busy for my liking. The interior is posh, really well made, and  really comfortable too, as chairs are more of miniature sofas. The only negative thing is it's location as the road there is really not well made and it's located at an eerie spot, and there's also no real spot to park at.",4,Positive
"Pros.
1. Good food
2. Food seating space …",4,Positive
"The steak was an absolute delight. Cooked to perfection, it boasted a perfect sear on the outside while maintaining a tender and juicy interior. Each bite was a flavorful experience, enhanced by a well-balanced combination of seasonings. …",5,Positive
"Kababjees is a fantastic restaurant that offers a delightful dining experience. The ambiance is cozy and welcoming, perfect for a casual meal or a special occasion. The menu boasts a wide variety of kababs, biryanis and other traditional …",4,Positive
"Food was just okayish, we ordered club sandwiches, chicken chili dry and prawn choli dry it was TOO DRY. I know it said dry but we didn't ask for a desert to be served. Very bad food, we were there for an iftar and the services and atmosphere was 10/10.",2,Negative
"Very Good experience! Perfection in everything Food, Service, & Atmosphere.
Not recommended for one who is looking for a pocket-friendly eatery.",4,Positive
"Good Food, Bad noisy Ambience.

Although Kababjees is a big name, and I have dined in the Do Darya, Highway …",3,Neutral
Ordered steaks from kebabjees. I must say the mushroom beef steak is a must. Do try it. Price is fair enough which cost around 1399 rs. We ordered fire steak and french onion both were good according to the taste. Good portion of mutton rango kebab and chullu kabab was big enough for 2 people. Do try this for a quick go appetite.,4,Positive
"Ambiance is good, staff and service is good. We were really disappointed by food quality, We ordered 3 types of Steaks, Chillu kebab and Rango kebabs, and rice. …",3,Neutral
Indoor seating is better than Kababjees outdoor but the food is at the same standard. Just good enough. Great value for the money with bank discounts.,3,Neutral
"Awesome Food, very nice service, beautifull place for visit with friends and family, overll very good experience🥰❤️ …",5,Positive
Food quality was satisfactory. Ambience is average. Dining tables are placed close to each other which was very discomforting. Must install more air-conditioning units to maintain temperature of the dinning lounge.,3,Neutral
"Food was perfect for me seems i eat at asian cuisine
The meat so tender and delicious 🤤
Taste is like 👍👍 …",4,Positive
My go to place. They literally serve everything in here from italian to barbeque items to steaks to mandis. A wide range of good food. I killed one star coz of the bad experience I had at do darya branch. The food somehow tasted weird but never had any problem at any other branches. And a great ambiance along with the food. Keep it up.,4,Positive
"I went to Horror Kabbab Jees Cafe in Karachi, where there are limited options of entertainment for karachiite it's not just a restaurant but also a fun place for kids and adults. The spooky theme and unique decor are cool, and the food is …",4,Positive
"Nice Service, Awesome Food.. its just feels so good every time visiting there, the environment and food is just GREAT.",5,Positive
Food was delicious specially chicken and mutton karahi. Malai boti was also amazing. Staff where very friendly and our food was served within 20 mins. We only ordered tandoor and garlic naan. Chullu kebab and muttton madbee were ok. Atmosphere was relaxed and family friendly.,4,Positive
Went there with family. Good food and ambience. Nice service. A bit costly but that's how good restaurants in Karachi are. Have baby carts for infants. Separate washrooms for ladies and gents. Car Valet service available. Overall 9/10.,5,Positive
"I tried there Chicken mandi and mutton chops. They taste delicious. On the other hand, environment and ambiance was super awesome and family friendly.",5,Positive
"The place is big, ambience is good, staff is attentive and washrooms are big, neat and have a little nursing space as well. Overall food quality and tastes is awesome. I tried handi, kebab and boti all perfect. Chinese might not be the best …",4,Positive
"-Quality of the food was good and tasty.
-Quantity of the food was less as u can see the bbq kebab platter pic.
-Prices are high which definitely does not meets the Quantity of food !! …",3,Neutral
The taste and ambiance was well up to amazing standards. Extremely fast service. Tried their steak which was average-good range but their desi items and seafood cuisine is superb. …,5,Positive
The food was delicious and the ambience was exceptional... but the prices were quite steep.,5,Positive
"Mutton Mandi was not up to the mark.
Malai Boti was bland.
Behari Boti was basically behari masala with no boti in it. …",4,Positive
MashaAllah ❤ hotly serve food quality and quantity was v nice delicious desi food.. but they r not good with fast food varity,5,Positive
"It was a great experience. The ambiance was okay . Amazing food and service.
Tasty Kebab Platter.
Good option in BBQ restaurants .",4,Positive
"Had half Chicken Peshawari Karahi. The taste was good, but everything was too overpriced. Plain naan was not hot enough.
Taste: 7.5/10
Value for Money: 6/10",3,Neutral
It was my first experience with Kababjee although I visited kababjee front restaurant sometime back but it was not a good experience and I was surprised to see the mushroom growth of kababjee all around the city but keeping in view my …,3,Neutral
"full vlog
https://youtu.be/Blu__SvS3iQ?si=XGi2FC25mDFw0jft
Fried chicken was good. …",3,Neutral
"We use to go kababjees so often but it was first time after lock down they introduced Ertugul Kebab after inspiration and hype. However, it was good in taste overall food was good as expected and staff is so co operative and extensive knowledge about food quantity according to number of persons.",3,Neutral
"Kababjees is one of the best places for desi food like BBQ, HANDI, ROAST, FISH, best one is seekh kabab, handi, mutton chanp, mutton ribs. But a big no for continental dishes like steak, all dishes are same they just sauces over it with minor changes. Dont order steaks or chinese.",4,Positive
"Food and service were excellent. However, I think pricing is on a bit expensive side.",5,Positive
Very delicious dishes very good environment. A  tgood place to bring your family and friends. Having good service.,5,Positive
Food was usual kababjees. Bbq platter was ok. Karhai was good. Bohari boti was below average.,4,Positive
The quality of foods are not same as it was compare to highway and before North Nazimabad branch cool was not mainten during diner we didn't feel comfortable,3,Neutral
Slow service but food is tasty. The servers make too much noise though.,3,Neutral
"While the presentation of the food was good, the taste was honestly subpar. The kabab platter was a mix of different bland kababs, served on a soggy nan-style bread. The dhaka fish was okay in taste — but the size of the actual fish was …",2,Negative
"Kababjees never disappoints! Their BBQ is full of flavor — especially the malai boti and beef kababs. The atmosphere is great for families, and the service is always quick and friendly. A go-to spot for a delicious meal in Karachi!",5,Positive
"Amazing experience! One of my all-time favourite restaraunts every time I visit Karachi. They have such a brilliant way with flavours, with just the right amount of tantalizing and teasing to the taste-buds. (would definitely recommend the gola-kebab, uggh absolutely divine!)",5,Positive
"A nice place to dine in. Currently due to Covid restrictions, the table arrangement is somewhat disturbed. The arrangement is done mostly on tje road side in the footpath. Due to open seating, the AC  system is not very effective. The place …",5,Positive
"My experience is satisfactory as always, my kids love their cheeze Naan so I am frequently visitor of this restaurant",5,Positive
Perfect place for family. Food taste and quality is excellent,5,Positive
"Tasty Food, Nice Ambience & Good Service.",4,Positive
Quality of food has degraded as compared to last visit. Chicken mandi was not that good. Tasteless rice and chicken meat was not good.,2,Negative
Taste of food were excellent but service was pathetic even we have to wt. 15 min for just bill,3,Neutral
The place is so so. Felt like an ordinary resturant with very high prices. The quality of food was also average. It was better to visit any other resturant. They management really need to look into crockery used there too. It was giving an ordinary feel. Overall it was not a good experience.,2,Negative
I went for dinner with my wife. Food was not up to mark. mutton cheese kabab was tasty but Disappointed with mutton karhai and Peri bites. Prices are sky rocketing but the quality was down to the bottom.,2,Negative
"I had a good experience here. The Desi food was very good. We also tried some non-Desi items like club sandwich, peri bites, soup, and dynamite chicken, which were decent. The discounts offered on bank cards is a silver lining. Overall, I'd recommend this place.",5,Positive
"The mutton ribs were great, service was a bit to long almost an hour to get food, food was pricy but the taste made up for it definitely will come back again maybe during less busy times to get faster service.",4,Positive
Excellent food and service. A little bit noisy atmosphere.,5,Positive
"Food is good
Sometimes you've to wait for your turn to be seated
A bit expensive
Overall it is a good restaurant",4,Positive
Good place for food but crowded please visit after 11:00 is suitable you get better service otherwise there is long queue and be carefull for wallet parking for your vehicle expenseive goods/ items.,5,Positive
overall good 👍 as always.. but I prefer Highway Branch.. …,4,Positive
"We went to Kababjees, last night. It was a wonderful experience, everything was perfect, and the food was scrumptious. Let's just hope they maintain this magnificent quality.",4,Positive
Have tried food of kababjees different branches but this shaheed e Millat one was the second time I went and to be honest it is quite scattered space and u can't even feel privacy as the tables are too close to each other and their interior …,3,Neutral
The food looks very yummy but due to slower Service i prefer the other outlets.,5,Positive
Crazy good paneer Reshmi Handi. That enormous cheese chunk they put atop melts so deliciously in your mouth. …,5,Positive
"We tried chicken mandi, chicken karahi, seekh kabab and kunafa. Everything was 9.5/10. Kunafa was a bit heavy as dessert and it would take time to develop such taste. Overall everything was fine, the lightings were too low though.",4,Positive
The place was filthy and the food was below average! The bathroom was filthy too. Waste of money ! Not recommended at all,2,Negative
"Good food with excellent service, dedicated staff..",4,Positive
Great fine dining experience.,5,Positive
"Ordered Chicken Madbee, quantity was good, but it was not at all madbee, it was simple mandi rice with plain tikka.",4,Positive
Everything Was soo good. Food is delicious but little expensive but all over good palace to dine in,3,Neutral
The food we had was yummilicious with good ambiance,5,Positive
"Kababjees Pizza bahdrabad,super yumi in taste 💯❤️🍕🍕 …",5,Positive
The quality and taste of food is average. The BBQ platter is also average on the price they are charging for this. All items in the BBQ platters are available at lower prices with other dine out options in Karachi. The location of this …,3,Neutral
A place for high class food with aesthetic surrounding. A bit delay in service in busy timings. Overall a 4/5 rating would be my opinion.,4,Positive
Experience was good enough with quality food choice,5,Positive
Superb taste with great ambiance. Especially fish was awesome.,5,Positive
"There ambient, starter, main course every thing was but I think it was bit over price",5,Positive
"Food is great and staff is friendly, especially Amjad Ali, serves great every time and should get a raise FOR SURE.",5,Positive
"Everything about this place is great. Ambience is nice, service is fast and prompt. Food quality and taste is really top notch. My only complain is that their food is very expensive in comparison to their food quantity however, it makes it up when u leave with a long lasting taste.",5,Positive
"Always amazing experience there, great food and ambience, all the time my favorite.",5,Positive
"Overall nice place and prices are very normal.  However, their goat karhai was not v fresh.  As if they brought from a larger pot into our kharhai. They must have used frozen goat meat .",4,Positive
Nice food especially cheese naan and garlic naan and humas,5,Positive
"Food isn't the best you can find, unless you like soups. Those are good.

Service Is fast for this type of restaurant.",4,Positive
The restaurant ambiance is very good and the taste is very good also the service is too fast.,5,Positive
"Good atmosphere and taste only problem is jammer's, because this place is near jail so there is no signal in the restaurant.",5,Positive
"Delicious Katakat, Rashmi kabab, mutton kabab! 10/10 for quality of food and ambiance!",5,Positive
There is no parking area of the restaurant . Open in residential building and area. I used discount card otherwise it was expensive. Compare to other restaurants of same league. …,3,Neutral
"Wonderful ambiance, interior, excellent menu, tasteful food & dessert, courteous staff and clean wash rooms; what else you want in a restaurant in Karachi",4,Positive
Unfortunately this branch is a fail!! Poor customer service and unhygienic food. The guy was using bare hands while picking ice for the drinks!! (Unacceptable ) No one even cared when we complained (and ofcourse we cancelled the drinks) …,2,Negative
delicious food and amazing place...,5,Positive
"It is a place where you can go with your family or office colleagues and enjoy your food in a peaceful and friendly atmosphere. The food is good and the service is as well. Prices are a bit high, but overall, it is a perfect place to have …",4,Positive
One the best place 😜 all is good 👍 …,5,Positive
"Nice ambiance, good food, courteous service.
However, it's way too crowded.",4,Positive
It was good experience I liked the pasta . Peshawari karahi was just ok,4,Positive
"Everything was good 👍 quality food with quality time, highly recommend …",5,Positive
They have to work on there taste,3,Neutral
"It’s a nice place, Parking is also good, food is OK",3,Neutral
Nice taste but late serving,5,Positive
Food was delicious. Staff is also good but its always over crowded and noisy.,5,Positive
This restaurant has variety of food options with best pakistani cuisine. Their Rango kebab is a must try along with mutton karahi,4,Positive
"Overall food quality and taste is guite good, ambience is amazing, service is also fine.
But a littile bit expensive.",4,Positive
"Kababjees cafe is a good place to eat out. Plenty of food options there. If you are meat lover, this is the place for you.",4,Positive
Prices are way too high compared to any similar restaurant. I dont belive it rice was served in a plastic wrap instead of foil. They have average food quality in bbq only. And i dont know why they set a high prices on everything. As qe …,2,Negative
"All over experience was good the service was up to the point but the atmosphere need to be improved, there is much darkness , chillers were not working because of chillers not working suffocation appears and then appears mosquitos 🤐 …",4,Positive
Taste is good but the portion of meal is less!,3,Neutral
"Food is good but they are rapidly decreasing the amount of food,,as per the amount of money they are taking the food is very less",4,Positive
Good food but expensive,3,Neutral
Great taste and quality food,5,Positive
Food presentation  not up-to mark taste was good,3,Neutral
I love it 😍my heart wants to go back 🤩 …,5,Positive
Cousines r average rates r high service is poor,3,Neutral
"Kababjees, a perfect place to rejoice variety of cuisines with your love ones, to soak in the relaxing decor & desire to revisit for once is never enough …",5,Positive
"Kababjees is one the best food restaurants in town. The environment is extraordinary, and the ambiance is calming. The service is satisfactory, and the staff is so cooperative. The food served nicely, and it tastes delicious. Their chefs …",5,Positive
My first experience in this restaurant. Food is tasty and delicious and service was good. Crowdy atmosphere shows that the food and service are nice!,3,Neutral
"Sometimes small things can ruin your whole day/night. There was a mistake in a menu which was not clear to even wait staff, when my friend pointed it out, manager should have taken responsibility, instead he used his waiter as an escape …",3,Neutral
"Food was tasty and fully  flavoured , exotic, we tried handi, mutton kebabs variety, finger fish. Waiting time was around 1 hour and than order time after seating about 20 to 30 min. 10 person served. Catd discount on bill is good and make it economical some how.",4,Positive
Food was very bad specialy karhai was very spicy every time we order karhai its always spicy also i found mouse roaming around table this is how a great resturant looks like very bad expirence overall service was good,3,Neutral
It was under construction but they facilitate for dinner and lunch for families. Very humble and respecting staff and test was very good.,5,Positive
Peshawari Karachi was excellent. Turkish kebab were good too. Overall a good experience. A bit crowded on a Friday night,5,Positive
Best food in town,5,Positive
"Delicious food, good service good taste",5,Positive
Very small meal size can't serve for two person one dish.,4,Positive
"TLDR; This branch's food / service is not of the same quality and taste Kababjees is know for, from its Highway and Do Darya branches. …",2,Negative
Overall a nice and pleasant experience. Ambiance and service gets the full marks though I visited two times and on both visits there was a rush of Customers but still service was courteous and quick. Food quality was good but taste can be improved a little bit. Rates are okay and most of the times there are discounts on different cards,4,Positive
Awsome food with quality service 👌 …,5,Positive
I went there with a friend Food was amazing I loved it and the atmosphere gave us such an overwhelming feeling that we wished to be there for long but we had to leave but we still did our aftaar there for which they gave us dates and …,5,Positive
Good experience all kind of food enjoying,5,Positive
"Total useless place to order food from via food panda. If something goes wrong, good luck getting it resolved.",2,Negative
"It was great and had an amazing experience as before visited. The food served was delicious and tasty. Tried their Chicken Mandi, Kebabs and their Peshawari Karahi which is something you'd relish. The atmosphere was ambient and hygienic also their staff was friendly and courteous and served the food in properly with cleanliness.",5,Positive
Awesome food. Yummy and with authentic taste and different variants of same dish. Very courteous staff and polite. It would be an add on to their great service if they can explain the taste variations of different dishes and make suggestions. Good ambiance too. You may want to request detaching tables to have more space.,5,Positive
"Not enough washroom, people stand in line for it.",3,Neutral
We celebrated Azlan Ali's birthday here because this place is in the middle of the city and Shahrah-e-Faisal is very close. The food was very tasty. All the arrangements were very good but the place is very congested due to which we couldn't enjoy.,5,Positive
"I visited the highway branch in the past and quite happy. However when I visited this branch, the quality of food is below average. We ordered 2x platters BBQs as this is their speciality but highly disappointed with taste. Peshawari karahi …",2,Negative
It was a place where u can go with your family n enjoy your food peaceful n friendly atmosphere. Food is good n Service  is as well. Prices are a bit high but over all a perfect  place to have some quality time with your family. It was memorable. I enjoyed  it.,4,Positive
"We ordered soup and steaks. Soups were tasty and steaks were fine. Steak was nicely cooked but taste was not extraordinary.
My grilled chicken mushroom steak had no mushroom topping 🙁 …",4,Positive
"Lovely restaurant with great food. Our relative hosted a get together here and our experience was extraordinary. Every dish that we have ordered was delicious and tasty. The price was a bit on the higher side but keeping in mind the ambience and taste, it's definitely worth it. The staff was also very helpful.",5,Positive
Food is good staff is cooperative good atmosphere but only need to change seat caution its dirty now and black mark on it,5,Positive
Good food and tast. Excellent service but quiet costly though.,4,Positive
"Ambience, food, and service all are good 👍 …",5,Positive
"Amazing food, great ambience, in the middle of the beautiful city of Karachi.",5,Positive
"Great atmosphere, great ambiance. There was a little waiting for the table but we got ours very quickly. Service staff was great, and the food was delicious. Pricing is also moderate. Overall, an amazing experience.",5,Positive
Food is good and reasonably priced,4,Positive
"After a long time we visited this branch. And their food is as good as it has to be. So thumbsup for their food. We tried chiken karahi, katakat, bihari boti, malai boti, kabab, pasta, etc. Katakat has been outstanding. We got dreat service …",4,Positive
Good to dine in after evening,3,Neutral
"Celebrated Family birthday
Good food, especially Mutton karhai,Beef bihari.
Friendly staff …",5,Positive
Awesome taste just like highway kababjees. . Highly recommended.,5,Positive
"So far, the taste is great. I personally love Kababjees. I am only dissatisfied by their delivery services, super slow and late. It kills your excitement. Thats all. …",3,Neutral
My go to place for steak 😍 …,4,Positive
Best service with tasty food,5,Positive
"I recently visited Kababjees with my entire team, and the food was absolutely outstanding. The flavors were not just delicious; they were exceptional and truly unforgettable.",5,Positive
"Discount on debit cards :)
Watch the discount, be aware...
My daughters bday venue",5,Positive
"Dont sit inside, not clean, too many mosquitos",4,Positive
Nice and cosy environment with courteous staff. Food is exceptionally tasty and every item that we ordered had very distinct flavour. Desserts and drinks are also worth a try. Good place to have a good meal with your family or friends.,4,Positive
Taste was good as always but the kabab platter was not good enough so we enjoyed reshmi paneer handi and the steak.. luckily we got 15% off on my debit card and would love to visit again...,5,Positive
"Very Bad Experience this time quality of food very low
I ordered Morocon Steak service and quality both under par even I complained but who cares",2,Negative
"Great atmosphere but the chicken karai was very mid, the nan was below average and the staff seemed a bit absent minded but the egg fried rice was excellent 👍 …",4,Positive
A good place to eat with friends and family.,5,Positive
"Good quality food, hygiene can be improved but it's still better than average (unfortunately our national hygiene average isn't winning any medals either).
Compared to other restaurants, in my opinion Kababjees offers good value. …",5,Positive
Overly expensive. Lot of space available to be seated outside. Has parking valets available. The taste of the food and its presentation is good. Servers are polite and keep u satisfied with their service. Overall a nice place.,3,Neutral
"Visited after 5 years and this shaheed-e-millat br didn't disappoint. From bbq to xhinese to burgers or steak, everything tasted good. Desserts me kunafa, lava cake and ice cream all tasted nice. …",5,Positive
"This restaurant is very nice with tasty food and quick service.
I strongly suggest to add central cooling systems in side restaurant instead of individual split type air conditioner. …",5,Positive
"Awesome food with range of varieties. Interior is elegant, with dim lights.
Waiting is always there, unless have done a reservations. …",5,Positive
"Very good serving time.. delicious and hygenic food option. Good for any type of outings.
Ambience is also good for friends and family. The staff was cooperative and …",5,Positive
Taste is good but prices are too high.,4,Positive
"Kababjees has always been my go-to spot for dinner with family and friends for years. Apart from a few occasions, I've mostly enjoyed good service and food. They specialize in desi cuisine. I've always loved their mutton karhai and daal …",4,Positive
"The food was absolutely delicious and customer service was amazing but..
In the mix katakat there was a screw in the food so I just wanted to warn others about it but alhumdulliah we did not swallow it. When we found out we called …",4,Positive
"This is an amazing place to hangout. Their barbeque is amazing. I would recommend to this place 10/10 for their hygiene, amazing staff, service and food quality. Everything is so organize and nice. But they just have to improve a lightning a little bit otherwise everything is amazing👍 …",5,Positive
Food was nice and great but ambiance deserve 1 star. Aircon was next to nothing and was extremely hot inside. You will need more aircons there. My nephew also got bitten by a mosquito.,3,Neutral
"Not enough space between the tables as large number people were accommodated. Food quality and taste is not up to the mark.
Staff is friendly and welcoming. Location is good with valet parking facility.",2,Negative
"Awesome Food and Ambiance.. Must Visit..

I planned my son's birthday at kababjees in July 2021. the staff was much …",5,Positive
"food and environment both are superb. had fish, tikka, bbq, and dessert. all of them were excellent. serving size is also good. just try to avoid weekends and holidays, too much rush to enjoy a quiet dinner. staff is also helpful and service is quick. rates a bit on high-end.",5,Positive
"It was perfect, great food, great service. I especially loved their cream cheese soup. It was bummer that I had a bank Al Habib card which if I had used, I wouldve gotten a 30% discount but I realized it later sadly.",5,Positive
"I went there with colleagues for dinner. There were 5 of us and we ordered soup, a kabab platter, and chargha. The food was delicious and more than enough for us. The service was prompt. There are 2 floors of ample seating and a spacious …",4,Positive
"Kababjees Highway had much better food than shaheed millat road branch,  Mandi was below average, Mutton karahi and tikka was just normal, Kababjees should maimtain same quality in all their branches, not recommended",2,Negative
This place is very well-designed (Masha-Allah) and was nearly empty when we arrived for dinner at 7:45 PM on a Tuesday evening. …,4,Positive
"One of the best establishments in Karachi. Kababjees have made a name for themselves and rightfully so. We ordered Karahi, Handi and BBQ. Everything was delicious. Service was very fast and staff is extremely friendly. Ambiance is also very good.",5,Positive
Good Desi Food. Specially recommend for group and family dinners. Desert options are also good. Ample parking facility. At dinner time waiting is normally very high. Seating arrangement is bit congested. Credit card is excepted.,4,Positive
I prefer the sea view / 2 darya branch more. But anyhow the food they serve is excellent. Loved their handi and cheese naan is OFF THE HOOK . must try for cheese lovers. No complaints with the kerhai. Soup was good. Could be better. Great …,4,Positive
Visited this branch very first time and the food was as per standard of Kababjee's. Atmosphere is also nice. The most amazing part is customer service as a waiter suggested us while paying the bill that we should use a specific card which has 30% discount. Thanks to that gentleman :-),4,Positive
"Nice place for food....
Delicious",5,Positive
Really good food and service. Just nit satisfied with the quantity of the food.,4,Positive
"The food overall was good but, they added too much salt in a dish. We asked them to change it but after 10 minutes of wait, they gave us the same food which was a waste.",2,Negative
Good place for BBQ and mandi. Moderately cozy environment but quite dull lighting that even original food color was not clearly visible. Inside resturant staff courtesy was OK. Outside staff for taking guests to tables was smartly foolish 🤭 thinking themselves bit expert though they were obvious rookies 🤣 …,4,Positive
Delicious food n very nice service and atmosphere. We enjoyed it,3,Neutral
"Coming here for the 3rd time in the same week. Amazing food, great quality and perfect service. I’d like to mention Amjad Ali, our server, who was great at recommending different things and they were spot on! He’s really great!",5,Positive
"The ambiance of this branch is average, however, service is quick but the taste needs improvement. The staff of this branch is not upto the mark, they usually persuade you to order more, which is quite interrupting and disturbing. Overall average",3,Neutral
"One of the best place for outdoor dining.Quality Tasty foods, Almost evry item served great.Gave 5 stars to nans.
Staff also very polite and efficient.Environment also very nice. …",5,Positive
This is really very nice place for dining. In rush hours as usual you have to wait for a table to get free for you. Parking is problem. Though at night time enough space is there but there are no guards or security to take care of your parked cars. Even dark area in a distant parking area. Rest is ok.,4,Positive
"We had a party for 42 Ppl and the staff arranged it well (even gave extra tables), also Mazhar and Amjad guided us what to order and how much, which was accurate and enough in terms of qty and items. …",5,Positive
"Awesome place.
We use to visit frequently with office colleagues.
Good food and ambience. …",5,Positive
Decent place with good space on 2-3 floors to manage the rush. Food is brilliant like all kababjees restaurant. Bank discounts are regular which make the experience pocket friendly.,5,Positive
Excellent Management and service. Arranged my kids birthday party. Food quality was awesome and service was amazing. The staff were all friendly and very cooperative,5,Positive
Its location is bit isolated and can be concerning factor. The parking space is very minimal. The ambiance is ok and food was tasty but on top floor it can get stuffy due to poor ventilation and bigger crowds.,3,Neutral
"Mutton Mandi at it's best :)  , 3 person serving at Kababjees Shaheed e Millat branch.",5,Positive
"Good ambiance. Slightly on the expensive side but worth the taste and quality of food.
Cutlery's cleanliness should be improved.
Service gets slow when the place is crowded.",5,Positive
The food was great but the service was not impressive. The staff was unaware about the food they serve. We specially asked them to remove mushroom from our soups but it was still there and even after replacing another bowl there were still mushrooms in it.,3,Neutral
"Very Expensive, very less quantity, too spicy food packed although i requested to put the average spices. Too expensive meal bought for the first time. In half they provided only 250 grams of karahi, assaid by staff full includes 800 grams …",3,Neutral
"Food was tasty, quantity served was not equal to value for money.
Specially the BBQ platter which had only 6 pcs of kebab for a price of 2100 Rs
Service was ok but shall be further improved.",3,Neutral
Nice atmosphere service was top notch bit over priced though because blue berry drink was not worth 500 I had better blue berry drinks in way less price but mutton ribs was nicely cooked and paisa wasool.,4,Positive
"Very Good Steaks, Mocktails and overall food.",5,Positive
excellent service and yummy food. There is waiting on weekends but you can enjoy yummy sundae ice cream in waiting area. Go early so you don't have to wait.,4,Positive
Food was great but the service was extremely slow and poor in general too. It was empty when we reached so crowd was not an issue too. We were made to wait 10 minutes for the menu that too upon asking for it thrice.,3,Neutral
staff suggesting people what to eat or what not to eat. I visited last Sunday with 20 family members. …,5,Positive
"Food was good. We ordered dahga kabab, Peshawari karhai and vegetable chowmein as our main course. They were all very well done. The entrès were not so good. The nachos should have been served in a flat platter but it was a well thought …",4,Positive
"Delicious taste, Waiting time is ok. Stater was served quickly, warm comfortable environment would like to visit again.
If you are using online taxi services. You would struggle. Mobile signals are blocked due to Central Jail Karachi nearby.",4,Positive
"The food taste is great, service is also good. Recommended",5,Positive
Normally order home delivery for their yummilicious palak paneer handi and paneer reshmi chicken handi,5,Positive
The food and service was very good. Went in a group and had ordered a large quantity of food but there was no complaint on anything. The mutton karahi was exceptional as was the platter. Ample parking outside.,5,Positive
"Well designed menu, spicy & non spicy wide range available. Pleasant atmosphere.
Well trained staff with nice attitude.
Overall nice place to invite your friends and guest.",5,Positive
"Our main course was Chicken Makhni Handi and chicken Malai boti. The Handi was pathetic due to chicken in it which was burnt and I reported to the serving guy, he immediately remove the dish and brought in new one after a while. …",3,Neutral
Food is tasty.,5,Positive
"Food quality is not good, Tikka seems to be like grilled no spicy, fires was cold n after we said they changed it gives us fresh fires, for Tikka we didn't complain as we thought it's grilled but later we know that it was made on coal,
Even remaining items was not upto the mark ‼️",2,Negative
"Good place to have food with your friends and families.
Be ready to have very large family sitting across/side of your table and making noise. Not a quiet place to have romantic diner ;)",4,Positive
"I have been visiting this place but this time it turned very disappointing. We ordered hot n sour soup, supreme nachos, lahori fish, shinwari karahi, paneer reshmi handi, rango kabab, chinese masala fried rice and chicken chowmian. …",2,Negative
"We went on 29th Ramzan, so may be service was slow due to this. Naan weren't coming on time and we had to wait for it. Nevertheless, food was tasty specially Chicken Karahi",4,Positive
Excellent staff. Very courteous. We went first time and it was amazing experience. Food was really good. Best part was staff and service. Strongly recommended!!!,5,Positive
Very good and quality food,4,Positive
"Nice food and taste , awesome ambiounce but price bit high ...they Always offer 10,20,30% discount it's means the original price are something else...",4,Positive
Food was great. Service and atmosphere was below average,3,Neutral
"Fast excellent service. Good ambiance. Big place can accommodate large number of customers. Big menu has almost everything from fast food to Bbq to Chinese to karahe, handi. But the price to quantity / serving size were very disappointing. …",3,Neutral
Best place for dinner wide veriety of dishes 🙂 …,4,Positive
"Awesome eatery!
Service , Quality is too good , I love the the taste of kababjees especially this branch .this is one of my favourite. …",5,Positive
"Although  the service by the staff was excellent, food was fantastic. .....  but the management need to spend some money on the overall inventory  of restaurant ; the crockery is now too old with scratches, . …",3,Neutral
The food was good and the taste was nice but our order was late other than that the quantity of the food did not justify the cost we paid and the handi we ordered had more veggies than meat.,3,Neutral
"We recently came here for a family celebration and had the opportunity to try different dishes. Everything we had was really delicious, especially the Chicken Handi, Dal Makhani and the Kulfi were so delicious. We will definitely return here.",5,Positive
Awesome place to visit with family. Healthy environment and food quality is upto the mark. overall best place to visit with family in the surrounding. I specially recommended to visit for the food.,4,Positive
Before i dont have any experience for this restaurant but last saturday i was eating dinner with my family such a wonderful amazing taste for all food and good service i liked,5,Positive
Lovely place to dine out. Great menu and excellent taste. Well mannered staff. Good environment.,5,Positive
Very good seating service and items but not satisfied with Valet Car Parking.you had high up the rates to Rs.100 per vehicle. It is too much. Please reduce the rates maximum up to Rs. 50.Thanks.,4,Positive
It is the worst food not a taste bad service waiting almost a hour for food we was gathering about 20 peoples from family no body like it any item. much more expensive and zero return in taste or service no want to go again no advice to go there,3,Neutral
"No value for money. Average food quality and taste. However, environment and service is good. BBQ Tonight is far better.",2,Negative
Very good food. Service was also nice. Worth the price!,5,Positive
Very courteous staff... Wonderful food...the only issue is that there is no proper air conditioning in the dining hall which makes ambience suboptimal,4,Positive
Best food.. Bar b  q quality owsome,5,Positive
Amazing taste and variety. The staff is too courteous. Excellent choice for family events. Per head ranges from 1k-2k depending upon your selection.,5,Positive
"great experience, everything was great food ambiance, just a little low on ac as it was last table,  however overall enjoyed night with family... 👍 …",5,Positive
The service was good. There were still a few foods that didn't quite meet the expectation. Chicken Alfredo missed just a bit of salt. Chicken Shashlik was amazing though. Also the Chullu Kabab is highly recommended.,4,Positive
Kababjees at it's best. No doubt # 1 restaurant in karachi currently. Excellent food in reasonable price. No overcharged. Service is excellent too. And also offering a good discount on Meezan credit/debit cards,4,Positive
"Road condition is pathetic, taste is average but staff service is good. They should work on giving better taste and plz repair the road .",3,Neutral
All ok service ha,5,Positive
"We ordered Chicken Corn Soup, Chicken Peshawari Karahi, Seekh Kabab and Chicken Malai Boti along with chapati, roghni naan and garlic naan. The food was good but their Garlic Naan were a big let down. They were like a bread and had no taste …",4,Positive
"Beautiful place n awesome environment, delicious taste but very expensive.",5,Positive
"Food was good but over priced , unless you have certain card on which you ca  avail discount it's over priced. …",3,Neutral
The place is nice but when we went there we didnt get AC and the prices were phenomenal 14500 for 6 people,4,Positive
Nice food but over expensive. Specially when it comes to side items like Naan roti cold drink water etc.. They overcharge these stuff which they need to improve big time,3,Neutral
"i visited kababjees superhighway first time today,though i stay in dubai but comparatively there pakistani resturants ,this is one of expensive resturant in the karachi city. they should inform the tax rates ideally as for any person paying …",3,Neutral
"The service was good at least compared to other restaraunts(Usmania,BBQ tonight) however the food was as generic as it gets.",3,Neutral
Nice food but atmosphere is not so good.,3,Neutral
The place is great.... The service is also really good... They even have free wifi! Their delivery service is also rrally great! The food stays warm until it reaches you! ❤️,4,Positive
"Good for a large group 8 people, family platter was good. Karahi was OK rest bbq, fish were good. Madhi was also good (Pakistani style)",5,Positive
"I had their BBQ Platter, it was good but very few in quantity as compared to the prices they have listed. Taste is above average, service is a bit slow and ambiance is better.",4,Positive
Nice atmosphere and tasty food.,5,Positive
Best for family dine in and gathering. Love the food taste. Specially appreciated they are maintaining their taste sibce a decade,5,Positive
The food was good but some dishes not available like i was goin there only for their famous Chicken Madabee but it was not available then i ordered stake n other stuff...,3,Neutral
"Good taste.
Great ambiance.
value for money. …",5,Positive
It is located near chase up mall and the side of shaheed milat road bahadurabad.,5,Positive
"Food was delectable, ambiance was pleasing, the staff was courteous. Started off with white hot'n sour soup, humus for appetizer. The main dish were mutton& chicken karahi, behari boti,l & katakat on the sides. And topped everything off with mint glacier.",5,Positive
Very nice food and service.,5,Positive
It was good but quantity was very less,4,Positive
"Very nice ambiance
Food quality is good
Prices! Well value for money, but good thing is there are discounts on cards!",5,Positive
Nicest place for nicest food,5,Positive
Taste was nice..,4,Positive
"Mostly I go in do darya it's a first time I visit shaheed-e-millat branch. Food was delicious  and service was awsome. One of the great and experienced waiter Mr Murtaza help us to order our food. Such a nice person he is.
Thank you Mr Murtaza.",5,Positive
"Good food, good service and ambiance was good too. Loved everything.",5,Positive
"Testy food and excellent services.
Make sure booking in advance due to limited space. Pray area is not available.",5,Positive
No doubt this spot is fantastic. Cover all expects which you think for a good meal with relaxing environment. Must visit if you near by this point.,5,Positive
Today visited kababjees but didn't like their food specially what a worst madbee they served and too much expensive quantity is too less before their taste was way much better but today we weren't satisfied.our guests also didn't like either,2,Negative
"Enjoy full time 😜
There 4 man wearing masks . That's not like a ghost 👻
But we will enjoy a loot …",4,Positive
"Really good food. Chicken paneer reshmi handi is divine. Cheese naans delicious. Mutton kebabs, hummus, raita, fresh lime seven up are really good too. Service is great as well. Nihari is really nice. Dhaaga kebabs leave a lot to be desired though.",4,Positive
Great bbq dishes at reasonable rates. Succulent kababs ranging from mildly spicy to hot are outstanding and one of the best in Karachi. Specialities include Afghani boti and Lebanese kabab. Local cuisine is also exceptional in taste. …,5,Positive
"The food was great . We ordered a variety of food like pasta, burger, handi, steak, and kababs . The waiters were'nt very vigilant . The environment was comfortable and hygienic .",4,Positive
"Excellent service with good ambiance. Food is unique, delicious and high quality",5,Positive
Excellent quality of food and service..everything was perfect..definately will go again.,5,Positive
Wonderful service....but remember due to neighbourhood of security installations you won't have access to mobile networks ...you will have to make own arrangemnts for recieving you guests due to no cell contacts...,5,Positive
"It was the weekend and new year's eve, a lot of crowds. Food quality and quantity were indescribable. Charges were higher.",3,Neutral
"Food is expensive but worth it. Best suited for family and couples. Nice enviroment.
Just one problem, low signals due to central jail jammers",5,Positive
Good food good taste 😍 …,5,Positive
It was my first experience there.. and i dont want to go there again prices were soo high and quantity was so less also i seem this place quite look alike shadi hall not a resturant,2,Negative
"Food and service were average ... But the  ambiance, furniture and facilities are well maintained and modern",4,Positive
I had car dine in there . Service and staff was good but food wasn't deserving . Taste wasn't like we had before . I ordered zinger and Manchurian,3,Neutral
"Awesome
Tasty Food with best service....
Highly recommend",5,Positive
The customer service is quite slow. The waiters weren't proactive in providing quick service.,3,Neutral
Good food. Not just bbq and desi but good Chinese and Steaks as well. Fire Style something something is their best steak. Good staff. Better service on the bottom floor. Wifi sucks lol.,4,Positive
It's ok. Not so special. No proper waiting area. People waiting outside restaurant. Fish is ok but BBQ mutton chops lebnese boti are just okay.,3,Neutral
"I have ordered food from them via home delivery and they delivered without any delivery charges all the way to airport, food quality was also above excellent, forgot to take pictures.",4,Positive
Everything was good except for dal makhni - not recommended at all - it looked and tasted more like handi ka salan than daal. Desserts choices were limited as well.,4,Positive
"Had a take away of Chicken and Behari. Both were not marinated. Big chunks of meat were served, contrary to earlier experiences",3,Neutral
"Nice environment, cool place, delicious food, sensible staff well trained.",5,Positive
Good food good service... Staff is good... Taste is fantastic....,5,Positive
"Outclass , 100 times better than kolachi.",5,Positive
Great food which is tasty as well. A little pricey though but overall a satisfying experience everytime,4,Positive
One of the few restaurants that have not only maintained but also improved their standards over the years.,5,Positive
"My experience was good, It's good among their all branches. This restaurant is very clean and Service is ok.
The kharai was good but I did not find the Kababs very flavorful.",4,Positive
"food is tasty , Quick service and  neat and clean safe environment",5,Positive
It is an exiquisite place. This is my favourite branch of Kebabjees in the city. The decoration is awesome. There is a VR for kids to enjoy too at the entrance. The service is very good. It is special for its Kebabs and Karahi. The Chullu Kebab is a must to try dish.,5,Positive
I went there 1 week ago.A very good atmosphere and a very well decorated place.Food was very tasty and delicious.Serving was excellent.I love to go there again and again.,5,Positive
"Soft calm environment good to relax and chill out. Maintained their quality but quantity becomes less.
Good customer care.",5,Positive
"I like this place because of the mouth watering food.the food was on time.but the restaurant was too noisy,which annoyed some  of us.but all over I lived the service there the waiters were the nicest.i would suggest the food there because it is so so tasty.🤤 …",4,Positive
"Compared to price, their service and food quality is very poor. They are charging like Kolachi and Zeyttin but providing food like bundukhan",2,Negative
"Overpriced. Without any card discount, it's not worth going. They have removed their two really go d dishes, brain masala and katakat from the menu. Sad!",3,Neutral
"Excellent environment, superb quality of food, family restaurant and awesome taste... Price is affordable but serving size should be a bit larger... cheese naan is a must try and gola kabab taste like heaven and the texture of kabab was extremely great",4,Positive
"Nice place for famalies to go very tastey food, lamb chops, BBQ, karhai, fried fish etc are the best. I would recommend everyone to visit. In this COVID-19 situation they are following the SOPs perfectly.",5,Positive
Kababjees was a world class experience. The employees were active and freindly and did thier best to meet our needs and exceed our expectations. Everything from the valet parking to the ambience of the restrant was superb. The washrooms …,5,Positive
"Tasty food and very quick service. If you are in the mood for good quality desi BBQ and karahi, Kababjees is the nearest place in PECHS. Mutton ribs are very tasty here. They also serve khandaari naan which not many places in this area do. Cheese naan is a classic starter and quite tasty.",4,Positive
"Food was amazing but pricey, thanks to JS bank's credit Card offer of 50% the day was saved",4,Positive
"They never disappoint you. No matter how many times you go, they have for sure maintained the taste, service and food quality.",5,Positive
Food is good. Waiting time is very high. You wait long if u dont have any reference,3,Neutral
"Great atmosphere and service. A wide selection at acceptable prices. Not the best kebabs I've ever had but very good. Would recommend Palak Paneer, Lahori Fish, Paneer Reshmi Handi and Mutton Karahi.",5,Positive
"This place is really nice, its got an awesome environment and food quality is marvelous. Everyone should try it at least once",5,Positive
Excellent food. Although as same as other kabajees restaurants/outlets but the environment n service is great. Must go,5,Positive
a bar b que and chiness restaurant a big name with high rates but low satisfaction dull enviroment average food may be in this cost other restaurant with better ambiance can be visited i am talking about shaheed millat outlet other wise their parent location have much more better experiance.,3,Neutral
"You'll always find a long waiting line here, but reservation can save you like us and then you will enter into a dark seatin area where you will wait again for your order. Though the name is Kababjees but you'll not find such quality amd tastr in bar b q items. Must try paneer handi!",5,Positive
Ordered food through food panda.. it was a great experience with kababjees. Awesome service... Great packaging.. food was packed in a great way to make it delivered hot and fresh.. the taste was tooooo good..loved each n every bite of the food.. thank you kababjees!,5,Positive
Good Food and service. Place was too much noisy.,4,Positive
"Delisious
Recomended",5,Positive
"Great place to dine, ample parking space nice delicious food well arranged n service was good too",5,Positive
"This restaurant is very clean and nicely designed. Service is excellent, bathrooms are also clean, and food was good, especially the bihari boti.",4,Positive
Nice ambious. The taste of food was very delicious. Their regulor customer and i always enjoy food very much,5,Positive
"Nice, cozy environment, good tasty food, specially cheese naan and peshawari mutton karhai, have to be in waiting for a while as usuàlly its crowded.",4,Positive
Good quality food with excellent service. Environment is also very good. Just work out  the quantity of meal.,4,Positive
They offered us ice cream because we didn't really like the food and service which was really nice of them Butt the thing is the chinese and their starters were not that good.Also they should have separated the area for the nikkah function.There was a lot of chaos there.Might not visit again.,3,Neutral
"I would say simply awesome.
Taste of food here is finger licking good :)
I would recommend all the tourists to visit this place and try the food sensation",5,Positive
Too crowded but the food was good and as per reputation. The sizzling steaks from other people's orders caused coughing but that was a small issue,4,Positive
Very excellent place for dining but a little bit expensive. An average of Rs 1000 per head. Environment is pleasant and clean.,5,Positive
"Taste is excellent and service is very good, but there are no mobile signals inside the restaurant and quality of the Wi-Fi is not good at all.",4,Positive
"Loved the ambience, food was served quick however had to wait to enter as the place was full. Amazing food",5,Positive
Service was below standard. The quality and tase of food  was below standard. Hummas suxh that i have never tasted before had to return two times.,3,Neutral
The sevice etc. was vary good but the bill is for tax minutes you should have be informed before dinner or if there was a notice..,3,Neutral
Food was good. Service was fine. Overall a satisfactory statement,4,Positive
Excellent food and service and nice ambiance.,5,Positive
Great taste delicious food with hundreds of options. Dinning arrangements amazing too,5,Positive
Below average service (slow). Taste is good. Parking is available. Location is ok.,4,Positive
Great ambiance good service Tasty food,5,Positive
"Low service taste is good n quantity too
Fish n chips were sooooo fresh n crispy
Mutton n chicken karahi was yum n well tender",4,Positive
"Good food , great service
Ambience can be worked upon & servings need to be enlarged.
Good place to hang out with large groups.",4,Positive
"After hearing about their fried chicken, we tried again their burgers or fried chicken. It's best decision we've made.",5,Positive
"Service was slow, lemon mint glacier drinks were served too late when we were almost done with meal and soft drinks weren't served till we finished meal so we cancle its order, taste was good !",3,Neutral
"Best food dishes served. Famous for barbeque items,  mutton karahi. Spacious family indoor and outdoor sitting. Good environment",5,Positive
Very poor n uncomfortable chairs on the ground floor half area. Chairs are made of straws and are short in height …,5,Positive
"Food is good, would not recommend drinks from Kababjees tho",3,Neutral
Kababjees is undoubtedly the best restaurant in Karachi. It always serves the best quality food in very compatible prices. Hope that they maintain their taste and quality. Thanks,5,Positive
A bit expensive and the quality of food is not at all value for money. The ambience was too much noisy.,3,Neutral
"Nice food , but waiters were slow and worst atmosphere cooling wise air conditioners were not working",4,Positive
Good place for get together but needs to increase the sitting area as it's congested to occupy more people otherwise staff service  and food were awesome,4,Positive
Food was really very delicious even taste was much better than do darya branch. But would love to go do darya just because of atmosphere.,5,Positive
"As always and as in every branch of kababjees they have just excellent authentic Pakistani food. They don't shy away from using necessary spices in the name of so called ""catering for the masses"". They purely believe in real taste and their …",5,Positive
Heard a lot about Kababjees.. Tried many dishes.. But Paneer White Karahi was delicious.. Ice cream was also upto the mark.. For improvement they need to make space bigger.. Overall liked it..,4,Positive
Amazing service and food but too much crowded,5,Positive
Yummy food. Excellent service.  My kids like their chicken chilli dry with rice 😋😋😋 …,5,Positive
"Mutton Ringo Kabab and Malai boti were excellent.
Chinese is below average.
Makhni Handi was also excellent.",4,Positive
"Pros : Great food , clean atmosphere,       efficient service
Cons : food is expensive  and quantity of the food served is less    ..... that is why gave them 4 stars",4,Positive
The Food was the bestest ever and the excellent service by AMJAD ALI was an addition for the best restaurant.,5,Positive
"Mutton ribs reaches out of pocket 4000

Red snippers was decilous …",5,Positive
Taste is amazing and ambience is not bad but they should have proper baby seats as its mostlu frequented by families.,4,Positive
Good quality great food. Staff was very nice.,5,Positive
Excellent food and specially service roti mangwane k dil howa waiter garam garam roti k saat hazir wounderful I love their service and 👌cleaness …,5,Positive
Over crowded.. Therefore their staff was too busy to entertain properly. And bcz of being  over crowded places I doubt their hygien.. Although food is good,3,Neutral
"Food is good but they are not displaying STN #  on the Bill , It means they are charging 13% from the customer and NOT depositing in Govt.",2,Negative
"Nice place can keep more clean. Service good , food good, price reasonable",3,Neutral
"Beautiful,, the best place to relax,  enjoy your meal with friends & family.  And not heavy on your wallet",4,Positive
Worst experience ever. Pathetic service and average quality of food. Not going to recommend to anyone.,2,Negative
"Excellent taste and quantity, but above average pricing means that only large groups of people should dine here.",5,Positive
Its really good specially the food n atmosphere,5,Positive
"Very good experience and horror cafe was superb
Excellant service",5,Positive
"Food & Service are very good, the ambience is very uncomfortable especially during rush hours, it's hard to find a good parking spot.",3,Neutral
This place is beautiful food and service are amazing,5,Positive
"Good service. Nice food, good place to have dinner with family.",4,Positive
Because of its delightful atmosphere and tasty mouth watering food but they still take time however we got the booking prior,4,Positive
Dishes were damn too tasty.. and a hygienic environment.. you can have a family dinner in peace..,4,Positive
Good food. Good staff. Little bit improvement required for sitting arrangements and air-conditioning.,5,Positive
Over-priced and food taste is very average. Not worth the money. The only positive is ambience.,2,Negative
"It always the best spot for us. Cellebratins n special dawatein are best here.
Love this place n food.
I must say there is no dish which can be recomended as bad.",5,Positive
Freshly cooked delicious meal though had to wait for 40 minutes to get a table One of the best restaurant in Karachi Highly recommend,5,Positive
"Nice service , average food, beautiful ambiance",3,Neutral
"The food was very delicious plus the sitting area was quite good and big enough , service was also very good
10/10",5,Positive
"Nice ambience, and quality food served",5,Positive
"In terms of value for money 30 out of 100. Good taste, average ambiance, less than average quantity, reasonable service.",2,Negative
"It was a nice experience to iftar but I would not be going there anything soon. They are give discounts on credit cards,so do check their website.",3,Neutral
"Food quality superb, taste is good you won't say wow ANYmore, services in undoubtedly excellent",4,Positive
Loved the place...crowded place witht tasty food,4,Positive
"The food is great, the ambience is settling but the wait is wayyyy too much. So do make reservations before going",4,Positive
"Had a cousin's birthday celebrated there. I like the food and the environment was also to the point, excellent!",5,Positive
Great place awesome taste wait time was a bit long otherwise good experience,4,Positive
Food was good but service was too slow,4,Positive
Food was good but quantity was very less....for getting more customer ..my advice to review,3,Neutral
"It's good among their all branches, big space delicious food. Good service also",5,Positive
Food is Tasty. Washroom is very Dirty. Menu doesn't have a good variety of Handi.,4,Positive
"The food quality is good worth what we pay, but service is little slow.",4,Positive
Great food. And a must go place with family and friends,5,Positive
"Excellent place for eating, Impressive personal care, Very excellent environment, love to go ever...",5,Positive
"Food and ambiance needs improvement, services are quite good. A good place for family dinner",4,Positive
"Very nice place and good food
Mutton karahi wasn't so good
Other food was awesome",5,Positive
Very good food all items we were excellent but pricey,5,Positive
"Give 5 star to All Food item
STARTER WAS AMAZING
MAIN COURSE WAS GOOD …",5,Positive
"So noisy, cooling very poor, most annoying is this bill in which water & maranda cane charge on triple and again charge 13% gst that is double taxsation",2,Negative
"The food was fine,the quality of meat karahi was well done,roghni naan was perfect but the aroma inside needs some refreshness",4,Positive
Staff is very good. assists very good. corrects the food if it's wrong. EXCELLENT QUALITY OF FOOD.,5,Positive
Specially kaab recommend,5,Positive
"NIEC
Good",5,Positive
Nice place with good ambience..just a litlle but temp prob in the ground floor..chiller doesnt work very well..otherwise..everything was perfect,4,Positive
Not a good variety in beef Chinese and a dish with beef chilli is over full with ginger and not a single onion was in that,5,Positive
Food is good but expensive and because of security issues no mobile networks make ur life difficult unable to call to home or friends this was very irritating.,3,Neutral
"Location isn't much safer, Cellular phone signals very weak just because of powerful jammers of central jail Karachi, and central jail is near to Location",3,Neutral
Food is excellent. They brought main course before soups. Overall service is great.,3,Neutral
Food is very good but noisy ambiance. Juice and shakes area should be separated from dinning side.....,4,Positive
Place is Ok . AC was not working . Had to request to move to another table but the result was the same .could not enjoy my  food .,3,Neutral
Food quality is good.. but little expensive than it worths.,4,Positive
This place is classy. Its cuisine are mouth watering with balanced health care and hospitality in style.,4,Positive
Amazing dinner delicious taste n very good n quick service n peaceful environment,5,Positive
Excellent food with poor and slow service,5,Positive
Kababjees Shaheed e Millat is a good place for dinner with family food is good n tasty. NICE AMBIANCE but little bit congested specially in Ramadan.,5,Positive
The food was really good as well as the service.And the decor of the restraunt was also good,5,Positive
"Best quality food
Best ambiance
Best services …",5,Positive
Food is really good. Handi and bbq is recommended. Only issue is phone signals whoch usually not available due to prison.,4,Positive
"Awaome experience
nice atmosphere
Quick service …",5,Positive
Taste was not up to expectations very bad experience about the menu but service was good,2,Negative
"Food , environment,  staff & location every thing is awesome....
But they charge extra for these facilities...
I recommend every one has to visit at least once.",5,Positive
A nice place to have good and quality food with family and friends,4,Positive
Yesterday I was at kabaabjees with my friends for having so really we enjoyed o lot it was a memorable day of my life and I had a great experience with kabaabjees but service was little slow,5,Positive
"Food is fine not out class.
Rushy place",3,Neutral
Yakhni handi and Peshawari karahi very good. Mix katakat with butter needs more butter. Kulli was crown in the jewel,5,Positive
Nice food and ambience but highly overpriced. Everything else is great!,4,Positive
Great food! But very few options available compared to the provided menu!,5,Positive
Very long waiting,3,Neutral
The food was good but service was too slow. It took about 50 minutes to get food and then further 20 minutes to get drinks.,3,Neutral
"Yummy food with good quality nd excellent ambiance . specially I love stake ,mutton chops nd chullo kabab",5,Positive
It was cool and chill but bathroom was dirty and undermaintainnce like only 1 in a restaurant,4,Positive
"I Really had bad experience last week.. food was cold, as soon as ordered we got our meal just after 5-10mins that shows it wasn't  fresh , food were below average , chicken was undercooked ,literally I found 300-400 zinger tastes better then it.",2,Negative
"During the campaign to support local restaurants, lotteries of many restaurants whose quality has fallen from the standard, one of them is Kebabjees, it is very good that they have opened their franchises with such speed.  But it is also …",3,Neutral
I came here with a friend. I enjoyed the food a lot. He mentioned that he comes here quite often as he quite likes it. The atmosphere was nice. It was a lovely evening spent here.,5,Positive
"Ambience 💯
Food 90/100
Service 💯 …",4,Positive
"Very delicious and tasty food. It is the best alternate to KFC and I would like to say that it is more than KFC.
The chicken lovers are advised to taste it once and they are going to love the taste of KjFC.",5,Positive
Water pump branch beauty full palace Good locking Staff Service 💯 …,4,Positive
"Wraps take too long, but overall good experience.",4,Positive
Good place to enjoy ut meal,5,Positive
Chicken not cook properly,3,Neutral
