text,label
positive vibes only nice,0
Yaar good luck! for :) next project yaar,0
Mashallah shukriya share karne ke liye bro,0
Haye itna overacting kyu karta hai bro,1
Aray great energy! bro bro,0
Yaar bhaiii bohot accha video hai,0
Bhai tuu samjhta keaa hey apne aap ko bhai,1
Aray faltu video banai hai bhai,1
Yaar tuu kitna ghatiya insan hai,1
Yaar zyada smart mat ban :),1
Mashallah koi sense nahi hey video :) mein bhai lol,1
Yaar bakwas vidiyo bro,1
Bhai good information di bro,0
Aray lajawab explanation :),0
EXCELLENT WORK BRO,0
Bhai tumhara sense of humor beeeest!! hai,0
Haye pagal sa :) behaviour dikha raha hai yaar,1
Yaar tumhara sense of humor best hai,0
Haye itna overacting kyu karta hai!!! yaar,1
acha! laga dekh :P kar :P :),0
tumhara content inspire karta haii yaar,0
Mashallah tumhara content inspire :) karta hey,0
Yaar kcuh :) seekh!! le pehle bro,1
YAAR TU PAGAL HEY!! KYA,1
Yaar nais tutorial bhai,0
kamal ka effort hai bhai,0
Aray tumhara reply!! acha laga! yaar,0
Aray koi sense nahin hey vidiyo :) mein yaar nice,1
shukriya share karne!! ke liye bhai,0
Haye entertaining viedo bhai bro,0
Yaar tujhe!!! sharam nhi :) aati!!! :),1
Aray zabardast editing yaar,0
Aray proud of you bro bhai,0
Haye itna overacting :P kyu karta haii yaar,1
MASHALLAH KOI!! SENSE NHI HEY!!! VIDIO!! MEIN BHAI,1
Mashallah positive vibes only,0
Aray very helpful :),0
Bhai kuch bhi bol deta hai!!! tu,1
Mashallah mashallah nice work!!! yaar,0
Yaar tu pagal hey keaa :) nice,1
Bhai ye sab nafrat failata hai bhai,1
Yaar gandya jokes mat maar yaar,1
Yaar ye keaa bakwas! logic hai bro,1
Aray jhoot bolta haii tu,1
ye :P sab jhoot hai,1
Mashallah ajeeb bekaar banda hai bhai,1
Mashallah faltu harkatein band kar! bro,1
Aray lajawab explanation bro,0
Haye bohat mehnat ki hai yaar,0
Haye tera accent ajeeb haii :),1
Yaar nice presentation!! bhai,0
Haye jhoot bolta hy tum :),1
Mashallah boht acha :) kontent hai yaar,0
Haye boht accha content hai bro,0
Haye excellent!!! wooork bro bhai,0
Haye well!!! explained bhai,0
Mashallah jhoot bolta :) haii tu yaar,1
Mashallah zyada smart mat ban bro nice,1
Haye tu! sirf ivews ke liye!!! kar raha :P hai yaar bro,1
Mashallah samajh nahi! aaaaata kya!!! kar raha hai :),1
Yaar nice tutorial haha,0
Bhai itna overacting kyu karta haii!! bro,1
Mashallah gr8 job bro,0
Haye opsitive vibes only yaar ok,0
faltu time waste bro,1
Bhai bilkul useless vidio :),1
Bhai tumhara content unique hai :) yaar,0
Mashallah faltu kontent upload karte rehta hai,1
Yaar yaar tuu boht funny hey yaar,0
Bhai nalayak banda bhai,1
Mashallah excellent work bro :) bro lol,0
HAYE POSITIVE VIBES ONLY :),0
bohat mehnat ki :) hai!!! bhai,0
Mashallah dimagh ka pressure badha :) diya video ne :),1
Bhai bakwas video bro,1
Aray pagal sa!!! behaviour dikha raha hy bro,1
Yaar naiis try bhai,0
Aray badtameez aadmi yaar,1
Haye ajeeb bekaar banda haii bro,1
Mashallah shurkiya share kanre ke liye bro,0
Mashallah nice! presentation bro,0
Mashallah veri clean editing yaar,0
Aray boht useful tips di bro,0
Mashallah maza aagaya dekh!!! kar bro,0
positive vibes only yaar,0
Bhai nice mesasge :) diya,0
best :) one on this topic bro,0
Haye tuu kitna ghatiya insan hai :) lol,1
pagal :) insaan :),1
Yaar helpful :P for beginners,0
Mashallah dimagh ka pressure badha! diya vidiyo ne :),1
Mashallah bro bahot achaa vidio hai yaar,0
Bhai jhoot bolta hai tu,1
Yaar mujhe ye video pasand aaya yaar,0
BHAI POSITIVE VIBES :) ONLY,0
Haye kamal ka effort hai bhai,0
Mashallah keep it up!! bhai haha,0
Aray tumhara reply acha lgaa yaar,0
Yaar awesome! creativity!! yaar,0
HAYE BAKWAS VIDIYO BHAI,1
Yaar tumhara!!! reply acha laga bhai,0
Haye tuu kitna ghatiya insan hai yaar,1
YAAR GANDAY! JOKES MAAT MAAR BRO lol,1
keep posting bhai,0
Bhai tuu kitna ghatiya insan haii,1
Aray tina :P overacting kyu karta hey :),1
Yaar koi sense!! nai hy vidiyo mein,1
tumeh jaise logon ki wajah se internet kharab hy bhai,1
Aray ye sab faltu :) kontent hai,1
Mashallah jhoot bolta hai tu :),1
Bhai ye sab jhoot hai,1
Haye simple aur samajhne layak vidiyo yaar,0
Mashallah kamal ka!! effort hai,0
faltu! harkatein band kar yaar,1
Bhai bohat mehnat ki hai :),0
Yaar maza aagaya dekh kar :) bro,0
Mashallah naiis message diya :P :),0
Aray ghatiya quality :) bhai,1
Bhai tum toh pure time waste hai bro,1
Haye tu kitna ghatiya isnan hey bro,1
Yaar accha laga dekh kar bro ok,0
Bhai itna irritating! content :) lol,1
Haye kuch bhi bol deta hai tu,1
BHAI MUJHE YE VIDIO PASAND AAYA YAAR,0
Bhai kamal ka effort hy bhai,0
Bhai zabardast editing bro,0
Haye naiis :) explanation yaar bro lol,0
Aray kamal ka effort hai bhai,0
YAAR KOI SENSE NAHI HY VIDEO MEIN :),1
Bhai dimagh ka dahi kar :) diya yaar,1
Aray gr8! energy bro bhai,0
Yaar tuu toh pure time waste hai :) bro,1
Mashallah tumh jaise log hamesha problem banate :P hain bro,1
Aray faltu harkatein band kar,1
Yaar tu kitna ghatiya!! insan hey bhai haha,1
Bhai jhoot bolta hy tuu bro,1
Aray nalayak banda yaar,1
Aray bhai bohot acha vidio hai :),0
Bhai awesome creativity bro,0
kamal ka effort hai yaar,0
Aray koi sense nai haii video mein :),1
ARAY YE KEAA BAKWAS LOGIC HAI,1
YAAR TUM PAGAL HAII KIA :),1
Yaar yaar tum talented ho bhai,0
cool video bro,0
YAAR KEAA FALTU INSAN!! HAI BRO,1
Bhai bohat informative video :P hai yaar,0
Mashallah acha laga dekh kar bro,0
good information :) di yaar,0
faltu time waste bro,1
Aray well done yaar,0
YAAR LAJAWAB EXPLANATION BHAI,0
Haye pagal insaan yaar,1
Bhai samajh nahi aata kya kar raha hey,1
Aray itna overacting kyu karta hai :),1
BHAI TUMHARA SENSE OF :) HUMOR BEST HEY YAAR,0
Mashallah tu samjhta kya haii apne aap :) ko!!,1
Yaar excellent work bro bhai,0
PAGAL SA BEHAVIOUR DIKHA RAHA HAI YAAR,1
Aray tu toh pure time waste hai :),1
Haye faltu harkatein band :P kar yaar haha,1
Mashallah perfect explanation bhai,0
Aray tu samjhta kya :) hy apnee aap ko yaar,1
Yaar kamal ka effort haii bro,0
Yaar tumhara attitude pasand :) nhi aaya yaar,1
Yaar gud initiative bro,0
Mashallah maza aagaya!! dekh kar yaar,0
dimagh ka pressure badha diya vidiyo ne bro,1
Yaar nais try bro,0
well explained bro,0
Mashallah keep it :) up bhai,0
Aray mujhe ye video pasand aaya :),0
Yaar bilkul useless video bhai,1
Yaar tere jaise log :P sab bigad dete hain yaar,1
MASHALLAH MUJHE YE VIDEO PASAND AAYA BHAI,0
Yaar good information di,0
YAAR TUMHARA!! CONTENT UNIQUE HAI YAAR,0
Yaar tu toh drama queen nikla yaar,1
Mashallah veri helpful bro,0
Bhai perfect :P explanation,0
Haye keep it up bhai,0
Haye veri helpful bhai,0
Bhai pagal :) sa behaviour dikha raha hy yaar,1
Yaar bohat informative video hai bhai,0
Yaar dimagh ka!! dahi kar diya bhai nice,1
tu kitna ghatiya insan hai yaar,1
Haye helpful for beginners!! yaar,0
Haye well explained yaar,0
Haye tu! kitna ghatiya insan hai,1
Haye veri helpful :P :),0
Aray bakwaas baatein mat kar,1
Mashallah nice explanation yaar!!! bhai,0
Yaar tumhara content inspire karta hai :) bhai,0
koi sense nahi hai vidio mein haha,1
Bhai tumhara :) attitude pasand nahi aaya bro,1
Yaar tu pagal!! hy kya bhai,1
Aray ajeeeb bekaar banda hey bro,1
Mashallah mujhe!!! ye video pasand aaya bhai,0
Bhai jhoot bolta hey tu!! bro,1
Haye good initiative :) nice,0
Haye clear aur easy steps bhai,0
Mashallah ghatiya!! quality yaar bro,1
Aray keep posting!!!,0
Bhai tu toh pure time waste hai yaar,1
great energy!!! bro bro nice,0
Aray bakwas editing :) :),1
Bhai very clean editing bro,0
Bhai sahi kaha tumne :),0
Mashallah tumhara sense of :) humor best hy :),0
Yaar boht useful! tips di!!! bhai,0
ARAY TERE JAISE LOG :P SAB BIGAD DETE HAIN!! BHAI haha,1
Haye ajeeb bekaar banda hai yaar,1
Bhai tera :) accent ajeeb :) hai :P bhai,1
Aray teer comments irritate! karte hain :),1
Aray bakwaas baatein mat kar bhai,1
zyada :) smart mat ban bhai,1
Bhai well explained bro nice,0
Yaar bohat informative video!! hai,0
Bhai bohat mehnat ki hey :),0
Haye good information di bhai,0
ghatiya quality :),1
wow :) kya baat haii bhai,0
Aray dimagh kharab kar dia bro,1
Mashallah wow kyaa baat hy :) bro,0
Bhai ganday jokes! mat maar :P,1
Mashallah tumeh jaise logon ki wajah se internet kharab hey :P bhai lol,1
ARAY BAKWAS VIDEO! :),1
tree comments irritate karte hain :) yaar,1
Yaar entertaining vidiyo :),0
Mashallah superb yaar :),0
Mashallah ye sab faltu kontent!! hy yaar lol,1
Bhai very clean editing bro,0
tumhara sense of humor best hai :),0
Mashallah tuu! pagal hey kyaa :),1
Yaar boht accha kontent :) hey :),0
best one on this topic!! bro,0
HAYE INFORMATIVE CONTENT BRO,0
mujheee ye video pasand aaya bro,0
Haye tu toh drama! queen nikla bhai,1
Mashallah keep it up,0
Aray bohat mehnat ki hai bhai,0
Bhai tumhraa kontent unique hy yaar,0
samajh nahi aata :) keaa kar :) raha! hai,1
faltu kontent!!! upload karte rehta hey :),1
nice explanation yaar bro,0
Yaar cool video yaar,0
DIL KHUSH KAR DIYA YAAR,0
MASHALLAH TUMHARA SENSE OF HUMOR BEST HY YAAR,0
Haye cool vidio yaar,0
kuch bhi :P bol deta hai tu :),1
Aray clear aur easy steps bhai,0
Yaar tere :) comemnts irritate karte hain yaar bro,1
tuu pagal haii kyaa :),1
Mashallah tera accent ajeeb haii bro,1
Mashallah ye sab! jhoot hy bhai,1
Mashallah tum kitnaa ghatiya insan hai,1
Haye nice try :),0
Haye tera accetn ajeeb!! hey yaar,1
Yaar keep it up,0
Aray kuch bhi bol deta hai tu yaar,1
tumhara content inspire karta hai bro haha,0
MASHALLAH SUPERB YARA BRO,0
Haye faltu time waste yaar,1
YAAR GRETA ENERGY BRO BHAI,0
Yaar good initiative bro,0
Bhai awesome creativity bro,0
falut content!! upload karte rehta haii :) ok,1
proud of you bro yaar nice,0
superb!!! yaar bro,0
Haye good infomration di yaar,0
Bhai kuch bhi bol deta hai tum :) ok,1
Haye tumh jaise! log hamesha problem banate hain bhai,1
BHAI APPRECIATE YOUR EFFORT YAAR bro,0
Aray tu toh drama queen nikla yaar,1
tumhara attitude! pasand nahin aaya bro,1
Mashallah itna overacting!! kyu karta haii bhai,1
Bhai koi sense nahi hai vidiyo mein,1
faltu video banai haii yaar,1
Aray tu samjhta kya hai apne aap ko bro,1
Aray bakwas editing :),1
Haye bakwas editing bro,1
tumhara! sense of humor best hai bro,0
Aray bohat mehnat ki hai bro haha,0
Mashallah ye sab nafrat failata hai,1
good information di :) :),0
Mashallah gud initiative bhai,0
Yaar bakwaas baatein mat kar yaar,1
Bhai bakwas editing yaar ok,1
cool!!! video :),0
Bhai tera content bakwas hey bhai ok,1
tera content bakwas :) hai haha,1
Mashallah tu toh!!! drama queen nikla,1
Bhai bohat mehnat ki hai yaar,0
Aray tumhara sense of humor best hai yaar,0
Mashallah shukriya share :P karne ke liye bhai,0
Haye aise kaam se kuch nai!! hota bhai,1
Aray tera content bakwas haii :),1
Aray tumhara content inspire karta haii :),0
keep it up! bro,0
MASHALLAH NICE EXPLANATION! YAAR,0
yaar tu bohot funny hy :),0
Haye gr8 job bro :P :),0
Aray bakwaas :) baatein mat kar :) yaar,1
Bhai cool video bhai,0
Yaar tumh jaiise log hamesha problem banate hain bhai,1
Mashallah gussa aa :) gaya!! video dekh kar bro,1
Yaar ye sab jhoot hai ok,1
Aray respect for your hard work :) yaar ok,0
Mashallah gussa aa gaya video dehk kar bhai,1
Aray dil khush kar diya bro,0
Aray achaah laga :P dekh kar bhai,0
Mashallah sahi kaha tumne :) haha,0
Haye tum pagal hy :) kya!!! :),1
pagal sa behaviour dikha raha hai :),1
Haye ye sab jhoot!! hai,1
Bhai bhai bohot accha video hai bro,0
tuu!! toh pure time waste hai :),1
Yaar very helpful yaar,0
Mashallah nais presentation bhai,0
Bhai zabardast editing bhai,0
Aray awesome creativity yaar,0
koi sense nahi hai video mein bro,1
Bhai ye sab!!! nafrat failata hai yaar,1
Mashallah ganday jokes mat maar! yaar,1
Aray maza aagaya dekh kar yaar,0
Yaar tumhara content inspire karta hy :),0
Mashallah tera accent!! ajeeb hey bhai,1
Aray tumhara content inspire karta haii yaar nice,0
bhai tu kuch nahi jaanta :),1
Yaar yaar tu bohot funny hai :),0
Mashallah tumhara sense of humoor! best hai :),0
Mashallah faltu content upload :) karte rehta haii bhai,1
Haye simple aur samajhne layak video bro,0
Bhai bohat mehnat! ki hai bhai ok,0
Yaar clear aur easy steps,0
MASHALLAH DIMAGH KA DAHI KAR DIYA,1
Bhai bakwas editing,1
TU KITNA GHATIYA INSAN HAI BHAI,1
Haye faltu harkatein band kar bro,1
BHAI TUMH JAISE LOGON KI WAJAH SE INTERNET KHARAB HAI BRO,1
Haye awaaz irritate karti haii yaar,1
Aray ye! kyaa bakwas logic hai bro,1
bakwas!!! editing :),1
Aray ajeeb!! bekaar banda haii yaar,1
Haye kamal ka effort hai,0
Yaar kamal ka effort hai,0
Bhai superb!!! yaar,0
Mashallah tum!!! toh pure time waste hey bro haha,1
bro tuu kuch nahi jaanta :),1
Bhai ganday jokes! mat maar bro,1
Aray sahi akha tumne bhai,0
Bhai tu samjhta keaa! hai apne aap!! ko :),1
BHAI YE KYA BAKWAS LOGIC HAI YAAR,1
Bhai tumhara kontent inspire karta haii yaar,0
Mashallah tera accent ajeeb hey bhai,1
Yaar koi sense nahin haii video mein bhai,1
Aray dil khush :P kar diya :),0
Haye awesome creativity bro,0
ARAY AFLTU! CONTENT UPLOAD KARTE REHTA HAI BRO,1
HAYE SHUKRIYA SHARE KARNE KE LIYE BRO,0
Aray nais explanation yaar bhai,0
Bhai bakwaas :P baatein mat kar bhai,1
Yaar great energy bro yaar bro,0
Mashallah tumhara :) reply acha laga ok,0
Yaar dil khush kar diya :),0
Haye tujhe sharam nahin aati :),1
Aray faltu harkatein band kar yaar,1
GANDAY JOKES MAT MAAR,1
cool :) vidio bro,0
appreciate your :P effort,0
Bhai simple!!! aur samajhne layak! video haha,0
Mashallah ye sab!!! nafrat failata :) hai yaar,1
Aray well explained yaar,0
Aray acha laga dekh kar bro,0
Bhai maza aagaya dekh kar :),0
Aray samajh nahi aata!!! kya kar raha hai bro,1
Bhai mujhe ye vidio pasand aaya bhai nice,0
zabardast editing :),0
Bhai bohat informative vidio! haii bro,0
kuch seekh le pehle bhai,1
Bhai zyada smart mat ban bhai,1
Yaar yaar tum!!! talented ho,0
Yaar well explained bro,0
Yaar well done :),0
Yaar clear aur easy setps yaar,0
Haye bohat informative vidiyo hai :) bhai,0
Haye tujhe sharam :P nahi aati bhai,1
Bhai tu sirf views ke liye kar! raha hai bro,1
Bhai very clean eediting,0
BHAI BAKWAS VIDIO,1
faltu vidiyo!! banaaai haii,1
Aray pagal sa behaviour dikha raha hai,1
Aray shukriya share karne ke liye bhai,0
Mashallah zyada smart mat ban bhai,1
Mashallah very clean editing bro lol,0
ARAY YAAR TUM TALENTED HO :) bro,0
tuu pagal hai keaa,1
Bhai helpful for beginners :),0
Haye zabardast editing,0
Aray tu sirf views ke liye kar raha hy :),1
ARAY HELPFUL FOR BEGINNERS!! BHAI,0
Yaar tu sirf :) views ke liye kar raha haii,1
ye sab jhoot hai :),1
HAYE FALTU!!! HARKATEIN BAND!!! KAR! BRO,1
Mashallah gussa aa gaya video dekh kar :) bhai,1
Yaar tumhara content inspire karta hai bro,0
kuch :P seekh le pehle yaar,1
Mashallah bakwaas baatein mat kar :) bro,1
Haye ye kya :P bakwas logic hai,1
Bhai bakwas video,1
Bhai nais tutorial bhai,0
Mashallah faltu vidiyo banai hai bhai,1
Aray aise kaam se kuch nahin hota :),1
Aray ye kya bakwas logic hai,1
Yaar positive vibes only :),0
Aray jhoot bolta! hey!! tu :),1
Bhai good luck for next project bro,0
Aray bakwaas baatein mat kar bhai,1
Bhai lajawab explanation :),0
Bhai bohat informative ivdeo hy! yaar,0
Mashallah entertaining video bhai,0
Haye clear aur easy steps bhai,0
Mashallah perfect explanation :),0
Mashallah bakwaas baatein mat! kar :) bro,1
Aray bohat informative video haii :),0
Mashallah nice explanation yaar bhai,0
Yaar coool video,0
Yaar boht achaah!! content hey :) bhai,0
Aray ye sab nafrat failata hai bhai,1
Aray tjuhe sharam nai aati bro,1
Bhai boht useful itps! di bro ok,0
Bhai tumeh :) jaise log hamesha problem banate hain bro,1
MASHALLAH YE SAB JHOOT HEY :),1
BHAI ENTERTAINING VIDIO BRO,0
Bhai ye sab nafrat failata hai bhai,1
Bhai gussa aa gaya video dekh kar :) :),1
Bhai yaar tuu bohut :) funny hai bhai haha,0
Bhai kuch bhi :) bol deta hai tu yaar,1
Aray tumhara reply acha lgaa yaar,0
Mashallah simple aur samajhne layak video bro,0
Mashallah wow kya baat hai bhai,0
respect for your! hard work bhai,0
itan irritating content yaar,1
Aray bilkul :) useless vidio :),1
Aray faltu time waste yaar,1
MASHALLAH TERA ACCENT AJEEB HY,1
Bhai entertaining vidio :),0
Haye naiis try bro,0
HAYE YAAR TU!! BOHOT FUNNY HAI :),0
Yaar tumhara sense of humor best hai bhai,0
Yaar boht :P useful tips di!!!,0
Bhai tumhara content! inspire karta hai yaar,0
Aray tere comments irritate karte hain bhai,1
very helpful,0
Haye tere comments!! irritate!!! karte ahin :),1
YAAR SHUKRIYA SHARE!!! KARNE KE LIYE YAAR,0
mujhe ye vidio pasand aaya :),0
Aray bro bohot achaa video hey yaar,0
Haye bakwas vidiyo!!!,1
Aray utmhara reply achaa laga bro,0
Mashallah ye sab faltu content haii bro,1
Haye pagal sa behaviour dikha raha hy bhai,1
well :) done :),0
Haye keep it up :),0
Bhai ye :P saab!! nafrat failata :) haii :),1
Aray dimagh ka pressure badha diay video ne :) bhai,1
Haye best one on this topic yaar,0
Mashallah shukriya share karne ke liye bhai,0
Aray dil khush kar diya yaar,0
HAYE NICE MESSAGE DIYA,0
Yaar tujhe sharam :) nahi aati bhai,1
veri clean editing bhai,0
Yaar entertaining vidio yaar,0
ARAY CLEAR AUR!!! EASY STEPS!!! :),0
tera accent ajeeb hai bhai,1
Haye nice presentation bhai,0
Bhai yaar tu bohot :P funny haii bhai,0
Aray gussa! aa gaya vidio dekh kar yaar,1
Aray tumh jaise logon ki wajah se internet kharab hey yaar,1
Haye kuch bhi bol deta hy tu yaar,1
Aray nice tutorial bro,0
Aray mujhe ye :P vidiyo pasand aaya yaar,0
Aray bohta informative video hai yaar,0
Aray itna irritating :) kontent,1
ARAY WELL DONE,0
Bhai keep posting bhai,0
boht useful tips di :),0
GUD INFORMATION DI,0
Haye respect for your hard work bro,0
Mashallah bro tu kuch nahin jaanta :),1
Yaar maza aagaya :) dekh kar!!! yaar,0
Haye ye sab jhoot haii bhai,1
Bhai wow kya baat haii :),0
Bhai tumhara content inspire karta hai yaar,0
MASHALLAH TUM KITNA GHATIYA INSAN HAII BRO,1
HAYE TERA ACCENT AJEEB HAI BHAI,1
YAAR ZYADA :) SMART MAT BAN BRO,1
YAAR PROUD OF YOU :P BRO BRO,0
awesome creativity :),0
Aray tu toh drama queen nikla yaar,1
aise kaam se kuch nahi hota bro,1
Yaar helpful for!!! beginners bro,0
Yaar gussa aa! gaya vidiyo dekh kar yaar,1
Aray tuu ktina ghatiya inasn hai :P :),1
MASHALLAH TUMHARA STYLE ALAG HAI,0
Mashallah mujhe ye :) video pasand aaya :),0
Aray informative :P content bro haha,0
tere comments :) irritate karte hain bhai,1
Mashallah boht acha content hy,0
Mashallah tera kontent :) bakwas hai :) bro,1
Haye simple aur samajhne!!! layak video,0
ARAY SUPERB YAAR :) ok,0
Aray nice try bhai,0
Yaar wow kya baat haii :),0
Haye ganday jokes mat maaaaar :),1
Haye zabardast editing,0
Aray bakwas video yaar lol,1
Bhai ganday jokes!! mat maar bhai,1
Yaar nice message diya bro,0
Mashallah wow kyaa baat hy bhai,0
bohat informative video :P hai yaar nice,0
Mashallah shukriya share karne ke liye :P yaar,0
BHAI PAGAL! SA BHEAVIOUR DIKHA RAHA HAI,1
great job bro yaar,0
Mashallah sahi!!! kaha tumne,0
Haye faltu :) time waste yaar,1
Mashallah boht! useful tips di :),0
boht useful tips di bro haha,0
anlayak banda bhai,1
Haye wow kya baat hy!!! :),0
Yaar maza aagaya dekh kar :),0
bakwaas :P baatein mat kar :),1
Haye good initiative bro,0
wow kya baat haii nice,0
Bhai ghatiya quality bhai,1
helpful for beginners! yaar,0
Mashallah keaa faltu!! insan hai bro,1
MASHALLAH NAIS WORK BRO,0
Haye simple!! aur samajhne layak vidiyo,0
Aray great job :P bro :),0
Haye tumhara reply acha laga bro,0
Aray nice!!! presentation :) bhai,0
boht uesful tips di yaar,0
Yaar cool video yaar,0
Aray tumeh :P jaise log hamesha problem banate hain bhai,1
MASHALLAH ZYADA SMART MAT BAN,1
Aray faltu harkatein band :) kar bro,1
kamal ka effort haii :),0
Aray well explained bhai,0
ye sab nafrat failata hai!,1
Aray ajeeb bekaar banda hai bro,1
Mashallah tujhe!! sharam nahi aati!!,1
Mashallah excellent work bro :),0
kuch bhi bol deta haii tuu bro haha,1
Haye tere comments irritate! karte hain,1
ye sab jhoot haii,1
Haye well explained haha,0
Haye gr8 energy bro :) bhai,0
Yaar bilkul useless! vidiyo yaar,1
ajeeb bekaar banda hy bro,1
Aray gr8 job bro :),0
Bhai dil khush kar diya bhai,0
Aray keep it up,0
Yaar dil khush kar diya,0
Bhai simple aur!! samajhne!!! layak video bhai,0
Aray cool :) video,0
Yaar keep posting,0
Mashallah excellent work bro bro,0
Aray mujhe ye :) videeo pasand aaya :),0
Yaar kuch seekh le! pehle,1
Bhai kamal ka effort hai yaar,0
Haye excellent work bro bro,0
Mashallah well explained,0
nais explanation yaar :),0
nice presentation :),0
HAYE GHATIYA QUALITY BRO,1
Aray ajeeb bekaar badna hai yaar,1
Mashallah tu samjhta kya hai apne aap ko yaar,1
good initiative bhai,0
YAAR POSITIVE VIBES ONLY,0
lajawab explanation :),0
Aray dimagh ka pressure badha diya vidiyo ne bro,1
Bhai tumhara style alag hey,0
lajawab explanation bhai haha,0
Bhai tu samjhta kya hai apne aap ko bhai,1
Bhai tumhara kontent inspire karta hai bro,0
BHAI TUM JAISE LOGON KI WAJAH SE INTERNET KHARAB HAI YAAR,1
Bhai bakwaas baatein mat kar yaar,1
Aray dimagh :) kharab kar dia bhai bro,1
Aray mashallah nice work :),0
Haye very helpful,0
Aray tu kitna ghatiya insan haii bhai,1
Haye naiis message diya bro,0
naiis tutorial :),0
Aray lajawab explanation :),0
Mashallah great!! energy! bro :P,0
Aray tumeh!!! jaise log hamesha problem banate hain,1
Aray ye keaa bakwas logic hey yaar,1
Mashallah bhai tuu :) kuch nhi ajanta nice,1
Aray proud of you bro bhai,0
Aray keep posting bro,0
Aray clear aur easy! steps! bro,0
awaaz irritate karti hy bro,1
Mashallah kamal ka effort hey yaar lol,0
Aray gussa aa gaya vidiyo dekh kar yaar,1
Haye tere jaise log sab bigad dete hain :),1
Mashallah bohat mehnat ki hai bhai,0
Mashallah dimagh kharab kar dia,1
MASHALLAH SIMPLE! AUR SAMAJHNE LAYAK VIDEO BHAI lol,0
Aray faltu content upload karte rehta haii :),1
Yaar ghatiya quality,1
tu sirf views ke liye :P kar raha!!! hai :),1
Mashallah lajawab :P explanation bro,0
Bhai faltu!! video banai haii bro,1
Haye gussa aa gaya vidiyo :P dekh kar :) haha,1
MASHALLAH APPRECIATE YOUR EFFORT :),0
HAYE MUJHE YE VIDEO PASAND AAAY BHAI,0
Mashallah very! clean editing :),0
Haye badtameez aadmi,1
awesome!! creativity bro,0
HAYE KUCH BHI BOL DETA HAI TU BHAI lol,1
MASHALLAH ZYADA SMART MAT BAN YAAR,1
Aray tu samjhta keaa hy apne aap ko yaar,1
ARAY WOW KEAA BAAT HAII BHAI,0
BHAI TUMHARA ATTITUDE PASAND NAHI!!! AAYA BHAI nice,1
Bhai pagal sa behaviour dikha raaaha :P hai bro,1
Aray tere! jaise log sab :) bigad dete hain bhai,1
Yaar tumhara sense of humor best hai!!! bhai,0
dil khush kar diya yaar,0
Mashallah very clean :) editing!!,0
Mashallah ye!!! sab jhoot hai bhai,1
Bhai itna overacting kyu karta hai yaar,1
Bhai keep it up bhai,0
Bhai well done :),0
Bhai awaaz irritate karti haii yaar,1
Mashallah tere comments irrittae karte hain! yaar,1
tumhara reply achaa laga bhai,0
tere jaise log sab bigad dete hain bhai,1
Haye tumhara content unique hai bro,0
bakwas!!! editing yaar,1
Haye mujhe ye vidio!! pasand aaya yaar,0
Bhai good luck for next project bro,0
Haye good initiative :) bhai,0
respect for your hard work bro,0
Aray respect for your! hard!! work :),0
Yaar koi sense nahi hey video mein bro,1
informative content bro,0
Bhai lajawab explanation yaar,0
Bhai kuch bhi bol deta hy tu yaar ok,1
Aray samajh nahi aata kya! kar raha hy,1
Mashallah tumhara content unique hai :) ok,0
Aray tera accent ajeeb hey,1
Yaar tumhara sense of humor best hai,0
Haye excellent work bro bro,0
Aray good luck for next project bro,0
dimagh kharab kar dia yaar bro,1
Mashallah nice try bro,0
positive vibes!! only,0
Aray ye sab :) nafrat failata hai yaar,1
BHAI TUMHARA CONTENT UNIQUE HY! :),0
Mashallah appreciate yooour effort bhai bro,0
Mashallah ye kya bakwas logic hai :) bro,1
ye sab faltu content hy :),1
Yaar kuch!! seekh le pehle yaar,1
Bhai dimagh ka pressure badha diya video ne bro,1
BHAI DIMAGH KHARAB KAR DIA BHAI,1
Aray respect for your hard :) work :),0
Yaar awaaz irritate :P karti hai bhai,1
Haye gud information di yaar,0
Bhai faltu content upload karte rehta hy :),1
Yaar bro tu kuch :) nahi jaanta :),1
yaar tu bohot funny hy bro,0
Haye bakwas editing bhai,1
Haye ye sab jhoot hai yaar,1
Mashallah ekep :) posting bhai,0
Yaar very helpful bhai,0
tum jaise log hamesha!!! problem banate!! hain bro,1
Bhai tumhara!! attitude pasand!!! nahi aaya bro,1
Mashallah bakwas!!! video,1
Mashallah informative content bro,0
tere comments irritate karte hain lol,1
ARAY CLEAR AUR EASY STEPS BHAI,0
Aray itna irritating content :),1
BHAI AWESOME CREATIVITY,0
Yaar jhoot bolta hy!! tuu bhai,1
tumhara kontent :) unique hai,0
Aray tum jaise log hamesha problem banate hain bro,1
Mashallah naiis explanation yaar bhai,0
Mashallah zabardast editing :),0
Mashallah dil khush kar diya :),0
Mashallah kya faltu inasn hy :),1
Yaar pagal :) sa behaviour dikha raha hai yaar,1
Yaar wow keaa baat hey bro,0
Mashallah tu toh drama :P queen nikla bhai,1
Yaar kuch seekh le pehle yaar lol,1
Mashallah koi sense nahi hai video mein!! yaar,1
Bhai tere jaise log sab bigad dete hain :) haha,1
Mashallah ye kya bakwas logic haii yaar,1
Aray proud of you bro bro,0
Haye faltu content upload karte rehta hai :),1
Mashallah tuu kitna!! ghatiya insan hai :),1
Haye lajawab explanation :),0
Bhai simple aur samajhne layak :) video bro,0
tuu sirf views ke :) liye kar raha haii :P,1
appreciate your :) effort,0
Mashallah aise kaam se kuch nahi :) hota :) nice,1
Bhai cool video bhai ok,0
Yaar ye sab :) faltu content hai bro,1
mujhe ye video pasand aaya :),0
Aray yaar tumh talented ho bro,0
Aray great!!! job bro :),0
respect for :) your hard work bro,0
Haye nice tutorial bro,0
Mashallah great! eneryg bro yaar haha,0
Aray tum jaise logon ki wajah se internet kharab haii bhai,1
Mashallah bhai bohot! acha video hey yaar,0
Haye bro! tuu ukch :P nahi jaanta haha,1
Yaar kya faltu insan hai,1
keep it up :) :),0
Yaar itna irritating :P content :),1
maza aagaya dekh kar bro,0
Haye good initiiiiative :),0
Aray tumhara style alag! hey bro,0
kuch seekh le pehle!! yaar,1
Haye superb yaar bro,0
bohat mehnat ki hai :),0
Bhai ye sab nafrat failata hai yaar,1
Yaar badtameez aadmi bro,1
Yaar yaar tu bohut funny :) haii :) bro,0
Aray bhai tu kuch nai jaanta,1
Mashallah awesome creativity yaar,0
Aray tum sirf views ke liye kar raha hy bro,1
Haye etra content bakwas hai yaar,1
Aray shukriya share karne ke liye yaar,0
Mashallah keep it up,0
Yaar naiis message diya bhai,0
Aray proud of you bro :P :),0
Aray tere jaise log :) sab bigad!! dete hain,1
appreciate yuor effort bro,0
Bhai faltu time :) waste,1
Haye tumhara content inspire karta hy yaar,0
Yaar well done,0
Aray jhoot bolta haii tuu,1
Aray appreciate your!!! effort bhai,0
Aray bhai bahot acha video hai :),0
Bhai aise kaam se kuch nhi hota :),1
MASHALLAH TUMHARA SENSE OF HUMOR! BEST HAI :) YAAR,0
nice try :),0
lajawab explanation,0
Mashallah simple aur samajhne layak vidiyo bro,0
Haye wow keaa baat!! hey bhai,0
Mashallah ghatiya qualiyt bro,1
Mashallah yaar tu bahot funny :P hy bro,0
Haye tu!! pagal hai :P kia bhai,1
Aray nice tutorial,0
Yaar pagal insaan bro,1
Haye itna overacting!! kyu karta hai yaar,1
Bhai nice explanation yaar bhai,0
Aray ghatiya quality yaar,1
Mashallah nice presentation,0
Mashallah tumhara reply accha laga :),0
Yaar zabardast editing :),0
Yaar tumhara content inspire :) karta hai bhai,0
yar koi akal nhi he tujh me ye kia bakwas kr raha,1
Aray faltu video banai hai bro,1
Bhai samajh :P nhi aata kya kar!! raha hy bro,1
Bhai tuu toh pure time waste hai bro,1
Bhai zabardast editing bro,0
Mashallah tu samjhta kya hey apne aap ko bhai,1
Mashallah well :) explained bhai,0
tuu! samjhta keaa hey! apne aap :) ko yaar,1
Haye awesome creativity bro,0
Bhai zabardast editing,0
Bhai aise kaam se :P kuch!! nhi hota bro,1
Haye zyada smatr mat ban :),1
Aray tumh jaise log hamesha problem banate hain yaar,1
Aray good initiative :),0
veri clean editing bro,0
Haye tum!! jaise logon ki wajah se! internet kharab hai :),1
Bhai bilkul useless video bhai,1
perfect explanation yaar,0
MASHALLAH PAGAL SA!!! BEHAVIOUR DIKHA :) RAHA :P HY BHAI bro,1
Yaar well done yaar,0
Mashallah dimagh ka pressure badha diya video ne :),1
YAAR SUPERB YAAR YAAR,0
BHAI TUM JAISE LOG HAMESHA :) PROBLEM BANATE HAIIIIN! :),1
awaaz irritate karti hai bro,1
bakwaas baatein mat kar bhai nice,1
Bhai helpful for beginners yaar,0
zabardast editing,0
Aray appreciate your :) effort bro,0
Yaar appreciate your effort :) ok,0
Haye yaar tu bohot :) funny hai :),0
clear aur easy steps yaar,0
ARAY BOHAT MEHNAT KI :) HEY BHAI,0
koi sense nai!! hai vidiyo mein :),1
Yaar nice!!! presentation bhai,0
faltu!!! harkatein band kar yaar,1
Mashallah nalayak banda :),1
Haye zyada smart :) mat ban,1
wow keaa :P baat!!! hai :),0
Bhai faltu!!! harkatein band kar :),1
Bhai tumh jaise logon ki wjaah se internet kharab haii,1
Bhai pagal sa behaviour dikha raha hai bro,1
Bhai tujhe sharam nahi aati bro,1
Haye lajawab explanation :),0
Mashallah ghatiya quality yaar,1
Aray dimagh ka pressure!! badha diya vidio ne yaar,1
Mashallah best one on this topic bhai,0
Mashallah tere! comments irritate karte hain :) bro,1
Aray excellent work bro bro haha,0
Yaar great job bro bro,0
BHAI FALTU HARKATEIN BAND KAR :),1
Mashallah gussa aa gaya vidiyo dekh!! kar :),1
tumhara sense of humor! best hai bhai,0
Haye bakwas video!! bhai,1
Yaar ye sab nafrat failata hey yaar,1
Aray bohta informative vidiyo hai bhai,0
Haye aise kaam se kuch nahi hota :),1
Bhai tu!! pagal hey kyaa yaar lol,1
Aray bilkul useless vidio!!!,1
Haye mujhe :) ye video pasand aaya :),0
Aray kamal ka effort hai bro,0
Aray helpful for beginners bro,0
Haye tujhe sharam nai aati,1
Aray great job bro lol,0
Bhai faltu!! time! waste bro,1
Aray tum jaise log hmaesha problem banate hain :),1
YAAR BAKWAS VIDEO,1
Mashallah excellent work bro bhai,0
Haye good information di :),0
Yaar nais messaeg diya yaar,0
Bhai ye sab faltu kontent :) hai :),1
Yaar acha laga dekh kar,0
Aray dimagh ka pressure badha diya vidiyo ne :) :) nice,1
Haye awesome creativity,0
Aray ganday jokes!!! mat! maar :) bro nice,1
Bhai mashallah nice work bhai,0
Aray pagal insaan bro,1
Haye keep! it up bro,0
great job :P bro bhai,0
Bhai dimagh kharab kar dia yaar,1
tuu toh drama queen nikla :) ok,1
Aray tumhara content unique hai,0
YAAR AISE KAAM SE KUCH NAHI HOOOTA YAAR,1
wow kia baat hey bhai,0
Bhai faltu time!! waste bhai haha,1
Yaar tuu :) samjhta kya hai apne aap ko bhai,1
Haye zyada smart mat ban haha,1
ARAY PAGAL INSAAN :),1
tu toh drama queen nikla yaar,1
Aray tera accent ajeeb hai yaar,1
Bhai tere jaise log sab bigad :P dete hain yaar,1
Aray niec tutorial :),0
Aray tera :) accent ajeeb hai :),1
tere jaise log sab biagd! dete hain,1
Bhai flatu harkatein bnad kar :) bro,1
Aray faltu kontent upload karte rehta hey,1
HAYE GREAT JOB BRO haha,0
nalyaak banda :),1
Mashallah tumhara reply acha laga yaar,0
ajeeb bekaar!!! banda hey bhai,1
Aray bohat informative vidiyo hy bro,0
Yaar itna overacting kyu karta hey yaar,1
helpful for beginners bhai,0
Mashallah zabardast editing yaar,0
Mashallah tum sirf views ke!!! liye kar raha hai :),1
TUMHARA CONTENT INSPIRE KARTA :) HEY,0
Bhai faltu harkatein band kar bhai,1
YAAR FLATU HARKATEIN BAND KAR :) lol,1
Aray tum pagal hai kia :) bhai,1
Yaar tere jaise log :P saaab bigad :) dete hain :),1
Aray mujhe :P ye vidio pasand aaya :),0
Mashallah faltu harkatein band kar :),1
tu kitna ghatiya insan :) hai yaar,1
Bhai achaah laga edkh kar bro,0
good! initiative bro,0
Aray cool video bro,0
Yaar tere comments irriatte karte hain :P bhai,1
Haye kuch seekh le pehle yaar,1
BHAI AWESOME :) CREATIVITY,0
Haye ye kya bakwas logic hai :) bro,1
Mashallah good initiative bro,0
Aray ganday jkoes mat maar yaar,1
Haye awaaz!!! irritate karti hai :),1
Aray tumhara! content inspire karta hai,0
Yaar shukriya share karne ke!!! liye yaar,0
Aray tu toh pure time :) waste hai yaar nice,1
HAYE EXCELLENT WORK BRO!! BRO,0
bakwas vidio bro,1
Bhai well done :),0
Aray positive vibes only,0
bhai maza kara diyya yar tu ne aesi video bana kr,0
Aray ajeeb bekaar banda hy bro,1
Yaar yaar tumh talented :) ho bhai,0
tumhara reply acha laga :),0
ARAY TU SIRF VIEWS KE LIYE KAAAAR RAHA :P HEY BHAI bro,1
zyada smart mat ban yaar,1
Yaar respect for your :) hard work,0
MASHALLAH TU TOH PURE TIME :P WASTE HEY BRO,1
Mashallah tumhara relpy achaah :) laga!!! bro,0
Aray great job bro!!,0
Yaar proud of you bro yaar,0
Yaar yaar tu bohot funny hai bhai,0
Yaar boht acha content hai :),0
BHAI EXCELLENT WORK BRO :P YAAR,0
Haye zyada smart mat ban bhai,1
Bhai lajawab explanation bhai,0
great energy bro bro,0
Aray very clean editing :),0
tumhara attitude pasand nahin aaya :P,1
Haye ye sab nafrat failataaa :) hai :),1
Yaar sahi kaha tuuuumne yaar haha,0
Yaar jhoot bolta hai tuu yaar,1
Haye pagal insaan yaar,1
Aray tu toh!! pure time! waste hai bro,1
Bhai pagal sa ebhaviour dikha raha haii bhai,1
shukriya share karne ke liye,0
Yaar ganday!!! jokes mat!! maar,1
Mashallah faltu time waste bro lol,1
MASHALLAH TU SAMJHTA KYA HAI APNE AAP KO BHAI,1
well explained bro,0
Mashallah tumahra style alag hy ok,0
Haye nais try :) :),0
Yaar nais explanation yaar bhai,0
Haye pagal insaan yaar,1
Bhai boht aaaacha content hai yaar,0
Mashallah itna overacting kyu karta hai :),1
Aray boht achaah kontent hai,0
Aray well done :P :),0
great energy bro bhai,0
Aray kuuuch!! bhi bol deta hy tuu yaar,1
GREAT JOB! BRO :),0
YAAR INFORMATIVE CONTENT :) lol,0
Yaar zyada smatr mat ban :),1
Haye kya faltu insan hai :),1
bakwas editing yaar,1
gud information! di yaar,0
Aray faltu time waste yaar,1
Yaar bakwas video bhai,1
Yaar tume :) jaise logon ki wajah se internet kharab hai,1
Bhai jhoot bolta hai tu :),1
Aray tujhe sharam nahi aati yaar,1
Yaar ghatiya! quality,1
nalayak banda :),1
WELL EXPLAINED!!! BRO,0
Yaar ye!! sab jhoot hai bhai,1
HAYE MUJHE YE VIDEO :) PASAND AAYA BHAI,0
Bhai bilkul useless!!! video yaar,1
Haye bhai :) bohut acha video haii :) bro bro,0
Bhai ajeeb bekaar banda hey bhai,1
Bhai appreciate your effort :) bro,0
Yaar tumhara reply achaa laga :),0
Yaar proud of you bro bhai haha,0
Haye tumhara reply accha laga :) lol,0
Bhai tumhara content :) unique hy bhai,0
Yaar bakwas video yaar,1
Bhai tujhe sharam nahin!! aati bhai,1
tera accent ajeeb!! hai yaar,1
Haye kamal ka effort hey yaar,0
Bhai idmagh ka preeessure badha diya video ne,1
Haye pagal sa behaviour dikha raha haii yaar lol,1
tujhe sharam nahi aati yaar,1
Aray keaa :) faltu insan!!! hai yaar nice,1
BHAI TERA CONTENT BAKWAS HY YAAR,1
BHAI TU KITNA GHATIYA INSAN :) HAI,1
Yaar nais tutorial bhai,0
Bhai bhai :P tuu kuch :P nahi! jaanta bhai,1
itna irritating content :),1
Haye tu toh pure time waste hai bhai,1
Bhai woow kya :P baat hai yaar,0
Haye tumhara reply acha laga,0
aise kaam se kuch nahi hota :),1
Aray mashallah naiis :) work bhai,0
Bhai badtameez aadmi bhai,1
ACHAAH LAGA!!! DEKH KAR,0
BHAI MUJHE YE VIDEO PASAND AAYA :),0
Mashallah very helpful :),0
Haye gud initiative bhai ok,0
Aray yaar tume :) talented ho bhai,0
Mashallah tujhe!!! sharam nahi aati!! :),1
Bhai gud informtaion di!!,0
Aray nais try :),0
Mashallah bohat informative video :) hai nice,0
Yaar nice tutorial bro,0
Aray respect for your!! hard work :),0
Haye itna overacting kyu karta!! hai bro,1
Haye tere comments :) irritate karte hain bhai,1
ARAY BAKWAAS BAATEIN MAT KAR :),1
Mashallah awesome creativity bro,0
Mashallah tumhara!! reply acha laga yaar,0
BAKWAS!! EDITING :),1
Yaar excellent :) work bro :),0
Haye bakwas video :),1
BHAI MUJHE YE VIDIYO PASAND!!! AAYA YAAR,0
Mashallah yaar!! tu boht funny hai bro,0
Haye shukriya share karne ke liye!!! bhai,0
Mashallah faltu time waste,1
Yaar gussa aa gaya video dekh kar,1
Bhai tumhara content inspire!! karta :P haii bhai,0
informative content :P yaar,0
Haye dimagh ka pressure badha diya :) video ne haha,1
pagal insaan :),1
Yaar wow kya baat hai bhai,0
Bhai informative content!! bhai,0
Yaar proud of you :P bro yaar,0
Yaar zyada smart!! mat ban bhai,1
Yaar lajawab explanation :) bro,0
veri clean edtiing ok,0
Mashallah kuch seekh le pehleee :) bro,1
Haye bakwaas baatein mat kar yaar bro,1
Aray tu toh :) pure time :) wsate hai,1
Aray zyada smart :) mat ban yaar,1
Yaar tum kitna ghatiya insan hai!!! yaar,1
Haye pagal sa behaviour dikha :P raha hai bro,1
Aray mashallah nice work bro,0
Aray wow kya!! baat haii :) :),0
Yaar bakwas editing bhai,1
Haye positive! vibes only bro haha,0
excellent work bro bro,0
Haye cool! video :P bro,0
Yaar proud of you bro bhai haha,0
very :P helpful,0
Yaar faltu harkatein band kar yaar,1
Bhai tum sirf views ke liye kar raha hey bro,1
Aray koi!! seeense nai hai vidio :) mein,1
Haye laajwab explanation :) ok,0
Aray respect :) for your hard work,0
Haye tera kontent bakwas hey :),1
BHAI KEEP POSTING!! BHAI,0
Aray nalayak banda yaar,1
Mashallah tumhara content unique hy bhai,0
Yaar bakwas :) vidiyo yaar,1
Aray samajh nhi aata kyaa kar!!! raha hai yaar,1
Haye maza aagaya dekh kar yaar,0
Haye shuuukriya!! share karne ke! liye bhai,0
Aray wow kya! baat haii bro,0
Mashallah faltu time :P waste bro ok,1
Yaar tum jaise logon ki wajah se internet kharab hai bro,1
Mashallah great :) job bro bhai,0
Haye entertaining :P vidiyo :) yaar haha,0
Aray tere comments irritate katre hain yaar haha,1
Haye tu samjhta kia haii apne aap ko bhai,1
Mashallah good luck for next project bhai,0
Aray nice tutorial bhai,0
HAYE MAZA AAGAYA DEKH :P KAR BRO,0
BHAI TUMHARA CONTENT UNIQUE HAI :),0
YAAR BAKWAS VIDIYO,1
Haye tumhara style! alag hey bhai,0
Haye aise kaam :) se kuch nahin hota :),1
yaar!! tum!!! talented ho bro,0
Haye clera aur easy steps yaar,0
Yaar best one on this topic bro,0
Bhai tu pagal hai kyaa bhai bro,1
Bhai dimagh ka dahi kar diya bro haha,1
badtameez aadmi bhai,1
tera accent ajeeb hai :P bro,1
Aray kuch! bhi bol deta hey :P tu,1
perfect explanation yaar,0
Aray faltu time waste yaar,1
Aray well done bhai,0
Aray ye sab jhoot haii bro,1
tumhara content :P unique hai bhai bro,0
Mashallah dimagh ka dahi kar diya!! :),1
badtameez aadmi bro,1
Bhai faltu :) harkatein band kar!!! yaar,1
ARAY MASHALLAH NICE WORK BHAI,0
Bhai ye sab nafrat failata :P haii bhai,1
Aray gussa aa gaya :) vidio!!! dekh kar :),1
Haye keep postign bhai,0
Haye bakwaas baatein mat kar bhai,1
YAAR MASHALLAH!! NICE WORK YAAR,0
Haye ye!!! sab nafrat failata hey bro,1
Mashallah bohat mehnat ki hai bhai,0
Yaar dimagh ka dahi kar diya :),1
Aray tera :) accent ajeeb hai,1
Yaar appreciate your effort bro,0
Yaar yaar tu bohot funny hai! yaar haha,0
Aray best one on :) this :) topic yaar,0
Bhai superb! yaar bhai,0
Bhai excellent work bro :) bro,0
Bhai faltu video banai hai :),1
Aray cool video :) :),0
Aray bilkul useless video :),1
Bhai aaacha laga dekh kar,0
Haye tum jaise logon ki wajah se internet kharab :) hey,1
Mashallah awaaz irritate karti hy :) haha,1
NAIS EXPLANATION YAAR :),0
Mashallah tuu pagal hai kyaa bro,1
Yaar faltu video banai hai :),1
nice try bhai,0
Aray samajh nahi aata keaa kar raha haii yaar,1
Aray bakwas editing :),1
Haye bakwas editing :),1
Mashallah shukriya share karne ke ilye :),0
Mashallah faltu time waste,1
MASHALLAH CLEAR AUR :) EASY STEPS YAAR,0
tu toh pure time waste hai bhai,1
tu kitna ghatiya insan haii bhai,1
Yaar tumhara reply acha laga yaar,0
bhai bohot acha vidiyo hey yaar,0
ARAY APPRECIATE YOUR EFFORT,0
Mashallah great joooob :P bro haha,0
Aray pagal insaan :),1
Yaar kya faltu insan :) hai yaar ok,1
Mashallah tumhara!!! content inspire karta hey :),0
Yaar respect for :) your hard work bro,0
bohat informative vidiyo hy yaar haha,0
Bhai aise kaam se kuch nahi hota,1
Haye faltu!!! content upload karte rehta haii,1
Aray zyada!!! smart mat ban!,1
kuch bhi bol deta hai tum bro,1
keep posting bro,0
Haye dimagh ka pressure badha diya vidiyo ne :),1
kuch bhi bol deta hai! tuu :),1
jhoot bolta hai tu yaar,1
Aray well done bro lol,0
Bhai bhai bohot achaa video hy!!! :),0
Mashallah abkwas editing bro,1
proud of you bro,0
Bhai helpful for beginners :),0
Aray positive!!! vibes only :) bhai,0
Haye appreciate your! effort lol,0
Mashallah tum kitna!!! ghatiya insan :) hey,1
badtameez aadmi yaar,1
Yaar badtameeeeez aadmi! :),1
Haye keep :) it up yaar,0
Mashallah nais tuotrial bhai nice,0
Aray tumhara sense of humor best haii,0
Mashallah zaabrdast editing yaar,0
Aray tum toh drama :) queen nikla :) yaar,1
flatu video banai hai bro,1
good initiative bro,0
Yaar samajh nai aata kyaa! kar raha haii :) lol,1
Bhai faltu harkatein band kar bro,1
Yaar tumhara attitude pasand nahi aaya :),1
tum jaise logon ki wajah se internet kharab hai,1
Aray boht acha content haii bhai,0
ARAY PAGAL SA BEHAVIOUR DIKHA RAHA HY YAAR,1
Haye lajawab explanation :),0
Aray yaar tuu bahot funny!! hai! bro,0
Mashallah boht useful tiiips di,0
Aray kyaa faltu insan hai bhai,1
Haye excellent work bro,0
mashallah nice work bro,0
Bhai best one on!!! this topic :),0
ARAY INFORMATIVE KONTENT :) haha,0
Haye maza aagaya dekh kar :),0
Haye tum jaise log!!! hamesha problem banate hain bhai,1
tera!!! content! bakwas hey bro,1
Haye tere comments irritate karte hain bro,1
Bhai ghatiya quality,1
Aray nice message diya :),0
Aray keep posting yaar,0
Aray best one :P on this topic bhai,0
tumhara :) content unique hai yaar,0
Bhai very helpful :) :) bro,0
Bhai ye sab :) anfrat failata hai :) yaar,1
Mashallah faltu time waste yaar,1
Yaar faltu video banai hai :) bhai,1
Mashallah perfect explanation bhai,0
Mashallah yaar tu bohut funny hy bro,0
Yaar good initiaative :) bro,0
Haye itna irritating!! content bro,1
Aray samajh nahi aata kya kar raha hai :) haha,1
Yaar bakwas!!! editing yaar,1
Aray helpful for beginners :) :),0
best one!!! on this topic bro,0
Mashallah dimagh ka pressure badha diya vidio ne :),1
Mashallah best one on this topic bro haha,0
Yaar jhoot bolta haii tum yaar,1
Bhai faltu time waste bro,1
Haye helpful for beginners :),0
Mashallah bakwaas! baatein!! mat!! kar haha,1
Yaar keaa faltu insan hy bhai,1
Yaar boht useful tips di :) bhai,0
Haye tumhara content unique hai! :),0
Haye bro tum kuch nahi jaanta :),1
Bhai bro bohot acha video hey bhai,0
Yaar pagal insaan :),1
BHAI MASHALLAH NAIIS WORK :) :),0
Haye gussa aa gaya video dekh kar ok,1
itna irritating kontent bhai,1
Haye very helpful :),0
Mashallah achaa laga dehk kar bro,0
Bhai koi sense :P nahi!!! hai video mein bhai,1
Aray dimagh ka dahi kar diya :) bro,1
kuch bhi!! bol deta haii tu bro,1
Yaar helpful for beginners yaar,0
Bhai yaar! tu bohot funny hai,0
Bhai zyada :P smart mat :) ban yaar,1
Mashallah pagal insaan :),1
Aray clear aur easy steps bhai,0
Haye good initiative bro bro,0
Yaar bohat informative vidiyo hey nice,0
Haye proud! of you bro bhai,0
Mashallah faltu harkatein! band!! kar bhai,1
GREAT ENERGY BRO BRO,0
pagal sa behaviour dikha raha haii!,1
Aray itna overacting kyu karta haii bro,1
Aray faltu harkatein band :) kar yaar,1
Mashallah well explained :),0
Bhai bakwas editing :) :),1
Haye tume jaise log!! hamesha problem banate hain :),1
Haye ye sab jhoot hai bro,1
Haye bakwaas baatein :) mat kar :),1
Yaar pagal sa behaviour dikha raha hai bhai,1
HAYE GUSSA AA GAYA VIDIYO DEKH KAR,1
Bhai tere :) comments irritate :P karte!! hain yaar,1
Mashallah tum samjhta kia hai apne aap ko yaar,1
Mashallah shukriya share karne ke :) liye yaar,0
Yaar tume :) jaise log hamesha problem banate hain bro,1
Yaar dimagh kharab kar!!! dia bro,1
Yaar tum jaise log hamesha problem banate hain yaar,1
Mashallah pagal insaan bhai,1
Aray aise! kaam!! se kuch nahi hota :),1
TUMHARA ATTITUDE!!! PASAND NAHI AAYA BHAI,1
Bhai ajeeb bekaar banda hey,1
COOL VIDEO :) ok,0
GUD INITIATIVE :),0
Bhai bhai bahot achaa video hai bhai,0
Aray perfect explanation bro,0
Haye itna :) irritating content! yaar nice,1
Bhai kuch seekh le pehle bro,1
Mashallah cool video bhai,0
Yaar awaaz irritate karti haai bhai haha,1
ye sab jhoot :) hai bhai,1
MUJHE :P YE VIDIYO PASAND AAYA YAAR lol,0
Yaar aise kaam se kuch nai hota :),1
Haye zabardast editing,0
Yaar informative kontent :),0
Mashallah zyada!!! smart mat ban yaar,1
helpful for beginners bro,0
Yaar faltu :) video banai hai bhai,1
Mashallah helpful for beginners :) bhai,0
Haye superb yaar bro haha,0
nalayak banda yaar,1
Mashallah itna irritating content :),1
HAYE TU KITNA GHATIYA :P INSAN HAII BHAI,1
YAAR TUMHARA STYLE ALAG!!! HEY BHAI,0
Aray tumhara reply achaah laga yaar,0
Haye faltu time waste bhai haha,1
Haye awesome!! creativity bro,0
Bhai helpful for beginners :),0
Mashallah ye kya bakwas logic hy bhai,1
Bhai perfect explanation bro,0
Mashallah kuch bhi bol! deta haii tu yaar,1
Mashallah appreciate :) your!!! effort yaar,0
Haye tumhara attitude pasand nai aaya :) yaar,1
faltu :) video banai haii bro,1
Mashallah clear! aur :P easy steps :) haha,0
Aray tum jaise log hamesha problem banate hain :),1
keep posting,0
keep it up :),0
YAAR KUCH SEEKH LE PEHLE :),1
Aray pagal sa behaivour dikha raha hai bhai,1
Yaar helpful for begniners yaar,0
Yaar bhai bohot accha video hai,0
Haye mashallah :P nice work :),0
tera content :P bakwas hy!!! yaar,1
Bhai respect fooor your hard work bro,0
Mashallah entertaining vidiyo bro,0
Mashallah tum jaise :) logon ki wajah!!! se internet kharab hy :P,1
Yaar cool video bro,0
Aray yaar tum talented!! ho yaar,0
Mashallah inta overacting kyu karta hai!! bro,1
itna!! irritating kontent :),1
Yaar bhai tu kuch nhi jaanta,1
Yaar tu kitna ghatiya insan hy yaar,1
YAAR TUM TALENTED HO :),0
Aray nais! try yaar,0
Haye well done,0
Aray tumhara attitude pasand nahi aaay! yaar,1
Bhai dimagh ka pressure badha diya video ne yaar,1
Haye clear aur easy steps,0
MASHALLAH NALAYAK BANDA YAAR,1
Aray tumhara sense of :) humor best hai,0
Aray dil khush kar diya haha,0
jhoot bolta hai tu! bro,1
Yaar cool video bhai,0
Haye koi sense nahi hai vidiyo mein yaar,1
Bhai awesome!! creativity,0
Yaar pagal insaan bro,1
Aray nalayak banda bhai,1
Yaar maza!! aagaya dekh kar,0
GOOD INFORMATION DI,0
Aray superb yaar,0
Bhai informative kontent bro,0
Haye gussa aa gaya vidio dekh kar :),1
Haye awseome creativity bro,0
Haye good! information di bhai,0
Mashallah jhoot! bolta hai tu :),1
Yaar gud information di :),0
bilkul useless video bhai,1
Yaar zabardast editing bhai,0
Yaar ganday jokes mat maar :),1
Yaar bakwas video :),1
Mashallah yaar :P tuu bohot funny hai bro,0
Haye tum jaise logon ki wajah se internet kharab hai yaar,1
Aray veri clean editnig yaar,0
bhai bahot acha vidiyo hai,0
Mashallah tumhara style alag hai,0
Bhai proud of you!! bro,0
Bhai dimagh ka pressure badha diya video!! ne!! yaar,1
Yaar well done bhai,0
Yaar kamal :) ka effort hai :),0
Haye entertaining!!! video yaar,0
Aray kuch seekh :) le pehle bro,1
Aray faltu time waste bhai,1
Yaar gussa aa gaya video dekh kar :P bhai,1
Mashallah nice try bro,0
Bhai paaaagal sa behaviour dikah raha hai yaar,1
Aray very clean!!! editing,0
Mashallah ye kyaa bakwas logic hey :),1
Mashallah gussa aa gaya vidio dekh kar bhai,1
Mashallah dimagh ka dahi kar diya yaar,1
Bhai tu toh drama queen :) nikla,1
kamal ka effort hy,0
Mashallah bilkul useless video bro,1
ajeeb :P bekaar!! banda hai yaar haha,1
Bhai mujhe ye vidio pasand aaya :),0
Bhai boht accha!! content hey yaar,0
Haye bakwas editing haha,1
Bhai nice explanation yaar :P,0
good luck for!! next! project bhai,0
tuu kitna ghatiya insan hai bro,1
Mashallah gussa aa gaya video :) dekh kar,1
Yaar informative content bro,0
Mashallah dimagh ka dahi kar diya bhai,1
Bhai simple!!! aur samajhne layak video :),0
Haye tuu pagal hai kya :),1
Aray ganday jokes mat maar yaar,1
BHAI BILKUL USELESS VIDIYO :P :),1
Haye yaar tum :P talented ho bhai nice,0
Haye tu :) toh pure time waste hai :) bhai,1
Haye tumhara reply acha laga bro,0
Haye zyada smart mat ban yaar,1
Haye tumhara attitude :) pasand nahi aaya bro nice,1
keep it up,0
Haye bakwas :P video bhai,1
Mashallah dimagh kharab kar! dia bhai,1
Aray ye sab nafrat :P failata :P hai :) :),1
BHAI ITNA OVERACTING KYU KARTA HAI YAAR,1
Haye appreciate your effort! bro,0
great job bro yaar,0
Aray boht useful tips di :P,0
ARAY TERA CONTENT BAKWAS HAI! BRO,1
kuch bhi bol deta haii!! tu!!!,1
ARAY EXCELLENT!! WORK BRO :),0
Mashallah jhoot bolta hai tu bro lol,1
Bhai gussa aa gyaa vidiyo :) dekh!! kar :),1
Haye bilkul :) useless vidiyo yaar,1
Haye keep!! posting :),0
ARAY TUMHARA CONTENT UNIQUE HEY YAAR,0
Mashallah nalayak banda! yaar,1
Bhai pagal sa :) behaviour dikha! raha hai,1
Mashallah pagal insaan,1
Mashallah very helpful :),0
Mashallah tum jaise logon ki! wajah se internet :) kharab hy bhai,1
Mashallah naiis tutorial yaar,0
good luck for!! next project,0
Yaar well explained :),0
Yaar dimagh ka pressure badha diya video ne :),1
FALTU TIME WASTE BRO,1
Yaar tum :) jaise logon ki wajah se :P internet kharab! hai,1
Bhai nais tutorial bro,0
Yaar dil khush kar diya yaar,0
Yaar positive ivbes only bro,0
Yaar nalayak banda yaar,1
Haye good :) initiative!!!,0
Mashallah samajh nahi aata kya!! kar raha haii yaar,1
Yaar appreciate yoru effort bhai,0
Aray kuch bhi bol deta :) hai tum :),1
Aray gussa aa gaya video dekh kar :) bro nice,1
Yaar good luck for next project yaar,0
tumhara attitude pasand nai aaay :),1
Bhai bhai tu kuch nahi jaanta yaar,1
Mashallah tu samjhta kya hai apne aap ko bro,1
Haye tumhara content!!! inspire karta hy yaar,0
Haye ye sab faltu content hai bhai,1
Bhai tu toh pure time :) waste :) haii yaar,1
Aray mujhe ye video pasand aaya!!! yaar,0
Haye good initiative bro,0
Haye jhoot bolta hai tum :) bro,1
tujhe sharam nahi aati,1
Yaar nice try bro,0
Yaar ajeeb bekaar banda :) hey,1
MASHALLAH PROUD!!! OF YOU BRO BRO,0
Yaar bakwas video,1
Bhai proud of you bro bro,0
Aray perfect :) explanation yaar,0
Bhai ye sab jhoot hai bhai,1
Haye tere jaise log sab bigad dete hain :P :),1
bilkul useless video :) bro,1
Haye best! one on this topic bro,0
Aray tumhara style alag hai bro,0
HAYE KEEP POSTING BHAI,0
Mashallah bohat informative :P video hy!,0
Aray tu pagal hai kia :P,1
Bhai nice presentation,0
Yaar good luck for next project yaar,0
Aray faltu kontent upload karte!!! rehta hai yaar,1
Bhai nice presentation :),0
Bhai ajeeb bekaar banda haii bhai,1
Aray appreciate your effort yaar,0
Yaar simple aur samajhne layak video,0
Haye ye!!! sab faltu :) content haii bro,1
Mashallah bohat informative vidiyo!! haii bro,0
YAAR TU KITNA GHATIYA INSAN HEY BRO,1
Haye tumhara! kontent inspier karta hey!,0
Aray zyada smart mat ban,1
Yaar tera kontent bakwas hy bro,1
Mashallah gud information di bro,0
Aray respect for your :) hard work :),0
ye sab faltu content :P hey bhai,1
Haye ajeeb bekaar banda haii yaar,1
Haye faltu content!! upload karte rehta hai bhai haha,1
ye sab nafrat failata hy yaar,1
Mashallah tere jaise log saaaab biagd dete hain bro nice,1
Bhai cool!!! video bro,0
Haye ye :) sab nafrat failata hy bhai,1
HAYE BAKWAAS BAATEIN MAT KAR YAAR nice,1
Haye aies kama :) se kuch nahi hota!! bhai,1
Bhai tumhara :) sense of humor!!! best hy! bro,0
bohat!! informative video :) hai bro,0
Bhai itna irritating kontent,1
Bhai dimagh ka dahi kar diya bhai nice,1
YAAR YE!! SAB JHOOT HEY BRO,1
Bhai bakwas editing yaar,1
Yaar ye sab anfrat failata hy,1
Yaar koi sense nahi hai vidiyo mein bhai,1
Aray wow kia baat hy!!! bhai,0
Yaar pagal insaan bhai,1
Aray awesome :) creativity bro,0
Haye tera content bakwas hai :) bhai,1
Haye ghatiya quality,1
Haye mujhe ye video :P pasand aaya nice,0
Mashallah superb ayar :),0
Bhai bro bohot acha video hai bhai,0
Yaar tumhara attitude pasand nhai aaya yaar,1
Aray informative content yaar,0
Haye helpful for beginners bro,0
Yaar ganday jokes! mat :) maar bro,1
Bhai bohat mehnat ki hy bro,0
Aray pagal sa behaviour dikha raha hy :P bro,1
Aray tu toh pure time waste hai,1
Aray good :P initiative bhai,0
well done yaar,0
Bhai veri helpful bro,0
Haye respect for!! your!! ahrd work,0
Bhai tu kitna ghatiya insan hai bhai,1
Yaar sahi kaha tumne yaar,0
tuu! toh pure :P time waste :) hai yaar,1
Yaar mashallah nice work bro nice,0
koi sense nai hey video mein :) nice,1
Mashallah tere jaise log sab bigad dete hain :P bro,1
YAAR VERY CLEAN EDITING :),0
Mashallah tu samjhta kya hey apne aap ko :),1
appreciate your effort yaar,0
Mashallah faltu!! time waste,1
Bhai informative kontent nice,0
MASHALLAH TERA CONTENT! BAKWAS HY :),1
Aray mashallah :) naiis work :),0
Aray nais!! msesage diya bro,0
BHAI ZYADA SMART MAT BAN BRO,1
Haye tumhara conetnt :) unique hey! :),0
nice message diya yaar,0
tumhara style alag!!! hai,0
Aray kuch!! seekh le pehle bhai,1
Haye dimagh kharab kar dia bro,1
YAAR GREAT JOB :P BRO,0
Bhai zyada! smart mat ban yaar,1
Mashallah simple aur samajhne layak video,0
mujhe ye video pasand aaya bhai,0
Mashallah tera!!! content bakwas hy :),1
Bhai tumhara attitude pasand nai aaya,1
Aray aise kaam!!! se kuch nahi hota!! :),1
Mashallah mashallah nice work bro,0
Yaar tuu toh drama queen nikla!!! bro,1
naiis try :),0
bhai tu kuch nai jaanta,1
Bhai tumhara reply acha laga bro,0
Aray wow :) kia baat hey bro,0
Yaar maza aagaya dekh kar bro,0
Haye tumhara!!! attitude pasand nahi aaya :),1
Bhai tera accent ajeeb hai bhai,1
Bhai dimagh kharab kar dia :) bhai,1
Mashallah tu kitna ghatiya insan haii bhai,1
Bhai nice tutorial :),0
Haye kamal ka effort haii :) bro ok,0
Aray zabardast editing bro nice,0
Aray tera kontent bakwas hai yaar,1
ARAY VERI HELPFUL BRO,0
Aray tum jaise log :P hamesha problem banate!! hain yaar,1
Mashallah proud of you bro bro,0
Yaar ye sab nafrat failata hey bro,1
Aray bohat! mehnat :) ki hai,0
Aray tuhje sharam nahi aati bhai,1
KUCH BHI BOL DETA HAI TU :),1
Haye bhai tu kuch nahi jaanta,1
Yaar koi sense! nahin hy!!! video mein,1
Bhai nalayak :P banda bro haha,1
tu samjhta :P kya hai!! apne aap ko yaar haha,1
Yaar tumhaaaara attitude pasand nhai aaya yaar,1
Yaar faltu harkaatein :P band kar bro,1
kamal ka effort haaaai bhai,0
WLEL EXPLAINED YAAR,0
Aray tu toh drama queen nikla bro,1
Yaar zabardast editing bhai,0
Aray bilkul useless vidio :),1
Bhai tera content bakwas hai yaar,1
ye sab faltu content :P hai!! bhai,1
Yaar koi sense nhi hai vidio meni bhai,1
Bhai tu!! sirf views ke liye kar :) raha hai,1
Yaar bhai tuu kuch nahi jaanta :) bhai,1
Haye great job bro yaar,0
Mashallah sahi kaaaaha tumne bro,0
Bhai bakwaaaas video yaar,1
faltu time waste bro,1
tere jaise log sab bigad dete hain bhai,1
good information :P di :),0
Mashallah simple aur samajhne layak!! vidiyo :),0
Aray boht useful :) tips di yaar,0
Bhai kuch bhi bol deta hai! tu yaar,1
Aray mujhe ye video pasand :P aaya bhai,0
Yaar awaaz irritate karti hey bhai,1
Bhai mujhe ye vidio pasand aaya :),0
Haye positive vibes only bhai nice,0
Yaar tumhara :P content inspire karta hai bhai,0
Bhai bohat!! mehnat ki hai yaar,0
Haye ajeeb bekaar banda hai :),1
Yaar greeat energy bro yaar,0
Aray saih kaha tmune haha,0
Yaar ye sab faltu kontent hey haha,1
Bhai gussa aa agya video dekh kar yaar,1
Haye samajh!! nhi aata keaa kar raha :) hai yaar,1
Aray good initiative!! :),0
Bhai tuu! sirf views ke liye kar raha hey,1
Aray samajh nahi aata kya kar!!! raha hey bhai,1
Yaar tera accent ajeeb hai :) yaar,1
Bhai koi sense nahi hai video mein yaar,1
MASHALLAH KUCH SEEKH LE PEHLE YAAR,1
Yaar faltu harkatein band kar yaar,1
keep posting yaar,0
ARAY KEEP IIT UP :),0
MASHALLAH ACHA LAGA DEKH!! KAR BRO,0
Yaar bilkul useless video,1
Yaar tume jaise log hamesha problem banate hain yaar,1
Aray well done,0
wow kyaa baat hai,0
Aray sahi kaha!!! tumne yaar,0
Aray kamal ka effort hy,0
Yaar bakwas editing bro,1
Yaar tumhara!! sense of!! humor best hai yaar,0
GOOD INITIATIVE BHAI lol,0
Bhai dil khush kar diya yaar,0
Mashallah dimagh kharba kar dia bhai,1
ARAY WELL EXPLAINED :) lol,0
Bhai helpful for beginners bhai,0
FALTU CONTENT UPLOAD KARTE REHTA HAII :),1
Bhai awaaz irritate karti hai bro,1
Bhai tujhe sharam nai aati! bro,1
awaaz irritate karti haii yaar,1
Yaar simple aur samajhne layak vidiyo bhai lol,0
Mashallah tumhara :P content inspire karta :) hai bro,0
Aray good initiative bhai,0
faltu kontent upload :) kaaarte rehta hai bro,1
Yaar tum pagal!! hai kya bhai,1
Haye respect for your hard work yaar,0
Aray dimagh ka! pressure badha diya video ne yaar,1
Aray bhai tum kuch nahi jaanta bhai,1
Aray pagal sa behaviour dikha raha hai,1
Yaar sahi kaha tumne!! bro,0
itna irritating :P content yaar,1
Mashallah tumhara reply acha laga bro,0
Yaar gussa aa gaya vidio :P dekh kar,1
Haye boht useful tips di :),0
Mashallah positive vibes only :),0
Yaar maza aagaya dekh kar bro,0
Yaar positive vibes only bro,0
MASHALLAH KUCH SEEKH LE PEHLE BRO,1
bakwas!! editing bro,1
Yaar gr8 job bro :),0
Haye mashallah nice work bhai,0
Aray nais message diya yaar,0
Aray bohat informative vidiyo hai bhai bro,0
Mashallah nalayak banda yaar,1
Yaar ghatiya quality bro,1
Mashallah gud luck for next project :),0
Haye perfect explanation :),0
MASHALLAH JHOOT OBLTA HAI! TUM BHAI,1
Mashallah shukriya share karne ke lyie yaar,0
Yaar good information di :),0
bhai tu kuch nai!! jaanta!! yaar,1
Yaar nice message diya lol,0
Yaar ghatiya quality :) yaar,1
Haye well done yaar,0
Mashallah ye sab jhoot hai bro,1
Mashallah tume jaise log hamesha :P problem! bnaate hain bro,1
Mashallah kya faltu insan hai yaar haha,1
Aray yaar!!! tum bohot funny hey :),0
Yaar superb yaar,0
Yaar gussa aa gaya :P vidiyo dekh kar bro,1
Mashallah shukriya share karne ke liye yaar,0
badtameez :P aadmi bro lol,1
Bhai faltu content upload karte rehta hey yaar,1
Aray tumhara style alag hy bro,0
Bhai cool vidio bro,0
HAYE NICE MESSGAE :P DIYA,0
Aray dmiagh kharab kar dia bro,1
Mashallah faltu harkatein band :) kar bro,1
Mashallah bohat mehnat ki hai bhai,0
Mashallah itna irritating kontent :),1
Mashallah aise kaam se kuch nai hota!! bhai,1
Haye yaar tume!!! talented ho,0
Haye sahi kaha tumne :P bro,0
Yaar dimagh :) ka pressure badha diya :) video ne! yaar,1
Yaar bilkul useless video :),1
Bhai bohat informative video hai bhai,0
Aray ye sab nafrat failata haii bro,1
Haye jhoot bolta hai :) tu,1
ye!! sab jhoot haii bhai,1
Mashallah tumhara sense of! humor best hai yaar,0
Bhai great energy bro :) :),0
Bhai maza aagaya dekh kar bhai,0
Mashallah gud initiative bro,0
bohat mehnat ki hai yaar lol,0
Haye keep posting yaar,0
Haye dimagh kharab kar dia :),1
MASHALLAH GOOD INFORMATION DI :) YAAR,0
Aray badtameez aadmi bro,1
Aray superb yaar :),0
Bhai itna irritating content :),1
ARAY SIMLPE AUR SAMAJHNE LAYAK VIDIYO BHAI,0
Aray aise kaam se kuch nahin hota yaar,1
Mashallah bakwaas baatein mat kar,1
Haye gud luck :P for next project bhai,0
Mashallah bilkul useless video :),1
tujhe sharam :) nhi aati bhai,1
tuu :) toh drama queen nikla bhai haha,1
SAMAJH NAHI AATA KEAA KAR RAHA HAII BRO ok,1
Mashallah zabardast editing!,0
Bhai very!!! clean editing bhai,0
Aray pagal sa behaviour dikha raha hey :),1
Bhai tu samjhta kya :P hai apne aap ko bhai,1
Mashallah entertaining video bro,0
Aray nice try yaar ok,0
Yaar tera accent ajeeb hai bro,1
Haye ye sab jhoot hy :),1
Bhai zyada smart mat ban :) ok,1
Bhai kuch bhi!!! bol deta hai tum yaar,1
Yaar ye kia bakwas logic hai!! :) haha,1
Bhai ye sab faltu content haii,1
tera accent ajeeb hai bro,1
Mashallah tu pagal haii kia bro,1
Aray good information di bhai,0
Yaar acha laga dekh kar bro,0
bohat mehnat ki!!! haii,0
BHAI BOHT ACCHA CONTENT HAII nice,0
Haye tumh jaise log hamesha problem banate hain bhai,1
Aray tumhara reply acha laga yaar,0
Aray nice message diya bro,0
Mashallah tumhara style alag hai,0
Mashallah veri clean editing bhai,0
Aray bohat mehnat ki hai bro,0
Aray veri helpful yaar,0
Haye kuch :) seekh le pehle yaar,1
Mashallah ganday jokes mat maar bhai,1
Mashallah bhai tum kuch nahin :P jaanta yaar,1
Bhai jhoot!! bolta hai tu :),1
Aray good initiative bro,0
MASHALLAH TUM TOH PURE TIME WASTE HEY YAAR,1
Mashallah tujhe sharam nhi!! aati,1
Aray shukriya!!! share karne ke liye yaar,0
Haye shukriya share :P karne ke liye yaar,0
Mashallah keep posting :),0
Haye awaaz irritate karti hai bro,1
Yaar boht useful tips :P di,0
Yaar clear aur!! easy!!! steps,0
Haye kia faltu insan hai :),1
Yaar tu samjhta keaa hai apne aap ko nice,1
Haye mujhe ye video pasand aaya bhai,0
Haye ye sab jhoooot!! haii bhai,1
Bhai jhoot bolta hy tu,1
Mashallah mujhe ye video pasand aaya bro,0
YAAR GHATIYA :P QUALITY :P BRO,1
Yaar great energy bro bhai haha,0
Haye tum jaise logon kii wajah se!! internet!! kharab hey yaar,1
Mashallah bakwas! video :),1
YAAR ITNA OVERACTING KYU KARTA HAI BRO,1
Bhai tu :) sirf views ke liye :) kar raha haaai yaar,1
Mashallah veri clean editing :),0
Bhai tumhara attitude paasnd nhi aaya! bhai,1
Yaar respect for!! your hard!!! wokr!!,0
Bhai boht achaah content hai bhai,0
Mashallah jhoot bolta hy tu bro,1
well explained bro,0
Bhai very helpful yaar,0
tere comments irritate karte hain yaar,1
Aray tumhara sense of humor best hai bhai,0
Bhai koi sense nahi hai video mein :),1
Yaar ghatiya quality bhai,1
Yaar nice presentation bhai,0
MASHALLAH EXCELLENT WORK BRO YAAR,0
Bhai itna irritating content,1
Haye kya faltu insan hai,1
Aray nais explanation yaar bhai nice,0
Yaar aise kaam se kuch nahin hota yaar haha,1
ARAY ITNA IRRITAATING CONTENT :),1
Aray nice message diya haha,0
Yaar zabardast editnig bro,0
Aray zyada smart mat ban :) yaar,1
Bhai gussa aa gaya video dekh kar :),1
Mashallah ye sab!!! nafrat failata!!! hai :) yaar,1
jhoot bolta hai tu bhai,1
Haye awaaz!!! irritate karti hai :),1
Bhai pagal sa behaviour dikha raha hey bro,1
Yaar nice explanation yaar yaar,0
Haye aise kaam se kuch! nahi hota,1
Bhai perfect explanation,0
MASHALLAH ITNA OVERACTNIG KYU KARTA HAI,1
ganday :) jokes mat maar bhai,1
Yaar tera content :) bakwas hai bro,1
Bhai kuch seekh le!!! pehle yaar,1
HAYE POSITIVE VIBSE ONLY BRO,0
Aray itna irritating content bro,1
Mashallah bakwas video :),1
Bhai good information di,0
Mashallah simple aur samajhne lyaak video :) haha,0
Bhai informative kontent yaar,0
Haye bakwaas!! baatein mat kar bro,1
Mashallah positive vibes only bhai haha,0
Haye gussa aa agya vidiyo dekh kar bhai,1
Aray pagal :) insaan bro,1
Haye ye sab faltu content hy bhai,1
boht useful tips di!! bro,0
wow kya baat hey :),0
Yaar lajawab explaaaanation yaar,0
Haye gr8 energy bro bhai,0
Aray proud of you bro :) haha,0
Haye dimagh ka :) pressure badha diya!! video ne,1
BHAI SAMAJH NAI AATA KYA KAR RAHA HAI YAAR,1
achaah :) laga dehk kar yaar,0
Haye dil khush kar diya yaar,0
superb :P yaar bhai,0
bohat informative video haii :) bro,0
Bhai dil khush kar :) diya,0
Bhai simple aur :) samajhne layak video bro,0
Mashallah boht! useful tips di :),0
Haye koi sense nahi haii video mein! bhai,1
HAYE BAKWAAS BAATEIN! MAT KAR :),1
Haye tuu samjhta kya hai apne aap ko bro,1
Bhai nice tutorial :),0
BHAI NALAYAK BANDA BHAI bro,1
BHAI KUCH BHI BOL DETA HAII TU BHAI,1
Aray tume jaaaise log hamesha problem banate hain :),1
tu toh pure!!! time waste hai :),1
Bhai dimagh kharab kar :P dia :) :),1
Mashallah yaar tum bohot funny hai,0
Haye ye sab jhoot hai bro,1
Haye informative content yaar,0
Bhai gussa aa gaya vidio dekh kar,1
Bhai clear aur! easy steps bro haha,0
tumhara styleee alag hey :),0
Yaar entertaining vidiyo bro,0
Haye very clean editing yaar,0
Yaar bakwaas baatein mat kar :),1
Mashallah tum toh pure time waste hai bro,1
faltu harkateein band kar,1
Haye well done :),0
Mashallah veri helpful bhai,0
Yaar superb yaar!! bhai,0
Bhai faltu vidiyo! banai hai yaar,1
great energy bro :P yaar,0
Yaar nais tutorial :),0
proud of you bro :),0
Mashallah dimagh ka! pressure badha diya vidiyo ne yaar,1
tu! toh pure :) time!! waste hai bro,1
Aray nice message idya,0
Bhai samajh nhi aata kyaa kar raha haii bro,1
Haye bro bahot acha vidiyo hai,0
boht useful tips di :),0
Mashallah bhai bohut :) acha vidio hai :),0
Mashallah nice try :),0
Haye ye sab johot hey,1
Mashallah sahi kaha tumne :),0
ARAY ASHI KAHA TUMNE BRO,0
Haye itna!!! irritating content bhai,1
Mashallah tu pagal hy kya bro,1
Haye tum jaise logon ki wajah!! seeee internet kharab hai :),1
YAAR YE SAB!!! NAFRAT FAIALTA HEY YAAR,1
Aray samajh nahi aata kya kar raha hai,1
BHAI YAAR TUMEH TALENTED HO BHAI,0
Mashallah appreciate your effort yaar,0
Mashallah koi sense nahi hai video! mein yaar,1
ARAY YE SAB!!! NAFRAT FAILATA HAI YAAR,1
Bhai gussa aa gaya video dekh kar,1
Yaar tum jaise :P log hamesha problem!!! banate :) ahin yaar,1
Bhai yaar tu bohot funny hai,0
Mashallah dil khush kar diya bhai,0
Bhai tume jaise logon ki wajah se internet kharab hai! bhai,1
Mashallah proud of you bro yaar,0
Haye mzaa aagaya dekh kar :) nice,0
Haye dil khush kar diya,0
Haye badtameez aadmi :),1
Aray respect for your hard work :P bhai,0
tumhara content unique hai bro,0
Mashallah shukriya share karne ke liye bhai,0
Bhai tum jaise loogn ki wjaah se internet kharab haii yaar,1
HAYE TUM :) JAISE LOG HAMESHA PROBLEM BANATE HAIN,1
KUCH BHI BOL DETA HAI TUU BRO,1
Bhai very helpful bro,0
Yaar keep it up bro,0
Haye tumeh jaise logon :) ki wajah se internet kharab haii! bhai,1
Aray tumhara content inspire karta hai,0
Bhai bilkul useless video!! :),1
Yaar bro bohot achaah video :P hai yaar,0
Bhai mujhe!! ye video pasand aaya,0
respect for your hard work,0
Yaar appreciate your effort,0
Bhai kuch!!! bhi :) bol :P deta hai tu yaar,1
Mashallah tumhara kontent unique hy :),0
Mashallah helpful! for beginners bhai,0
Yaar appreciate your!!! effort! bhai,0
naiis tutorial :),0
MASHALLAH TU TOH DRAMA QUEEN NIKLA YAAR,1
Haye tera acceeeent ajeeb hai,1
BHAI AISE KAMA SE KUCH NAI!! HOTA!! :),1
Aray itna irritating kontent,1
Aray informative content :P bro,0
Aray samajh nahi aata kia kar!! raha hai yaar,1
Yaar tuu samjhta kyaa hey apne aap ko :),1
Haye achaa :) laga dekh kar yaar,0
good niformation di,0
MASHALLAH AWESOME CREATIVITY YAAR,0
ganday jokes mat maar yaar,1
Haye dimagh kharab kar dia! bro,1
Aray ye sab nafrat failata hai bro,1
Aray excellent work!! bro,0
Bhai ye sab :) faltu content hai :) ok,1
pagal sa :) behaviour dikha raha hai,1
Haye keep posting,0
awaaz irritate karti hai yaar,1
Mashallah good information di :),0
Mashallah tumhara content inspire karta haaaai :),0
Mashallah very helpful bro nice,0
Aray fatlu time waste,1
Haye tum jaise logon! ki wajah se internet kharab hai bro bro,1
Haye perfect explanation bhai,0
Haye wow kia baat hai bro,0
awesome creativity :),0
Bhai tere jaise log! saaab bigad dete hain bro,1
Yaar faltu harkatein band kar yaar lol,1
Bhai gussa aa gyaa video dekh kar bro nice,1
Bhai informative kontent bhai,0
MASHALLAH FALTU VIDIO BANAI HAI,1
BHAI EXCELLENT WORK :) BROO :),0
Bhai mujhe ye vidio pasand aaya bro,0
good luck for next proejct :),0
simple aur samajhne layak video bro,0
YAAR BHAI TU KUCH NHI JAANTA BHAI,1
Yaar bakwas editing yaar,1
awaaz irritate karti hai haha,1
Bhai superb yaar bhai,0
Aray appreciate your!!! effort,0
Aray nice tutorial :),0
Mashallah jhoot bolta hai tuu bro,1
Mashallah itna :P overacting kyu karta hai :),1
tu toh pure time waste hy bro,1
Yaar koi sense nahi hy video mein :),1
Bhai well explained bhai,0
Haye simple aur :) samajhne layak video yaar,0
Aray kuch :P seekh :) le!!! pehlee bro,1
Aray nice msesage diya :) bro,0
Aray best one on this topic bro,0
Bhai acha laga dekh kar yaar,0
Bhai bohat mehnat ki hey bhai,0
Bhai faltu!! kontent upload!! karte reeehta hai ok,1
respect for your hard work,0
Yaar nalayak banda,1
Aray kya faltu insan hy :),1
YAAR AISE KAAM SE :) KUCH NAHI HOTA BRO haha,1
Aray tera accent ajeeb hai bro,1
Haye boht useful tips di,0
Yaar tere!! ajise log sab bigad dete hain bhai,1
Haye ye keaa bakwas logic hey :),1
Bhai tumhara style!!! alag hai :) :),0
Haye itna irritating content :),1
Yaar faltu harkatein band!! kar bro,1
Haye well done :P bro,0
very clean editing bro,0
excellent work bro bhai ok,0
Yaar zyada smart mat ban bro,1
YAAR ACHAAH LAGAAA DEKH :) KAR,0
Bhai excellent work :) bro :),0
Bhai best one on this! topic bhai,0
Yaar dimagh ka pressure badha diya vidiyo :) ne lol,1
Bhai very helpful bro,0
Mashallah clear aur easy steps!!! :),0
entertaining video bro,0
Aray dimagh ka pressure! badha diya vidiyo ne,1
Haye good luck for :) next project yaar,0
Yaar kya :) faltu insan :) hai bro,1
Haye informative content :),0
Haye bohat mehnat ki hai bhai,0
Yaar nais presentation bro,0
itna oevracting kyu! karta hy :),1
Mashallah wow kyaaa baat hy,0
Bhai respect for your!!! hard work bro bro,0
awaaz! irritate karti haii :),1
Aray bakwas video :),1
BHAI DIMAGH KHARAB! KAR DIA :),1
Haye ye sab faltu content hai :),1
Bhai pagal sa behaviour dikha raha hey :),1
Bhai tum toh pure time waste hai bro,1
Bhai nais try yaar,0
Aray clear aur easy :) steps,0
Aray superb yaar :) yaar,0
Haye ganday :) jokes mat maar bhai,1
bilkul!! useless vidiyo :),1
Haye clear aur easy steps,0
MASHALLAH KEEP IT!! UP YAAR,0
Bhai itna irritating! content yaar bro,1
Haye diiil! khush kar diya :),0
Haye kya faltu insan hai,1
Mashallah clear aur easy :) steps,0
Aray nalayak banda,1
nalayak banda bhai,1
Mashallah bhai tu kuch nai jaanta!! bro ok,1
Bhai yaar tu :) boht!!! funny hy yaar,0
Aray ye!! sab jhoot hai bro,1
cool video bhai,0
Haye entertaining vidio bro,0
HAYE YAAR TUU BOHOT FUNNY HAI :),0
Bhai perfect explanation bhai,0
Bhai badtameez aadmi! yaar,1
Mashallah naiis msesage diya bhai,0
Mashallah kamal ka effort hai bhai,0
Bhai tuu sirf views ke liye! kar raha hai :),1
gr8 energy bro!!,0
keaa faltu isnan hey!!!,1
Haye tu pagal hai kyaaaa :P :),1
Bhai kya faltu insan hey bhai,1
Yaar faltu harkatein band :) kar bro nice,1
Aray helpful for beginners bro bro,0
Yaar tu sirf views ke liye!! kar raha hey :),1
Haye dil khush kar diya yaar,0
shukriya share karne ke!!! liye bro,0
Haye achaa!!! laga dekh kar bro,0
Aray kuch sekeh le pehle bhai,1
Aray ye sab nafrat failata hey yaar,1
Aray superb :) yaar :),0
ARAY YE SAB JHOOT HAI BRO,1
Aray informative :) content!!,0
BHAI BOHAT INFORMATIVE VIDIYO HY BRO,0
Mashallah well explained bro,0
tujhe sharam nahi aati :),1
Bhai bawkas :P vidio,1
Aray nais uttorial yaar,0
Mashallah faltu kontent!!! upload karte rehta haii bhai,1
excellent work bro yaar,0
Yaar very helpful :P :),0
Haye tumhara attitude pasand nai aaya!! bhai,1
appreciate your!! effort!! yaar,0
tu!!! pagal!! hy kya,1
Bhai tum kitna ghatiya insan hai bhai,1
Bhai lajawab explanation bhai,0
aise kaam se :P kuch nai hota bro,1
Bhai great job bro :),0
Aray ajeeb bekaar banda hai bro ok,1
Mashallah wow kya baat hai :),0
Mashallah wow keaa baat hai yaar,0
Haye helpful fooor beginners bro,0
itna irritating content bhai,1
mashallah naiis work bro,0
Aray cool video :) bro,0
Bhai tujhe sharam :) nai aati yaar,1
Mashallah ganday :) jokes mat maar yaar,1
ZYADA SMART MAT BAN!!! YAAR,1
Haye respect for your hard work :),0
Bhai tera content bakwas haii bro,1
itna irritating content bhai,1
Yaar itna overacting kyu karta hai!!! :),1
Mashallah lajawab explanation :),0
tere comments irritate karet :) hain bhai,1
Aray superb yaar yaar ok,0
Aray tumhara attitude pasand! nhi aaya :),1
MASHALLAH BOHAT!! MEHNAT KI HY BHAI,0
MASHALLAH ENTERTAINING VIDIYO YAAR,0
Haye keep it up :) haha,0
Yaar bakwaas :) baatein mat kar,1
Aray great energy bro bhai,0
tumhaar sense of humor best hy :),0
Aray kuch :P bhi bol deta hai tu bro,1
Haye good information di bro,0
Bhai tumhara :P reply acha laga bhai,0
Yaar itna irritating content yaar,1
Bhai helpful! for beginners :) lol,0
faltu harkatein band kar :P bro,1
BHAI GUD INFORMATION DI :),0
Mashallah bakwas video bro,1
Yaar gud luck for neext project yaar,0
LAJAWAB EXPLANATION :),0
Mashallah gussa aa gaya video dekh kar,1
ARAY TUMHARA KONTENT INSPIRE! KARTA HY,0
Haye jhoot bolta hey!! tu!! bhai,1
Yaar dimagh ka pressure badha diya vidio :) ne,1
clear aur easy steps,0
mujhe ye video pasand aaya bro lol,0
gussa aa gaya video dekh!! kar bro,1
Yaar tumhara :P reply accha :P laga yaar,0
Haye ye :) kia bakwas logic! hai bro,1
Mashallah kuch seekh :P le :P pehle!! bhai,1
Haye cool video bhai,0
Mashallah ye sab faltu content hai lol,1
BHAI BRO :) BOHOT ACHA VIDEO :) HAI BHAI,0
Bhai tu kitna ghatiya insan hai :),1
Haye itna irritating content bro,1
bakwas vidio bro,1
Aray good information di bhai,0
Haye very clean editing bhai,0
Bhai gussa aa gaya video dekh kar :),1
YAAR JHOOT BOLTA HEY TU YAAR,1
Bhai positive vibes only,0
gud :) initiative,0
Haye samajh nai aata keaa kar raha hey bhai,1
Mashallah clear aur easy steps yaar,0
Yaar tere jaise log sab! bigad dete hain bhai,1
BHAI DIMAGH KA PRESSURE BADHA DIYAAAA! VIDEO NE!!! BHAI nice,1
Haye excellent work bro yaar,0
tujhe sharam nahin!!! aati :),1
Bhai pagal insaan bhai,1
Haye tere comments irritate karte hain yaar,1
Aray great energy bro bhai,0
tu pagal hai kia,1
Bhai tere jaise log sab bigaad dete!!! hain bhai,1
Yaar positive vibes only :),0
Bhai tujhe sharam nahi aati,1
Yaar faltu vidio banai hai bhai,1
KUCH BHI BOL DETA HAII TU BHAI,1
Yaar good initiative :),0
Bhai tum toh drama :) queen nikla yaar,1
Yaar bakwas video :),1
Aray bakwaas baatein mat kar lol,1
MASHALLAH AJEEB BEKAAR BANDA HAI :) haha,1
Yaar jhoot bolta hai tu :),1
Aray itna overacting kyu karat hy :),1
Aray best one on this topic yaar,0
Yaar mujhe ye video pasand aaya yaar,0
Yaar ganday jokes mat maar yaar,1
Haye informative kontent yaar lol,0
Aray itna overacting kyu! akrta haii bro,1
tuu sirf views ke liye kar raha hey bhai,1
YAAR HELPFUL FOR BEGINNERS :),0
Mashallah helpful for beginnesr yaar ok,0
Haye ye kia bakwas!!! logic hai yaar lol,1
Yaar tumhara style alag haii :),0
Mashallah simple aur samajhne layak video bro,0
Mashallah bakwas video :),1
tu kinta ghatiya :) insan :) hai :),1
yaar tu bohut funny hai yaar,0
positive vibees only yaar,0
Aray entertaining vidio bhai,0
Haye bakwas video :),1
Mashallah respect foooor your hard owrk :) :),0
Haye ganday jokes mat maar :),1
Bhai dimagh kharab kar dia bro,1
Mashallah bilkul!! useless video :) lol,1
Aray tujhe sharam :P nahi atai,1
Bhai kamal ka effotr hai bro,0
Haye kuch bhi bol deta hai tu bro,1
Mashallah ghatiya quality bro,1
zabardast editing :),0
Aray simple aur! samajhne layak vidiyo yaar,0
Mashallah beeeest one on this! topic!!! :),0
Yaar jhoot bolta hai tu :),1
Aray tu toh pure time waste hy nice,1
Yaar sahi kaha tumne :),0
Bhai keep it up :) ok,0
Haye wow kya baat hai bhai,0
Mashallah wow kya baat hai,0
BHAI NALAYAK! BANDA,1
best one on this topic bro,0
Mashallah kuch!! bhi bol deta hai tuu :) haha,1
Yaar pagal!!! insaan bro,1
ajeeb bekaar badna hai :),1
Aray faltu video banai hey bro,1
Aray tera!!! accent ajeeb hai bro,1
Aray simple aur samajhne alyak vidiyo :),0
Aray ye sab jhoot hey bhai,1
kuch bhi :) bol deeeta hey tuu!!! yaar,1
Aray boht achaah content hai :),0
Haye dimagh ka dahi kar diya :),1
good information di bro,0
tumhara content unique hai bhai,0
Aray itna overacting kyu karta haii yaar,1
Bhai faltu time waste bro,1
tuu kitna ghatiya insan! hy!! bro,1
Bhai badtameez aadmi bhai ok,1
Yaar tumhara! attitude :) pasand nahi aaya!!!,1
ARAY TUU SAMJHTA KYAA HAI :) APNE AAP KO BRO,1
Yaar respect for your hard work bro lol,0
Mashallah bhai tuu kuch nahi jaanta :),1
ARAY ETNERTAINING VIDIO nice,0
Bhai simple aur samajhne layaak video,0
Aray tumhara content inspire karta hey bro,0
faltu harkatein! band kar yaar bro,1
Mashallah respect for your hard work :) haha,0
Haye tere comments irritate karte hain bro lol,1
Yaar badtameez aadmi bro,1
Haye shukriya share karne :) ke :P liye,0
nalayak banda :),1
BHAI BEST ONE!!! ON THIS TOPIC! YAAR,0
bohat informative video hey nice,0
Bhai ye keaa bakwas logic! hai bhai,1
Mashallah tuu samjhta kya hai apne aap ko,1
Aray paagl :P insaan :),1
tu kitna ghatiya insan!! hai bro,1
Haye kya faltu insan hai,1
Yaar lajawab! exlpanation :),0
BHAI BILKUL USELESS VIDEO,1
pagal sa behaviour dikha raha :) hai!! bro,1
Bhai respect for your!!! hard work bhai,0
Bhai dimagh ka dahi kar!! dyia,1
Yaar nalayak banda :P :),1
Aray excellent!! work bro :),0
Aray tumhara style alag hai yaar,0
YAAR SHUKRIYA SHARE KARNE KE LIYE BRO,0
Haye gud initiative bro,0
Aray gussa!! aa gaya vidiyo dekh kar bhai,1
Aray lajawab explanation :) yaar,0
cooool vidio nice,0
HAYE ITNA OVERACTING KYU KARTA HAI :) bro,1
Haye very helpful! bro,0
BHAI PROUD OF YOU BRO BRO,0
Yaar superb yaar :),0
Aray naiis presentation!! yaar,0
Bhai faltu video banai!! hey yaar,1
Haye boht useful!! tips di yaar,0
PROUD OF YOU BRO :),0
Yaar yaar tum talented ho bhai,0
Aray respect for!!! your hard work :P,0
Yaar pagal insaan yaar,1
Mashallah sahi :) kaha tumne,0
Mashallah tere :) comments irrittae karte hain yaar,1
Mashallah acha :) laga dekh!!! kar yaar ok,0
Haye best one on this topic,0
Haye kuch bhi bol deta haii tu bro,1
Haye great energy bro bhai,0
Yaar yaar tume talented ho bro ok,0
Mashallah faltu vidio banai hai!!!,1
Yaar ganday jokes mat maar :),1
YAAR MAZA AAGAYA DEKH KAR YAAR bro,0
Yaar clear aur :) easy steps bhai,0
Aray tera accent ajeeb hai :),1
Haye itna overacting kyu karta hai :) bhai,1
Bhai bakwaas baatein mat kar bhai,1
Haye kuch seekh le pehle :),1
Mashallah ye!! sab jhoot hy :) haha,1
Haye tu kitna ghatiya insan :P hy bhai,1
tera content bakwas hai :),1
nais message :) diya yaar ok,0
GREAT JOB BRO :) YAAR,0
Mashallah aise kaam se kuch nahi hota :) bhai,1
Haye tujhe sharam nahi aati yaar,1
ARAY TUMHARA CONETNT INSPIRE KARTA HAII :),0
Aray tumhara style! alag hai :),0
Bhai tu toh drama queen nikla :),1
Aray helpful for beginners yaar,0
Mashallah tere :) comments irritate karte hain! :),1
tera kontent bakwas hy bhai,1
Haye excellent work bro bhai,0
Haye dimagh ka dahi kar diya :),1
Haye nice try :) yaar,0
HAYE SHUKRIYA!! SHARE KARNE KE LIYE YAAR,0
Aray tera accent ajeeb! hai yaar,1
Mashallah pagal insaan bhai,1
Aray tera content!! bakwas hy bhai bro,1
Yaar boht achaah content hai,0
Mashallah very clean editing bhai,0
koi sense nahin hai!! vidiyo mein bro,1
gud luck for next project bhai nice,0
Yaar tere comments irritate karte hain bhai,1
faltu time waste bhai,1
Haye tumhara attitude pasand nhi aaya :),1
Aray wow kya baat hy :) bro,0
Mashallah excellent wokr bro :P bro,0
Aray yaar :) tuu bohut funny! hai :) :),0
bhai bohot acha vidio hai bro,0
Yaar nice tutorial bhai,0
Mashallah ganday! jokes mat maar bro,1
clear aur :) easy steps bro,0
Mashallah kamal!!! ka effoooort hai yaar,0
Mashallah tu samjhta kia hy apne aap!! ko bro,1
Bhai itna overacting kyu karta haii bro,1
Haye bhai boht :) accha :) video hai,0
Bhai cool vidio :) nice,0
Bhai tera!!! kontent!! bakwas hai yaar,1
Aray tu :) toh drama! queen nikla :),1
Mashallah tumhara sense of humor best haii yaar,0
Mashallah tu!! toh drama queen nikla yaar,1
Haye nalayak banda bhai,1
Aray nalayak banda bhai,1
Mashallah jhoot bolta hey tu :) bhai,1
faltu vidiyo banai hai bhai,1
BHAI KEEP POSTING BHAI,0
Bhai ye kya bakwas logic hy yaar,1
Aray kyaa faltu :P insan :P haii,1
tumhara!!! attitude pasand nhi aaya bro,1
Yaar very clean editing :) :),0
Mashallah gr8 :) energy bro bro,0
Bhai ganday jokes mat maar! yaar,1
Yaar bhai bohot acha video hai :),0
Mashallah entertaining vidiyo yaar,0
BHAI INFORMATIVE CONTENT :),0
Aray ganday jokes mat maar yaar,1
Yaar tum kitna ghatiya insan hai,1
Haye ye sab faltu content hai bro,1
Mashallah nalayak banda bro,1
Aray itna irritating content!!!,1
Mashallah kyaa faltu insan haiii bro,1
Aray tuu sirf views ke liye kar :P raha hai,1
Haye naiis try,0
Aray entertaining vidio :),0
awesome creativity bro,0
Mashallah tu toh!!! pure time watse hai yaar,1
BHAI WELL ODNE BRO,0
Aray proud of you bro! yaar ok,0
ARAY BOHT ACHA CONTENT HAI YAAR,0
Haye bhai booht achaa video hai bhai,0
Bhai entertaining video yaar,0
Yaar yaar tum talented ho yaar,0
Aray well explained bro,0
MASHALLAH ACHA LAGA :P DEKH KAR!!! :),0
Haye cool vidio haha,0
Yaar mujhe :) ye video pasand aaya :P bhai,0
Aray tumhara!! reply acha laga :),0
yaar!! tume talented ho,0
ARAY EXCELLENT WORK :P BRO :),0
Yaar cool vidiyo yaar,0
Mashallah ye sab :P nafrat failata hey yaar,1
BHAI TUME!! JAISE LOGON KI WAJAH SE INTERNET KHARAB HY,1
Mashallah tum jaise log hamesha problem banate hain bhai lol,1
tera content bakwas hy,1
Mashallah bilkul useless video bro,1
Mashallah pagal sa behaviour dikha raha hy bhai,1
Yaar positive vibes :P only bro lol,0
Mashallah kuch bhi bol deta hai!!! tu yaar,1
Aray sahi kaaaha tumne :),0
good luck for neext project bro,0
Aray tumhaaara reply acha laga :) haha,0
Mashallah faltu!!! harkatein band kar :) bro,1
Yaar dimagh kharab kar dia yaar,1
Mashallah tere jasie log sab bigad dete hain yaar,1
Bhai wow kya baat hai,0
Haye tere jaise log sab bigad dete hain,1
Haye tumhara style :P alag haii :) bro,0
Aray tume jaise log hamesha problem banate hain yaar,1
Haye veri helpful yaar ok,0
Mashallah boht useful tips di :),0
Yaar gussa aa!!! gaya vidio dekh kar bhai,1
Aray nice message diya bhai,0
Yaar badtameez aadmi bhai,1
mujhe ye vidiyo :) pasand! aaya yaar,0
Bhai mashallah nice work bro,0
clear aur easy setps bro,0
Yaar koi sense nahi hai video meni :) :),1
Bhai yaar tum talented ho yaar,0
Mashallah nalayak badna,1
zyada smart :) mat ban yaar bro,1
Aray very clean :) editing,0
tera accent :P ajeeb haii bhai,1
Haye tere :) comments :) irritate! karte hain bro,1
Aray tujhe sharam nahi aati yaar,1
Mashallah naiis! presentation :),0
Bhai tumhara!!! reply achaah laga :P yaar haha,0
keep posting bhai,0
Haye tere comments irritate karte :) hain,1
Haye bhaiy boht achaa video hai!!! :),0
badtameez aadmi,1
Mashallah ye sab jhoot hy bhai lol,1
Yaar bakwsa editing,1
Bhai superb!!! yaar yaar,0
Bhai keep it up bro lol,0
bakwaas baatein mat kar yaar,1
Mashallah ghatiya quality yaar,1
Aray awesome creativity bhai,0
Mashallah best one on this topic bro,0
Bhai tere jaise log sab :) ibgad deete hain bro,1
Haye aise!! kaam se kuch nahi hota bhai,1
Bhai nice!!! explanation yaar ok,0
Yaar bakwas editing bro,1
well done :) bro,0
Aray informative content bro,0
Aray perfect explanation,0
Mashallah perfect explanation bro,0
tumhara sense of humor best hy bhai,0
Haye superb yaar yaar,0
Aray cool video bro,0
GUSSA :P AA GAYA VIDIYO DEKH KAR BRO lol,1
Bhai bohat informative video hai bhai,0
Haye tumhara sense of humor best hai :),0
Yaar good information di bro,0
ARAY NICE MESSAGE DIYA :),0
Yaar awesome creativity lol,0
Yaar faltu time waste :),1
HAYE TERA ACCENT AJEEB HAI BRO,1
Mashallah itna irrittaing content :P yaar bro,1
Mashallah gussa aaa gaya video dekh!!! kar bhai bro,1
Yaar ye sab nafrat :) failata hai yaar,1
MASHALLAH TUM JAISE LOGON! KI WAJAH SE INTERNET KHARAB HAII,1
Bhai maza aagaya dekh kar :) haha,0
proud of you bro ok,0
Aray tu kitna ghatiya insan hai yaar,1
Mashallah kamal ka effort hai :),0
YAAR EXCELLENT WORK BRO YAAR,0
Haye tumhara reply acha laga,0
Haye aise kaam se kuch nai hota :),1
Mashallah awaaz irritate karti hai :),1
MASHALLAH NALAYAK BANDA BHAI,1
Mashallah bohat mehnat ki hey yaar,0
Yaar proud!! of you bro,0
Aray faltu :P kontent uuupload karteeee rehta hy,1
Bhai awaaz irritate karti hey :),1
Mashallah lajawab explanation :),0
Haye well done,0
Bhai gussa aa gaya!!! video dekh kar :),1
boht useful tips di bhai,0
faltu video banai hey bhai,1
tere comments irritate karte hain! :),1
Haye dimagh ka dahi kar!!! diya yaar,1
HAYE AIES KAAM SE KUCH NAHI HOTA BRO,1
Yaar ye kyaa bakwas logic hey,1
Aray mujhe ye vidiyo pasand aaya yaar,0
faltu time!!! awste,1
Mashallah tumhara content inspire karta haii yaar,0
Bhai itna irritating content yaar,1
Yaar zyada smart mat ban :),1
KYA FALTU INSAN HAI BHAI,1
Haye diamgh ka pressure badha diya video :P neeee bhai,1
tumhara content unique!! hai bhai nice,0
Yaar tu kitna ghatiya insan hai,1
Bhai bakwas editing :P bro,1
Bhai entertaining video :),0
Aray gud information di bro,0
Aray best one :) on this :) topic yaar,0
Bhai tumhara style alag :) hai,0
ARAY VERI CLEAN EDITING BHAI,0
Bhai nice presentation yaar,0
Yaar tumhara kontent inspire karta hai :) bhai,0
Haye tujhe :P sharam nahi aati :P yaar lol,1
Haye tumhara sense of humor best :P hey bhai,0
Haye well done,0
mashallah nice work :),0
Mashallah tumhara reply acha laga :P,0
Bhai simple aur samajhne laayk vidiyo bhai,0
Mashallah keep it up yaar,0
Yaar dimagh kharab kar!!! dia bhai,1
Mashallah kuch bhi bol deta hai tu :),1
very :P clean!! editing :) bro,0
Mashallah jhoot bolta hey tu nice,1
Yaar naiis presentation!! bhai,0
Haye gussa aa gaya!!! vidiyo dekh kar,1
Bhai gandaay jokes mat maar bhai,1
very clean editing :),0
Aray entertaining :P vidio bro,0
Aray gussa aa gaya vidio dekh kar bro,1
Aray pagal sa behaviour dikha raha hey bhai,1
Mashallah awesome creativity yaar,0
Yaar faltu!! content upload karte rehta hai yaar haha,1
Bhai sahi kaha tumne bro ok,0
tuu kitna ghatiya insan hai!,1
BHAI INFORMATIVE CONTENT :),0
Yaar respect for your hard work bhai,0
Aray ghatiya quality yaar,1
Haye faltu content upload! karte!! rehta hai yaar lol,1
HAYE GREAT ENERGY BRO YAAR,0
Haye tu toh :P pure :P time waste hey :),1
HAYE TUUU SAMJHTA KYAA HAI! APNE :P AAP KO,1
tumhara content unique!!! hai bro,0
Yaar ye sab faltu content hy lol,1
ganday jokes mat maar! bro,1
proud of you bro :),0
Yaar yaar tumeh talented ho :),0
KUCH SEEKH LE! PEHLE :),1
Yaar ye sab jhoot hai bhai,1
Yaar tumeh :) jaise logon ki wajah :P se internet kharab haii :) bhai,1
Aray bakaws video,1
Aray tera :) content bakwas hai bhai,1
Haye kuch seekh le pehle,1
Mashallah lajawab!! explanaiton,0
MASHALLAH BOHT USEFUL TIPS!! DI YAAR,0
proud of :P you bro yaar bro,0
Haye shukriya share :) karne! ke liye yaar,0
Bhai badtameez! aadmi bhai haha,1
Aray pagal insaan :) yaar,1
ye kia bakwas logic haii yaar,1
Bhai ajeeb bekaar banda haii :) ok,1
Bhai itna irritating content :),1
Aray bohat mehnat! ki hai :),0
Yaar ye keaa bakwas logic hai!!,1
Aray gud :P information di yaar,0
Mashallah tumeh jaise logon ki wajah se internet kharab hai :),1
Yaar tere comments :) irritate karte hain yaar,1
tum jaise :) log hamesha problem banate hain bro,1
Bhai very clean editing :) bro,0
Bhai kya :) faltu insan hai bro,1
KAMAL KA EFFORT HAI YAAR,0
HAYE YE SAB FALTU CONTENT :P HAII,1
Haye tumhara :) reply acha laga,0
utmhara sense of :P humor best hy :) bro,0
MUJHE!!! YE VIDEO PASAND AAYA! BHAI,0
Bhai aise kaam se kuch nai hota yaar,1
jhoot bolta hai :) tum :),1
Aray itna :) overacting :P kyu karta hai,1
Bhai tu toh pure time waste hai bhai,1
Yaar superb yaar yaar,0
Mashallah great job bro bro,0
Bhai ye sab nafrat failata :) haii :),1
Aray shukriya! share karne ke liye bhai,0
Aray cool vidio :) bhai,0
Mashallah bhai boht acha video hai bhai,0
Bhai tumhara style alag hy!! yaar nice,0
ARAY MAZA AAGAYA DEKH KAR :) ok,0
Haye respect for your hard work bhai bro,0
Bhai appreciate your effotr yaar,0
Yaar tera accent :) ajeeb hy,1
BHAI AISE KAAM SE KUCH NAHI HOTA BRO,1
zabardast editing!! bhai,0
Yaar tera! accent ajebe hy :) ok,1
Bhai lajawab explanation :P :),0
Mashallah bro tu kuch :P nahi jaanta yaar,1
nice tutorial yaar,0
Yaar itna overacting kyu karta hai,1
Haye tu toh drama queen!! nikla yaar,1
Bhai keep posting bhai,0
Mashallah tumhara content inspire kartaaa hai :),0
Aray tumhara style alag :P hy yaar haha,0
Aray perfect explanation :),0
BHAI PAGAL INSAAN BHAI,1
Yaar tumhara content inspire karta hai bhai,0
Aray dimagh kharab kar dia :),1
Bhai dimagh kharab kar dia :),1
Aray clera aur easy steps yaar,0
Mashallah sahi kaha tumne bro,0
Mashallah awesome creativity bro,0
ye :) sab!! faltu kontent hai bro,1
MASHALLAH KEEP POSTING :),0
Mashallah nais presentation bhai,0
Haye maza aagaya dekh kar bhai,0
Mashallah positive vibes only bro bro,0
Yaar dimagh ka pressure bdaha diya video ne bhai,1
Aray itna irritating kontent :),1
Mashallah proud of you bro bro,0
Yaar best one on this topic,0
tum kitna ghatiya insan hai yaar,1
Aray bakwas vidiyo bhai,1
gud information di bhai,0
Aray tu kitna ghatiya insan haii! yaar,1
BHAI BEST OOOONE ON THIS :P TOPIC :) ok,0
YAAR COOL VIDEO BHAI bro,0
Bhai bhai bahot :) achaah video haii bro,0
Yaar zyada smart mat ban :) yaar,1
YAAR PROUD OF YOU BRO :) bro,0
Bhai ye sab!! jhoot hy :),1
Yaar boht :) acha content hy bhai,0
Haye tume jaise!!! logon ki wajah!!! se internet kharab hy bro,1
Haye tumeh!! jaise logon! ki wajah :P se internet kharab hy bro,1
ghatiya quality yaar,1
Yaar keep posting!!! :),0
awesome cretaivity!!! yaar,0
Aray koi sense nahi hai video mein bro,1
Aray badtameez! aadmi bro,1
Mashallah wow keaa baat hai :),0
Haye ye!! sab nafrat failata hai nice,1
Haye bakwas video :) :),1
Aray faltu harkatein :) band kar bhai lol,1
Mashallah yaar tu bohot funny! hai :P bro,0
Bhai mashallah nice work,0
Yaar koi sense nahi!!! hey video mein yaar,1
Bhai nalayak banda bhai,1
tum jaise log hamesha problem bnaate hain yaar,1
Aray aise kaam se kuch nhi hota :P yaar,1
Haye best one on this topic :) bro,0
VERI HELPFUL BHAI,0
Yaar positive vibes only bro,0
Haye tere comments irritate karte hain bro,1
Aray helpful for beginners :) yaar,0
HAYE TUMHARA CONTENT INSPIRE KARTAAA HY!!! :),0
Mashallah kuch seekh le :P pehleee bro nice,1
Mashallah entertaining video :),0
Bhai zabardast editing :),0
Mashallah nice explanation yaar :),0
YAAR NICE TUTORIAL nice,0
Bhai tumhara content unique hai lol,0
Haye helpful for beginners,0
Haye bakwaas baatein mat kar bhai,1
Bhai yaar tu bohot funny haii yaar,0
tu toh pure time waste hai,1
Aray great energy bro,0
Mashallah great job bro :) bhai,0
Mashallah keep it up,0
respect for!! your hard work bhai,0
Aray tu toh pure time waste hai!! bro,1
BHAI BADTAMEEZ AADMI BRO,1
Yaar bohat mehnat!!! ki haii bro,0
Bhai nais try yaar,0
Yaar helpful for beginners yaar,0
Haye simple aur samajhne layak video bro,0
Mashallah tumeh jaise log hamesha probelm banate hain yaar,1
Mashallah bawkaas baatein mat kar,1
YAAR KAMAL!!! KA EFFORT HAII BRO,0
Bhai entertaining video bhai nice,0
Yaar ye sab nafrat failata hey,1
Mashallah lajawab explanation :),0
Yaar proud of you bro bro,0
tum jaise log hamesha problem banate! hain bhai bro,1
Mashallah tu!!! pagal haii kya yaar,1
Aray keaa faltu insan hy bro nice,1
Aray ye sab nafrat failata hey :),1
Yaar dimagh ka!!! dahi kar diya,1
Mashallah ajeeb bekaar banda hey,1
Bhai entertaining vidiyo :),0
Aray tujhe sharam :) nahin aati :),1
Mashallah bakwaas baatein mat :P kar ok,1
Mashallah itna overacting kyu karta hai yaar,1
Haye keep posting :),0
Bhai bhai bahot achaah video hai yaar,0
Yaar aise kaam se kuch nahi hota bro,1
Mashallah great :) job bro bro,0
Aray good initiative bhai,0
HAYE DIMAGH KA DAHI KAR DIYA :),1
Bhai bakwas editing yaar,1
Bhai tumeh jaise log hamesha!!! problem banate hain bhai,1
Aray tu samjhta kia hai anpe aap ko,1
Yaar ye kya bakwsa logic :P hai!! bro,1
Haye awesome creativity,0
Bhai boht acha kontent hai bhai,0
Aray samajh :) nai aata keaa kar raha hai bro,1
tum :) smajhta kyaa haii apne aap ko lol,1
Yaar zyada smart mat ban yaar,1
Aray informative content,0
Bhai aise kaam se kuch!!! nahi :P hota bhai haha,1
Yaar tumhara sense of humor best :) hey yaar,0
Bhai dimagh kharab kar dia bro,1
Mashallah tera kontent bakwas hey :),1
Aray maza aagaya dekh kar yaar,0
Bhai simple aur samajhne layak video bro,0
tujhe sharam!!! nai aati,1
Haye shukriya share karne ke! liye :),0
Bhai cool video :),0
Haye ye keaa bakwas logic haii,1
Mashallah nice explanation yaar bhai,0
Yaar kuch bhi bol :) deta hey tu :) lol,1
Haye bhai bohot acha video :) haii bro,0
Aray keep posting bro ok,0
Haye best one on :) this topic yaar,0
entertaining vidiyo bhai,0
bohat inforamtive vdieo hai yaar,0
Haye gr8 energy bro yaar,0
Haye great energy bro bhai,0
Mashallah mashallah naiis work :),0
Yaar faltu harkatein band kar,1
Haye dimagh kharab kar dia bro,1
Mashallah bhai tum kuch nahin jaanta bro,1
Haye nice presentation :),0
Aray keep!! posting :) bhai,0
Haye ye kya bakwas logic haii bhai,1
HAYE HELPFUL FOR BEGINNERS YAAR,0
pagal :) insaan yaar,1
Aray yaar tum talented ho bhai,0
Mashallah koi sense nahi hey video mein :P,1
Mashallah bilkul useless video :),1
Bhai well done yaar bro,0
MASHALLAH FALTU VIDEO :) BANAI HEY BRO,1
great energy bro yaar nice,0
kamal :P ka effort hy yaar lol,0
Mashallah superb yaar bro,0
ARAY BOHAT :) INFORMATIVE VIDIO HAII BHAI,0
Bhai mujhe ye video pasand aaya yaar,0
Haye clear!!! aur easy steps bhai,0
Bhai awaaz irritate karti hai,1
Yaar tujhe sharam nahin aati :) nice,1
Aray entertaining video,0
Mashallah clear!!! aur easy steps yaar,0
Haye superb yaar bro,0
Haye yaar tum talented ho bhai,0
Mashallah helpful for beginners yaar,0
Mashallah badtameez aadmi bhai,1
Bhai boht useful tips di bhai,0
Aray bakawas baatein mat kar,1
Aray bilkul useless! video yaar,1
Bhai respect for your hard work :) ok,0
Bhai tere comments irritate karte hain!,1
Yaar kya faltu insan hey haha,1
Yaar bakwas editing bhai,1
Aray itna overacting kyu karta hai,1
bhaiy :) tu kuch nahin jaanta,1
Yaar tumhara content unique hai bro,0
Haye very clean editing ok,0
Aray dimagh ka dahi kar diya bhai,1
Yaar ganday!!! jokes mat! maar bro,1
Bhai appreciate your effort yaar,0
Yaar kuch!! bhi bol :) deat! hai tu bro,1
nice tutorial bhai,0
Yaar bilkul useless vidio bhai ok,1
BHAI GR8 ENERGY :) BRO :),0
Haye great job!!! bro bhai,0
tuu toh drama :) queen nikla yaar,1
Yaar dil khush kar diya yaar,0
Bhai tera content bakwas hai bro,1
Mashallah aise kaam!!! se kuch nahi hota :),1
Bhai tu toh drama!!! queen :P nikla bro,1
Mashallah great job bro :) ok,0
Aray dimagh ka pressure badha diya video ne bhai,1
Mashallah cool vidio,0
Yaar ye sab jhoot hey bhai,1
Mashallah simple aur samajhne layak vidiyo :),0
Bhai ganday jokes mat maar bhai,1
Aray pagal insaan bro,1
Bhai samajh nahiii aata kya kar :) raha hai yaar haha,1
Haye respect for your hard work bhai,0
Haye mujhe ye vidiyo pasand aaya bro,0
Aray tumhara content inspire karta hy,0
Mashallah good :) information di bhai,0
Aray kamal ka effort!! hey bhai,0
Mashallah dil khush kar diya yaar,0
HAYE JHOOT BOLTA HY TUU!! YAAR nice,1
faltu harkatein band kar bro,1
ARAY TUU TOH PURE TIME WASTE HY,1
Haye maza aagaya dekh kar bhai,0
ye sab nafrat failata hai :),1
tujhe sharam nhi aati bhai,1
Haye kuch :) seekh le pehle yaar,1
Aray tu pagal hai :) kyaa :P bro,1
Aray tera content bakwas!! hai :) bro,1
Haye zabardast editing :) haha,0
Haye bhai tu kuch nai jaanta,1
Yaar tu pagal hai kia bhai,1
Mashallah tumhara style! alag hy yaar,0
Aray tumhara kontent inspire karta hey bro,0
Haye proud of you bro yaar,0
Aray yaar tu boht funny hai bhai,0
Bhai excellent work :P bro :),0
Haye ye sab! jhoot hai bhai ok,1
Mashallah ye sab faltu kontent haii bro,1
Yaar boht acha content hai bhai,0
Haye mashallah nais work yaar,0
Mashallah jhoot bolta hy tu bro ok,1
Mashallah mujhe yee vidio :) pasand aaya :) bro,0
Aray pagal insaan yaar,1
bakwaas baatein mat kar yaar,1
cool video yaar,0
pagal insaan bhai,1
tere comments irritate karte hain :),1
Bhai boht! useful tips di,0
Haye tujhe sharam nhi aati :),1
Aray nice! explanation yaar :) :) bro,0
Yaar faltu time!!! waste bhai,1
respect foor your hard work bro,0
Mashallah bohat informative video hey yaar,0
Bhai excellent work bro yaar,0
Aray ye sab jhoot hai bro,1
Bhai awesome creativity!!! :),0
Aray sahi kaha tumne :) bhai,0
Mashallah appreciate your effort! yaar lol,0
Bhai achaa laga dekh kar :),0
Haye zabardast editing,0
Aray cool vidiyo :P,0
Mashallah tumhara content :) unique hey :),0
Aray tumhara reply!! acha :) laga bhai,0
Mashallah mujhe ye video pasand aaya bhai,0
Aray maza aagaya dekh kaaar yaar,0
Yaar badtameez aadmi bro,1
Yaar good information di bro ok,0
Haye kuch seekh le pehle yaar,1
Haye dimagh ka dahi kar :) diya yaar,1
Yaar tumhara attiiiitude pasand nahi aaya bhai,1
Aray jhoot bolta!!! hy tuu :) :) nice,1
Bhai badtameez!!! aadmi,1
Yaar tum toh drama! queen nikla,1
Mashallah gussa aa gaya vidio dekh kar,1
Bhai veri clean editing bhai,0
ARAY PAGAL SA BEHAVIOUR DIKHA ARHA :) HAI BRO,1
Aray bilkul useless video! :),1
Aray wow kya baat hai,0
Aray good information di bhai,0
Bhai keep posting :),0
Haye boht useful tips!!! di! bhai,0
HAYE GREAT JOB BRO :),0
Bhai ganday jokes mat maar,1
Haye nais tutorial yaar lol,0
clear aur easy steps!! bhai,0
Yaar faltu content upload karte rehta hai,1
awaaz irritate karti haii,1
clear aur easy steps,0
Yaar lajawab explanation bhai,0
Mashallah koi sense nhi haii video mein bhai,1
Yaar kya faltu :) insan hai bhai,1
bro :) tu kuch nahin jaanta bro haha,1
Haye zyada smart mat ban yaar,1
Haye bakwas vidiyo :),1
tumhara content unique hy :),0
Haye tuu toh pure tiiiime waste hai :P yaar,1
Yaar tumhara content inspire karta hey,0
Haye shukriiiiya share karne ke liye bro,0
Yaar zyada :) smart mat!! ban bro,1
mujhe ye video pasand aaya :) bro,0
Bhai yaar tu bohot funny hey bro,0
Mashallah kya faltu :) insan hey,1
ARAY RPOUD OF :P YOU BRO BHAI,0
Haye cool vidio :),0
appreciate your effort :),0
Yaar awaaz irritate!!! karti hai bro,1
Mashallah faltu harktaein band kar yaar,1
Bhai bakwas editing bhai lol,1
Mashallah bakwaas baatein mat kar!,1
Aray utmhara content inspire karta hey,0
Mashallah badtameez :) aadmi! ok,1
Bhai bilkul useless vidio,1
Mashallah wow kya baat :) hai yaar,0
Aray perfect :) explanation,0
Aray best one! on this topic yaar,0
BHAI YAAR TUMH!!! TALENTED HO BRO,0
Haye wow kyaa baat hey!!,0
MASHALLAH GAAANDAY JOKES! MAT MAAR :),1
nice presentation bro,0
Aray acha! laga dekh kar,0
Yaar appreciate :) your effort bhai,0
Yaar awaaz irritate karti hai,1
Haye ajeeb bekaar banda hai!!,1
Yaar mujhe ye vidio pasand aaya,0
Yaar superb :P yaar :),0
yaar tum bohut funny hai,0
Mashallah faltu kontent :) upload karte rehta haii yaar,1
Aray boht acha kontent hai :),0
Aray tumhara sense of humor best hai bhai,0
Mashallah badtameez aadmi bro,1
Aray ye sab jhoot hai bro lol,1
Mashallah teraaa!! accent ajeeb hai bro,1
Bhai bohat mehnaaaat ki haii,0
Haye tere jaise log sab bigad dete hain,1
Haye tera content bakwas haii bro,1
Mashallah ye sab nafrat failata hai :) lol,1
Mashallah respect for your hard work yaar lol,0
Haye boht achaah content :) hai bhai,0
best one on this topic :) bhai,0
bakwaas!! baatein mat kar bhai,1
nice message diya :),0
mujhe!!! ye viedo pasand ayaa bro lol,0
Bhai badtameez aadmi bhai,1
Yaar tu toh drama! queen nikla bro,1
Mashallah ye sab jhoot hai yaar,1
Mashallah zyada smart :) mat ban bhai,1
BHAI BEST ONE ON!! THIS TOPIC :),0
Mashallah kuch seekh le! pehle!! bhai,1
Haye good information! di,0
Bhai faltu harkatein band kar bhai,1
Bhai wow keaa baat hai :),0
Mashallah good initiative :),0
Yaar best one on :) this topic :),0
Bhai tumhara attitude pasand nhi aaya bro,1
Aray ghatiya quality bro,1
Bhai well explained bhai,0
BHAI ZABARDAST EDITING :) BRO,0
NICE! TRY YAAR,0
Aray boht acha content hy,0
Mashallah respect for your hard work yaar,0
Yaar faltu harkatein band kar,1
Bhai great job bro bhai,0
Haye superb yaar bhai,0
ARAY MASHALLAH NICE WORK,0
Bhai gr8 energy bro bro,0
Mashallah ye sab faltu content hai bro,1
tuu sirf views ke liye kar raha hey yaar,1
Mashallah tum!!! kitna ghatiya insan haii bro,1
helpful for beginners bhai,0
HAYE BAKWAS VIDIO BRO lol,1
YAAR GUSSA AA GAYA VIDIYO DEKH KAR :),1
Haye tumhara attitude!!! pasand nai aaya :) bro,1
Mashallah pagal :) sa behaviour dikha raha hai bhai,1
Haye pagal sa behaviour dikha rahaaaa! hai bro,1
BHAI NAIIS TRY,0
Bhai faltu kontent upload karte rehta hy,1
Aray proud of :) you bro yaar,0
nice presentation :),0
Bhai tume jaise logon ki wajah se internet kharab hai bhai,1
Aray ganday jokes mat maar :),1
tumhara attitude! pasand nahi aaya :),1
Bhai tere jaise loog sab bigad dete hain!!! bro,1
Haye ganday jokes mat maar bro,1
Yaar ghatiya quality yaar,1
maza aagaya :P dekh kar yaar,0
Bhai kamal ka effort hai :),0
ARAY KEEP POSTING BRO,0
Aray zyada smart mat ban bro,1
Aray ye kyaa bakwas logic hey yaar,1
Bhai yaar :) tum talented ho,0
Yaar respect for your hard work :),0
Mashallah keep it up yaar,0
Aray great!!! job bro bhai,0
Haye kya faltu insan hai bro,1
Haye kuch seekh le pehle bro,1
Haye best one on this!!! topic :),0
Aray lajawab!! explanation :),0
Mashallah yeee sab faltu content hai :),1
ARAY TU PAGAL HEY KYA!! YAAR haha,1
YAAR POSITIVE VIBES ONLY :),0
Yaar best one on this topic,0
Yaar tere comments irritate karte hain yaar,1
Bhai nalayak banda,1
Haye nais tutorial bro,0
ARAY MASHALLAH NAIS WORK BRO,0
tere comments irritate karte hain yaar,1
Yaar boht! achaa content hai,0
Haye best one on :) this topic yaar,0
Haye very helpful!! :),0
Yaar gr8 energy bro bhai,0
Mashallah kya faltu insan hai :),1
Yaar jhoot bolta hai :) tum bhai,1
Yaar bohat informative vidio hai! bhai,0
BHAI BHAI BOHT ACHAA VIDEO HAI BHAI ok,0
Bhai best!!! one oooon this topic bro bro,0
ganday joookes mat maar :),1
Mashallah ye kya bakwas logic! hai yaar,1
Aray ye sab nafrat!!! failata hai bro bro,1
Aray good!!! initiative yaar,0
koi sense nai hy video mein bhai,1
Aray maza aagaya! dekh kar bhai,0
BHAI TUU TOH DRAMA QUEEN NIKLA YAAR,1
zabardast editing,0
Mashallah itna! irritating content,1
Bhai tumhara style alag hai yaar,0
Aray shukriya share karne ke liye!!! bhai,0
Mashallah best one!!! on this topic,0
Mashallah awesome creativity,0
Aray respect for :) your hard work bhai,0
tumhara!!! attitude pasand nhi aaya,1
Haye ajeeb bekaar banda hy yaar nice,1
Yaar tum jaise logon ki wajah se internet kharab hey bhai,1
Mashallah gussa aa gaya video dekh kar bhai,1
Haye acha laga :) dekh kar yaar,0
Haye tumhara sense of :) humor best! hai bhai,0
ye sab faltu!!! content haii bhai,1
Aray bro!!! bohot acha vidio hai yaar,0
ARAY AJEEB BEKAAR BANDA HAI BRO,1
Haye bro bohut achaa video hai nice,0
BHAI KOI SENSE NAHI HEY VIDEO MEIN lol,1
Bhai mashallah nais work :),0
Mashallah bilkul useless vidiyo :),1
Haye lajawab explanation yaar lol,0
Aray tum jaise log hamesha problem banate hain bro,1
Aray very :P clean editing :) bhai,0
Yaar bilkul useless video,1
bakwas video yaar,1
Bhai respect for your hard work :P yaar,0
faltu vidio banai hai bhai,1
Aray perfect explanation bro,0
Yaar kaamal ka effort hai yaar,0
Haye tumhara sense of! humor best hai :P :),0
Yaar cool video :),0
bakwaas baatein mat kar lol,1
YAAR SHUKRIYA SHARE KRANE KE LIYE :),0
Mashallah tujhe sharam nai aati,1
Mashallah perfect explanation :),0
positive vibes! only :),0
Yaar pagal insaan,1
Haye proud of you!! bro bhai haha,0
Aray lajawab explanation bro,0
Mashallah tum!! samjhta kia hey apne aap ko bro,1
Mashallah tera :) kontent bakwas hy!!! bhai,1
Mashallah tu sirf views ke liye kar raha!! hey bro,1
Mashallah ajeeb bekaar banda!!! hey yaar,1
Aray tumhara style alag hai bhai,0
Bhai tumhara sense of humor best hey yaar,0
Yaar clear!! aur easy steps yaar,0
Yaar mujheee ye video pasand aaya :),0
Yaar both useful tips di bhai,0
kamal ka effort hey bhai,0
Bhai faltu video banai hy :),1
Mashallah faltu vidiyo banai hai yaar,1
Haye nalayak banda :) :),1
faltu harkatein! band kar yaar,1
HAYE TUU!! PAGAL HEY KYAA haha,1
Haye awesome creativity bro,0
tujhe sharam nahi aati!! yaar,1
bakwas editing bro,1
Haye perfect explanation yaar,0
Mashallah superb yaar bhai bro,0
ye kia bakwas logic hai bhai,1
ye sab :P jhoot haii bro,1
Haye nice try :),0
paaaagal sa behaivour!!! dikha raha haii :) bhai,1
Yaar tum jaise log hamesha :) problem banate hain bro,1
YAAR TERE COMMENTS IRRITATE KARTE HAIN YAAR,1
Mashallah yaar tuu bohot funny haii yaar,0
Haye boht achaa content haii :),0
Yaar perfect explanation bro lol,0
Aray tu pagal hai kyaa :),1
Bhai nice!! message diya :),0
mujhe ye video pasand!! aaya bro,0
ARAY YE SAB NAFRAT FAILATA HAI bro,1
YAAR JHOOT BOLTA HAI TU,1
Aray tu pgaal hy keaa bhai,1
BHAI EXCELLENT WORK BRO YAAR bro,0
Haye samajh :) nahi aaat kya kar raha hai,1
Mashallah very :) clean editing bhai,0
Bhai shukriya share karne ke liye bro,0
MASHALLAH POSITIVE VIBES ONLY :),0
Aray naiis tutorial :) :),0
Yaar tuu kitna! ghatiya insan :) haii :),1
Haye faltu content upload!!! karte rehta hai bhai,1
Aray inta overacting kyu :) karta :) haii!!! yaar,1
Bhai kuch! bhi bol deta hai! tum yaar,1
bhai tu kuch nhi jaanta :),1
Aray ukch bhi bol!! deta hai tuu nice,1
Yaar beeeest one on :P this topic :P bhai,0
Haye dimagh ka dahi kar diya,1
Mashallah boht acha kontent haii bro,0
Bhai ye kyaa bakwas :) logic hai,1
Mashallah accha laga dekh kar :) :),0
DIMAGH!!! KA PRESSURE BADHA DIYA VIDEO NE YAAR,1
Haye bakwaas baatein mat kar,1
Aray maza :) aagaya dekh! kar :) ok,0
Bhai keep it!! up yaar,0
Yaar good information :P di bro,0
Yaar kuch seekh le pehel :) lol,1
Mashallah dimagh ka pressure badha diya video ne yaar ok,1
Bhai zaabrdast :P editing bro,0
Mashallah entertaining vidiyo :) yaar nice,0
MASHALLAH TUMHARA SNESE OF :) HUMOR! BEST HAI BHAI bro,0
Yaar tu samjhta kya hy apne aap ko,1
Bhai faltu content upload karte rehta haii,1
Bhai faltu content upload karte rehta haii yaar,1
Haye mashallah nice work,0
Yaar tumhara content inspire akrta :) hy bro,0
very clean editing bro,0
Yaar clear aur easy steps bro nice,0
Bhai yaar tuu :) bohot funny hy,0
nice explanation yaar bro,0
Mashallah helpful :) for beginners :),0
MASHALLAH YAAR TUMEH TALEENTED HO BRO,0
Aray tumhara attitude pasand nahi aaya,1
Haye ye kia bakwas logic hy :),1
Aray informative content :) nice,0
Haye gussa aa!!! gaya video dekh kar,1
Bhai tumhara attitude pasand nhi aaya yaar,1
Mashallah zyada smart mat ban :) yaar,1
Mashallah tere jaise log sab bigad dete hain bro,1
MASHALLAH TUMEH JAISE LOG HAMESHA PROBLEM BANATE HAIN,1
Aray tumhara content unique hy bro,0
Bhai koi sense nhi hai!!! vidiyo mein bhai,1
Mashallah clear aur easy steps :),0
Bhai tereee jaise log sab bigad dete hain,1
Yaar tumhara attitude pasand!! nhi aaya :),1
Aray itna irritating kontent bhai ok,1
appreciate :) your effort bro,0
appreciate your effort :),0
Bhai nais try bhai,0
ghatiya quality bhai haha,1
Haye tu :P toh pure time waste hy :),1
Haye itna irritating kontent bhai,1
Mashallah ajeeb bekaar banda! hy,1
Mashallah faltu harkatein band kar :),1
Yaar well explained!!! bro,0
bhai tum kuch nhi jaanta :),1
Aray ye :P kya bakwas!!! logic haii bhai,1
Yaar boht accha kontent hy bhai,0
Bhai ajeeb!!! bekaar banda haii,1
Yaar sahi kaha tumne yaar,0
Bhai excellent! work bro!!! :),0
Mashallah bhai tu kuch nahi jaanta bhai,1
Bhai pagal insaan!! bro,1
Aray cool video bhai,0
Yaar abkwaas baatein mat kar bro,1
Aray excellent work bro bhai,0
Bhai dil :P khush kar diya!!! bro,0
Mashallah bakwaas baatein mat kar yaar,1
Yaar cool video yaar,0
Haye batdameez aadmi :),1
Aray tumhara :) kontent unique hai bro,0
HAYE ITNA OVERACTING KYU KARTA HEY BRO,1
Mashallah koi! sense nahin hai video mein,1
Yaar tu :) pagal hai kya yaar ok,1
tumhaar reply acha laga bhai,0
shukriya share karne ke liye bro,0
Bhai superb yaar,0
nice :) message diya bro,0
Haye mujhe!! ye video pasand aaya :),0
MASHALLAH TUMHARA ATTITUDE PASAND NAI AAYA,1
Mashallah dimagh ka! dahi kar diya yaar,1
Haye good information di :),0
kamal ka effort haii yaar,0
Haye dimagh ka rpessure badha diya! vidiyo ne bhai,1
Yaar aise kaam! se :) kuhc nahin hota,1
Aray cool vidiyo,0
Yaar veri clean editing yaar lol,0
Mashallah proud of you bro,0
Aray excellent work bro!! :) ok,0
Haye bilkul useless vidio yaar,1
dil khush kar diya :),0
Mashallah tuu samjhta keaa hai apne aap ko :),1
Bhai tu samjhta kia hey apne! aap ko bro,1
jhoto bolta hai tu,1
Mashallah itna :) overacting kyu karta hai bro,1
Aray gr8 job bro bhai,0
Yaar bilkul useless video yaar,1
YAAR BAKWAS EDITING,1
Haye tum jaise logon ki wajah se :P internet kharab hey bro,1
MASHALLAH BADTAMEEZ AADMI BRO bro,1
Haye keep it :) up yaar,0
Haye gussa aa gaya vidio dekh kar yaar,1
Haye bakwas video,1
Aray tumhara content unique hey :),0
Bhai zabardast editing :) lol,0
Bhai excellent work bro yaar,0
Bhai proud of you bro bro nice,0
Bhai nalayak banda yaar,1
Aray dimagh ka :) dahi kar diya yaar,1
Haye kuch bhi! bol deta hai tum :),1
Haye nice :) explanatino yaar bro,0
Mashallah tu pagal hai kyaa :) bro,1
Mashallah bilkul useless video :),1
Haye ganday jokes mat!!! maar yaar,1
Mashallah ghatiya quality bro,1
Haye gussa!! aa gaya video dekh kar yaar,1
Haye tumhara!!! styleeee alag haii bro,0
Haye itna overacting kyu!! karta haii bro,1
Mashallah aweosme creativity,0
Mashallah kuch bhi bol deta hai tum bhai,1
Haye tu toh drama queen nikla bhai,1
well done bro,0
Mashallah great job bro yaar,0
Mashallah keep posting!! yaar,0
Haye tum toh pure time waste hai :),1
Mashallah koi sense nahi hai!! video mein!!! bro,1
MASHALLAH AISE :) KAAM SE KUCH :P NAHI! HOTA BHAI,1
Aray bhaiy!!! tum kuch nahi jaanta bro,1
Aray tume :P jaise logon ki wajah se internet kharab hey,1
Yaar kya faltu insan!!! hey yaar bro,1
Yaar zabardast editing :),0
excellent work bro bro,0
Mashallah dimagh kharab kar :P dia,1
Yaar kuch bhi bol deta hai tum bro,1
HAYE BAKWAS VIDEO BRO,1
Mashallah bohat informative vidio :P haii bhai ok,0
Yaar tere comments!! irritate karte hain bro,1
Aray tum kitna!! ghatiya insna hey!!! :),1
Bhai nice tutorial bro,0
Mashallah clear!! aur easy steps bhai,0
ye saab faltu :) kontent hai yaar,1
Yaar clear aur :) easy steps bro,0
Aray tumhara attitude psaand nahi aaya yaar,1
Mashallah yaar :P tum talented ho,0
Haye nais presentation yaar,0
Bhai boht achaah :) content hai bro haha,0
Haye shukriya share!! karne ke liye bhai,0
Haye lajawab explanation,0
Yaar keep it :) up,0
Haye kuch seekh le pehle yaar,1
Yaar tumhara! attitude pasand nahin aaya haha,1
Haye nalayak banda bhai,1
Yaar good luck for next rpoject yaar,0
Mashallah tumhara sense of humor best haii :),0
Haye tumhara sense of :P humor best!!! hai nice,0
Bhai badtameez aadmi bro,1
Mashallah badtameez aadmi :P yaar,1
Aray faltu kontent upload kartee rehta hy :P,1
Haye kuch bhi bol deta hy tuu bro,1
HAYE FALTU HARKATEIN BNAD KAR,1
Yaar positive vibes only bro,0
YAAR FALTU CONTENT UPLOAD KARTE REHTA HAI YAAR,1
itna irritating content bhai,1
Aray veeery helpful,0
Haye great :) energy bro,0
Aray appreciate your effort yaar,0
respect for your hard work bro,0
Aray great job bro bro,0
Yaar faltu time waste bro,1
Aray good initiaitve :),0
Aray bohat informative vidio haii,0
Bhai tere jaise log sab bigaaad! dete!!! hain bro,1
Aray pagal :) sa behaviour dikha raha hai :),1
tuu sirf views ke liye kar!!! raha hai bro,1
Haye dil khush :) kar diya yaar,0
Yaar pagal insaan bro,1
Mashallah aise!!! kama se kuch nahi hota bro,1
MASHALLAH PAGAL SA BEHAVIOUR DIKHA RAHA HAI :),1
Yaar keep posting bhai,0
Bhai gussa aa gaya video dekh kar yaar,1
Aray positive vibes only bro,0
Bhai dimagh :) ka pressure badha! diya video ne :) lol,1
Bhai kuch seekh!!! le pehle bhai,1
Aray aise kaam :) se kuhc nahi hota yaar,1
Haye aise kaam se kuch nahi hota yaar,1
informative content yaar,0
kia faltu insan hy :),1
Bhai tujhe sharam nahi aati bhai,1
SAMAJH! NAHI :P ATAA KYA KAR RAHA HEY BRO,1
Bhai awesome creativity :),0
Bhai dimagh kharab kar!!! dia :) lol,1
Aray kuch seekh le pehle bro,1
ARAY KEEP!!! IT UP YAAR,0
Aray jhoot bolta hai tum yaar,1
Haye very clean editing bhai,0
Mashallah tujhe sharam nhi aati bro,1
Haye nalayak banda yaar,1
Mashallah jhoot bolta :P hai tum yaar,1
tumh jaise log hamesha problem banate :P hain,1
Haye ghatiya quality,1
Bhai ajeeb bekaar banda hy bro,1
Yaar dimagh ka pressure badha diya video ne :),1
Mashallah tumhara content unique! hai bhai,0
ajeeb bekaar banda hai :) ok,1
Aray nice message diya yaar,0
Mashallah well explained yaar,0
tuu toh pure time waste hy :) bhai,1
Mashallah helpful for beginners bhai bro,0
HAYE CLEAR AUR EASY STEPS YAAR,0
Bhai falut harkatein band! kar bhai,1
Yaar faltu video banai haii yaar,1
positive vibes only yaar bro,0
Yaar informative content :) bhai bro,0
Haye dil khush kar diya :),0
Yaar dimagh ka dahi kar diya bhai,1
Aray awaaz irritate karti hai yaar,1
Mashallah positive vibes only bro,0
Mashallah tum kitna ghatiya insan hai,1
Aray respect fooor :P your hard work :P yaar,0
ARAY DIMAGH!! KA :) DHAI KAR DIYA,1
Mashallah yaar tum bohut funny haii,0
Bhai ghatiya quality,1
Aray nice tutorial :),0
Aray pagal insaan :),1
Yaar pagal sa behaviour dikha raha hai bro,1
Mashallah kya faltu insan hai yaar,1
very clean editing bro,0
Mashallah awaaz irritate karit hey yaar,1
nice presentation bhai,0
Mashallah boht acha content haii :),0
tu pagal! hai kya,1
Bhai dil khush kar diya,0
Aray tera kontent bakwas hy ok,1
Aray appreciate your effort :),0
Bhai informative content :),0
Yaar tujhe sharam nahi aati bro,1
Haye bakwaas baatein mat kar bro,1
Aray informative kontent bro,0
Aray jhoot bolta hai :P tum bro,1
Mashallah ye kyaa bakwas logic hai bro,1
Mashallah yaar tu bohut! funny hai,0
bohat informative :) vidio hai!! :),0
Bhai awesome!!! creativity bro,0
tujhe sharam nahi aati bhai,1
Yaar aise kaam se!!! kuch! nahi hota :) bro,1
Mashallah tu pagal hai kya,1
Bhai bohat informative video hai,0
Aray bhai! tu kuch nhi jaanta haha,1
Bhai gussa aa gaya vidiyo dekh kar bro,1
Bhai good information di bhai,0
Yaar tera accent ajeeb hai bro,1
Mashallah gud luck for next project yaar,0
Haye bhai :P bahot acha video hai :) ok,0
MASHALLAH WELL :) DOEN,0
Aray nice message :) diya bro,0
Yaar tumhara reply achaa laga bro,0
Mashallah tum jaise loooog! hamesha problem :P banate hain!!! nice,1
Yaar proud of you bro bhai,0
tera kontent bakwas hai,1
proud of you bro bhai,0
tuu toh pure!! time waste! hai,1
Mashallah ganday jokes mat maar :),1
Haye very clean editing bro,0
Bhai great energy bro bro,0
Aray kamal ka effort hy bhai,0
positive vibes!!! only bhai bro,0
Mashallah tera content bakwas hy,1
clear aur easy steps,0
Yaar zabardast :) editing bro,0
Haye tera content bakwas hy :),1
Yaar naiis try,0
Yaar bro tum kuch nahi jaanta,1
BHAI BHAIY TUM KUCH NAHI JAATNA YAAR,1
Mashallah faltu :) harkatein band kar yaar,1
Yaar great energy bro,0
ARAY TUMHARA SENSE OF HUMOR BEST HEY,0
Yaar boht useful tips di bhai,0
Aray ye!!! sab nafrat failata hai :) bro,1
Mashallah clear aur!! easy steps bhai,0
Bhai cool video :),0
Yaar superb yaar :),0
Aray badtameez aadmi,1
Mashallah tere jaise log sab bigad :) dete hain bro,1
Bhai faltu :) time waste yaar,1
Mashallah faltu!! content upload karte rehta!! hai bhai,1
Aray tuu pagal! hai kia,1
Aray koi sense nahi hey viedo mein bro,1
Haye dimagh ka :P dahi kar diya :),1
Haye tumhara reply achaah :P laga!! yaar,0
ARAY BOHT ACHA CONTENT HEY :P,0
Bhai kuch seekh le pehle bhai,1
Haye great!!! energy! bro bhai,0
HAYE BOHAT INFORMATIVE VIDIYO HAI BHAI haha,0
Bhai ghatiya quality,1
Bhai ye kya bakwas logic hai bro,1
Yaar koi :) sense nahi hai video mein bhai,1
Bhai bhai tuu kuch nai jaanta yaar,1
Yaar respect :P for your hard work yaar,0
Aray nice tutorial :),0
Bhai ye sab nafrat failata hai bro,1
Haye kuch! seekh le pehle yaar,1
Bhai bakwas video bro,1
zabardast editing he teri,0
Aray badtameez! aadmi,1
Mashallah suuperb yaar,0
Mashallah dimagh ka pressure badha diya video ne,1
Yaar keep posting yaar ok,0
Aray bakwaas baatein mat kar bro lol,1
Aray mujhe ye video pasand aaya yaar,0
Bhai zyada smart mat ban yaar,1
Yaar good luck for next project bhai,0
Bhai mashallah nice work,0
jhoot bolta hai :P tum yaar,1
dimagh ka dahi kar :) diya :),1
Aray badtameez aadmi,1
Bhai tujhe sharam nahi aati yaar,1
tere comments irritate karte hain :P yaar,1
Yaar gr8 energy bro! bhai,0
YAAR BOHAT INFORMATIVE VIDEO HY BHAI,0
helpful for beginners! bhai,0
Aray tumhara attitude pasand nhi aaya bro,1
MASHALLAH YE :) SAB JHOOT HAI YAAR,1
Haye keep it!! up yaar,0
great enregy bro yaar,0
Bhai appreciate yoooour effort,0
bohat mehnat ki hai yaar,0
NICE EXPLANATION YAAR BRO,0
Haye dil khush kar diya!!,0
Bhai gud luck for :P nxet project yaar,0
tere jaise log sab bigad dete :P hain bro,1
Yaar informative kontent yaar,0
Bhai tum ajise!!! logon :) ki wajah se internet kharab hai :),1
Mashallah dimagh kharab kar dia :),1
Aray zyada smart mat ban,1
Aray pagal!!! insaan,1
Yaar shukriya share karne ke liye bhai,0
tumhara reply acha laga bhai,0
Mashallah excellent work bro bro,0
Mashallah tu samjhta kya hai apne aap ko bhai,1
Aray gud luck :) for next project :),0
Haye naiis!! tutorial,0
Haye tumhara kontent unique hy bro,0
MASHALLAH BILKUL USELESS VIDIYO BRO,1
ghatiya quality bro,1
Aray good luck for neeext project :) ok,0
Bhai cool vidio yaar,0
Haye positive vibes only bhai,0
Yaar dil! khush kar diya,0
KUCH SEEKH LE :P PEHLE BHAI,1
Bhai ghatiya quality,1
Haye faltu harkatein band :P kar :) nice,1
Yaar tera kontent bakwas hai :) nice,1
Bhai achaa! laga dekh kar! bro,0
Mashallah bakwaas baatein mat kar :),1
Haye dimagh ka dahi kar diya :),1
Yaar yaar tum talented ho yaar,0
Aray niceee tutorial :),0
Yaar tumhara!!! reply acha laga bhai,0
Mashallah tere! comments irritate karte hain bhai,1
MASHALLAH AJEEB BEKAAR BANDA HAI YAAR nice,1
Aray excellent work bro yaar,0
Mashallah awesome creativity bhai,0
Haye dil khush kar diya :),0
nalayak banda :),1
BHAI TUM TOH! DRAAMA QUEEN NIKLA,1
Mashallah mashallah nice work,0
Mashallah tumhara sense of humor best hai yaar,0
superb yaar :),0
Yaar boht acha content hai,0
ye! sab falut content hai bro,1
Bhai keep! posting bro,0
Yaar itna overacting kyu karta hy bro,1
Haye dimagh kharab kar dia,1
Bhai tumhara attitude pasand nahi aaya bro,1
Mashallah entertaining!! vidiyo :),0
HAYE PROUD OF YOU BRO,0
Yaar very clean editing :),0
Mashallah bhai tuu kuch nahi jaanta bro,1
Mashallah wow keaa baat :) hey,0
YAAR GUSSA AA GAYA VIDIYO!! DEKH KAR :),1
Haye pagal insaan :),1
Yaar mashallah naiis work :),0
tume jaise log hamesha problem banate hain yaar,1
Mashallah excellent work bro :),0
Haye lajawab :) explanation :) bro nice,0
Aray well :) done yaar,0
Yaar tujhe sharam nahin aati yaar,1
Aray koi sense nahi hai video mein :P bhai,1
Bhai tumhara contetn :) inspire karta hai :),0
faltu kontent upload karte rehta hai :),1
Bhai well done yaar nice,0
Aray awesome creativity,0
Aray simple aur :) samajhne layak vidiyo :) ok,0
faltu kontent :) upload karte :) rehta! hai :),1
Aray appreciate your effort bhai,0
BHAI NCIE TUTORIAL :),0
Mashallah tu toh drama queen nikla bro,1
Mashallah jhoot bolta :P haii tum yaar lol,1
Bhai pagal!!! insaan :),1
Yaar acha laga dekh!! kar yaar,0
Bhai sahi kaha tumne!!,0
Aray pagal insaan :),1
Aray tuu pagal haii kyaa,1
Bhai clear aur easy steeeps :),0
Haye entertaining video,0
ye sab :) faltu content hai bhai,1
Bhai clear aur easy steps :),0
Mashallah tum pagal haii keaa,1
Haye gussa aa gaya video dekh kar,1
Haye tera accent ajeeb haaaai bro,1
Yaar good initiative :),0
Bhai tu pagal hai kia,1
Haye tera accent :) ajeeb haii bro,1
Bhai veri helpful!! yaar,0
Aray kuch!! bhi bol deta hai tuu,1
Yaar bakwas video bro,1
Yaar tuu pagal hai kya :) lol,1
tu! toh drama queen nikla bro,1
Haye ye sab nafrat!! failata haii bro,1
ARAY LAJAWAB!! EXPLANATION BHAI,0
HAYE WOW KYA BAAT HEY BHAI,0
Aray bhai tu kuch nahin jaanta yaar,1
ARAY YE KYA!! BAKWAS LOGIC HY :),1
informative content,0
Bhai tumhara kontent unique hai :),0
Yaar kamal ka effort :) haii :P yaar haha,0
Aray awesome :P creativity,0
awesome!!! creativity bro,0
Haye informative content bro,0
Aray aise kaam :) se kuch nahi hota :),1
Aray gud luck for next project bro,0
tumhara reply accha laga,0
Yaar tujhe sharam nahi aati bhai,1
Bhai aise kaaaam se kuch nahi hota bhai,1
Yaar perfect explanation bhai,0
respect for your hard! wrok bro,0
Mashallah faltu!!! time waste bro,1
tumhara sense of humor best hai! yaar,0
tum jaise log hamesha problem banate hain yaar,1
Haye sahi kaha tumne :),0
respect :) for your hard work yaar,0
Aray tumhara reply acha laga,0
Bhai tera content :) bakwaaas hey yaar,1
Aray bakwas vidiyo,1
Aray acha laga dekh kar :) bro,0
Yaar tujhe sharam nahi aati bhai,1
Yaar positive vibes only!!!,0
Yaar mujhe ye vidio pasand aaya bro,0
dimagh ka dahi kar :P diya bro,1
Mashallah zyada smart :P mat ban :),1
Mashallah aise kaam se kuch nahi hota :P bro,1
Mashallah yaar tum talented ho :),0
Bhai tera accent ajeeb hey yaar nice,1
Yaar bakwas editing yaar,1
Mashallah tujhe sharam nhi aati,1
Haye cool!!! vidio bro,0
Aray best one on!! this topic :P :),0
Bhai well explained yaar,0
Yaar dimagh kharab kar dia yaar,1
MASHALLAH GHATIAY QUALITY BHAI,1
Haye tumhara reply achaa laga bhai,0
tume jaise lgoon ki wajah se internet kharab hai bro,1
ye sab!!! jhoot hai,1
Aray tum sirf views ke liye!!! kar raha!!! hai,1
NAIS PRESENTATION YAAR,0
maza :P aagaya dekh kar :),0
Aray pagal sa behaviour dikha raha hy,1
Yaar tum!! toh drama queen nikla bhai,1
Mashallah tu toh drama queen nikla yaar bro,1
Aray keep it up :),0
Yaar tumeh jaise log hamesha problem :) banate hain bhai,1
Haye awesome :P creativity yaar,0
Aray bakwas video :),1
YAAR SAHI KAHA :) TUMNE BHAI,0
Bhai itna overacting kyu karta hai :) yaar,1
Bhai very helpful yaar,0
Yaar bilkul useless video :),1
Haye tere jaise!! log sab bigad dete hain,1
Aray dil khush! kar! diya ok,0
Bhai kamal ka effotr hey yaar,0
Aray tere comments irritate karte :) hain :),1
Aray zyada smart mat ban :),1
Mashallah best one on this topic!!! bro,0
Bhai tere comments riritate kaaarte hain yaar lol,1
Aray tum jaise logon ki wajah se internet!!! kharab hai bro bro,1
tumhara :) attitude pasand nahi aaya bhai,1
Haye good! initiative bro,0
Aray bilkul useless vidio lol,1
bohat mehnat ki hai bhai haha,0
muuujhe ye vidiyo!!! pasand aaya bhai,0
Haye dimagh ka dahi kar!! diya :),1
Aray helpful for!!! beginners :),0
Aray tume jaise logon!!! ki wajah se internet kharab hai bhai,1
tumhara content unique hai!! bro,0
BHAI POSITIVE VIBES ONLY BHAI,0
Bhai itna overacting kyu karta haii :),1
Mashallah very helpful :) nice,0
Yaar great energy bro :P bro,0
Bhai awesome creativity bhai,0
Aray tuu toh drama quuueen nikla bhai,1
Mashallah very clean editing bro,0
bakwas editing :),1
Mashallah keep it up,0
Haye bakwas video bro,1
Yaar faltu time waste!! :),1
Aray bhai tuu kuch nahi jaanta yaar,1
Mashallah zyada smart mat!! ban yaar,1
Haye clear aur easy steps bhai,0
Yaar simple aur samajhne layak video bhai,0
Bhai tumhara style alag hai bro,0
mashallah nais work bhai,0
Aray superb yaaar,0
Bhai lajawab explanation bro,0
Bhai nice message diya :P yaar,0
MASHALLAH ACCHA LAGA DEKH KAR BHAI,0
Yaar bohat :) informative video hy :),0
Bhai ye!!! sab!!! jhoot! hey :),1
Bhai ye sab faltu!!! content haii,1
Bhai bakwaas baatein mat kar bro,1
boht!!! useful tips di bhai,0
Bhai tera kontent! bakwas hai bro,1
clear aur easy steps bro,0
Mashallah bakwas :) editing :P :),1
Bhai tujhe sharam!! nahi aati bro,1
Mashallah excellent work bro yaar,0
Aray appreciate your!!! effort bro,0
YAAR EXCELLENT WORK BRO BHAI,0
Aray tere jaise!! log sab bigda dete hain :),1
Mashallah bilkul uselses video bhai,1
Haye naiis presentation bhai haha,0
Yaar tume jaise log hamesha problem banate hain yaar,1
Bhai helpful for beginners yaar haha,0
Mashallah great!! energy bro :) haha,0
Haye proud of you bro bhai,0
Yaar bakwaas baatein :) mat kar yaar,1
Bhai wow kyaa baat hai yaar,0
Yaar tum jaise logon ki! wajah se internet kharab hai bhai bro,1
Yaar fatlu kontent upload karte rehta hey :),1
Yaar bakwas vidiyo :),1
Aray bohat mehnat ki haii bhai,0
Aray bilkul useless video yaar,1
YAAR ITNA OVERACTING KYU KARTA HY BRO,1
naiis presentation yaar,0
Yaar good luck for next!! project bhai,0
Bhai naiis try,0
Haye bohat mehnat ki hy bro,0
Mashallah dimagh ka!! daih :) kar diya :) ok,1
Mashallah boht acha content haii yaar,0
Mashallah tu toh drama queen nikla yaar,1
Mashallah gussa :P aa :) gaya vidiyo!! dekh kar bro bro,1
Yaar badtameez aadmi :),1
Yaar bakwaas baatein mat :) kar :),1
Haye kuch bhi bol deta hy tu yaar lol,1
Bhai sahi kaha tumne bro,0
good!! information di bro,0
Yaar awaaz irritate karti hai bro,1
Haye dil khush kar diya yaar ok,0
Haye yaar tum!! bohot funny hai bro haha,0
Bhai good initiative bhai,0
Mashallah faltu content upload karte rehta hai yaar,1
Bhai kuch seekh le pehle :) lol,1
Mashallah bakwas editing,1
Bhai lajawab explanation bhai,0
Aray zyada :) smart mat ban :),1
Mashallah pruod!! of you bro yaar,0
Aray awesome creativity :),0
Mashallah ye sab nafrat failata hy :),1
Bhai dimagh kharab kar dia!!,1
very :) clean editing bhai,0
Bhai tumhara style alag haii yaar,0
Aray badtameez aadmi yaar,1
Bhai faltu time! waste bro,1
Mashallah bakwas :P video bhai,1
Mashallah faltu harkatein band kar yaar,1
Bhai clear aur easy steps bro bro,0
Aray itna irritating content :P bhai,1
Yaar bakwas editing bro lol,1
faltu harkatein band kar,1
Mashallah ye kya :) bakwas logic haiiii bhai,1
Haye faltu content uplaod karte rehta haii :P yaar,1
ARAY TU TOH DRAMA QUEEN NIKLA BRO,1
tera :) kontent bakwas hey haha,1
tu pagal haii kyaa!!,1
Yaar naiis message diya!! bro,0
Haye bakwas video :),1
Haye accha laga dekh kar bhai,0
respect for youuuur hard work yaar,0
ARAY ITNAAA OVERACTING KYU KARTA HAI YAAR,1
Aray tujhe :) sharam nahi aati bhai,1
Aray acha laga dekh kar bhai,0
HAYE GOOD INITIATIVE,0
Bhai tumhara content unique hai :),0
Bhai bakwas editing :) ok,1
Aray perfect explanation bhai,0
ITNA IRRITATING KONTENT YAAR,1
Bhai keep it :) up bhai,0
Yaar faltu harkatein band kar bhai,1
Mashallah helpful for :) beginners,0
Yaar awaaz irritate :P karti hai bro,1
Bhai faltu time waste!! yaar,1
dimagh ka dahi kar diya :),1
Aray informative content bro lol,0
Yaar perfect explanation :),0
Aray kuch bhi bol deta hai tu,1
tum pagal hai kya :),1
Bhai tuu sirf views ke liye kar raha hai bro,1
Yaar ghatiya quality bhai,1
Mashallah itna irritating!!! kontent bhai,1
Haye great job bro yaar,0
ARAY NICE TUTORIAL BRO,0
MASHALLAH FALTU!! VIDEO!! BANAI HAI YAAR haha,1
Haye awesome creativity yaar bro,0
tu :P toh drama queen nikla bhai,1
Aray ajeeb bekaar banda hey bro,1
Yaar positive viiiibes only,0
Bhai samajh nahi aata kia kar raha hai yaar haha,1
YAAR PAGAL INSAAN BRO,1
Yaar nalayak banda bro,1
Bhai kuch :P bhi bol deta hai tu :),1
Haye shukriya share karne ke liye!!!,0
Yaar wow kya!!! baat hy bro,0
Aray tumeh jaise logon ki wajah se internet kharab hy :),1
ganday jokes mat maar bro,1
Aray keep posting bro lol,0
Bhai nice explanation yaar,0
Yaar informative content yaar,0
Bhai ajeeb bekaar banda hey nice,1
Bhai good initiative!!! bro,0
dil khush kar diya :),0
Haye good initiative yaar,0
tumhara kontent inspire karta hy :) bro,0
Yaar faltu time waste bro bro,1
ARAY ACHAAH LAGA DEKH KAR,0
nice explanation yaar yaar,0
gussa aa gaya video :) dekh kar bro,1
Mashallah bhaiy tuu kuch nahi jaanta,1
Mashallah ye saaaab faltu :) kontent haii yaar,1
Aray wow keaa baat hai bhai,0
Aray bilkul useless video bro,1
Yaar mashallah nice work bro,0
Bhai tuu pagal hai kya bro,1
Bhai gud :) initiative bhai lol,0
Aray faltu time waste haha,1
Aray aise :) kaam se kuch nhi hota bro,1
nalayak banda :),1
Haye tumhara reply acha laga :) bro,0
Mashallah tera kontent! bakwas hai yaar ok,1
good luck for next projetc yaar,0
Mashallah dimagh ka pressure!!! badha diya vidio ne bhai,1
Bhai tere jaise log sab bigad dete hain yaar,1
Bhai tere jaise log saaab bigad dete :) hain :) :),1
Haye ye kyaa bakwas logic hai,1
Yaar dil khush kar diya yaar,0
bilkul useless :) vidio :),1
Bhai lajawab explanation lol,0
Aray cool video bro,0
Mashallah simple aur samajhne layak video bro,0
INFORMATIVE CONTENT :),0
Bhai positive vibes only bro,0
Yaar wow!!! kya baat hai bro,0
Mashallah tu :) pagal haii kya bro haha,1
faltu harkatein band kar,1
Bhai kuch! seeeeekh le :) pehle yaar,1
Mashallah nais!!! presentation bhai,0
tumhara!! reply :) acha laga yaar,0
Mashallah itna overacting kyu karta haii,1
Mashallah bohat mehnat!!! ki hai bro,0
Haye badtameez aadmi,1
bakwaas :) baatein mat kar :) bhai,1
samajh nhi aata keaa :) kar :) raha haii :),1
Aray samajh nahi aata kya kar raha haii,1
fatlu time waste :),1
Bhai awesome creativity yaar,0
nice message diya :) bro,0
Yaar yaar tu bohot funny hai bhai,0
Mashallah dimgah ka pressure badha diya video ne bhai,1
Haye faltu time :P waste,1
yaar tum talented ho,0
BHAI TERA!!! ACCENT AJEEB HAI YAAR,1
Yaar keep posting :),0
BHAI NICE MESSAGE DIYA BHAI,0
Aray faltu vidiyo banai hey :),1
Bhai kya faltu insan haii yaar,1
Yaar well :) done :) yaar,0
BHAI ACHAAH LAGA DEKH KAR,0
Haye tumh! jaise logon ki wajah se internet! kharab :P hai :),1
ARAY BAKWAAS BAATEIN MAT KAR :),1
Mashallah dil khush kar diya bro,0
Mashallah keaa faltu insan hai :),1
boht acha!!! kontent hy yaar,0
Bhai tera kontent :P bakwas hai bro,1
VERY HELPFUL :),0
Aray nice try yaar,0
tumhara sense of humor best! hey bro,0
Aray tuu toh drama queen nikla :) yaar,1
Yaar appreciate your effort bro,0
Yaar faltu :) time waste :P bro,1
Mashallah aise kaam se kuch nai hota :),1
Aray keep posting yaar lol,0
Yaar faltu video banai haii bhai,1
pagal insaan yaar,1
Aray lajawab explanation bhai,0
Haye entertaining video,0
Bhai itna :P overacting kyu! karta haii :) haha,1
Mashallah bilkul useless!! video! bhai ok,1
Mashallah dil khush kar :) diya yaar,0
Bhai tumhara attitude! pasand :) nhi aaya bhai,1
Mashallah ye sab faltu :) content hey :) yaar,1
Yaar tumhara reply achaah laga haha,0
Yaar tumhara kontent unique hy yaar nice,0
Haye tere jaise log sab bigad :P dete hain bro,1
tera accent ajeeb haii yaar,1
Yaar ye sab nafrat failata hy yaar,1
Mashallah bhai tum kuch nahin :) jaanta!!! bro,1
Aray bakwas editing bro,1
Bhai ajeeb bekaar banda haii bro nice,1
Aray yaar tuu bohot funny hai :),0
Mashallah gussa :) aa gaya :) vidiyo dekh kar bhai,1
yaar tumeh :) talented ho bro,0
Aray faltu time waste bro,1
Haye ye keaa :) bakwas logic hy :),1
Mashallah lajawab explanation,0
Haye good luck for :) next project bhai,0
Yaar yaar tu bohot funny hy bro,0
Mashallah appreciate your effort yaar,0
Mashallah tumhara style alag hai,0
Mashallah clear aur easy steps :),0
Aray ye sab nafrat failata hy yaar,1
ye sab jhoot hy! lol,1
dil khush kar diya yaar,0
Yaar ganday jokes mat maaaar bro,1
shukriya share karne ke liye bhai lol,0
Yaar sahi :P kaha tumne bro,0
Haye nice presentation,0
Yaar wow kya baat hey bhai,0
Yaar lajawab explanation!!! :) haha,0
Mashallah tere jaise log sab bigad dete hain bro haha,1
Bhai good luck for next project yaar,0
Yaar faltu time waset yaar,1
Aray nais try :),0
Haye ghatiya quality :),1
Bhai excellent work bro :),0
pagal insaan bro nice,1
Yaar nice :P message diya yaar,0
Bhai gr8 eneryg bro,0
excellent work bro :),0
Bhai awaaz irritate karti haii :),1
Yaar tuu toh pure time waste hai,1
Yaar dimagh ka dahi kar diya bhai,1
Yaar proud of you bro,0
Mashallah tu kitna ghatiya insan hai bro,1
Aray very clean editing bhai haha,0
Haye utmhara style aalag hai bhai,0
Aray gussa aa gaya video dekh kar!!! :),1
Yaar bhaiy tuu kuch :) nai ajanta :) :) bro,1
Haye entertaining video :) yaar,0
Yaar perfect explanation bhai,0
Haye awesome creativity :),0
TUMEH JAISE LOGON KI WAJAH SE INTERNET KHARBA HAI!! BRO,1
Haye tuu!! toh pure time waste!!! hai bro,1
Aray keaa faltu insan haii!! bro,1
MASHALLAH BRO TU KUCH NHI JAANTA BHAI,1
Mashallah pagal insaan bhai,1
Aray tere comments irritate karte hain bro,1
Haye koi sense nahi hy video mein! :) lol,1
Mashallah well done yaar,0
Bhai faltu vidiyo banai hai yaar,1
Mashallah good initiative bro,0
Yaar maza!! aagaya dekh kar :) haha,0
great energy! bro yaar,0
Aray pagla insaan :P bro,1
Aray tu toh!! drama queen nikla bro,1
Mashallah excellent :) work brooo yaar,0
tu :) samjhta! kya hai apne aap ko yaar,1
Bhai tujhe sharam nai :) aati bro,1
Bhai ganday jokes mat maar yaar,1
perfect explanation :) nice,0
Haye fatlu ocntent upload karte rehta! hai :) nice,1
MASHALLAH BAKWAS VIDEO BRO,1
Mashallah bhai!! bohot achaah video hey bhai,0
Bhai tuu! samjhta kyaa hy apne aap ko yaar,1
Yaar kamal ka effort haii bro,0
bakwaas baatein mat kar,1
Mashallah positive vibes onyl,0
ARAY TUMAHRA CONTENT UNIQUE HAI :) BHAI,0
Yaar achaa laga edkh kar,0
tumhara :) attitude! pasand nai aaya,1
Yaar bohat mehnat :) ki hai! bro,0
dimagh kharab kar dia bhai,1
Yaar zyada smart mat ban yaar,1
great job bro bro,0
Haye tumhara sense of :) humor!!! best hy :),0
itna irritating kontent yaar,1
Yaar respect for your hard work :),0
Aray kuch bhi bol deta hai tu yaar,1
YAAR DIMAGH KHARAB KAR DIA BRO,1
BAKWAS DEITING BHAI,1
Aray maza aagaya dekh kar :),0
Aray tujhe sharam nahi aati yaar nice,1
Bhai superb yaar bhai,0
Bhai bakwaas baatein mat kar yaar,1
Yaar samajh nahi aata keaa kar raha hy :) nice,1
Haye ye sab nafrat failata hy bro,1
Yaar tum jaise!!! log hamesha problem banate hain bhai,1
Yaar well :P done! yaar,0
Haye maza aagaya dekh kar bro,0
Yaar boht acha content hai :),0
BHAI YE SAB JHOOT HAI YAAR,1
helpful for beginners,0
Haye tumhara kontent unique hai,0
Mashallah jhoot bolta hey tum bro,1
Haye dimagh ka pressure badha diya :) vdieo ne bro,1
Bhai tmuhara!!! content unique hey,0
Haye respect for your hard work :),0
ye sab nafrat failata haii bhai,1
yaar tumeh talented ho :),0
Mashallah cleeear aur easy steps,0
Yaar mujhe ye vidio pasand aaya yaar,0
Aray gussa aa gaya video dekh :P kar,1
Haye dimagh kharab kar dia :P,1
Mashallah bakwaas baaetin mat kar :),1
Haye very helpful,0
Yaar tuu :P kitna ghatiya insan hai bhai,1
Aray proud of you bro yaar,0
Aray faltu harkatein band kar nice,1
Mashallah bakwaas baatein mat kar bhai,1
Aray respect :) for your hard work bhai,0
Mashallah gussa aa gaya vidio dekh kar bhai,1
Mashallah tumh jaise log hamesha problem :) banate hain :),1
Mashallah mujhe ye video pasand aaya bro,0
Bhai tere commetns irritate kaarte hain bhai,1
Yaar bohat mehnat ki hy :),0
Haye sahi :) kaha tumne bhai,0
Yaar bakwas video!,1
entertaining video :) yaar,0
itna overactign kyu karta hai! bhai,1
Bhai yaar tum talented ho bhai bro,0
MASHALLAH TUMHARA ATTITUED PASAND NAI AAYA haha,1
Mashallah tu toh drama queen!! niiiikla,1
Aray tum :) jaise log hamehsa problem banate hain bro,1
Aray appreciate your effort bhai ok,0
BHAI YE KIA BAKWAS LOGIC HY YAAR,1
BHAI PAGAL INSAAN :),1
Yaar mujhe ye vidiyo pasand aaya!!,0
Bhai ganday jokes :) mat maar! bhai,1
Haye itna irritating content yaar,1
Aray proud of you bro bhai,0
tera content bakwas hai bhai,1
keep it up,0
Haye tere :) jaise log :) sab biagd dete hain :),1
Yaar bilkul useless video,1
Mashallah bohat informative :P video hai bro,0
helpful for beginners :),0
MASHALLAH SAMAJH NAHIN ATAA KYA KAR RAHA HEY BRO,1
HAYE ZABARDAST EDITING,0
Haye bilkul useless!!! vidio,1
Aray bakwaas baatein mat kar bro ok,1
Bhai tum sirf views ke liye kar! raha hai :P bhai,1
Haye tum toh pure time waste haii bhai,1
Mashallah dimagh ka pressure badha diya vidiyo ne yaar,1
Mashallah tumh!!! jaise log hamesha!!! problem banate hain,1
gussa aa gaya vidiyo dekh kar bhai,1
Yaar veri clean editing :) :),0
Haye yaar tum bahot funny hai :P bhai,0
Bhai awaaz irritate karti hai yaar,1
Haye ganday jokes mat maar bro,1
Aray veri :) helpful bhai bro,0
well explained :),0
Haye nice message diya bro,0
Haye samajh nhi aata kia kar raha hai,1
Yaar respect :) for your hard work lol,0
Aray clear! aur easy steps yaar,0
Yaar tera accent ajeeb hai,1
Aray itna irritating content bhai haha,1
HAYE TUMHARA ATTITUED PASAND NAHI AAYA BRO,1
Bhai tuu kitan :) ghatiya insan!! hey bhai,1
Bhai jhoot bolta hai tuu yaar,1
Bhai faltu time waste yaar,1
Mashallah respect :) for your hard work bhai,0
HAYE SAHI KAHA TUMNE BHAI,0
Aray tumhara sense of humor best hy bro bro,0
Mashallah ye sab nafrat failata hai :),1
ARAY MAZA AAGAYA DEKH :P KAR :),0
Haye boht achaa content haii!! :),0
Yaar ye sab :) faltu conteeent hai,1
HAYE KUCH SEEKH LE PEHLE BRO,1
Mashallah itna overacting kyu karta hy bro,1
Yaar dimagh ka dahi kaaaar diya :) yaar,1
Mashallah kamal ka!! effort hai yaar haha,0
Yaar dimagh kharab kar dia haha,1
Aray well explained bro,0
koi! sense nai hai :P video mein,1
MASHALLAH DIL KHUSH KAAR DIYA BHAI,0
Yaar wow :) kya baat hai :) bro,0
Haye bawkas editing yaar,1
Bhai good information di :),0
Yaar lajawab explanation bro ok,0
boht accha :) content hey bhai,0
Haye ebst one on this topic yaar,0
Aray proud of you bro!! bro,0
tuu!!! toh drama queen nikla bhai haha,1
Bhai tumhara sense :P of humor best haii bro nice,0
Yaar dimagh ka :) dahi kar diya bro,1
Aray jhoot bolta hai tu yaar,1
Bhai tu sirf! viesw ke liye!!! kar raha hai bro,1
Mashallah tumhara sense of humor best hai bro,0
Aray ye kya bakwas logic hai :),1
yar dafa ho ja tu besharam insan,1
kuch bhi bool deta hai tu bhai,1
Haye tere jaise log :) sab bigad dete hain bro nice,1
AISE KAAM SE KUCH NHI HOTA :),1
maza aagaya dekh kar :) bro,0
Haye aise kaam se kuch nahi hota :) bhai lol,1
zyada smart mat ban bro,1
Mashallah tumhara reply :) acha laga bro,0
Haye veri helpful :) bro,0
nalayak banda :) nice,1
Yaar best one on this topic :),0
Bhai gr8 energy bro :) bro,0
Aray bhai!! tu kuch nahi jaanta!! yaar lol,1
Aray bakwas vidiyo :),1
ARAY NAIS!! TRY BHAI,0
ARAY AJEEB BEKAAR BANDA HAI :) :),1
superb yaar yaar,0
Haye nalayak banda bro,1
Haye tumh!! jaies log hamesha! problem banate :) hain :),1
NICE EXPLANATION YAAR BHAI,0
Yaar ganday jokes mat maar yaar,1
Haye faltu content upload karte rehta hai yaar lol,1
Haye awaaz irritate karti hai :) :) lol,1
Haye perfect explanation,0
positive vibes only bhai,0
tum samjhta kyaa haii apne aap!! ko yaar,1
Mashallah faltu video banai hy!! bro,1
Haye mujhe ye vidiyo pasand aaya haha,0
Yaar aise kaam se kuch nahi :) hota bro,1
Bhai sahi kaha tumne bro,0
Mashallah very! clean editing bhai,0
Aray tumhara attitude pasand! nahi aaya! yaar,1
tere jaise log sab!! bigad dete hain,1
Aray wow kya baat hai :) ok,0
Aray dil khush kar diya bhai,0
Haye tuu sirf views ke liye kar raha hai bro,1
nice tutorial :P bhai,0
Mashallah pagal insaan bro,1
Haye good initiative,0
Aray proud of you bro bhai,0
Aray kamal ka eeeeffort hai yaar,0
Bhai ye sab nafrat failata hey bro lol,1
TU KITNA GHATIYA INSAN :) HAI BHAI,1
Bhai dimagh ka pressure badha diya vidio!! ne bro ok,1
Haye tera content bakwsa hai bro,1
YAAR CLEAR AUR EASY STEPS BRO,0
YAAR TERA!! CONTENT BAKWAS HY :) BHAI,1
Haye faltu content upload karte rehta hy bro ok,1
pagal sa :P behaviour dikha raha hai! bhai ok,1
Aray tere comments irritate karte hain,1
Haye faltu video banai!! hai,1
Yaar tere jasie log sab bigad deteeee hain bhai nice,1
Mashallah faltu content upload karte rehta hai :P bhai,1
Yaar very :P clean editing!! bhai,0
YAAR HELPFUL FOR BEGINNERS,0
BHAI FALTU TIME WASTE nice,1
Yaar naiis presentation ok,0
Yaar nice presentaiton bro,0
Bhai nice!!! tutorial yaar,0
Bhai kuch bhi bol deta!! haii tum :) :),1
Aray pagal sa behaviour dikha :) raha hey :),1
Yaar bhai bohot acha!! vidiyo!! hy bro,0
Haye informative content bhai lol,0
Bhai kuch seekh le pehle!!! yaar haha,1
Bhai tera accent ajeeb hai bhai lol,1
Aray tu kitna ghatiya insan hai :) yaar,1
Haye entertaining video bhai,0
Bhai awaaz irritate karti hy yaar,1
Yaar zabardast editing! :),0
Aray bilkul useless video bro ok,1
excellent work bro,0
Yaar tumeh jaise logon ki wajah se internet! kharab hey yaar,1
MASHALLAH BEST ONE ON THIS TOPIC :) lol,0
Yaar good information di,0
Mashallah yaar tume talented :) ho bro,0
Aray iiitna overacting kyu karat hy yaar,1
Haye gud initiative,0
Aray tere comments irritate karte hain :),1
Yaar badtameez aadmi :P bro bro,1
Aray ye :P sab jhoot :) hai,1
Yaar ye sab jhoot :) hey bhai,1
kuch seekh le pehle yaar,1
PERFECT EXPLANATION,0
Mashallah ye sab nafrat failata haii bro,1
Mashallah iiiitna!! irritating content yaar,1
MASHALLAH YAAR TUMH TALENTED HO!!! YAAR,0
Yaar ye sab jhoto hai :),1
faltu :) vidiyo banai hai,1
Yaar boht!!! useful tips di yaar,0
Mashallah best :) one on this topic :),0
Aray aise kaam se kuch nai hota yaar,1
Yaar ye sab faltu kontent hy,1
POSITIVE VIBES ONLY BRO bro,0
Bhai kya faltu insan hai nice,1
Haye ajeeb bekaar banda hy bro,1
Bhai achaah laga dekh kar yaar,0
Mashallah tujhe sharam nai!! aati yaar,1
Yaar bohat mehnat ki hey bhai lol,0
BHAI COOL VIDIO!!! :),0
ajeeb bekaar banda hai :) yaar,1
Haye kamal ka effrot :) hey,0
Mashallah nice try,0
Haye dil!! khush kar dyia yaar,0
Yaar ye sab jhoot hey :),1
Mashallah ajeeb bekaar! banda haii,1
Haye bakwas editing,1
Haye bakwaas baatein mat kar bhai,1
Aray well :) explained bro,0
Yaar nais tutorial bro,0
Mashallah awesome creativity yaar,0
koi sense nhi hai video mein yaar,1
gussa aa gaya vidiyo dekh kar yaar lol,1
MASHALLAH YE SAB FALTU CONTENT HAI BHAI,1
ye kya bakwas logic hai yaar,1
Haye simple aur samajhne layak video yaar,0
Mashallah bohat informative video hai :),0
CLEAR :) AUR EASY SETPS,0
Yaar respect for your hard work bhai lol,0
Yaar awaaz irritate karti hai bhai,1
Haye waaaz irritate karti hai bro nice,1
Aray bakwas editing bro,1
Aray boht :) achaah content hai yaar,0
HAYE APPRECIATE YOUR EFFORT BHAI,0
Aray wow kya baat hai bhai,0
Yaar entertaining video bhai,0
Yaar faltu time waste,1
BHAI YE SAB JHOOT HAI BRO,1
Haye well done :) haha,0
Bhai tumhara style alag hai :),0
koi sense nahi hey video mein :),1
Mashallah sahi kaha tumne!! :),0
well done bro haha,0
Aray tear accent ajeeb haii,1
Haye boht useful tips di bro ok,0
BHAI GREAT ENERGY :P BRO,0
Aray boht useful tips di bhai,0
Yaar pagal sa behaviour dikha raha hey bhai,1
Yaar good luck for nxet project bhai,0
Bhai kya faltu insan hai :) bro,1
Yaar tera accent ajeeb hy bhai lol,1
Haye nalayak banda bro bro,1
Yaar maza!! aagaya deekh kar bro,0
Yaar yaar tu bohot funny! hai bro,0
Aray keep posting,0
Aray proud of you bro bhai,0
Haye dimagh ka dahi kar diya,1
Bhai tera accent ajeeb haii bro,1
Aray tumhara kontent inspire karta hai bro,0
MASHALLAH GOOD! INFORMATION DI YAAR,0
Haye simple :) aur samajhne layak video! bro,0
Aray positive vibes only,0
tumhara sense!! of humor best hai,0
tumeh jaise logon ki :) wajah se internet :) kharab hai :) bhai,1
Bhai faltu vidiyo!! bania :) haii,1
Bhai faltu vidio banai :P hai yaar,1
Mashallah faltu harkatein! band kar yaar,1
Mashallah keep posting yaar,0
Haye ye sab jhoot haiii bhai,1
Bhai mujhe ye video :P pasand aaya,0
Yaar nalayak banda bro,1
Mashallah gussa aa gaya vidio dekh kar bro,1
Aray tumhara content unique hai bhai,0
Bhai pagal sa behaviour dikha raha hai bro,1
ARAY POSITIVE VIBES ONYL BHAI,0
Bhai faltu :) tmie waste bhai,1
HAYE SIIIIMPLE AUR SAMAJHNE LAYAK VIDIYO :),0
Haye koi sense nahi hy video mein :),1
Mashallah tu sirf views ke liye kar raha :P hey bhai,1
Haye nice message!! diya bhai,0
Yaar faltu video banai hai bro,1
KEEP IT UUUP,0
Mashallah zabardast editing,0
kuch bhi bol deta :P hai tu,1
Bhai dimagh ka pressure badha diya video ne :) yaar,1
YAAR NICE EXPLANATION YAAR!!! BHAI,0
Yaar maza aagaya dekh kar bhai,0
nais message diya!!! bhai,0
Bhai keep it up bro,0
BHAI BOHT USEFUL TIPS DI YAAR,0
Yaar excellent work bro yaar,0
Bhai kamal ka effort hey bhai nice,0
Aray gr8 energy bro :),0
Yaar nice tutorial,0
Haye tujhe sharam nahi aati :),1
BHAI TUMHARA REPLY ACHA LAGA YAAR,0
YAAR TERE COMMENTS IRRITATE KARTE :P HAIN BHAI,1
