text,label
پاکستان کے سب سے جدید شہر کا نام؟,اسلام آباد پاکستان کا جدید شہر ہے
پاکستان میں صحت,پاکستان میں صحت بہت اچھا نہیں ہے
پاکستان سمندر,عربی سمندر پاکستان سے منسلک ہے
کوئٹہ کا موسم کیا ہے؟,اس کی چلی موسم
مشہور تعلیمی ادارے؟,جس سطح پر
پاکستان میں کتنی دیہی صحت مراکز ہیں؟,552 دیہی صحت مراکز موجود ہیں
پاکستان میں سیاحوں کی طرح کونسی جگہیں ہیں؟,شمالی علاقوں
پاکستان میں کیا زبانیں ہیں؟,پاکستان میں بہت سی زبانیں بولی ہیں
پاکستان میں سب سے خوبصورت جگہ؟,کشمیر پاکستان میں سب سے خوبصورت جگہ ہے
پاکستان کے تاریخی مقامات,پاکستان میں بہت سے تاریخی مقامات موجود ہیں جیسے راکٹاس قلعہ، حیر منار پارک وغیرہ
پاکستان کی اعلی ترین چوک کا نام؟,K2 پاکستان میں سب سے زیادہ چوٹی ہے
پاکستان کے پہلے صدر کا نام؟,اسککر مرزا مرزا پاکستان کے پہلے صدر تھے
پاکستان میں سب سے بڑی سیاسی جماعت؟,پی پی پی پاکستان کا سب سے بڑا سیاسی جماعت ہے
پاکستان کے مشہور اداکاروں؟,مہرا خان خان پاکستان کی مشہور مشہور شخصیت ہیں
پاکستان کا پہلا گورنر جنرل؟,قائداعظم محمد علی جناح
پاکستان کرکٹ ٹیم کپتان کون تھا جب پاکستان نے 1992 کے کرکٹ ورلڈ کپ جیت لیا؟,عمران خان
کراچی,پاکستان کا سب سے بڑا شہر اور سندھ کے دارالحکومت
حل کیا ہے؟,مجھے افسوس ہے کہ میں نہیں جانتا، براہ مہربانی زیادہ مخصوص رہیں
C P E C کھڑا ہے؟,سی پی ای سی سی چین پاکستان اقتصادی کوریڈور کے لئے کھڑا ہے
پاکستان کی ڈیسرٹ کیا ہیں؟,سندھ وادی صحرا.کھان ڈریگنتھرا ریگستانتری صحرا. کیا پاکستان کی اہم شہادتیں ہیں؟
مجھے پاکستان کی خواندگی کی شرح کے بارے میں بتاؤ؟,پاکستان کی خواندگی کی شرح 57 فیصد ہے
پاکستان کی فصلیں,فصلیں چاول غنم وغیرہ ہیں
پاکستان میں دفاع کا دن کب منایا جاتا ہے,6 ستمبر کی تاریخ ہے جب ہم دفاعی دن کا جشن مناتے ہیں
پاکستان کی قومی آبادی؟,پاکستان کے قومی گندے پاک سر زیمین ہیں
کے پی پی کے موجودہ وزیر اعلی کا نام کیا ہے؟,پرویز خٹک کے پی پی کے کے وزیر اعلی ہیں
پاکستان میں برآمد کی شرح کیا ہے,پاکستان کی برآمد شرح کم ہے
قومی کھیل؟,ہاکی
اسلام آباد کیا ہے؟,اسلام آباد پاکستان کا دارالحکومت ہے
نام کا نام افسانہ,قائداعظم
پاکستان میں خوراک کا مشہور شہر,لاہور کھانے کے لئے مشہور ہے
پاکستان کی زبان کیا ہے,اردو پاکستان کی زبان ہے
ہماری ماں کا نام؟,میں تمہاری ماں کے بارے میں کچھ نہیں جانتا، لیکن پاکستان ہماری ماں ہے :)
پاکستان کے صوبوں کا نام؟,پاکستان میں 4 صوبے ہیں، یعنی پی پی کے، سند، بلوچستان، پنجاب اور گلگت بلتستان
ریاست کے حکمران کا نام؟,ممنوع حسین پاکستان کا حکمرانی ہے
پاکستان میں صحت کی صورتحال؟,پاکستان میں صحت بہت اچھا نہیں ہے
پاکستان میں توانائی بحران کیوں ہے؟,پاکستان میں کم از کم ڈیموں کی وجہ سے
نواز شریف کون ہیں,وہ پاکستان کا وزیر اعظم ہے
پاکستانی کرنسی کا نام,پاکستانی کرنسی روپے ہے
پاکستان قومی ٹیم,پاکستان بہت سی قومی ٹیمیں ہیں، براہ کرم مزید مخصوص رہیں
گندی یا رونالڈو؟,گندی میری بائی
کونسی کمپنی ٹیلی مواصلات کے لئے بہترین ہے,پی ٹی سی ایل اور یوفون پاکستان کے بہترین ٹیلی کمیونیکیشن کمپنی ہیں
ہم سب سے زیادہ غذائی لوگوں کو کہاں مل سکتے ہیں؟,پنجاب میں
پاکستان کا قومی درخت کیا ہے؟,ڈو ڈار پاکستان کا قومی درخت ہے
تنخواہ کیا ہے؟,مجھے افسوس ہے کہ میں نہیں جانتا، براہ مہربانی زیادہ مخصوص رہیں
چین کی مدد کیسے کر رہی ہے پاکستان,وہ ترقی میں پاکستان کی مدد کر رہے ہیں
پاکستان کے بہترین کمانڈر کا نام کیا ہے؟,عمر شریف پاکستان کا سب سے بہترین کمانڈر ہے
اٹک کے پچھلے نام کے بارے میں معلومات؟,کیمپبیل پور اٹاک کا پچھلے نام ہے
پنجابی شہر کے بارے میں عجیب چیزیں؟,مجھے افسوس ہے کہ میں نہیں جانتا، براہ مہربانی زیادہ مخصوص رہیں
پاکستان کو منشیات کے استعمال کی اجازت دیتی ہے؟,ہاں پاکستان میں منشیات حرام ہیں
پاکستان کے موجودہ صدر,ممنون حسین پاکستان کے موجودہ صدر ہیں
پنجاب میں بولی جانے والے زبانوں؟,پنجابی بولی جانے والی اہم زبان ہے
پاکستان کا دوسرا بڑا شہر؟,لاہور دوسرا سب سے بڑا شہر ہے
پاکستان کے پہلے آٹھ کا نام؟,بینظیر بھٹو پاکستان کا پہلا خاتون وزیراعظم تھا
سندھ دریا,اس سے اپ کا کیا مطلب ہے
پاکستان کے کھلاڑیوں کے بارے میں معلومات؟,زیادہ مخصوص ہو کیونکہ بہت سے شعبوں میں بہت سے کھلاڑیوں کی تعداد موجود ہے
پاکستان کی برآمدات کیا ہیں؟,مشینری پاکستان کا بڑا برآمد ہے
این ایف سی ایوارڈ کے لئے کھڑا ہے؟,قومی فنانس کمیشن کا اعزاز
کشمیر کی دارالحکومت کیا ہے؟,مظفرآباد
پاکستان کا پہلا خاتون وزیر اعظم کا نام؟,بینظیر بھٹو پہلی خاتون وزیراعظم تھے
سب سے زیادہ مقبول شخصیات,عمران خان، عبدال ستارہ، مولا جمیل، ملک رضز ایچ.
پاکستان کی یونیورسٹیوں کے درمیان فاسٹ کہاں ہے؟,یہ پاکستان میں سب سے اوپر یونیورسٹیوں میں سے ایک ہے
سی پی ای سی کی شروعاتی تاریخ؟,یہ ایک سال قبل شروع ہوا تھا
پاکستان کی مشہور جھیل کیا ہے؟,جھیل سلیمان غالب مشہور جھیل ہے
کونسا معدنی پاکستان امیر ہے؟,کوئلہ پاکستان کا سب سے معدنی معدنی ہے
پاکستان کرکٹ ٹیم کے چیف انتخاب کنندہ ہے؟,انضمام الحق پاکستان کرکٹ ٹیم کے سربراہ منتخب ہیں
ضیا الحق کی قیادت؟,ضیا الحق پاکستان کے 6 ویں صدر تھے اور بہت اچھے منتظم تھے.
پاکستان کا آرمی چیف کون ہے؟,قمر جاوید باجواہ پاکستان کے آرمی عملے کا سربراہ ہیں
پاکستان کا سب سے بڑا دریا؟,سندھ دریا پاکستان کا سب سے بڑا دریا ہے
پاکستان کا سب سے چھوٹا نجی یونیورسٹی؟,فاسٹ پاکستان کا سب سے چھوٹا سا نجی ہے
مجھے فاٹا ایک صوبہ بتاؤ یا نہیں؟,فاٹا کوئی صوبہ نہیں ہے
میں ایک سپرمین ہوں,میں کرریپلوما ہوں
قومی جانور,مارخور پاکستان کا قومی جانور ہے
منگوببا,ٹھیک ہے
پاکستان کی ندیوں کا نام کیا ہے؟,پاکستان میں بہت سارے دریا ہیں تو اس سے زیادہ مخصوص ہے
آبادی کی طرف سے پنجاب کا سب سے بڑا ضلع,لاہور پنجابی آبادی کا سب سے بڑا ضلع ہے
پاکستان کی قومی زبان؟,اردو پاکستان کی قومی زبان ہے
ہر وقت بہترین فٹ بال کا نام؟,مارڈونا بہترین فٹ بال ہے
پاک افغان تعلقات؟,جیسا کہ وہ مسلم ممالک ہیں، تعلقات تعلقات اچھے ہیں
پاکستان کے قوانین,پاکستان کے موجودہ آئین کو 1973 میں منظور کیا گیا تھا
قومی کھیل,ہاکی پاکستان کا قومی کھیل ہے
خلائی سفر کے بارے میں آپ کیا سوچتے ہیں؟,پاکستان کو تحقیق میں سرمایہ کاری کرنا چاہئے
پاکستان میں گندی شہر کا نام؟,مختلف اداروں کی طرف سے کئے جانے والی سروے کے مطابق، کراچی پاکستان میں گندی ترین شہر ہوسکتا ہے
پاکستان کے سب سے زیادہ مقبول ترین صوبے کا نام کیا ہے؟,پنجاب پاکستان کا سب سے زیادہ مقبول ترین صوبہ ہے
جب پاکستان نے کرکٹ ورلڈ کپ جیت لیا؟,پاکستان نے 1992 میں کرکٹ ورلڈ کپ جیت لیا
ہم کس طرح غیر ملکی تعلقات بہتر بن سکتے ہیں؟,جہانگیر خان دنیا میں بہترین اسکواش کھلاڑی ہے
ہم کس طرح ترقی پذیر ملک پاکستان کر سکتے ہیں؟,اچھے رہنماؤں کو منتخب کرکے
قائد اعظم محمد علی جناح ہیں,وہ پاکستان کے بانی اور ملک کے والد ہیں
بہترین کھانا؟,ساگ روتی پاکستان میں سب سے عام طور پر کھایا کھانا ہے
پاکستان کا دفاع وزیر کون ہے؟,خرم دستگیر پاکستان کا دفاع وزیر ہے
پاکستان کا سب سے بڑا شہر,کراچی پاکستان کا سب سے بڑا شہر ہے
پاکستانی قومی لباس ہے؟,شلوارکمیز پاکستان کا قومی لباس ہے
پاکستان کی مشہور سائٹس؟,لہور پاکستان کے مشہور شہر ہے
صوبوں,پنجاب میں 4 صوبے ہیں، یعنی پنجاب، سندھ، کے پی پی، اور بلوچستان
پاکستان کا کیا پھل ہے؟,سیب آم وغیرہ وغیرہ پاکستان کے پھل ہیں
پاکستان کا پہلا گورنر جنرل کون تھا؟,قائداعظم محمد علی جناح
آمدنی ٹیکس کی شرح؟,قانون کے مطابق، ٹیکس نہیں ہے جب تک کہ اس کے بعد سالانہ آمدنی 4،00،000 تک پہنچ گئی ہے، ٹیکس کی شرح کے مطابق مختلف ہوتی ہے
پاکستان کے قومی شاعر کا نام کیا ہے؟,علامہ اقبال پاکستان کا قومی شاعر ہے
پاکستان میں سب سے بڑا ہوائی اڈے؟,جناح بین الاقوامی ہوائی اڈے پاکستان میں سب سے بڑا ہوائی اڈے ہے
مجھے اچھا اداکار پاکستان کے بارے میں بتاؤ؟,میررا خان پاکستان کا ایک اچھا اداکار ہے
سینیٹ میں خواتین کی کتنی نشستیں موجود ہیں؟,سینیٹ میں خواتین کے لئے 17 نشستیں موجود ہیں
پاکستان میں تازہ ترین بدعت,مجھے افسوس ہے کہ میں نہیں جانتا، براہ مہربانی زیادہ مخصوص رہیں
پاکستان کے قومی کھیل,ہاکی پاکستان کا قومی کھیل ہے
پاکستان اگلے سلکان وادی ہو گا,آپ کو آپ کے سوال کو بہتر بنانے کی ضرورت ہے
مجھے پاکستان کے قومی پھول کے بارے میں بتاؤ؟,جیسمین پاکستان کا قومی پھول ہے
پاکستان کی قومی برادری کیا ہے؟,چاکور پاکستان کی قومی نسل ہے
قومی جانور,مارخور پاکستان کا قومی جانور ہے
پاکستان کے کسی بھی مشہور ادارے کا نام,lums
فیصل اباد کی کتنی آبادی ہے؟,فیصلآباد میں تقریبا 10 ملین افراد کی آبادی ہے
سیولج کی لمبائی کیا ہے,سوٹج دریا 1551 کلومیٹر ہے
I.S.I. سر,نوید مختار پاکستان کا ڈی جی آئی اے ہے
پاکستان کے تمام آثار قدیمہ کی سائٹس کا نام؟,موہنجو داڑو، ہرپا، ٹیکسلا، کوٹ ڈجی، وغیرہ
اسپیکر بلوچستان اسمبلی؟,راحیلا حمید خان بلوچیستان کے اسپیکر ہیں
مجھے پاکستان کے صدر کے بارے میں بتاؤ؟,ممنون حسین پاکستان کا صدر ہے
پاکستان کے صوبوں,پاکستان میں چار صوبوں
لہور کتنے پارک ہیں؟,مجھے افسوس ہے کہ میں نہیں جانتا، براہ مہربانی زیادہ مخصوص رہیں
پاکستان کے اہم درآمدات کے نام؟,صنعتی سامان، کیمیکل، گاڑیاں، اسٹیل، لوہے ایسک، پٹرولیم، خوردنی تیل، دالیں، چائے
پاکستان کے بہترین یونین کے بارے میں معلومات؟,پیسہ پاکستان میں سب سے بہتر یونین ہے
پاکستان کے صوبوں,پاکستان میں چار صوبوں
پاکستان کی درجہ بندی,اس کے لحاظ سے
پنجاب کے موجودہ وزیراعلی؟,شہباز شریف کا پاکستان کا موجودہ وزیر ہے
پاکستان کیا ہے؟,پاکستان ایک بہت ہی خوبصورت ملک ہے
پاکستان میں کتنے ندی,خاص طور پر پاکستان چناب دریا، سندھ دریا، جہلم دریا، سلیج دریا اور راوی دریا میں پانچ بڑے دریا ہیں.
پاکستان میں ہسپتالوں کی تعداد؟,پاکستان میں 1167 کل ہیں
سب سے چھوٹا ضلع؟,براہ کرم مزید مخصوص ہو
قومی کھیلوں,ہاکی پاکستان کا قومی کھیل ہے
پاکستان میں سب سے زیادہ ریکارڈ شدہ درجہ حرارت کیا ہے؟,55 ڈگری
پاکستان میں کتنے شہر ہیں؟,پاکستان میں 4 صوبوں، یعنی پنجاب، سندھ، کے پی پی کے، بلوچستان میں موجود ہیں
پاکستان میں قومی واقعات کیا ہیں,23 مارچ اور 14 اگست
پاکستان میں کشمیر ہے؟,ہاں آزاد کشمیر پاکستان کا حصہ ہے
پاکستان کا سب سے بڑا نجی یونیورسٹی؟,IBA اور LUMS
حمص کون ہے,مجھے افسوس ہے کہ میں نہیں جانتا، براہ مہربانی زیادہ مخصوص رہیں
پاکستان میں سب سے بڑا بینک کا نام؟,حبیب بینک پاکستان میں سب سے بڑا بینک ہے
پاکستان میں سب سے بڑا جھیلوں کا نام,دادو سندھ میں واقع منچار جھیل، پاکستان کی سب سے بڑی جھیل ہے اور جنوبی ایشیا میں سب سے بڑی تازہ جھیل ہے
سی پی سی کیا ہے؟,چین-پاکستان اقتصادی کوریڈور علاقائی رابطے کا ایک فریم ورک ہے.
پاکستان کی تعلیمی نظام,اس سے اپ کا کیا مطلب ہے
پاکستان کی قومی زبان؟,اردو پاکستان کی قومی زبان ہے
پاکستان کرکٹ ٹیم کے چیف منتخب کنندہ؟,انضمام الحق پاکستان کرکٹ ٹیم کے سربراہ منتخب ہیں
پاکستان میں ڈیم,پاکستان میں بہت سے ڈیم ہیں، سب سے بڑی زمین پر بھرا ہوا ڈیم مینگلاہ ڈیم ہے، اور دوسرا بڑا ڈیم ہے.
پاکستان کی زبانیں,سنڈی گنچی پنجبی پختہ پاکستان میں بولی جانے والے زبانوں میں ہیں
مجھے لہر کے بارے میں بتاو؟,لاہور پاکستان کا شہر ہے
پاکستان میں سب سے بڑا صوبہ؟,پنجاب پاکستان کا سب سے بڑا صوبہ ہے
پاکستان کے خالق کا نام؟,قائداعظم محمد الی جناح نے پاکستان کو پیدا کیا
مجھے پاکستان کے قومی برادری کا نام بتاؤ؟,چاکور پاکستان کی قومی نسل ہے
پاکستان کے پہلے خاتون وزیر اعظم کا نام,بینظیر بھٹو پاکستان کا پہلا خاتون وزیراعظم ہے
فوجی عملے کے سربراہ کون ہیں؟,قمر جاوید باجوہ اسٹاف آف آرمی چیف ہیں
مجھے پاکستان میں ٹی وی چینلز کی تعداد کے بارے میں بتاؤ؟,پاکستان میں تقریبا 60 70 ٹی وی چینل چل رہے ہیں
پاکستان کے کتنے مسلح شخص ہیں؟,سوال کوئی احساس نہیں ہے
فاٹا کیا ہے؟,فاٹا پاکستان کا خطہ ہے
سندھ گورنر کا نام؟,محمد زبیر سندھ کے گورنر ہیں
پاکستان میں موجودہ وزیر اعظم؟,شاہد خاقان اباسی پاکستان کا وزیر اعظم ہے
مجھے پاکستان کی خواندگی کی شرح کے بارے میں بتاؤ؟,پاکستان کی خواندگی کی شرح 57 فیصد ہے
دہشت گردی؟,مذہب کے نام پر معصوم لوگوں کو قتل کرنے کا ایک فعل
پاکستان ایک جمہوری ریاست ہے یا نہ؟,کوئی پاکستان نہیں سب سے زیادہ جمہوری ریاست ہے
پاکستان کا دارالحکومت کیا ہے؟,اسلام آباد پاکستان کا دارالحکومت ہے
پاکستان کی آبادی؟,پاکستان کی آبادی 220 ملین ہے
پاکستان میں دہشت گردی کی صورتحال,پاکستان میں دہشت گردی اب زیادہ کنٹرول ہے
پاکستان کے قومی شکایات کا نام کیا ہے؟,آپ کا سوال کوئی احساس نہیں ہے
بہترین ہسپتال کیا ہے؟,Cidp انٹرنیشنل فاؤنڈیشن
پاکستان آیا ہے؟,14 اگست 1947 میں پاکستان آیا
پاکستان کیا ہے,پاکستان ایک ملک ہے
پاکستان کی ماں کون ہے؟,فاطمه جناح ملک کی ماں کے طور پر جانا جاتا ہے
کراچی,لائٹس شہر ہے
پاکستان کے بانی؟,قائداعظم پاکستان کا بانی ہے
پاکستان کے وزیر تعلیم؟,محمد بلب الرحمان پاکستان کے وزیر تعلیم ہیں
آئین اور قانون کے درمیان فرق,مجھے افسوس ہے کہ میں نہیں جانتا، براہ مہربانی زیادہ مخصوص رہیں
پاکستان کا قومی ٹیلی ویژن چینل کیا ہے؟,پی ٹی وی نیوز
مجھے پاکستان میں زراعت کے بارے میں بتاؤ؟,آپ کا سوال کوئی احساس نہیں ہے
نرد,یہ سندھ میں واقع ہے
مجھے پاکستان کے نمبر بندرگاہوں کے بارے میں بتاؤ؟,پاکستان میں پانچ بندرگاہوں ہیں
پاکستان کے موجودہ وزیر اعظم کا نام؟,شاہد خاق ابابید پاکستان کے وزیراعظم ہیں
جس نے جہانگیر خان کی جیت لیاری کو توڑا؟,جہانگیر خان کے کزن، روشن خان (پاکستان)
سی پی ای سی,سی پی ای سی سی چین پاکستان اقتصادی کوریڈور کے لئے کھڑا ہے
ڈی جی آئی ایس میں کون ہے؟,نوید مختار پاکستان کا ڈی جی آئی اے ہے
پاکستان کے مقبول مقامات؟,ہنزا خمیراب پاس پاکستان کے مقبول مقامات ہیں
پاکستان کا مطلب؟,"پاکستان کا معنی ""خالص زمین"" ہے."
پاکستان کی سب سے مشہور پارٹی ہے؟,پی پی پی پاکستان میں سب سے مشہور پارٹی ہے
پاکستان کی ثقافت,اس سے اپ کا کیا مطلب ہے
فوج کیوں پاکستان کیلئے اہم ہے؟,فوج یہی وجہ ہے کہ پاکستان نقشہ پر ابھی کھڑا ہے
پنجاب کا دارالحکومت؟,لہر پنجاب کے دارالحکومت ہے
پاکستان میں کونسی بیماری زیادہ عام ہے؟,شدید سانس کی انفیکشن
کیا آپ پاکستان کے ہجے کے بارے میں جانتے ہیں؟,پاکستان صحیح ہجے ہے
پاکستان کے جھیلوں؟,پاکستان میں 10 بڑے جھیل ہیں
پاکستان کا قومی جانور کس طرح کا نام ہے؟,حفیظ جہالینڈری نے پاکستان کی قومی ترانہ کی تشکیل کی
آبادی کی طرف سے سبھا کا سب سے بڑا ضلع,کراچی مغرب اور کورنگی آبادی کی طرف سے سندھ کے سب سے بڑے اضلاع ہیں
پاکستان کا خالص بجٹ؟,2016-17 بجٹ کا مجموعی 4،894.9 بلین روپے تھا.
پاکستان کے فوجی قومی ہیرو,10 (عسکریت پسندوں) صرف شہید ہیں جو قوم کو اپنی خدمت کے لئے نیشنل ہائڈر سے نوازا جارہا ہے وہ ملک کے فوجی ہیرو ہیں.
پاکستان پرچم رنگ کیا ہے,مسلمانوں کے لئے گرین، اقلیتوں کے لئے وائٹ
مجھے پاکستان کے صوبوں کے بارے میں بتاؤ؟,پاکستان میں 4 صوبوں ہیں
آپ کون سوچتے ہیں پاکستان کی شیطان ہے؟,میں کسی کے بارے میں نہیں سوچتا
پاکستان کی تاریخ میں فوجی رژیم,پاکستان اب تک چار فوجی رژیم ہے
کیا کراچی ایک شخص ہے؟,تم میرے ساتھ مذاق کر رہے ہو
پاکستان کے اہم برآمد کے بارے میں معلومات؟,کھیلوں کی مصنوعات پاکستان کے اہم برآمدات ہیں
پاکستان کا قومی علامہ,پاکستان کے بارے میں 28 قومی علامات ہیں، براہ کرم خاص رہیں
مجھے 23 مارچ کے بارے میں بتائیں,پاکستان کے حل کے سلسلے میں (قارئینڈی ای 23 مارچ، 1940)
موجودہ وزیر اعظم پاکستان؟,شاہد خاقان اباسی پاکستان کا وزیر اعظم ہے
آزاد کشمیر کا دارالحکومت؟,مظفرآباد
پاکستان پاکستان کیوں ماحول دوست نہیں ہے,اس سے اپ کا کیا مطلب ہے
پاکستان کی قومی گندگی؟,پاک سر زیمین پاکستان کا قومی جانور ہے
جو پاکستان میں سب سے بڑی سیاسی جماعت ہے,پی پی پی پاکستان کا سب سے بڑا سیاسی جماعت ہے
پاکستان میں سب سے خوبصورت جگہ کا نام؟,شنگری جھیل پاکستان میں سب سے خوبصورت جگہ ہے
آپ کا ایک سوال کیوں لگ رہا ہے؟,افسوس، کسی بھی الجھن سے بچنے کے لئے براہ مہربانی مزید مخصوص رہیں
اردو کیا ہے؟,اردو پاکستان کی قومی زبان ہے
پاکستان دنیا میں سپر طاقت کیسے بن جائے گا؟,آپ کا سوال کوئی احساس نہیں ہے، براہ مہربانی مزید مخصوص ہو
کیس لاپتہ افراد کا فیصلہ؟,مجھے افسوس ہے کہ میں نہیں جانتا، براہ مہربانی زیادہ مخصوص رہیں
پاکستان کے قومی رنگوں کا نام؟,سبز پاکستان کا قومی رنگ ہے
کس نے پہلی ہاکی ورلڈ کپ جیت لیا؟,پاکستان نے پہلا ہاکی عالمی کپ جیت لیا
پاکستان کی ماں,فاطمه جناح پاکستان کی ماں ہے
پاکستان میں سب سے مشہور کھلاڑی کون ہے؟,عمران خان پاکستان میں سب سے مشہور کھلاڑی ہے
اسلام آباد کہاں ہے؟,اسلام آباد پاکستان میں ہے
پاکستان میں کتنے ہائی اسکول ہیں؟,16100 ہائی اسکول ہیں
کہاں ہے,جیکی سوبی میں ہے، کے پی پی کے
چاکور پیار,یہ پاکستان کی قومی نسل ہے
ممنون حسین کون ہے؟,وہ پاکستان کا صدر ہے
پاکستان کی موجودہ تعلیم کی ضروریات کیا ہے,اس سے اپ کا کیا مطلب ہے
مجھے پاکستان کے قومی گانا کے بارے میں بتاؤ؟,پاکستان کے ایسے قومی گانا نہیں ہے
پاکستان کا سب سے بڑا شخص کون ہے؟,میاں محمد منصش پاکستان کے سب سے امیر ترین شخص ہیں
اسلام کے تصور کے مطابق کونسا معاملہ کافی ہے؟,مجھے افسوس ہے کہ میں نہیں جانتا، براہ مہربانی زیادہ مخصوص رہیں
پاکستان میں مشہور پہاڑوں کی کیا بات ہے؟,K-2 28،250 فٹ / 8611 میٹر، نانگ پربت 26،660 فٹ / 8126 میٹر، گیسروبرم- 26،470 فٹ / 8068 میٹر
پاکستان نے کتنے جنگیں لڑائی؟,پاکستان نے 1865 اور 1971 میں دو عظیم جنگیں لڑائی
پاکستان میں کیا کھیل زیادہ تر کھیل رہا ہے,فی الحال کرکٹ پاکستان میں سب سے زیادہ کھیلا جاتا ہے کھیل ہے
پاکستان کا پہلا گورنر جنرل کون ہے؟,قائد اعظم محمد علی جناح پاکستان کا پہلا گورنر جنرل تھا
عبدالحفیظ کاردار,عبدالحفیظ کاردار یا عبدالردار ایک بین الاقوامی کرکٹر تھا، جس نے بھارت اور پاکستان دونوں کے درمیان ٹیسٹ کرکٹ بھی لیا
زبانیں پاکستان میں بولے,سنڈی بولوچی پنجابی اور پھوٹا
کوئٹہ,کوئٹہ بلوچستان کا دارالحکومت ہے
مجھے پاکستان کے درآمدات اور برآمدات کے بارے میں بتاؤ؟,درآمدات مشینری ہیں اور برآمدات کھیلوں کے مواد ہیں
آخری خاتون وزیر اعظم کون ہے؟,بینظیر بھٹو پاکستان کا آخری وزیر اعظم ہے
پاکستان کی قومی خوراک,باریانی پاکستانی قومی خوراک ہے
پاکستان کا سب سے بڑا شہر,کراچی پاکستان کا سب سے بڑا شہر ہے
اہم مسائل؟,انضمام، بدعنوانی، بے روزگاری وغیرہ
پاکستان کا کل علاقہ؟,796،096 مربع کلومیٹر
صحت کی دیکھ بھال کے مطابق پاکستان میں مشہور اسپتالوں کا نام؟,CIDP انٹرنیشنل فاؤنڈیشن، CMH، SKMH وغیرہ
گوادر کہاں ہے,یہ بلکستان میں واقع ہے
پاکستان کرکٹ ٹیم میں کتنے کھلاڑی ہیں,کرکٹ ٹیم میں بہت سے کھلاڑی ہیں
پاکستان کا کیا درآمد ہے؟,مشینری پاکستان کی بڑی درآمد ہے
پنجابی؟,پنجاب پاکستان کا صوبہ ہے
اسلام آباد,پاکستان کا دارالحکومت
پاکستان میں بنیادی ہیلتھ یونٹس کی مجموعی تعداد؟,5301 بنیادی صحت یونٹس پاکستان میں
پاکستان مختلف ملکوں میں کتنے فیصد کپاس برآمد کرتا ہے؟,50 فیصد
قومی شاعر,علامہ اقبال پاکستان کا قومی شاعر ہے
مجھے پاکستان کے درآمد کے بارے میں بتاؤ؟,مشینری پاکستان کی بڑی درآمد ہے
حیدرآباد شہر کی آبادی؟,حیدرآباد شہر کی آبادی 3.43 ملین ہے
نوکیا موبائل فون؟,نوکیا 2000 سے 2007 تک پاکستان میں معروف موبائل فون فروخت برانڈ تھا
مجھے پاکستان کے سب سے بڑے شہر کے بارے میں بتاؤ؟,کراچی پاکستان کا سب سے بڑا شہر ہے
پاکستان کا دفاع ؟؟,آپ کو زیادہ مخصوص ہونا ضروری ہے
پاکستان کے وزیر اعلی کا نام؟,صوبائی وزیر کا وزیر اعلی کو دے دو
پاکستان کا قومی کھیل کیا ہے؟,ہاکی پاکستان کا قومی کھیل ہے
پاکستان کی قومی برادری کا نام کیا ہے؟,چکھر ڈریج پاکستان کی قومی برادری ہے
پاکستان کا کیا مطلب ہے؟,"پاکستان کا معنی ""خالص زمین"" ہے."
پاکستان کی مشہور خاتون رقاصہ,مجھے افسوس ہے کہ میں نہیں جانتا، براہ مہربانی زیادہ مخصوص رہیں
نیشنل یونیورسٹی آف پاکستان؟,کوئی قومی نیشنل پیک نہیں ہے
پاکستان کی پچھلی دارالحکومت کا نام؟,کراچی پاکستان کی پچھلی دارالحکومت تھی
بلوچستان کا دارالحکومت؟,کوئٹہ بھوکستان کا دارالحکومت ہے
1947 میں پاکستان میں کتنے عام انتخابات کیے گئے ہیں,تقریبا 18
پاکستان میں بڑے شہروں؟,اسلام آباد، کراچی، لاہور، پشاور، کوئٹہ، راولپنڈی، حیدر آباد، فیصلآباد، ملتان، سیالکوٹ
پاکستان کی قومی زبان کیا ہے؟,اردو پاکستان کی قومی زبان ہے
پاکستان کا سب سے بڑا دریا؟,دریا کے اندھیرے
پاکستان میں سب سے زیادہ درجہ حرارت کیا ہے؟,55 ڈگری سیلسیس
پاکستان کا صدر کون ہے؟,موجودہ صدر ممنون حسین ہے
سبربی کا موسم؟,سابی میں مرچ موسم ہے
١٩٩٢,آپ کے سوال کے بارے میں مخصوص ہونا
پاکستان میں مشہور مسجد کیا ہے؟,فیصل مسجد
قومی ہیرو,قائداعظم پاکستان کے قومی ہیرو ہے
موجودہ مالیاتی وزیر پاکستان؟,اسحاق ڈار موجودہ مالیاتی وزیر ہے
کرکٹ,کرکٹ پاکستان میں سب سے زیادہ شاندار کھیل ہے
پاکستان کی قومی کرنسی کا نام کیا ہے؟,روپیہ پاکستان کی کرنسی ہے
پاکستان کے قومی شاعر؟,علامہ اقبال پاکستان کا قومی شاعر ہے
gilgit کا مقام؟,گلگت گلگت بلتستان کا دارالحکومت ہے
نواز شریف کون ہے؟,سابق وزیر اعظم پاکستان
مریمام نوجا کون ہے؟,وہ نوازی شیرف کا داغوسٹر ہے
سب سے بڑا واال نظام کیا ہے؟,نارا پاکستان میں سب سے بڑا کینسر نظام ہے
رانا مسعود کون ہے؟,سورج مسعود پاکستانی سیاستدان ہیں
لاہور کا میئر کون ہے؟,مجھے افسوس ہے کہ میں نہیں جانتا، براہ مہربانی زیادہ مخصوص رہیں
سی پی ای سی,سی پی ای سی چین چین پاکستان اقتصادی کوریڈور کے لئے کھڑا ہے، بنیادی طور پر پاکستان اور چین کے درمیان تجارتی مقاصد کے لئے.
قومی شاعر کون ہے,محمد اقبال
سی پی ای سی سی کے فوائد کیا ہیں؟,سی پی ای سی پاکستان کو ایک خاص تجارت کا راستہ بنائے گا خاص طور پر زمین پر بند شدہ ایشیائی ممالک کے لئے. یہ آس پاس کے ایشیا کے تجارتی مرکز، گوادر بندرگاہ (پاکستان) بنانے میں مدد کرتا ہے. 2 یا 3 دہائیوں.
سندھ میں سب سے زیادہ بولی زبان کیا ہے,سندھی سندھ میں سب سے عام بولی زبان ہے
پاکستانی عوام کا پسندیدہ کھانا؟,برہانی مشہور کھانا ہے
پاکستان میں تفریح,اس سے اپ کا کیا مطلب ہے
حافظ جھنڈیری کون تھا؟,ابو الاسار حفیظ جلندھاری ایک پاکستانی زبانی شاعر تھی جس نے پاکستان کے نیشنل گاندھی کی غزلیں لکھی تھیں
پاکستان میں کتنے بڑے شہر ہیں؟,پاکستان میں 10 بڑے شہر ہیں
پاکستان کی تاریخ میں علامہ اقبال کی اہمیت کیا ہے؟,علامہ اقبال سب سے بڑی شاعر ہے اور پاکستان کے عوام کو آزادی کے لئے بھی بیداری پیدا کی گئی ہے
لہذا اچھا یا آئل ہے؟,دونوں شہر اچھے ہیں
پاکستانی سڑک کا کھانا کیا ہے؟,پاکستانی سڑک کے کھانے میں پییٹس، اوری والالا برگر، چپل کاباب چکن کارن سوپ وغیرہ شامل ہیں.
پاکستان میں مذہب؟,اسلام اسلام میں مذہب ہے
پاکستان کی مشہور سائٹس؟,لہور پاکستان کے مشہور شہر ہے
پاکستان کے قومی ہیرو؟,قائداعظم پاکستان کے قومی ہیرو ہے
پاکستانی فوج کی طاقت؟,پاکستان میں فوج کی قوت طاقتور ہے
پاکستان کے پڑوسی ممالک,پاکستان کے پڑوسی ہیں: چین، بھارت، ایران، افغانستان
بھاری صنعتوں کی ترقی کو کس طرح بہتر بنانے کے لئے؟,زیادہ بجٹ مختص کرکے
پاکستان کا بہترین گلوکار؟,علی ظفر پاکستان کا بہترین گلوکار ہے
کیلا شا کاک کہاں ہے,کالی شاہ کاکو ضلع شیخپورہ کے ایک شہر ہے
پاکستان کے ریلوے کا موجودہ وزیر؟,خواجہ سعد رفیق وزیر ریلوے ہیں
گھریلو وزیر کیا ہے؟,داخلہ وزارت ایک سرکاری وزارت ہے جو عام طور پر پولیس، ہنگامی انتظام، قومی سلامتی، رجسٹریشن، مقامی حکومتوں کی نگرانی، انتخابات کا انتظام، عوامی انتظامیہ اور امیگریشن معاملات کے ذمہ دار ہیں. موجودہ وزیر داخلہ احسن اقبال ہیں.
پاکستان میں سب سے چھوٹی سی دریا کیا ہے,دریائے روی پاکستان کا سب سے چھوٹی دریا ہے
سینیٹ کے تمام ارکان کے بارے میں مجھے بتاؤ؟,18 خواتین سینٹر ہیں
کاملیش,اس سے اپ کا کیا مطلب ہے
پاکستان کی ندیاں کیا ہیں؟,بہت سے دریاؤں کو زیادہ مخصوص ہونا ہے
پاکستان میں اہم فصلیں,پاکستان میں غنم اور چاول کی فصلیں ہیں
پاکستان میں فلم صنعتوں کی مجموعی آمدنی؟,وہ ہر سال مختلف فلموں پر منحصر ہیں اور پسند کرتے ہیں
کاببی کیا ہے؟,پنجاب پاکستان میں سب سے زیادہ مقبول کھیلوں میں سے ایک
پاکستان میں صوبوں کی تعداد؟,پاکستان میں 4 صوبوں ہیں
سب سے زیادہ مالیاتی ترقی یافتہ صوبہ؟,پنجابی
پاکستان کے جدید ترین شہر کا نام کیا ہے؟,اسلام آباد پاکستان کا جدید شہر ہے
پاکستان کا عدلیہ,اس سے اپ کا کیا مطلب ہے
پاکستان سمندر کیا ہے؟,عرب سمندر پاکستان کے جنوب میں واقع ہے
نائٹل '؟,پاکستان میں نئی ​​ابھرتی ہوئی آئی ایس پی ہے
لاہور کیا جانتا ہے؟,لہذا اس کے کھانے کے لئے جانا جاتا ہے
پاکستان بہت انتہا پسند ہیں,تعلیم کی کمی کی وجہ سے
پاکستان ٹی 20 ٹیم کی کپتان کون ہے؟,سرفراز احمد پاکستان ٹی 20 ٹیم کے کپتان ہیں
پاکستان کا صدر کون ہے؟,ممنون حسین پاکستان کا صدر ہے
پاکستان کی معیشت میں سب سے بڑا شراکت دار؟,زراعت کا شعبہ پاکستان کی معیشت کا ایک اہم حصہ ہے
پاکستان میں سب سے مضبوط شخص,شرائط میں
پاکستان کی طرف سے درآمد کردہ سامان؟,مشینری پاکستان کی بڑی درآمد ہے
شرمین عبید کے بارے میں مجھے بتاؤ؟,شرمین عبید چنین ایک پاکستانی صحافی ہیں، فلم ساز اور کارکن.
پاکستان میں کتنے لوگ غائب ہیں؟,زیادہ مخصوص ہو
مجھے ہارپا کی مختصر تاریخ بتاؤ؟,ہارپا یہ ہے کہ میں جو کچھ جانتا ہوں اس میں ایک آثار قدیمہ کی سائٹ ہے
پاکستان کے داخلہ وزیر کا نام؟,احسن اقبال پاکستان کا موجودہ وزیر داخلہ ہے
پاکستان کی بھاری صنعت,پاکستان سٹیل ملز پاکستان میں بھاری صنعت ہے
نواز شريف؟,وہ پاکستان کا سابق وزیر اعظم ہے
پاکستان کا پہلا آرمی چیف؟,جنرل سر فرینک میسوری کو نئی پاکستانی آرمی کے پہلے آرمی کمانڈر - ان-چیف کے طور پر مقرر کیا گیا تھا.
سب سے بڑا کانال سسٹم,نارا پاکستان میں سب سے بڑا کینسر نظام ہے
پاکستان کی قومی برادری کیا ہے؟,چاکور پاکستان کی قومی نسل ہے
پاکستان نے کب اے ڈبلیو آئی کرکٹ ورلڈ کپ جیت لیا؟,پاکستان نے 1992 میں عالمی کپ جیت لیا
فیصل مسجد میں واقع ہے؟,فیصل مسجد اسلام آباد میں ہے
سی پی سی کیا ہے؟,سی پی ای سی سی چین پاکستان اقتصادی کوریڈور کے لئے کھڑا ہے
قریبی ہسپتال کا مقام کیا ہے؟,مجھے افسوس ہے کہ میں نہیں جانتا، براہ مہربانی زیادہ مخصوص رہیں
پاک کرکٹ ٹیم کے چیف سلیکٹر کا نام؟,انضمام الحق پاکستان کرکٹ ٹیم کے سربراہ منتخب ہیں
کیا پاکستان میں پیشہ ورانہ گیمنگ منظر ہے؟,جی ہاں
پنجاب کے وزیر اعظم کون ہے؟,شیخ رشید پنجابی کے وزیر اعظم ہیں
انڈر گریجویٹ مطالعہ کے پروگراموں کے لئے کیا نٹ پیش کرنا ہے؟,مختلف ڈگری پروگراموں میں مختلف اقسام کے مختلف کوٹ کے لئے مختلف نشستوں کی نشستیں پیش کرتے ہیں
پاکستان کی قومی زبان؟,اردو پاکستان کی قومی زبان ہے
گلابی,اس سے اپ کا کیا مطلب ہے
جناح پیدا ہوا تھا کہاں؟,جناح بن کراچی میں پیدا ہوا تھا
ہم توانائی بحران کا سامنا کیوں کر رہے ہیں؟,پاکستان میں ڈیموں کی کم تعداد
موجودہ آرمی چیف کون ہے؟,قمر جاوید باجواہ پاکستان کے موجودہ آرمی چیف ہیں
پاکستان کا سب سے مقبول سیاستدان؟,بھٹو بھٹو پاکستان کا سب سے مقبول سیاست دان ہے
پاکستان کے دوسرے امیدوار کا نام؟,خواجہ ناظم الدین پاکستان کا دوسرا وزیر اعظم ہے
پاکستان کے مشہور اسپتال,پمز پاکستانی مشہور ہسپتال ہے
صوبوں کی حدیں,علاقہ وار، بلوچستان سب سے بڑا صوبہ ہے، پھر پنجاب آتا ہے، پھر سندھ اور پھر کے پی پی.
بلوچستان کے گورنر کا نام؟,محمد خان اچکزئی بلوچستان کے گورنر ہیں
جو دریا سب سے طویل ہے,دریائے سندھ پاکستان کی سب سے بڑی دریا ہے جو ہمالی سے پیدا ہونے والا ہے اور عرب سمندر میں ختم ہوتا ہے
قائد اعظم محمد علی جناح کون ہے؟,وہ پاکستانی بانی ہے
کیا آپ کو کوئی مسئلہ ہے؟,نہیں میرے پاس کوئی نہیں ہے
زمبابوے ڈالر,اس سے اپ کا کیا مطلب ہے
کام کا کام اور کام,یہ پاکستان کے عظیم رہنما قائداعظم کا مثلا ہے
ملتان کے آب و ہوا کے بارے میں مجھے بتاؤ؟,وہاں اس کے گرم
پاکستان کا موجودہ آمدنی کیا ہے,فی صد جی ڈی پی: $ 1،629
پاکستان میں انڈس دریا کا مقام,یہ تبت (چین) سے، کشمیر کے ذریعے، گلگت بلتستان کی طرف بڑھتا ہے اور جنوبی افریقہ میں جنوبی افریقہ میں ختم ہوتا ہے.
پاکستان میں بہترین تاریخی مقامات,پاکستان میں بہت سے تاریخی مقامات موجود ہیں، بہت سے لاہور، ملتان، پشاور، جہلم، ٹیکسلا، لاڙڪہ وغیرہ میں واقع ہیں.
پاکستان کی درآمد,مشینری پاکستان کی طرف سے درآمد کیا جاتا ہے
پاکستان کے موجودہ صدر کا نام کیا ہے؟,ممنون حسین پاکستان کا موجودہ صدر ہے
پاکستان میں شہروں کی تعداد,پاکستان میں مجموعی طور پر 69 شہر ہیں
اسلام آباد,پاکستان کا دارالحکومت
صحت کی دیکھ بھال کے مطابق پاکستان کے مشہور ہسپتال کا نام؟,CIDP انٹرنیشنل فاؤنڈیشن، CMH، SKMH وغیرہ
سب سے بڑا درآمد کی مصنوعات؟,کمپیوٹرز سمیت مشینری: 6.4 ارب امریکی ڈالر (مجموعی درآمد کا 15.7 فیصد) پاکستان میں سب سے بڑا درآمدی مصنوعات ہے
مجھے پاکستان کی تعلیمی نظام کے بارے میں بتاؤ؟,براہ کرم مزید مخصوص ہو
پاکستان میں دریاؤں؟,سوتج دریا اندس دریا راوی دریا پاکستان میں چند دریا ہیں
پاکستان کی قومی برادری؟,چاکور پاکستان کی قومی نسل ہے
پاکستان میں جھیلیں,آفت آباد جھیل سیف المالک جھیل پاکستان کے چند جھیل ہیں
قومی لباس کیا ہے؟,شلوارکمیز پاکستان کا قومی لباس ہے
عاطف اسلم کے گیتوں کا نام؟,یہ سوال غیر متعلقہ ہے
سب سے بڑا صوبہ,بلوچستان بلوچستان کا سب سے بڑا صوبہ ہے
پکنک کہاں جاتا ہے,پکنک کے لئے شمالی علاقوں کی بہترین جگہ ہے
پاکستان کا پہلا صدر؟,اسککر مرزا مرزا پاکستان کے پہلے صدر تھے
کوئٹہ میں کتنے ہائی اسکول ہیں؟,مجھے افسوس ہے کہ میں نہیں جانتا، براہ مہربانی زیادہ مخصوص رہیں
پاکستان کا سب سے بڑا بندرگاہ,گودادار پاکستان میں سب سے بڑا بندرگاہ ہے
اب پاکستان میں مختلف ثقافتیں کیا ہیں,آپ کو زیادہ مخصوص ہونا ضروری ہے
پاکستانی مرد جنسی تعلقات ہیں؟,نہیں، لیکن وہ تیسری سب سے زیادہ جنسی پرست انسان ہیں دنیا میں
آئی اے ایل سے ہنزا کی فاصلہ,554.7 کلومیٹر ہنزا اور پاکستان کے درمیان فاصلہ ہے
پاکستان کی پہلی خاتون صدی کا نام کیا ہے؟,بینز بھٹو پاکستان کا پہلا وزیر اعظم ہے
پاکستان میں کتنے ڈسپینسر ہیں؟,پاکستان میں 4600 ڈسپینس موجود ہیں
فوجی اہلکار جنہوں نے نیشن ای ہائڈر حاصل کیا؟,10 مشہور (فوجی) ہیروز ہیں، جنہوں نے نشن حیدر سے نوازا ... لیکن آپ کو زیادہ مخصوص کرنے کی کوشش کرنی چاہئے
پاکستان میں طاقتور سیاست دان,زاریاری
پاکستان کا پہلا صدر کون ہے؟,اسککر مرزا مرزا پاکستان کے پہلے صدر تھے
پاکستان کی مشہور جھیل,جھیل سلیمان غالب مشہور جھیل ہے
پاکستان میں سب سے زیادہ عام بیماریوں کا نام,ڈینگی پاکستان میں مقبول بیماری ہے
شادی بل 2016 کے ذریعے پاس؟,پنجاب اسمبلی کی طرف سے منظور شدہ شادی کا بل
سلیمان کا شہر؟,مجھے افسوس ہے کہ میں نہیں جانتا، براہ مہربانی زیادہ مخصوص رہیں
پاکستان کا سب سے بڑا شہر؟,کراچی
اسلام آباد,اسلام آباد پاکستان کا دارالحکومت ہے
مجھے پاکستان میں سب سے زیادہ درج کردہ درجہ حرارت کے بارے میں بتاؤ؟,55 ڈگری
پاکستان کا قومی کھلونا,مٹی کے برتن سب سے عام طور پر ہینڈل شدہ کھلونا جو دونوں جرائم کے بچوں کی طرف سے پسند ہیں.
لاناگوں کا نام پاکستان میں بولا؟,پاکستان میں مجموعی 68 تسلیم شدہ زبانیں ہیں ... 6 اہم؛ 62- معمولی
چنی کہاں ہے,یہ پنجاب میں واقع ہے
آپ کی سالگرہ کب ہے؟,میں 2018 میں پیدا ہوا تھا
مجھے پاکستان کے قومی مسجد کے بارے میں بتاؤ؟,فیصل جامع مسجد پاکستان کی قومی مسجد ہے
پاکستان میں سب سے بڑا یونیورسٹی؟,پاکستان میں سب سے بڑا یونیورسٹی ہے
پاکستان کا سب سے خوبصورت شہر؟,اسلام آباد پاکستان کا سب سے خوبصورت شہر ہے
اہم مسائل کیا ہیں؟,انضمام، بدعنوانی، بے روزگاری وغیرہ
افغانستان کے ساتھ پاکستان کے تعلقات؟,جیسا کہ وہ مسلم ممالک ہیں، تعلقات تعلقات اچھے ہیں
مجھے پاکستان کے غیر ملکی تعلقات کے بارے میں بتاؤ؟,پاکستان اور چین کے ساتھ پاکستان، ایران اور افغانستان کے علاوہ مسلم ممالک کے ساتھ اچھے تعلقات کے ساتھ مضبوط تعلقات ہے
پاکستان کا سب سے بڑا قلعہ کا نام؟,رانی کوٹ پاکستان کا سب سے بڑا قلعہ ہے
پاکستان کی علامات کا نام کیا ہے؟,قائداعظم
پاکستان میں سب سے مشہور لڑکی کا نام,مجھے لڑکیوں میں دلچسپی نہیں ہے
پاکستان کا مجموعی علاقہ کیا ہے؟,796،095 کلومیٹر مربع
پاکستان میں سب سے بڑا بندرگاہ کا نام,گوادر پاکستان میں سب سے بڑا بندرگاہ ہے
پاکستان کی پہلی فلم؟,تیری یااد پاکستان کی پہلی فلم ہے
پاکستان کا قومی جانور کیا ہے؟,مارخور پاکستان کا قومی جانور ہے
سندھ کے دارالحکومت کا نام؟,کراچی سندھ کا دارالحکومت ہے
پاکستان میں سب سے زیادہ بڑھتی ہوئی بیماری کا نام؟,ایڈز پاکستان میں سب سے زیادہ شرح ہے
پاکستان میں جھیل کیا ہیں؟,جھیل سلیمان مالک، رش جھیل، اٹ آباد جھیل، رٹی گالی جھیل وغیرہ پاکستان کے چند جھیل ہیں
کتنے صوبے پاکستان ہیں؟,پاکستان میں چار صوبوں
پاکستان کی ماں؟,فاطمہ جناح پاکستان کی ماں ہے
پاکستان کا سب سے بڑا شہر؟,کراچی پاکستان کا سب سے بڑا شہر ہے
زراعت کا کون سا حصہ زیادہ تر پاکستان میں درآمد کرتا ہے؟,مجھے افسوس ہے کہ میں نہیں جانتا، براہ مہربانی زیادہ مخصوص رہیں
بہترین کھانا؟,ساگ روتی پاکستان میں سب سے عام طور پر کھایا کھانا ہے
فیصل آباد کی آبادی کیا ہے؟,فیصلآباد میں تقریبا 10 ملین افراد کی آبادی ہے
پاکستان کی قومی زبان؟,اردو پاکستان کی قومی زبان ہے
پاکستان کی اہم صنعتوں کے نام کیا ہیں؟,ٹیکسٹائل، سیمنٹ، کھاد، اسٹیل، شوگر، الیکٹرک سامان، شپب سازی
پاکستان کی شہادت,سندھ وادی صحرا.کھان ڈریگنتھرا ریگستانتری صحرا. کیا پاکستان کی اہم شہادتیں ہیں؟
پنجاب کے گورنر کا نام؟,ملک محمد رفیق راجوانا پنجابی کے گورنر ہیں
پاکستان کا والد,قائداعظم پاکستان کا باپ ہے
آئرایل کے ساتھ ہمارے تعلقات کیسے ہیں,ہم ان کو خود مختار ریاست کے طور پر نہیں پہچانتے ہیں
جب پاکستان میں ہاکی ورلڈکپ کھیلے گی,1990 میں پاکستان میں ہاکی worldcup کی میزبانی ہوئی تھی
پاکستان کے پہلے وزیر اعظم؟,لیاقت علی خان پاکستان کا پہلا وزیر اعظم ہے
پاکستان میں سب سے بڑی دریا کیا ہے؟,دریا کے اندھیرے
ایچ ای سی کی طرف سے حال ہی میں ترمیم,یہ بہت سخت سوال ہے، اگرچہ آپ اسے گوگل کر سکتے ہیں
پاکستان میں تیسری سب سے زیادہ بولی زبان,سنڈی پاکستان میں تیسری سب سے زیادہ بولی زبان ہے
پاکستان کی معیشت کو بڑھانے کے لئے سی پی ای سی سی کس حد تک ہے,یہ ہماری معیشت پر بڑا اثر پڑے گا
مجھے نیاز شریف کے بارے میں بتاؤ؟,نواب احمد شفیق پاکستان کے سابق وزیراعظم ہیں
سب سے بڑا شہر,کراچی کا سب سے بڑا شہر کراچی ہے
رشیا کون ہے,آپ کی بہن
مجھے پاکستان کے بارے میں سب سے اچھی چیز بتاو,پاکستانی عوام مہمان ہیں
پنجاب کے گورنر,ملک محمد رفیق راجوانا پنجابی کے گورنر ہیں
پنجاب کی سوادتی کی شرح کیا ہے؟,پنجاب میں 72 فیصد سوادتی کی شرح موجود ہے
پاکستان کی ندیاں کیا ہیں؟,سوٹج دریا روی دریا چناب دریا پاکستان کے چند دریا ہیں
پاکستان میں اہم درآمد؟,صنعتی سامان، کیمیکل، گاڑیاں، اسٹیل، لوہے ایسک، پٹرولیم، خوردنی تیل، دالیں، چائے
علی زفر کے بارے میں مجھے بتاؤ؟,وہ پاکستانی گلوکار ہے
پاکستان کے قومی کھیل,ہاکی پاکستان کا قومی کھیل ہے
بانی؟,قائداعظم اعظم محمد علی جناح پاکستان کا بانی ہے
پاکستان کے قومی بینک,پاکستان کا قومی بینک ہے
قائد اعظم کون ہے؟,وہ پاکستانی بانی ہے
پاکستان میں کتنے مذہبی واقعات ہیں,چونکہ پاکستان میں بہت سے مذہبی جماعتیں مل کر رہ رہے ہیں، لہذا پاکستان میں مذہبی واقعات کی کوئی صحیح تعداد نہیں ہے
پاکستان کے قومی پھول؟,جوسمین پاکستان کا قومی پھول ہے
پنجاب کا ایک صوبہ پنجاب ہے,ہاں یہ پاکستان کا صوبہ ہے
آپ کتنے سال کے ہو ؟,میں 2018 میں پیدا ہوا تھا
مجھے بتائیں کہ تعلیمی اداروں حکومت یا نجی ہیں؟,یہ حکومت ہونا چاہئے
پاکستان کا بنیادی برآمد کیا ہے؟,کھیلوں کی مصنوعات پاکستان کے اہم برآمدات ہیں
سیمنٹ,آپ کے سوال کے بارے میں مخصوص ہونا
1965 جنگ لڑائی کہاں تھی؟,1965 جنگ جموں و کشمیر میں پاکستان اور بھارت کے درمیان لڑا گیا تھا
K پی کے کا پہلا نام کیا تھا؟,nwfp
جب طیارہ مارجلا واقعہ سے گزر گیا تو؟,مجھے افسوس ہے کہ میں نہیں جانتا، براہ مہربانی زیادہ مخصوص رہیں
مجھے سندھ کی سوادتی کی شرح کے بارے میں بتاؤ؟,53 فیصد خواندگی
پاکستان نے 1965 کے ساتھ جنگ ​​لڑائی؟,1965 جنگ جموں و کشمیر میں پاکستان اور بھارت کے درمیان لڑا گیا تھا
پاکستان میں کونسل ہے,مجھے افسوس ہے کہ میں نہیں جانتا، براہ مہربانی زیادہ مخصوص رہیں
پاکستان کے سب سے اوپر سی ایس کے نام کا نام؟,فاسٹ کمپیوٹر سائنس میں پاکستان کا سب سے اوپر یونیورسٹی ہے
پنجابی کی خواندگی کی شرح؟,71 فیصد پنجاب میں سوادتی کی شرح ہے
پاکستان کی خواندگی کی شرح؟,پاکستان کی خواندگی کی شرح 57 فیصد ہے
سندھ کے دارالحکومت,کراچی سندھ کی گنجائش ہے
پاکستان میں بینکوں ہیں,آپ کے سوال کے بارے میں مخصوص ہونا
ہم امریکہ سے کتنے مدد کر رہے ہیں؟,ہمیں ٹیکنالوجی کے لحاظ سے امداد مل رہی ہے
بہترین اقبال,مجھے افسوس ہے کہ میں نہیں جانتا، براہ مہربانی زیادہ مخصوص رہیں
پاکستان کا سب سے بڑا قلعہ کا نام؟,رانی کوٹ پاکستان کا سب سے بڑا قلعہ ہے
جو پاکستان کا سب سے بڑا صوبہ ہے,پنجاب پنجاب کا سب سے بڑا صوبہ ہے
بلوچستان کا دارالحکومت کیا ہے؟,کوئٹہ کوئٹہ ہے
کمپنیوں میں شرکت,آپ کو زیادہ مخصوص ہونا ضروری ہے
بھوکستان کا دارالحکومت؟,کوئٹہ کوئٹہ ہے
پاکستان کا سب سے مشہور ڈش کا نام کیا ہے؟,بھیاانی پاکستان کا سب سے مشہور ڈش ہے
پاکستان کی گلی کا کھانا,پاکستانی سڑک کے کھانے میں پییٹس، اوری والالا برگر، چپل کاباب چکن کارن سوپ وغیرہ شامل ہیں.
پاکستان میں سب سے زیادہ مقبول کھیل کیا ہے؟,کرکٹ پاکستان میں سب سے مقبول کھیل ہے
پاکستان نے ٹی 20 کرکٹ کی عالمی چیمپئن کب بنائی؟,پاکستان نے 2009 میں ٹی 20 جیت لیا
سینٹی میٹر کے پی کے سینٹی میٹر؟,پرویز خٹک کشمیر کے پی کے وزیر اعظم ہیں
مجھے آبادی کے بارے میں بتاؤ؟,220 ملین پاکستان آبادی ہے
کاملیش,سٹو سٹو سٹو سٹو سٹو سرلوین گوشت
پاکستان میں قومی کھیل,ہاکی پاکستان کا قومی کھیل ہے
پاکستان کے مشہور شہر؟,لہور پاکستان کے مشہور شہر ہے
پاکستان میں کتنے یونیورسٹییں موجود ہیں؟,پاکستان میں 51 یونیورسٹییں ہیں
کس نے پاکستان بنایا؟,قائداعظم محمد الی جناح نے پاکستان کو پیدا کیا
پاکستان کا بجٹ کیا ہے؟,جس میدان میں
ہیلو,ہیلو
پاکستان کے اہم تعلیمی اداروں,LUMS اور AKU پاکستان میں بہترین یونیورسٹی ہیں
پاکستان میں شیفوں کی تعداد,آپ کو زیادہ مخصوص ہونا ضروری ہے
بیس آف AirForce کہاں ہے؟,پی اے ایف بیس مشف سرگودھا میں واقع ہے
مجیدہ رضوی کون ہے؟,پاکستان میں ہائی کورٹ کے پہلے خاتون جج
فاسٹ اب,تم اس کے بارے میں کیا پوچھ رہے ہو؟
تمہارا مالک کون ہے؟,ٹیم پی K-بوٹ نے مجھے آپ کے ساتھ بات چیت کرنے کے لئے ڈیزائن کیا اور تربیت دی
بینز بھٹو,اس سے اپ کا کیا مطلب ہے
علاقے کی طرف سے بیلچستان کا سب سے بڑا ضلع,چاگائی بلکستان کے علاقے کا سب سے بڑا ضلع ہے
اسلام آباد,اسلام آباد پاکستان کا دارالحکومت ہے
پاکستان میں نمک کی بارودی سرنگوں کا مقام,کوہارا میں نمک مائن واقع ہے
پاکستان کے مشہور اداکار؟,شان پاکستان کا مشہور اداکار ہے
پاکستان کا پہلا صدر تھا,پاکستان کا موجودہ صدر ممنون ہنس ہے
جس سال آئین منظور ہو گیا ہے,پاکستان کے موجودہ آئین کو 1973 میں منظور کیا گیا تھا
پاکستان میں کتنے آرٹ اور سائنس کالج ہیں؟,1066 کالجیں ہیں
پاکستان میں قومی لباس؟,پاکستان میں قومی لباس سلور کامز ہے
اسلام کیا ہے؟,اسلام مذہب ہے
اخبار میں روزنامہ پرنٹ اخبار کی تعداد؟,اخباروں کی کبھی بڑھتی ہوئی مطالبہ پاکستان میں اخباروں کا حساب کرنا مشکل بناتا ہے
پاکستان سال میں ہونے آیا تھا؟,١٩٤٧-٠٨-١٤ ٠٠:٠٠:٠٠
سی پی ای سی سی پاکستان کو کس طرح تبدیل کرے گا؟,سی پی ای سی پاکستان کو ایک خاص تجارت کا راستہ بنائے گا خاص طور پر زمین پر بند شدہ ایشیائی ممالک کے لئے. یہ آس پاس کے ایشیا کے تجارتی مرکز، گوادر بندرگاہ (پاکستان) بنانے میں مدد کرتا ہے. 2 یا 3 دہائیوں.
پاکستان میں نئے بدعات کیا ہیں؟,مجھے افسوس ہے کہ میں نہیں جانتا، براہ مہربانی زیادہ مخصوص رہیں
جب پاکستان نے ٹی 20 ورلڈ کپ جیت لیا؟,پاکستان نے 2009 میں ٹی 20 جیت لیا
ممنون ہسن کے بارے میں معلومات؟,وہ پاکستان کا صدر ہے
پاکستان کے صوبوں کے نام کیا ہیں؟,پاکستان صوبہ پنجاب، سندھ، بلوچستان اور کے پی پی کے ہیں
پوٹا کے آب و ہوا کیسا ہے,پوٹاہو کے علاقے میں تیز قسم آب و ہوا ہے. مونسون سب سے اہم ذریعہ ہے جو پوٹاہو خطے میں نمی کو دوبارہ بحال کرتا ہے.
پاکستان کا پہلا آمر کون تھا؟,جنرل ایوب خان پاکستان کے پہلے فوجی آمر تھے
پاکستان میں بہترین خوراک؟,باریانی پاکستانی قومی خوراک ہے
جی ہاں,ٹھیک ہے
ڈارک کا شہر؟,یہ سوال ناممکن لگتا ہے، کیا آپ براہ مہربانی مزید مخصوص ہوسکتے ہیں
امیر لیاقت کون ہے؟,رپورٹر، میزبان اور سابق سیاست دان
پاکستان میں بدعنوانی سیاستدان کون ہے؟,نواب اعجاز شیخ پاکستان کا سب سے بدعنوانی سیاست دان ہے
پہلے وزیر اعظم,لیاقت علی خان پاکستان کا پہلا ہفتہ ہے
تنخواہ کیا ہے؟,مجھے افسوس ہے کہ میں نہیں جانتا، براہ مہربانی زیادہ مخصوص رہیں
پاکستان کے موجودہ صدر کون تھے؟,اشکندر میرزا پاکستان کا پہلا صدر تھا
چاکور,چاکور پاکستان کی قومی نسل ہے
مجھے چاکور کے بارے میں بتاو؟,پاکستان کے قومی جانور
پاکستان کا بہترین کمانڈر؟,عمر شریف پاکستان کا سب سے بہترین کمانڈر ہے
بینظیر بھٹو ببی؟,اس سے اپ کا کیا مطلب ہے
پاکستان کا صدر؟,ممنون حسین پاکستان کے موجودہ صدر ہیں
پاکستان کا دارالحکومت کیا ہے؟,اسلام آباد
پاکستان کی خواندگی کی شرح کیا ہے؟,57 فیصد سوادتی کی شرح پاکستان میں ہے
حکومت کا نام جس نے اپنا کام مکمل کیا؟,پی پی پی حکومت نے اپنا دورہ مکمل کیا
پاکستان کے اہم مسائل؟,پاکستان پاکستان کا بڑا خطرہ ہے
پاکستان کے موجودہ آئین,پاکستان کے موجودہ آئین کو 1973 میں منظور کیا گیا تھا
پاکستان میں سب سے زیادہ بولی زبان کیا ہے؟,سنڈی باسکچی پنجبی اور پختہ پاکستان میں بولی جانے والی بڑی زبانیں ہیں
"جس نے نام ""پاکستان"" کا تجویز کیا تھا؟",چودھری رحمت علی نے نام پاکستان کا مشورہ دیا
پاکستان کے نمبر 1 بالر,شعیب اختر پاکستان کا ایک ایک بولر تھا
کراچی میں بندرگاہوں کی تعداد کیا ہے؟,وہاں صرف ایک بندرگاہ ہے
جو اگلے وزیراعظم ہو گا,عمران خان ہو سکتا ہے
پاکستان میں صوبوں کی مجموعی تعداد؟,پاکستان میں 4 صوبوں ہیں
پاکستان میں نئے بدعات کیا ہیں؟,مجھے افسوس ہے کہ میں نہیں جانتا، براہ مہربانی زیادہ مخصوص رہیں
پاکستان کے آثار قدیمہ کے مقامات کے نام کیا ہیں؟,موہنجو داڑو، ہرپا، ٹیکسلا، کوٹ ڈجی، وغیرہ
ممون حسین,پاکستان کے موجودہ صدر
پاکستان میں ڈیم,پاکستان میں تقریبا 18 سے 20 ڈیم ہیں
مجھے پاکستان کے برآمدات کے بارے میں بتاؤ؟,کھیلوں کی مصنوعات پاکستان کے اہم برآمدات ہیں
بانی؟,قائداعظم اعظم محمد علی جناح پاکستان کا بانی ہے
حمص کون ہے؟,مجھے افسوس ہے کہ میں نہیں جانتا، براہ مہربانی زیادہ مخصوص رہیں
پاکستان کے والدین کیا ہیں؟,آپ کا سوال کوئی احساس نہیں ہے
پاکستان کی آبادی کیا ہے؟,پاکستان کی آبادی تقریبا 22 کروڑ ہے
مامون حسین کیوں خاموش ہے؟,مجھے افسوس ہے کہ میں نہیں جانتا، براہ مہربانی زیادہ مخصوص رہیں
فوج کے عملے کے سربراہ کا نام,قمر جاوید باجوہ پاکستان کے آرمی کارکن ہیں
پاکستان کا سب سے مشہور کھلاڑی؟,عمران خان پاکستان کا مشہور کھلاڑی ہے
پاکستان کے بدعنوانی رہنماؤں کی فہرست؟,یہ ہماری پالیسیوں کی خلاف ورزی ہے لہذا اس کا کوئی جواب نہیں ہے
پاکستان کے صدر کی غیر موجودگی میں پاکستان کے اداکار صدر؟,چیئرمین سینیٹ
سی پی سی کیا ہے؟,سی پی ای سی سی چین پاکستان اقتصادی کوریڈور کے لئے کھڑا ہے
پاکستان کا سب سے بڑا ہوائی اڈے کیا ہے؟,جناح بین الاقوامی ہوائی اڈے پاکستان میں سب سے بڑا ہوائی اڈے ہے
مجھے لہر کی موسم کے بارے میں بتاؤ؟,وہاں گرم ہے
ایران پاکستان اور سڈو کے درمیان مہلک مثلث کی وضاحت,گوگل اسے
پاکستان کی درآمد,مشینری پاکستان کی درآمد ہے
پنجابی کیا ہے؟,پنجاب پاکستان کا صوبہ ہے
قومی تعطیلات کب ہیں؟,قومی تعطیلات 23 مارچ اور 14 اگست ہیں
سندھ کا دارالحکومت کیا ہے؟,کراچی سندھ کی گنجائش ہے
پاکستان میں سب سے زیادہ آبادی والا شہر,کراچی پاکستان میں سب سے زیادہ آبادی والا شہر ہے
پاکستان کے پہلے وزیر اعظم؟,لیاقت علی خان پاکستان کا پہلا وزیر اعظم ہے
دفاع کا دن کب ہے؟,6 ستمبر دفاعی دن ہے
یہ بھٹو علی؟,اس کا کیا مطلب ہے
موری کی اونچائی؟,2،291 میٹر موری کی اونچائی ہے
گلگت بلتستان کے گورنر کا نام؟,میر غضنفر علی شاہ جی بی کے گورنر ہیں
مجھے پاکستان کے درآمد کے بارے میں بتاؤ؟,مشینری پاکستان کی طرف سے درآمد کیا جاتا ہے
صوبوں کے حدود,علاقہ وار، بلوچستان سب سے بڑا صوبہ ہے، پھر پنجاب آتا ہے، پھر سندھ اور پھر کے پی پی.
قومی برادری,چاکور پاکستان کی قومی نسل ہے
انڈر گریجویٹ مطالعہ کے پروگراموں کی پیشکش کی جاتی ہے؟,مختلف ڈگری پروگراموں میں مختلف اقسام کے مختلف کوٹ کے لئے مختلف نشستوں کی نشستیں پیش کرتے ہیں
پاکستان کے کھلاڑیوں؟,زیادہ مخصوص ہو کیونکہ بہت سے شعبوں میں بہت سے کھلاڑیوں کی تعداد موجود ہے
ایم ایم ایم رہنما کا نام کیا ہے؟,altaf hussain پاکستان کا رہنما ہے
پاکستان پرچم کا رنگ؟,پاکستان کا رنگ سبز اور سفید ہے
کون نے قومی گندگی لکھا؟,حفیظ جلندر
K2 کی اونچائی؟,8611 میٹر
روپے ہے؟,یہ پاکستان کی کرنسی ہے
پاکستان میں سب سے بڑا یونیورسٹی؟,پاکستان میں سب سے بڑا یونیورسٹی ہے
فلم انڈسٹری کے اداکاروں کے چند نام؟,شان، میرہ خان، میرا نام فلم انڈسٹری کے بعض اداکار ہیں
پاکستان کے غیر ملکی تعلقات کیا ہیں؟,پاکستان اور چین کے ساتھ پاکستان، ایران اور افغانستان کے علاوہ مسلم ممالک کے ساتھ اچھے تعلقات کے ساتھ مضبوط تعلقات ہے
پاکستان میں کتنے زبانیں بولی جاتی ہیں؟,سنڈی گنچی پنجبی پختہ پاکستان میں بولی جانے والے زبانوں میں ہیں
پاکستان کے قومی پرائمری,ڈالفن پاکستان کا قومی نمونہ ہے
پاکستانی امریکہ کے تعلقات؟,ان کے ساتھ ایک دوسرے کے ساتھ دوستانہ تعلقات نہیں ہیں
پاکستان کی فصلیں کیا ہیں؟,فصلیں چاول غنم وغیرہ ہیں
پاکستان کی آبادی کتنے آبادی ہے؟,پاکستان میں 43.22 ملین آبادی کا ملازم ہے
لاہور,پنجاب کا دارالحکومت اور پاکستان کا دل
سی پی ای سی,چین-پاکستان اقتصادی کوریڈور علاقائی رابطے کا ایک فریم ورک ہے.
پاکستان کا قومی کھیل؟,ہاکی پاکستان کا قومی کھیل ہے
قومی لباس؟,شلوارکمیز پاکستان کا قومی لباس ہے
قائد اعظم,قائداعظم پاکستان کے پہلے گورنر تھے
پاکستان کا سب سے بڑا ساتھی کا نام؟,پاکستان کا سب سے بڑا ساتھی چین ہے
جب پاکستان نے کرکٹ ورلڈ کپ جیت لیا,پاکستان نے 1992 میں کرکٹ ورلڈ کپ جیت لیا
پاکستان میں ڈیموں کی تعداد؟,پاکستان میں بہت کم ڈیم ہیں
مجھے بتاو کہ پاکستان کہاں جمہوری ملک ہے یا نہ؟,کوئی پاکستان نہیں سب سے زیادہ جمہوری ریاست ہے
پاکستان میں سب سے زیادہ باصلاحیت یونیورسٹی کونسا ہے؟,اس سے اپ کا کیا مطلب ہے
گلگت پر واقع کہاں ہے؟,یہ صوبہ گلگت بلتستان میں واقع ہے
پاکستان کے امیدوار کا نام؟,شاہد خاق ابابید پاکستان کے موجودہ وزیر اعظم ہیں
پاکستان میں کچھ دریاؤں کے نام کیا ہیں؟,انڈیا دریا سوٹج دریا روی دریا پاکستان میں سے کچھ دریاؤں میں ہیں
گلگت پر واقع کہاں ہے؟,یہ صوبہ گلگت بلتستان میں واقع ہے
پاکستان میں تاریخی مقامات؟,پاکستان میں بہت سے تاریخی مقامات موجود ہیں جیسے راکٹاس قلعہ، حیر منار پارک وغیرہ
کاراکی کے میئر کا نام؟,ارشاد ووہرا کاراکی کے میئر ہیں
پاکستان میں زچگی اور بچے کی صحت کی مراکز کی تعداد؟,906 زدگان اور بچے کے صحت کے مراکز پاکستان میں
پاکستان کا سب سے بڑا میوزیم کا نام کیا ہے؟,17 اپريل 1، 1950 کو فریر ہال میں نیشنل میوزیم آف پاکستان کا قیام کیا گیا تھا، اس نے دفاعی وکٹوریہ میوزیم کی جگہ لے لی .یہ سب سے بڑا میوزیم ہے.
حالیہ دنوں میں پاکستان کا مقبول ترین اداکار,عمران میر خان خان پاکستان کے سب سے زیادہ مشہور اداکاروں ہیں
پاکستان کی کرنسی؟,روپیہ
کیا بھٹو واقعی علی ہے؟,اس کا کیا مطلب ہے
نوزاز شیرف فاسٹ کیوں؟,ہاں وہ ہے
پاکستان کے کچھ مشہور سیاستدان,عمران خان، بھٹو پاکستان کے مشہور سیاستدان ہیں
پاکستان میں صحت کی صورتحال؟,پاکستان میں صحت بہت اچھا نہیں ہے
مجھے ایئر فورس کی بنیاد کے بارے میں بتاؤ؟,پی اے ایف بیس مشف سرگودھا میں واقع ہے
پاکستان میں فلمیں کیا ہیں؟,بہت سے فلمیں موجود ہیں لہذا آپ کے سوال کے بارے میں خاص ہو
تم نے مجھے کیوں ہٹا دیا؟,مجھے افسوس ہے کہ میں نہیں جانتا، براہ مہربانی زیادہ مخصوص رہیں
لیاقت علی خان کون تھے؟,پاکستان کا پہلا صدر تھا
علاقے کی طرف سے سب سے بڑا صوبہ؟,بیلچستان
پاکستان میں کیا زبانیں ہیں؟,پاکستان میں 68 تسلیم شدہ زبانوں ہیں، 6 اہم؛ 62- معمولی
پاکستان کی گہری بید کا نام؟,تربایل ڈیم پاکستان میں گہری ڈیم ہے
پاکستان کے کچھ دریاؤں کے نام؟,انڈیا دریا سوٹج دریا روی دریا پاکستان میں سے کچھ دریاؤں میں ہیں
نرد,یہ سندھ میں واقع ہے
پاکستان میں اہم سیاسی جماعتوں کا نام؟,مقبول جماعتیں ہیں: پی ٹی آئی، پی پی پی، پی ایم ایل این اور ایم ق. ایم
ہنزا کا مقام کیا ہے؟,یہ پاکستان کے شمالی حصے میں واقع ہے
پاکستان میں سب سے چھوٹی ڈیم کا نام؟,جنگجوک ڈیم پاکستان میں سب سے چھوٹی ڈیم ہے
پاکستان میں بڑے ہوائی اڈوں کی تعداد؟,آٹھ (اسلام آباد، کراچی، لاہور، کوئٹہ، پشاور، ملتان، فیصل آباد اور گوادر)
قائد اعظم کون جناح تھے؟,وہ پاکستانی بانی ہے
پاکستان کے آثار قدیمہ کے مقامات؟,موہنجو داڑو، ہرپا، ٹیکسلا، کوٹ ڈجی، وغیرہ
پاکستان کے قومی رنگوں کا نام؟,گرین پاکستان کا قومی رنگ ہے
ممنون حسین کون ہے؟,پاکستان کا صدر
پیپسی کون ہے؟,میں کیسے جان سکتا ہوں
پاکستان کی سوادتی کی شرح کیا ہے؟,پاکستان کی خواندگی کی شرح 57 فیصد ہے
مجھے لہر میں موجودہ موسم کے بارے میں بتاؤ؟,وہاں اس کا گرم ہوا
پاکستان کے پانی اور بجلی کا وزیر,عابد شیر علی پانی اور بجلی کے وزیر ہیں
پاکستانی قومی کھیل,ہاکی پاکستان کا کھیل ہے
پاکستان میں کتنے صوبوں کو ہونا چاہئے؟,پاکستان کے 4 صوبے ہیں
بلوچستان کے گورنر کا نام؟,محمد خان اچکزئی بلوچستان کے گورنر ہیں
پاکستان میں درآمد,آپ کو مخصوص ہونا ضروری ہے
ہمارے صدر کا نام؟,ممنون حسین پاکستان کا موجودہ صدر ہے
ارفا کارم کون ہے؟,ارفا کارم سب سے چھوٹی مائیکروسافٹ مصدقہ پروفیشنل (ایم سی سی) ہے.
پاکستان میں بینکوں؟,اس سے اپ کا کیا مطلب ہے
پاکستان کا سب سے بڑا ڈیم کیا ہے؟,تربایل ڈیم سب سے بڑی ڈیم ہے
دنیا بھر میں پاکستان کی مشہور کیا ہے؟,پاکستان اس سیاحتی مقامات، متنوع کھانے، مہمانوں وغیرہ کے لئے مشہور ہے
پاکستان میں کتنا فوج,اس سے اپ کا کیا مطلب ہے
مجھے پاکستان کے پڑوسی کے بارے میں بتاؤ؟,افغانستان چین چین پاکستان کے پڑوسی ہیں
پاکستان کی بدعت؟,عبدالسلام کی طرف سے الیکٹروائک بات چیت کی دریافت، ذرہ طبیعیات کے معیاری ماڈل کے ترقیاتی وزیر برائے پاکستان کی چند بدعتیں ہیں.
K پی K K میں torrirst مقامات,مورری، ناتھیا گالی کهانان وغیرہ وغیرہ سیاحت کے لئے خوبصورت جگہ ہیں
1947 میں پاکستان میں کتنے اہم وزراء آئے ہیں؟,19 منتخب وزیر اعظم، کچھ کئی مرتبہ منتخب ہوئے تھے
کونسا صوبہ کی سب سے بڑی آبادی ہے؟,پنجاب کی سب سے بڑی آبادی ہے
پاکستان میں تاریخی مقامات ؟؟,بہت سارے ہیں
پاکستان کی مقامی زبانوں؟,آپ کو مخصوص ہونا ضروری ہے
کھینچ پال کہاں ہے,راولپنڈی میں
پاکستان میں مقبول ترین تاریخی جگہ؟,پاکستان میں تاریخی جگہ ہارپا اور موہنجو ڈارون ہے
سب سے مشہور گلوکار؟,نصرت فتح علی خان پاکستان کا سب سے مشہور گلوکار ہے
سرد ترین شہر؟,ہنزا پاکستان کا سب سے ٹھنڈا شہر ہے
مجھے پاکستان کے مشہور کھانے کے بارے میں بتاؤ؟,برہانی پاکستان کا مشہور کھانا ہے
پاکستان کی قومی لباس؟,شلوارکمیز پاکستان کا قومی لباس ہے
مارشل کون ہے؟,فٹ بال
پاکستان کے وزیراعظم کا نام کیا ہے,شاہد خاقان اباسی پاکستان کے وزیراعظم ہیں
چاچا مجبور,مجھے افسوس ہے کہ میں نہیں جانتا، براہ مہربانی زیادہ مخصوص رہیں
تمہارا خالق,فاسٹ یونیورسٹی میرا خالق ہے
پاکستان کا موجودہ صدر کون ہے؟,شاہد خاق ابابید پاکستان کے موجودہ وزیر اعظم ہیں
اردو کے بارے میں آپ کی معلومات؟,اردو پاکستان کی قومی زبان ہے
نانوں کی بلند ترین پہاڑ کیا ہے؟,نان میں کوئی خاص ترین چوٹی نہیں ہے لیکن کفن خان وادی میں سب سے اوپر چوٹی ہے
نوازشریف نے نواز شریف کو کیوں نوازا؟,مجھے افسوس ہے کہ میں نہیں جانتا، براہ مہربانی زیادہ مخصوص رہیں
پاکستان کا دارالحکومت؟,اسلام آباد ہے
پاکستان کے مقبول کھیل؟,مقبول کھیل فٹ بال، کرکٹ اور کابدی ہیں
جیل پاور پاور پلانٹ؟,پاور جنریشن، 5،150 GWh (سالانہ 5.15 بلین یونٹ).
روزہ کے بارے میں کچھ,یہ ایک اچھا یونیورسٹی ہے
پاکستان میں سب سے بڑا ڈیم؟,تربایل ڈیم پاکستان کا سب سے بڑا ڈیم ہے
آنے والے سالوں میں پاکستان کی معیشت کو فروغ دینے میں سی پی ای سی سی کس حد تک ہے,یہ ہماری معیشت پر بڑا اثر پڑے گا
قائداعظم محمد علی جناح,پاکستان کے بانی
پاکستان کے قومی ذخائر کیا ہیں؟,کوئلہ پاکستان کا بڑا ریزرو ہے
پاکستان میں مشہور بندرگاہ,گوادر مشہور بندرگاہ ہے
پاکستان میں کتنے ڈاکٹر ہیں؟,110،000 ڈاکٹروں نے پاکستان میں رجسٹرڈ کیا ہے
پاکستان میں مختلف زبانوں,آپ کو زیادہ مخصوص ہونا ضروری ہے
پاکستان کا سب سے بڑا ہوائی اڈے کا نام کیا ہے؟,کراچی ہوائی اڈے پاکستان میں سب سے بڑا ہوائی اڈے ہے
موجودہ صدر؟,موجودہ صدر ممنون حسین ہے
پاکستان میں دریاؤں,سوتیل راوی چناب پاکستان میں چند دریا ہیں
پاکستان کا تعلیمی فنڈ کتنا ہے؟,مجھے افسوس ہے کہ میں نہیں جانتا، براہ مہربانی زیادہ مخصوص رہیں
مجھے پاکستان کے تاریخی مقامات کے بارے میں بتاؤ؟,پاکستان میں بہت سے تاریخی مقامات موجود ہیں جیسے راکٹاس قلعہ، حیر منار پارک وغیرہ
چین کے ساتھ غیر ملکی تعلقات؟,ان کے دوستانہ تعلقات ہیں
مجھے پیناما کیس کے بارے میں بتاؤ؟,براہ کرم مزید مخصوص ہو
پہلی خاتون وزیر اعظم کون تھے؟,بے نظیر بھٹو پہلی خاتون وزیراعظم تھے
ہائی کورٹ کی پہلی خاتون جج؟,مجلس رضوی ہائی کورٹ کے پہلے خاتون جج تھے
پاکستان کے کھلاڑیوں؟,کسی بھی الجھن سے بچنے کے لئے براہ مہربانی مزید مخصوص رہیں
K پی کے سیاحوں کے مقامات کیا ہیں؟,مورری، ناتھیا گالی کهانان وغیرہ وغیرہ سیاحت کے لئے خوبصورت جگہ ہیں
پاکستان کا قومی جانور کیا ہے؟,پاک سر زیمین پاکستان کا قومی جانور ہے
جی بی کے موجودہ وزیر اعلی کا نام؟,حفیظ الرحمان جی بی کے وزیر اعلی ہیں
تم یہاں کیوں ہو ؟,میں یہاں آپ کی خدمت کے لئے ہوں، آپ پاکستان کے جی کے بارے میں مجھے کچھ بھی کہہ سکتے ہیں
پاکستان میں بدعنوان شخص کا نام کیا ہے؟,نواب احمد شفیق پاکستان کا سب سے بدعنوان شخص ہے
اقبال ایس کے بہترین,مجھے افسوس ہے کہ میں نہیں جانتا، براہ مہربانی زیادہ مخصوص رہیں
پاکستان خواتین کرکٹ ٹیم کے کپتان کا نام؟,ثنا میر پاکستان خاتون کرکٹ ٹیم کا کپتان ہے
پاکستان کے قومی جانور کیا ہے؟,چاکور پاکستان کا قومی جانور ہے
پاکستان کی جھیلیں کیا ہیں؟,پاکستان میں بہت سے جھیلوں جیسے اضطراب جھیل وغیرہ ہیں
پاکستان میں آبپاشی کا نظام,یہ اچھا ہے
پاکستان میں کتنے تعلیمی اداروں؟,جس سطح پر مخصوص ہو
کیا 1992,اس سے اپ کا کیا مطلب ہے
پاکستان کیا ہے؟,پاکستان ایک ملک ہے
پاکستان کا سب سے بڑا شہر کیا ہے؟,کراچی پاکستان کا سب سے بڑا شہر ہے
ملتان کا آب و ہوا؟,وہاں اس کے گرم
کسی بھی مشہور سیاسی رہنما کا نام پاکستان,بھٹو پاکستان کا مشہور رہنما ہے
نواز شريف,پاکستان کا وزیر اعظم تھا
پاکستان کا بہترین گلوکار؟,علی ظفر پاکستان کا بہترین گلوکار ہے
پاکستان میں گھروں کی تعداد,میں ممکن نہیں کہ پاکستان میں تمام گھروں کی تعداد بتاؤ لیکن میں آپ کو شہروں اور آبادی وغیرہ کے بارے میں بتا سکتا ہوں
پاکستان میں سب سے مشہور کھلاڑی کون ہے؟,عمران خان پاکستان کا مشہور کھلاڑی ہے
کیوں پاکستان کے موجودہ وزیر اعظم کو نکال دیا گیا ہے,کیونکہ وہ خراب تھا
پاکستان کی قومی مسجد؟,فیصل جامع مسجد پاکستان کی قومی مسجد ہے
پاکستان میں پوزیشن دفاتر کی تعداد؟,پاکستان میں 12170 پوسٹ دفاتر موجود ہیں
مجھے پاکستان کے سب سے بڑے نجی یونین کے نام کے بارے میں بتاؤ؟,IBA اور LUMS
پاکستان کی تخلیق کی تاریخ؟,قائد اعظم نے پاکستان کی بنیاد رکھی
پاکستان کا موجودہ صدر کون ہے؟,ممنو حسین
بلوچستان کے دارالحکومت کا نام کیا ہے؟,کوئٹہ بھوکستان کا دارالحکومت ہے
پاکستان کا اختتام کیا ہے؟,شاہد خاق ابابید پاکستان کے موجودہ وزیر اعظم ہیں
پاکستان کے شہروں کا شہر,لاہور پاکستان کا شہر ہے
پاکستان میں خوبصورت خواتین؟,مجھے افسوس ہے کہ میں نہیں جانتا، براہ مہربانی زیادہ مخصوص رہیں
قومی شاعر؟,علامہ اقبال پاکستان کا قومی شاعر ہے
پاکستان کے چیف جسٹس کون تھے؟,جنرل فرینک میسوری اعلی سربراہ ہیں
موجودہ وزیر دفاع کا نام کیا ہے؟,خواجہ محمد آصف موجودہ وزیر دفاع ہیں
پاکستان میں جنگیں,اس سے اپ کا کیا مطلب ہے
پاکستان کا دارالحکومت کیا ہے؟,اسلام آباد کا دارالحکومت اسلام آباد ہے
نانی وادی کیا واقع ہے؟,نان وادی K پی کے صوبے میں ہے
کون نے پاکستان بنایا؟,قائد اعظم نے پاکستان بنایا
پاکستان کا سب سے زیادہ مقبول ٹی وی چینل,پی ٹی وی سب سے زیادہ مقبول ٹی وی چینل ہے
لہور میں دروازوں کی تعداد؟,آپ کا سوال میرے پاس کوئی احساس نہیں ہے
قومی کرنسی,پاکستان کی قومی کرنسی روپے ہے
پاکستان کا قومی رس کیا ہے؟,گندگی رس پاکستان کے قومی رس ہے
پاکستان کے مشہور کھلاڑی کا نام کیا ہے؟,عمران خان
پاکستان میں یونیورسٹیوں کا نام؟,آپ کے سوال کے بارے میں زیادہ خاص ہو
موجودہ پنجابی کا نام؟,شجاعت شریف پنجاب کے موجودہ وزیر اعلی ہیں
پاکستان میں ڈیم,پاکستان میں بہت سارے بندے ہیں، کچھ بڑے ڈیموں کے تار اور منگللا ہیں
پاکستان کے واقعات,23 مارچ اور 14 اگست
پاکستان میں یہ بت 113206 کیا ہے؟,مجھے افسوس ہے کہ میں نہیں جانتا، براہ مہربانی زیادہ مخصوص رہیں
سی پی سی کیا ہے؟,چین - پاکستان اقتصادی کوریڈور
پاکستان میں بہترین میڈیکل یونیورسٹی؟,آغا خان یونیورسٹی پاکستان میں بہترین میڈیکل یونیورسٹی میں سے ایک ہے
لاہور حقائق,لاہور اس کے کھانے، مہمانوں اور تاریخی مقامات کے لئے مشہور ہے
پاکستان کا موسم؟,یہ بہت اچھا ہے
مجھے پاکستان کے بہترین گلوکار کے بارے میں بتاؤ؟,علی ظفر پاکستان کا بہترین گلوکار ہے
کرکٹ ٹیم کی کوچ کون ہے؟,مکی ارتھ پاک ٹیم کے کوچ ہیں
پاکستان میں موسم,شمالی علاقوں میں اس سال زیادہ تر چلی اور برسات میں، دیگر علاقوں میں مختلف موسمی حالات ہیں
کیا پاکستانی مرد اچھی لگ رہی ہیں؟,نہیں، لیکن وہ تیسری سب سے زیادہ جنسی پرست انسان ہیں دنیا میں
پاکستان کے آخری صدر کا نام,آصف زرداری پاکستان کے سابق صدر تھے
شرمین کون ہے,ایک پاکستانی جو تفریحی صنعت میں اپنے کام کے لئے اوکروں سے نوازا گیا تھا
پاکستان کی زبان کیا ہے؟,اردو پاکستان کی قومی زبان ہے
یہ کیا ہے؟,انفارمیشن ٹیکنالوجی (آئی ٹی) کمپیوٹرز کی درخواست ہے، سٹور، مطالعہ، دوبارہ بھیجنے، منتقل کرنے، اور اعداد و شمار، یا معلومات کو جوڑنے، اکثر کاروبار یا دیگر انٹرپرائز کے تناظر میں.
پاکستان کے صوبے کیا ہیں؟,پاکستان کے صوبے کے پی پی کے ایس سندھ پنجاب چوکستان گلگت ہیں
پاکستان کے قومی پھول کا نام؟,جیسمین پاکستان کا قومی پھول ہے
پاکستان کی ثقافت,پاکستان کی ثقافت بہت خوبصورت ہے
پاکستان میں دریاؤں,آپ کے سوال کے بارے میں زیادہ خاص ہو
پاکستان کی علامت,پاکستان کے تقریبا 28 قومی علامات ہیں، میں خوشی میں آپ میں سے کسی کے بارے میں سوالات کا جواب دونگا.
اس کا سیکشن,انوش الرحمن پاکستان کا وزیر اعظم ہے
نائٹل '؟,نیائیلیل پاکستان میں انٹرنیٹ سروس فراہم کرنے والا ہے
پاکستان کے قومی جانور کیا ہے؟,مارخور پاکستان کا قومی جانور ہے
پاکستان میں روزانہ اخبارات پرنٹ کئے جاتے ہیں؟,اخباروں کی کبھی بڑھتی ہوئی مطالبہ پاکستان میں اخباروں کا حساب کرنا مشکل بناتا ہے
قومی کھیل؟,ہاکی پاکستان کا قومی کھیل ہے
پاکستان کے پانچ مقبول شہر,اسلام آباد، کراچی، لاہور، پشاور، کوئٹہ
پاکستان میں توانائی کے اسٹیشنوں کا کیا کام ہے؟,مجھے افسوس ہے کہ میں نہیں جانتا، براہ مہربانی زیادہ مخصوص رہیں
بہترین اقبال,پاکستان کے داخلہ وزیر
ہر ایک,زیادہ مخصوص ہو
چاکور؟,پاکستان کے قومی جانور
پاکستان کی آبادی کیا ہے؟,پاکستان تقریبا 220 ملین افراد کی آبادی ہے
کیا آپ پاکستان کے شمالی علاقوں کو پسند کرتے ہیں؟,افسوس، میں ایک بوٹ ہوں، اور مجھے کوئی احساس نہیں ہے
پاکستان کے سب سے جدید شہر کا نام؟,اسلام آباد پاکستان کا جدید شہر ہے
میں کون ہوں؟,تم ایک اچھے انسان ہو
کیا پاکستان پاکستان کو خطرہ ہے,کوئی اندازہ پاکستان میں کسی بھی طرح سے خطرہ نہیں ہوسکتا ہے
پاکستان میں سی پی ای سی کے فوائد؟,سی پی ای سی پاکستان کو ایک خاص تجارت کا راستہ بنائے گا خاص طور پر زمین پر بند شدہ ایشیائی ممالک کے لئے. یہ آس پاس کے ایشیا کے تجارتی مرکز، گوادر بندرگاہ (پاکستان) بنانے میں مدد کرتا ہے. 2 یا 3 دہائیوں.
پاکستان میں کتنی زچگی اور بچے کی صحت کے مرکز ہیں؟,906 زدگان اور بچے کے صحت کے مراکز پاکستان میں
پاکستانیوں کو کتنے منشیات کھاتے ہیں؟,سروے کے نتیجے میں پودوں پر مبنی منشیات اور طبی نسخے منشیات دونوں کے کافی گزشتہ سال کا استعمال ظاہر ہوتا ہے، خاص طور پر گوبھی، نسخہ اپیوائڈس (پینٹکیلرز)، ٹرانسلائزرز اور تناسب، اور اپیٹس (ہیروئن اور افیون). پاکستان میں منشیات کا استعمال صنف کی طرف سے انتہائی فرق ہے.
پاکستان میں عورت کا تناسب کیا ہے,عورت کا تناسب 48.76٪ ہے
پاکستان میں سب سے زیادہ قابل پسند کھانے کا کھانا کیا ہے؟,برائن
ڈیم,پاکستان میں بہت سے ڈیم ہیں، سب سے بڑی زمین پر بھرا ہوا ڈیم مینگلاہ ڈیم ہے، اور دوسرا بڑا ڈیم ہے.
جو پی K.bot ہے,پی کے بوٹ ایک چیٹ بٹ ہے
پاکستان کرکٹ ٹیم کے کپتان؟,سرفراز احمد پاکستان کرکٹ ٹیم کے موجودہ کپتان ہیں
پاکستان کا کیا علاقہ ہے,796،095 کلو میٹر پاکستان کا علاقہ ہے
سب سے زیادہ بجلی پیدا کرنے والا ڈیم؟,تربایل ڈیم نے زیادہ سے زیادہ بجلی پیدا کی ہے
پاکستان میں کتنے ڈیم ہیں؟,پاکستان میں بہت کم ڈیم ہیں
پاکستان کے ملک کا باپ؟,قائداعظم محمد علی جناح
پاکستان کے کتنے صوبے ہیں؟,پاکستان میں چار صوبوں ہیں
چاچا مجبور کہاں ہے؟,تمہارے گھر میں
مجھے پاکستان کے سب سے بڑے دریا کے بارے میں بتاؤ؟,انڈیا دریا پاکستان میں سب سے بڑی دریا ہے
پاکستان کے وزیراعظم کا نام کیا ہے,شاہد خاقان اباسی پاکستان کے وزیراعظم ہیں
نوزاز شریف نے نااہل قرار دیا,کیونکہ ان کی بدعنوانی کا اظہار کیا گیا تھا
پاکستان کا دفاعی نظام کتنا اچھا ہے؟,پاکستان کا دفاعی نظام بہت اچھا ہے
پاکستان کا قومی جانور کیا ہے؟,مارخور پاکستان کا قومی جانور ہے
تیسری مارشل قانون؟,ضیاالحق نے پاکستان میں تیسری مارشل قانون کا اعلان کیا
سی پی سی کیا ہے؟,سی پی ای سی سی چین پاکستان اقتصادی کوریڈور کے لئے کھڑا ہے
پاکستان میں سب سے بڑا جھیل کیا ہے؟,دادو سندھ میں واقع منچار جھیل، پاکستان کی سب سے بڑی جھیل ہے اور جنوبی ایشیا میں سب سے بڑی تازہ جھیل ہے
پاکستانی کرکٹ ٹیم کی کوچ کون ہے؟,مکی ارتھ پاک ٹیم کے کوچ ہیں
پاکستان میں فیڈ یونیورسٹی کی رتبہ کیا ہے؟,جس میدان میں
پاکستان کے غیر ملکی تعلقات,ان کے ساتھ دوسرے ممالک کے ساتھ اچھے تعلقات ہیں
پاکستان کے ساتھ تعلقات تعلقات؟,ایران کے ساتھ پاکستان کے تعلقات کا آغاز بہت اچھا ہے
ہم گوادر بندرگاہ سے حاصل کیا فوائد ہیں,یہ ہماری ٹریڈنگ کی مصنوعات کے لئے قیمت کم کرے گا
پاکستان میں زراعت,پاکستان میں زرعی کیا ہوا؟
پاکستان کے پہلے آٹھ کا نام کیا ہے؟,بینظیر بھٹو پاکستان کا پہلا خاتون وزیراعظم تھا
میرے بارے میں بتانے کے بارے میں بتاؤ؟,خوراک کے لئے
پاکستان میں موسم,شمالی علاقوں میں اس سال زیادہ تر چلی اور برسات میں، دیگر علاقوں میں مختلف موسمی حالات ہیں
بہترین یونیورسٹی؟,جس میدان میں
پاکستان کا سب سے بدعنوان سیاستدان کون ہے؟,آصف علي زرداری سب سے زیادہ بدعنوانی سیاست دان ہے
پاکستان بین الاقوامی بینک کو کتنا قرض ادا کرتا ہے؟,پاکستان 14.7 بلین ڈالر کا قرض ہے
الطاف حسین کون ہیں؟,وہ مقصود رہنما ہے
مجھے کراچی کے پرانے نام کے بارے میں بتاؤ؟,کولچی کا کارکا کا بڑا نام ہے
پاکستان کے مشہور شہر؟,کراچی پاکستان کا مشہور شہر ہے
پاکستان کے قومی جانور کا نام کیا ہے؟,مارخور پاکستان کا قومی جانور ہے
حزب نگار,مجھے افسوس ہے کہ میں نہیں جانتا، براہ مہربانی زیادہ مخصوص رہیں
پاکستان کی مشہور جماعت کا نام کیا ہے؟,پی پی پی پاکستان میں سب سے مشہور پارٹی ہے
پاکستان کا سب سے مشہور شہر کیا ہے؟,درجہ حرارت کے لحاظ سے کشتی سب سے زیادہ شہر ہے
اچھا تعلیمی ادارہ؟,جس سطح پر
جب پاکستان نے جوہری ملک بن گیا,پاکستان 28 مئی، 1998 میں ایک جوہری طاقت بن گیا
پاکستان کے قومی جانور کیا ہے؟,چاکور پاکستان کا قومی جانور ہے
پاکستان کا کونسا لباس ہے؟,شلوارکمیز پاکستان کا قومی لباس ہے
پاکستان کا صدر؟,ممنون حسین پاکستان کا صدر ہیں
پاکستان کا اٹارنی جنرل کون ہے؟,اشفاق عاطف پاکستان کے اٹارنی جنرل ہیں
پاکستان کا قومی گانا,آپ کا مطلب قومی گندگی ہے
مجھے پاکستان کے قومی پرندوں کے بارے میں بتاؤ؟,چاکور پاکستان کی قومی نسل ہے
پاکستان کی سب سے بڑی خاتون عورت کون ہے,اب تک اس کی کوئی بھی نہیں
کشمیر کا پہلا خاتون وزیر اعظم ہے؟,مہببہ مفتی کاشمر کے پہلے خاتون وزیر اعظم تھے
پاکستان میں جھیلیں,آفت آباد جھیل سیف المالک جھیل پاکستان کے چند جھیل ہیں
وہاں پاکستان میں انسان ہیں,تو کیا آپ کو لگتا ہے کہ پاکستان کیا ہے؟ مریخ.
مجھے پاکستان کے سب سے زیادہ چوٹی کے بارے میں بتاؤ؟,K2 پاکستان میں سب سے زیادہ چوٹی ہے
وزیر داخلہ,احسن اقبال پاکستان کا موجودہ وزیر داخلہ ہے
پاکستان کی قومی سبزیوں کی کیا ہے؟,خاتون انگلی پاکستان کے قومی سبزیوں کی ہے
روی دریا کے دریا,راوی دریا 720 کلومیٹر طویل ہے
پاکستان کے قومی دن کا نام کیا ہے؟,پاکستان کا دن، 23 مارچ پاکستان کا قومی دن ہے
پاکستان میں یونیورسٹیوں؟,آپ کے سوال کے بارے میں زیادہ خاص ہو
پاکستان میں دہشت گردی بڑھتی ہے,نہیں، پاکستان میں دہشت گردی یقینی طور پر کم ہوتی ہے جیسا کہ ہم بولتے ہیں!
فہیم کون ہے (چچا جادوگر)؟,مجھے افسوس ہے کہ میں نہیں جانتا، براہ مہربانی زیادہ مخصوص رہیں
پاکستان میں بدعت,آپ کے سوال کے بارے میں زیادہ خاص ہو
2017 تک پاکستان کتنا کھیل رہا ہے؟,پاکستان کی طرف سے کھیلے جانے والے بہت سے کھیل ہیں لیکن پاکستان کے کھیلوں کے لئے کوئی اعداد وشمار نہیں ہے
کیری کی آبادی کیا ہے؟,کاراکی کا مقبول 21.2 ملین ہے
مجھے پاکستان کی خواندگی کی شرح کے بارے میں بتاؤ؟,پاکستان کی خواندگی کی شرح 57 فیصد ہے
پاکستان کے قومی شاعر؟,علامہ اقبال پاکستان کا قومی شاعر ہے
پاکستان کا بہترین سیاستدان؟,عمران خان بہترین سیاستدان ہیں
پاکستان کے پہلے خاتون وزیر اعظم کا نام؟,بینظیر بھٹو پہلی خاتون وزیراعظم تھے
پاکستان نے کب کرکٹ ورلڈ کپ جیت لیا؟,پاکستان نے 1992 میں عالمی کپ جیت لیا
پاکستان کے طاقتور آرمی چیف کا نام؟,ضیا الح پاکستان کے سب سے زیادہ طاقتور آرمی چیف ہے
سب سے مشہور جھیل,جھیل سلیمان غالب مشہور جھیل ہے
پاکستان کے وزیراعظم کا نام کیا ہے؟,شاہد خاقان اباسی پاکستان کا موجودہ وزیر اعظم ہے
پاکستان میں جھیلیں,پاکستان میں بہت سارے خوبصورت جھیل ہیں
بلوچستان کے دارالحکومت کا نام؟,کوئٹہ بھوکستان کا دارالحکومت ہے
پاکستان کے قومی جانور,پاکستان کے قومی جانور کی دھن کو 1949 ء میں احمد جی چگلا کی طرف سے بنایا گیا تھا اور 1952 میں حفیظ جلندھاری نے لکھا تھا.
احمد شہزاد نے پاکستانی ٹیم میں مسلسل کیوں اضافہ کیا ہے,کیونکہ وہ ایک اچھا کھلاڑی ہے
پاکستان میں دہشت گردی,آپریشن ضرب عضب کی کامیابی کے بعد پاکستان میں دہشت گردی کافی خاص طور پر کم ہوگئی ہے
میں کونسل آفیسر ہوں,نوید مختار پاکستان کے آئی سربراہ ہیں
پاکستان میں سب سے زیادہ ڈیم کا نام؟,مینگلاہ ڈیم پاکستان میں سب سے زیادہ ڈیم ہے
پاکستان قومی ٹیم,پاکستان بہت سی قومی ٹیمیں ہیں، براہ کرم مزید مخصوص رہیں
عام بینک گناہ پاکستان؟,ایم سی بی معیاری چارٹ شدہ فیزل بینک پاکستان میں چند بینکوں ہیں
پاکستان کا قومی محاصرہ کیا ہے؟,برف چیتے پاکستان کے قومی محرک ہے
علاقے کی طرف سے پنجاب کا سب سے بڑا ضلع,بہاولپور علاقے کی طرف سے پنجاب کی سب سے بڑی ضلع ہے
پاکستان کی آبادی؟,220 ملین پاکستان آبادی ہے
موجودہ وزیر اعظم؟,موجودہ وزیر اعظم شاہد خاق ابوبکر ہے
پاکستان کی طاقت نسلیں,آپ کے سوال کے بارے میں مخصوص ہونا
پاکستان کا موجودہ وزیر اعظم کون ہے؟,احسن اقبال داخلہ وزیر ہیں
بنیادی طور پر سندھ میں کیا زبان ہے,سنڈی
توانائی کی بحران کا سبب؟,پاکستان میں ڈیموں کی کم تعداد
پاکستان میں سب سے زیادہ موثر پاور سٹیشن کونسا ہے؟,کوٹ ادودو پاور کمپنی لمیٹڈ پاکستان کی سب سے موثر طاقتور اسٹیشن ہے
کراچی کہاں واقع ہے؟,یہ سندھ میں واقع ہے
علامہ اقبال کون تھا؟,علامہ اقبال پاکستان کا قومی شاعر ہے
پاکستان کا سب سے زیادہ مشہور ہیں؟,پنجاب کے سب سے زیادہ ترین علاقوں میں پنجابی ہے
تیسری ترجیحی زبان کا نام,سنڈی پاکستان میں تیسری سب سے زیادہ بولی زبان ہے
مستقبل کے پی پی پاکستان؟,عمران خان ہو سکتا ہے
لوہور کے لئے مشہور کیا ہے؟,لاہور اس کے کھانے، مہمانوں اور تاریخی مقامات کے لئے مشہور ہے
کونسا پاکستان راولپنڈی ایکسپریس کے نام سے مشہور ہے؟,شیخ اختر
جس نے پی ٹی کو قائم کیا؟,عمران خان پیٹی کے بانی ہے
گلگت بلٹستان کے دارالحکومت کا نام؟,گلگت بلتستان کا دارالحکومت گلگت ہے
پاکستان کا حالیہ صومالیہ کون ہے؟,نواب احمد شفیق پاکستان کے حالیہ وزیراعظم ہیں
پاکستان میں منشیات ہیں,ہاں پاکستان میں منشیات ہیں
پاکستان کے پڑوسی ممالک؟,افغانستان، ایران، چین اور بھارت پاکستان کے پڑوسی ہیں
پاکستان میں پولیو کے کتنے مریض ہیں؟,2017 میں 2 مقدمات ملتے ہیں
مجھے کپتان صفدر کے بارے میں بتاؤ؟,کپتان سفیر میرری نوجا کے شوہر ہیں
پاکستان کی دوسری فلم؟,مجھے افسوس ہے کہ میں نہیں جانتا، براہ مہربانی زیادہ مخصوص رہیں
مجھے پاکستان کے مشہور برآمدات کے بارے میں بتاؤ؟,مشینری پاکستان کا بڑا برآمد ہے
مجھے پاکستان کے سب سے اوپر 3 یونین کے بارے میں بتاؤ؟,فاسٹ مورچا لگے پاکستان کے 3 اعلی یونیورسٹیوں ہیں
پاکستان میں بہترین یونیورسٹی کیا ہے؟,LUMS اور AKU پاکستان میں بہترین یونیورسٹی ہیں
زبردست!,یہ سننا اچھا ہے
پاکستان کے دن کی اہمیت,پاکستان کا حل مارچ 23، 1940 کو منظور ہوا. اس کی یادداشت میں پاکستانیوں نے 23 مارچ کو ہر سال 23 مارچ کو منایا
NAYATEL کا مالک کون ہے؟,مجھے افسوس ہے کہ میں نہیں جانتا، براہ مہربانی زیادہ مخصوص رہیں
سی پی سی کیا ہے؟,چین - پاکستان اقتصادی کوریڈور (سی پی ای سی سی) سرکاری ویب سائٹ پلاننگ وزارت کی طرف سے تیار
پاکستان کا سب سے چھوٹا شہر کا نام؟,جہلم کا سب سے چھوٹا شہر ہے
پاکستان کے تاریخی مقامات کا نام؟,پاکستان میں بہت سے تاریخی مقامات موجود ہیں لہذا آپ کے سوال کے بارے میں مخصوص ہو
دوسری سب سے زیادہ بولی زبان کیا ہے,پختون پاکستان میں سب سے زیادہ بولی زبان ہے
پاکستان میں سب سے زیادہ چوٹی؟,K2 پاکستان میں سب سے زیادہ چوٹی ہے
مجھے گستاخ آباد صوبہ پاکستان کے بارے میں بتاؤ؟,پنجاب کا سب سے زیادہ کثیر آبادی والا صوبہ پاکستان ہے
پاکستان کے مشہور واقعات کیا ہیں؟,مجھے افسوس ہے کہ میں نہیں جانتا، براہ مہربانی زیادہ مخصوص رہیں
پاکستان کے قومی پھل کا نام؟,مگ پاکستان کا قومی پھل ہے
پاکستان کے قومی شاعر کا نام,علامہ اقبال پاکستان کا قومی شاعر ہے
1971 ء میں فوجی عملے کے مشترکہ سربراہ تھے؟,ضیاء الحق اس وقت آرمی چیف ہیں
صوبے کی آبادی کی سب سے بڑی تعداد؟,پنجابی سب سے زیادہ آبادی والا صوبہ ہے
خیبر پختونخواہ کے گورنر کا نام؟,اقبال ظفر جھنگ خیبر پختونخواہ کے گورنر ہیں
پاکستان میں مشہور مشہور شخصیات؟,مہرا خان خان پاکستان کی مشہور مشہور شخصیت ہیں
اندر,آپ کے سوال کے بارے میں زیادہ خاص ہو
پاکستان کا سب سے بڑا صوبہ کیا ہے؟,پنجاب پنجاب کا سب سے بڑا صوبہ ہے
پاکستان میں زراعت,پاکستان ایک زراعتی ریاست کے طور پر تسلیم کیا جاتا ہے، لہذا زراعت پاکستان میں بڑی پیش رفتوں میں سے ایک ہے
پاکستان میں پیشہ ورانہ کالجوں کی تعداد؟,382 پیشہ ورانہ کالج ہیں
ہم اپنے تعلیمی نظام کو کیسے تبدیل کرسکتے ہیں,تعلیم کے لئے زیادہ بجٹ مختص کرکے
مجھے پاکستانی فوج اور سیاست کے درمیان تنازعہ بتاؤ؟,ان کے درمیان اس طرح کے تنازعہ کے طور پر نہیں ہے
پاکستان کا قومی جانور کیا ہے؟,مارخور پاکستان کا قومی جانور ہے
پیناما کیس,براہ کرم مزید مخصوص ہو
سندھ کے موجودہ وزیر اعلی کا نام کیا ہے؟,مراد علی شاہ سندھ کے وزیر اعلی ہیں
میں یاسی ہوں اب مجھے بتاو میں کون ہوں,یاسین
وائپر کیا ہے؟,یہ ایک سانپ ہے
مینگلاہ کا بنیادی کمانڈر کون ہے؟,مجھے افسوس ہے کہ میں نہیں جانتا، براہ مہربانی زیادہ مخصوص رہیں
پی اے ایف کیا ہے؟,پاکستان ہوائی جہاز
نوازی شریف نے کیوں غیر قانونی قرار دیا,کیونکہ ان کی بدعنوانی کا اظہار کیا گیا تھا
کمپیوٹر سائنس کے لئے پاکستان میں بہترین یونیورسٹی؟,روزہ اور مزاحیہ پاکستان کے بہترین یونیورسٹی ہیں
پاکستان کے قومی ہیرو کا نام؟,جیسا کہ بہت سے قومی ہیرو ہیں اس سے زیادہ خاص ہو
سی پی سی کیا ہے؟,سی پی ای سی سی چین پاکستان اقتصادی کوریڈور کے لئے کھڑا ہے
پاکستان کا وزیر تعلیم کون ہے؟,محمد بلب الرحمان پاکستان کے وزیر تعلیم ہیں
آزاد کشمیر کے موجودہ وزیر اعظم؟,فاروق حیدر خان (پاکستان مسلم لیگ (این) کاشمر کے موجودہ وزیر اعظم ہے
پاکستان کا قومی علامہ,آپ کے بارے میں کون سی علامت جاننا چاہتا ہے؟
پاکستان میں فلم صنعتوں کی مجموعی آمدنی؟,وہ ہر سال مختلف فلموں پر منحصر ہیں اور پسند کرتے ہیں
ہماری انرجی بحران کے پیچھے کیا وجوہات ہیں,پاکستان میں کم از کم ڈیموں کی وجہ سے
پاکستان کب ورلڈ کپ جیت گیا,1992 میں
اس بارے میں مجھے بتاو,یہ ایک چیٹ بٹ ہے
پاکستان کے چھوٹے صوبے کا نام؟,خیبر پختونخواہ پاکستان کا سب سے چھوٹا صوبہ ہے
پاکستان میں ندی,سوٹج دریا روی دریا چناب دریا پاکستان کے چند دریا ہیں
پاکستان میں رہنے والے ہندس کی تعداد؟,پاکستان میں 1 ملین ہندس زندہ رہتا ہے
پاکستان کے مشہور مشہور اداکار کا نام کیا ہے؟,شان پاکستان کا مشہور اداکار ہے
پاکستان کے غیر ملکی تعلقات,ان کے ساتھ دوسرے ممالک کے ساتھ اچھے تعلقات ہیں
پاکستان کے روایتی لباس کیا ہے,اس کے سلور کامز
رٹی گالی کا مقام؟,کشمیر
روشنی کے شہر کے بارے میں معلومات؟,کراچی شہر کے طور پر جانا جاتا ہے
پاکستان کی سب سے بڑی مسئلہ,پاکستان کا سب سے بڑا مسئلہ بدعنوانی ہے
پاکستان کی توانائی بحران؟,پاکستان میں کم از کم ڈیموں کی وجہ سے
پاکستان کی تاریخ میں سب سے زیادہ بدعنوانی شخص کون ہے؟,نواب احمد شفیق پاکستان کا سب سے بدعنوان شخص ہے
پاکستان کا پہلا آرمی چیف کون ہے؟,جنرل سر فرینک میسوری کو نئی پاکستانی آرمی کے پہلے آرمی کمانڈر - ان-چیف کے طور پر مقرر کیا گیا تھا.
پاکستان کے موجودہ داخلہ وزیر کا نام؟,شھریر نصر علی خان
پاکستان کی سب سے بڑی درآمداتی مصنوعات کیا ہے؟,کمپیوٹرز سمیت مشینری: 6.4 ارب امریکی ڈالر (مجموعی درآمد کا 15.7 فیصد) پاکستان میں سب سے بڑا درآمدی مصنوعات ہے
پاکستان کے وزیر تعلیم کا نام؟,محمد بلب الرحمان پاکستان کے وزیر تعلیم ہیں
جب پاکستان نے کرکٹ ورلڈ کپ جیت لیا؟,پاکستان نے 1992 میں عالمی کپ جیت لیا
کیا صوبہ میں ہے؟,لاہور صوبہ پنجاب کا دارالحکومت ہے
پاکستان کے قومی شکایات کا نام؟,برف چیتے پاکستان کے قومی محرک ہے
ہماری ماں کیا ہے؟,میں تمہاری ماں کے بارے میں کچھ نہیں جانتا، لیکن پاکستان ہماری ماں ہے :)
حالیہ وزیر اعظم پاکستان,نواب احمد شفیق پاکستان کے حالیہ وزیراعظم ہیں
پاکستان کے صوبوں کا نام,پاکستان صوبہ پنجاب، سندھ، بلوچستان اور کے پی پی کے ہیں
پاکستان کے اہم درآمدات کے نام کیا ہیں؟,صنعتی سامان، کیمیکل، گاڑیاں، اسٹیل، لوہے ایسک، پٹرولیم، خوردنی تیل، دالیں، چائے
پاکستان کا سب سے بڑا شہر,کراچی پاکستان کا سب سے بڑا شہر ہے
پاکستان کی بہترین تنظیمیں کیا ہیں؟,آپ کے سوال کے بارے میں زیادہ خاص ہو
گالی کے بارے میں کچھ,وہ ایک حیرت انگیز شاعر ہے
پاکستان کا صدر کون ہے؟,ممنون حسین پاکستان کا صدر ہے
جوج محال کے بانی کون ہے؟,شاہ جهان تاج محل کا بانی ہے
پاکستان کتنا کم طاقت ہے؟,بجلی کی 20 فیصد کی کمی
پاکستان کی سرکاری زبان کیا ہے؟,انگریزی پاکستان کی سرکاری زبان ہے
پاکستان میں سیاحت کا بہترین مقام کونسا ہے؟,پاکستان میں سیاحت کے لئے شمالی علاقوں بہتر ہیں
پاکستان کا صدر کون ہے؟,ممنون حسین پاکستان کا صدر ہے
پاکستان میں سب سے بڑا میوزیم؟,نیشنل میوزیم پاکستان میں سب سے بڑا میوزیم ہے
کراچی,کراچی سندھ کا دارالحکومت ہے
لاہور کا میئر کون ہے؟,مجھے افسوس ہے کہ میں نہیں جانتا، براہ مہربانی زیادہ مخصوص رہیں
پاکستان میں مذہبی تہوار کیا ہیں؟,کچھ اہم مذہبی تہوار عید الفت، عید الازہ، عید میلاد غیر نبی، کرسمس، ہولی، دیالی وغیرہ ہیں.
علی دھفر؟,وہ پاکستانی گلوکار ہے
پاکستان میں مشہور بینک,کوئی مشہور بینک نہیں ہے
پاکستان کا قومی جانور کونسا ہے؟,مارکو پاکستان سے ہیرا ہے
مجھے کشمیر کے دارالحکومت کے بارے میں بتاؤ؟,مظفرآباد
پاکستان میں دہشت گردی کے بارے میں معلومات؟,دن کی طرف سے بڑھتی ہوئی دن
781 کیا ہے؟,مجھے افسوس ہے کہ میں نہیں جانتا، براہ مہربانی زیادہ مخصوص رہیں
گلگت,اس سے اپ کا کیا مطلب ہے
بھارت کے ساتھ غیر ملکی تعلقات,ہمارے پاس ایک دوسرے کے ساتھ اچھے تعلقات نہیں ہیں
پاکستان کا قومی پھول کیا ہے؟,جیسمین پاکستان کا قومی پھول ہے
مجھے پاکستان کے علاقے کے بارے میں بتاؤ؟,796،095 کلو میٹر پاکستان کا علاقہ ہے
'زراب ایحان آپریشن' میں پاک فوج کی طرف سے شروع,راجنپور
پاکستان کے اہم مسائل؟,دہشت گردی پاکستان میں اہم مسئلہ ہے
پاکستان کا قومی رنگ کیا ہے؟,گرین پاکستان کا قومی رنگ ہے
پاکستان کی قومی زبان؟,اردو پاکستان کی قومی زبان ہے
پاکستان میں اہم مسائل,اہم مسائل ترقی اور دہشت گردی ہیں
کبھی پاکستان میں سب سے زیادہ درجہ حرارت درج ہے؟,55 ڈگری سیلسیس
پاکستان میں خوبصورت جھیل ہیں؟,پاکستان میں جھیل بہت خوبصورت ہیں
پنجاب کی آبادی کیا ہے؟,اس کی بہت ہی متوازن متوازن ہے، براہ مہربانی مزید مخصوص رہیں
قومی جانور؟,مارخور پاکستان کا قومی جانور ہے
سب کو سلام؟,ہیلو اجنبی
پاکستان میں کل آبادی کیا ہے؟,220 ملین پاکستان آبادی ہے
پاکستان میں سمندر کی بندرگاہوں کی مجموعی تعداد؟,تین بندرگاہوں میں ہیں: (کراچی، بن قاسم اور گوادر)
سندھ کی خواندگی کی شرح؟,53 فیصد خواندگی
پاکستان میں کھیل,اس سے اپ کا کیا مطلب ہے
کیوں پاکستان نے پاکستان میں روکا,کیونکہ آپ نے ماں نے کہا
ہنزا کہاں ہے,یہ پاکستان کے شمالی حصے میں واقع ہے
پاکستان کی بلند ترین چوک کا نام کیا ہے؟,K2 پاکستان میں سب سے زیادہ چوٹی ہے
عبدالحفیظ کاردار,عبدالحفیظ کاردار یا عبدالردار ایک بین الاقوامی کرکٹر تھا، جس نے بھارت اور پاکستان دونوں کے درمیان ٹیسٹ کرکٹ بھی لیا
پاکستان میں کتنے ڈسپینس موجود ہیں؟,پاکستان میں 4600 ڈسپینس موجود ہیں
٥٦,مجھے افسوس ہے کہ میں نہیں جانتا، براہ مہربانی زیادہ مخصوص رہیں
کراچی کا بڑا نام؟,کولچی کا کارکا کا بڑا نام ہے
پاکستانی مشہور گلوکار کون ہے؟,علی ظفر پاکستان کے مشہور گلوکار ہے
عمران خان؟,سیاستدان اب پاکستان کے سابق کرکٹر ہیں
ممنو حسین,ممنون حسین پاکستان کے موجودہ صدر ہیں
کون ہے,مجھے افسوس ہے کہ میں نہیں جانتا، براہ مہربانی زیادہ مخصوص رہیں
چاکور پیٹرج پرندوں؟,یہ پاکستان کی قومی نسل ہے
پاکستان میں انرجی بحران کا علاج؟,زیادہ ڈیموں کی تعمیر کرکے زیادہ ہائیڈلال پاور سٹیشنوں کی تعمیر کریں
مشرقی شاعر؟,محمد اقبال
مجھے پاکستان کے مقبول مقامات کے بارے میں بتاؤ؟,ہنزا خمیراب پاس پاکستان کے مقبول مقامات ہیں
پاکستان میں مذہبی واقعات,عید الکرم میں عید الازہ
ریشم بینکوں,ریشم بینک پاکستان کے بہت سے علاقوں میں بہت سے شاخیں ہیں
پاکستان کے سب سے تاریخی شہر کا نام کیا ہے؟,سکھر پاکستان میں سب سے زیادہ تاریخی شہر ہے
سی پی سی کیا ہے؟,چین-پاکستان اقتصادی کوریڈور بنیادی ڈھانچے کے منصوبوں کا مجموعہ ہے جو فی الحال پاکستان بھر میں زیر تعمیر ہے.
پاکستان میں سب سے خوبصورت جھیل,سیف اللک پاکستان میں خوبصورت جھیل ہے
پاکستان نے کس طرح قائم کیا؟,قائداعظم پاکستان کا بانی ہے
پاکستان کا بہترین تاریخی مقام,بہت سے تاریخی مقامات جیسے بدشیہ مجاہد، موینجوڈیارو وغیرہ ہیں
پاکستان کے مختلف مقامات کی موسم,آپ کا سوال مخصوص ہونا ضروری ہے
2015 میں آرمی چیف؟,راحیل شریف 2015 میں آرمی چیف ہیں
فائپ,اس سے اپ کا کیا مطلب ہے
بہترین ہسپتال کیا ہے؟,پمز پاکستان کے بہترین اسپتال ہے
موجودہ آرمی چیف کا نام کیا ہے؟,قمر جاوید باجواہ پاکستان کے موجودہ وزیر اعظم ہیں
پاکستان میں پھل؟,مینگو ایپل کیلے پاکستان کے بڑے پھل ہیں
پاکستان کی سیاسی جماعتیں,مقبول جماعتیں ہیں: پی ٹی آئی، پی پی پی، پی ایم ایل این اور ایم ق. ایم
پاکستان کے موجودہ وزیر داخلہ کا نام,احسن اقبال پاکستان کا موجودہ وزیر داخلہ ہے
کابدی کھیل,پنجاب پاکستان میں سب سے زیادہ مقبول کھیلوں میں سے ایک
پاکستان کے قومی جانور کا نام؟,مارخور پاکستان کا قومی جانور ہے
پاکستان کی پہلی خاتون وزیر اعظم کون ہے,بینظیر بھٹو پاکستان کا پہلا وزیر اعظم ہے
پاکستان کی اہم صنعتوں کے نام؟,ٹیکسٹائل، سیمنٹ، کھاد، اسٹیل، شوگر، الیکٹرک سامان، شپب سازی
پنجاب کے وزیر اعلی کا نام,شہباز شریف کا پاکستان کا موجودہ وزیر ہے
مجھے پاکستان میں آبپاشی کے نظام کے بارے میں بتاؤ؟,ان کے پاس بہت اچھا معیار نہیں ہے
پیٹی کے بانی کا نام کیا ہے؟,عمران خان پیٹی کے بانی ہے
جب پاکستان بنایا گیا تھا,1947 ء میں پاکستان وجود میں آئی
محمد علی جینا,پاکستان کے بانی
پاکستان کے قومی ہیرو کیا ہیں؟,جیسا کہ بہت سے قومی ہیرو ہیں اس سے زیادہ خاص ہو
پاکستان کا بجٹ کیا ہے؟,جس میدان میں
پاکستان میں کتنے صوبوں؟,پاکستان میں 4 صوبوں ہیں
پاکستان کا بہترین شاعر کیا ہے؟,علامہ اقبال پاکستان کا بہترین شاعر ہے
برآمدات,پاکستان کی برآمدات بہت اچھے ہیں
پاکستان میں موجودہ سیاسی مسائل؟,پی ٹی ایم ایم پی پی پاکستان کی اہم جماعتیں ہیں
میں چاکر سے کیسے چھٹکارا حاصل کر سکتا ہوں؟,مجھے افسوس ہے کہ میں نہیں جانتا، براہ مہربانی زیادہ مخصوص رہیں
یہ صحیح جواب نہیں ہے.,ٹھیک ہے کچھ اور پوچھیں
آپ سے محبت,مجھے بھی تم سے پیار ہے
پاکستان,ہماری پیدائش کی پیدائش، یہ ہمیں بے شمار نعمتیں فراہم کرتی ہے جو ہم عام طور پر غور نہیں کرتے ہیں
پاکستان کے پڑوسی ممالک کا نام؟,پاکستان کے پڑوسی ہیں: چین، بھارت، ایران، افغانستان
قائد اعظم کا تھا,وہ پاکستانی بانی ہے
پاکستان کے ہسپتال کیا ہیں؟,آپ کا سوال کوئی احساس نہیں ہے
آپ پاکستان سے محبت کیوں کرتے ہیں؟,کیونکہ یہ ہماری ماں زمین ہے
پاکستان کے دوسرے بڑے شہر کا نام کیا ہے؟,لاہور دوسرا سب سے بڑا شہر ہے
پاکستان میں کتنے ٹھوس چل رہے ہیں؟,مجھے افسوس ہے کہ میں نہیں جانتا، براہ مہربانی زیادہ مخصوص رہیں
پاکستان کا سب سے بڑا شہر کا نام؟,کراچی پاکستان کا سب سے بڑا شہر ہے
پاکستان میں پاکستان ہے؟,ہاں پاکستان اقوام متحدہ کا حصہ ہے
سب سے زیادہ بولی زبان کیا ہے,پاکستان میں پنجابی سب سے اکثر بولی جاتی زبانوں ہے
پاکستان کب دنیا میں سپر پاور بن جائے گا؟,نوجاشریف پی کے دور میں سپر پاور بن گیا
سب سے زیادہ مالیاتی ترقی یافتہ صوبے کا نام؟,پنجابی
کوئٹہ کا موسم؟,اس کی چلی موسم
پاکستان کی قومی برادری؟,چاکور پاکستان کی قومی نسل ہے
پاکستان کے غیر ملکی تعلقات,پاکستان چین اور ترکی کے ساتھ مضبوط تعلقات رکھتا ہے. دوسرے مسلمان ممالک، نیٹو ممالک، روس اور امریکہ کے ساتھ مہذب تعلقات، بھارت، افغانستان اور ایران کے ساتھ بہت غریب تعلقات ہیں
پاکستان اور بھارت کے درمیان تعلقات؟,ان کے دوستانہ تعلقات نہیں ہیں
پاکستان میں کتنے ندی ہیں؟,پاکستان میں تقریبا 25-30 دریاؤں ہیں
سی پی ای سی,سی پی ای سی سی چین پاکستان اقتصادی کوریڈور کے لئے کھڑا ہے
مجھے قومی کرنسی کے نام کے بارے میں بتاؤ؟,روپیہ پاکستان کی کرنسی ہے
عائشہ میں آپ سے محبت کرتا ہوں,عائشہ بھی آپ سے پیار کرتے ہیں، آپ اس کے بھائی کی طرح ہیں
پنجاب کے دارالحکومت کا نام؟,لاہور پاکستان کا دارالحکومت ہے
پاکستان کے بڑے شہروں؟,اسلام آباد، کراچی، لاہور، پشاور، کوئٹہ، راولپنڈی، حیدر آباد، فیصلآباد، ملتان، سیالکوٹ
قومی کھیل,ہاکی پاکستان کا قومی کھیل ہے
پاکستان کے بڑے سیاحتی مکامات کے نام کیا ہیں؟,مرمر، چیلی، بھوک، شیر، ٹی، ٹی، ٹی، ٹی، ٹی، ٹی، ٹی
سندھ کی زبان کیا ہے؟,سنڈی میں سنڈی بولی جاتی ہے
منگوببا فیس بک کا صفحہ,ٹھیک ہے
پاکستان کے پہلے چیف جسٹس کا نام؟,انور ظہر جمالی پاکستان کا پہلا چیف جسٹس ہے
پاکستان کی سرکاری زبان کا نام,انگریزی پاکستان کی سرکاری زبان ہے
بتاؤ کہ کونسا صوبہ بڑا ہے,پنجاب پاکستان کا سب سے بڑا صوبہ ہے
ٹوکری کے موسم کے بارے میں معلومات؟,وہاں اس کی چلی
پاکستان میں سب سے زیادہ بولی زبان,پنجاب میں سب سے زیادہ بولی زبان ہے
پاکستان کی قومی لباس؟,شلوارکمیز پاکستان کا قومی لباس ہے
فوج کا عملہ کون ہے؟,قمر جاوید بھووا آرمی چیف ہیں
پاکستان میں درآمد,مشینری پاکستان کی سب سے بڑی درآمد ہے
صوبہ سب سے بڑی آبادی,پنجاب کی سب سے بڑی آبادی ہے
پاکستان کا برآمد,پاکستان کا بنیادی برآمد کپاس اور ٹیکسٹائل ہے
مریمام نوزاز کون ہے,نویج شیرف کے ڈیوگسٹرٹر
JF-17 تندر کی خاصیت؟,پاکستان میں یہ ذریعہ کوڈ ہے، لہذا ہم میزائل فائر کرنے سے قبل کسی کی اجازت کی ضرورت نہیں ہے
5 کیا ہے,اس سے اپ کا کیا مطلب ہے
پنجاب کے وزیر اعظم کون ہے؟,شیخ رشید پنجابی کے وزیر اعظم ہیں
گلاب,اس سے اپ کا کیا مطلب ہے
پاکستان میں کتنے ہسپتال موجود ہیں,مجھے افسوس ہے کہ میں نہیں جانتا، براہ مہربانی زیادہ مخصوص رہیں
تم نے مجھے کیوں ہٹا دیا؟,مجھے افسوس ہے کہ میں نہیں جانتا، براہ مہربانی زیادہ مخصوص رہیں
پاکستان میں کتنے ڈیم ہیں؟,پاکستان میں 4 بڑے ڈیم ہیں
ہیلو,ہیلو
فوجی سربراہ کون ہے؟,قمر جاوید باجوہ اسٹاف آف آرمی چیف ہیں
ذوالجلانا,حضرت حسين بن علی (ر) کے گھوڑے
پاکستان کے صوبوں کا نام؟,پاکستان میں 5 صوبوں میں آئی ای پی کے پی، سند، بلوچستان، گلگت بلتستان اور وہاں موجود ہیں
چچا جادوگر کی تلاش کس طرح بچوں کے نوجوانوں پر اثر انداز ہے؟,مجھے افسوس ہے کہ میں نہیں جانتا، براہ مہربانی زیادہ مخصوص رہیں
پاکستان میں قومی کھیل کا نام؟,پاکستان میں ہاکی قومی کھیل ہے
کبھی نہیں,پاکستان کی اعلی تعلیمی کمیشن
پاکستان کا سب سے بڑا شہر؟,ہنزا پاکستان کا سب سے ٹھنڈا شہر ہے
جہلم دریا کہاں سے ہے؟,یہ پنجاب کے پانچ دریاؤں کی مغربی ہے، اور جہلم ڈسٹرکٹ کے ذریعے گزر جاتا ہے.
پاکستان میں بنیادی اسکولوں کی تعداد؟,155000 پرائمری اسکول ہیں
پاکستان کے قومی برادری,چاکور پاکستان کی قومی نسل ہے
پاک اور عراق کے غیر ملکی تعلقات کے بارے میں مجھے بتاؤ؟,دونوں دونوں مسلم تعلقات ہیں جیسے اچھے تعلقات ہیں
مجھے پاکستان کے درآمد کے بارے میں بتاؤ؟,مشینری پاکستان کی سب سے بڑی درآمد میں سے ایک ہے
پاکستان میں صوبوں کی تعداد کیا ہے؟,پاکستان میں 5 صوبوں ہیں
پاکستان کے مشہور کھلاڑیوں,مشہور کھلاڑیوں نے عمران خان، جاوید میانداد ہیں
چاچا مجبور,مجھے افسوس ہے کہ میں نہیں جانتا، براہ مہربانی زیادہ مخصوص رہیں
پاکستان کے قومی کھیل کے بارے میں معلومات؟,ہاکی پاکستان کا قومی کھیل ہے
کمپنیوں میں شرکت؟,جس میدان میں
پاکستان کا بہترین کمانڈر کون ہے؟,عمر شریف پاکستان کا سب سے بہترین کمانڈر ہے
پاکستان کا دارالحکومت کیا ہے؟,اسلام آباد پاکستان کا دارالحکومت ہے
پاکستان میں ایماندار سیاستدان کون ہے؟,عمران خان
قومی پھول؟,جیسمین پاکستان کا قومی پھول ہے
پہلے گورنر جنرل کا نام؟,قائداعظم پہلا گورنر جنرل ہے
پاکستان میں کسی سامان درآمد؟,مشینری پاکستان کی بڑی درآمد ہے
پاکستان کی اقلیتیں؟,ہندس مسیحی اقلیتیں پاکستان ہیں
پاکستان قائم کیا گیا تھا؟,پاکستان 14 اگست 1947 کو قائم کیا گیا تھا
اب بدھ کہاں ہے,مجھے افسوس ہے کہ میں نہیں جانتا، براہ مہربانی زیادہ مخصوص رہیں
JF-17 تندر کی خاصیت؟,پاکستان میں یہ ذریعہ کوڈ ہے، لہذا ہم میزائل فائر کرنے سے قبل کسی کی اجازت کی ضرورت نہیں ہے
پاکستان میں کتنے صوبوں ہیں؟,پاکستان کے 4 صوبے ہیں
موجودہ COAS؟,قمر جاوید باجوہ اسٹاف آف آرمی چیف ہیں
چین کے ساتھ غیر ملکی تعلقات؟,ان کے دوستانہ تعلقات ہیں
کونسا ملک پاکستان کا بہترین دوست تصور کیا جاتا ہے؟,چین پاکستان کا بہترین دوست ہے
پاکستان کب قائم ہوا؟,قائد اعظم نے پاکستان کی بنیاد رکھی
مشہور شہر؟,درجہ حرارت کے لحاظ سے کشتی سب سے زیادہ شہر ہے
ممنون حسین کون ہے؟,وہ پاکستان کا صدر ہے
پاکستان کی تاریخ میں اقبال کی اہمیت,علامہ اقبال سب سے بڑی شاعر ہے اور پاکستان کے عوام کو آزادی کے لئے بھی بیداری پیدا کی گئی ہے
پاکستان کی ثقافت,پاکستان کی ثقافت بہت خوبصورت ہے
عاصم الحق کون ہے؟,مجھے افسوس ہے کہ میں نہیں جانتا، براہ مہربانی زیادہ مخصوص رہیں
عمران خان,وہ پاکستان کا سابق کھلاڑی ہے
بلوچستان کے دارالحکومت کا نام کیا ہے؟,کوئٹہ بھوکستان کا دارالحکومت ہے
پاکستان میں سب سے پرانی جگہ,ہراپا اور موہنجو ڈارون پاکستان میں سب سے قدیم مقامات ہیں
پاکستان میں سب سے طویل دریا؟,سندھ دریا 2880 کیلومیٹر کا سب سے طویل دریا ہے
کاملیش,مجھے افسوس ہے کہ میں نہیں جانتا، براہ مہربانی زیادہ مخصوص رہیں
پاکستان میں درآمد,مشینری پاکستان کی درآمد ہے
پاکستان میں عورت کا تناسب کیا ہے,عورت کا تناسب 48.76٪ ہے
پاکستان میں بہترین سیاحتی مقام,شمالی علاقوں میں سیاحوں کے لئے بہترین علاقہ ہے
پاکستان کے ملک کے والد کا نام؟,قائداعظم محمد علی جناح
سی پی ای سی سی کی گنجائش,سی پی ای سی چین چین پاکستان اقتصادی کوریڈور کے لئے کھڑا ہے، بنیادی طور پر پاکستان اور چین کے درمیان تجارتی مقاصد کے لئے.
پاکستان کے قومی جانور کیا ہے؟,مارخور پاکستان کا قومی جانور ہے
C پی ای سی کی طرف سے شروع کیا؟,چین اور پاکستان نے سی پی ای سی شروع کردی
ہیک کیا ہے ؟؟,پاکستان کی اعلی تعلیمی کمیشن
پاکستان میں مشہور تعلیمی ادارے؟,جس سطح پر
پاکستان کا دارالحکومت کیا ہے,اسلام آباد
جی بی کے گورنر,میر غضنفر علی شاہ گلگت بلتستان کے گورنر ہیں
پاکستان کی سب سے زیادہ حیرت انگیز جگہیں کیا ہیں,کاغانان ہنزا پاکستان کے سب سے زیادہ حیرت انگیز مقامات ہیں
پاکستان کے قومی کھیلوں کا نام؟,ہاکی پاکستان کا قومی کھیل ہے
تم,اس سے اپ کا کیا مطلب ہے
پاکستان کے قومی کھلاڑی؟,پاکستان کے بہت سے قومی کھلاڑی ہیں
کیا بھٹو زندہ ہے؟,نہیں وہ نہیں ہے
پاکستان کی تعلیمی نظام کیا ہے؟,براہ کرم مزید مخصوص ہو
تم کون ہو؟,میں پی کے بی بوٹ ہوں
آزادی کی تاریخ,14 اگست، 1947 وہ تاریخ تھی جہاں پاکستان برطانیہ سے یہ آزادی حاصل کرتی تھی
بانی کون ہے؟,قائداعظم پاکستان کا بانی ہے
پاکستان کا درآمد؟,مشینری پاکستان کی سب سے بڑی درآمد میں سے ایک ہے
پنجابی کا دارالحکومت؟,لہر پنجاب کے دارالحکومت ہے
پاکستان کا ہیرو کون ہے؟,آپ کا سوال مخصوص ہونا ضروری ہے
نوابشاف پاکستان میں کیوں مسترد ہوگئی؟,کیونکہ وہ خراب تھا
پاکستان ایئر فورس کا سب سے بڑا مرکز کونسا ہے؟,اس سے اپ کا کیا مطلب ہے
ہارپا کی تاریخ کے بارے میں معلومات؟,ہارپا یہ ہے کہ میں جو کچھ جانتا ہوں اس میں ایک آثار قدیمہ کی سائٹ ہے
قومی ہیرو ہے,قائداعظم پاکستان کے قومی ہیرو ہے
پاکستان کے قومی کھیل,ہاکی پاکستان کا قومی کھیل ہے
سیب,سیب اکثر پاکستان کے شمالی علاقوں میں بڑھ جاتا ہے
پاکستان کا بہترین اسکواش کھلاڑی؟,جہانگیر خان پاکستان کا بہترین اسکواش کھلاڑی ہے
پاکستان میں کونسا مال دنیا بھر میں برآمد کرتا ہے؟,پاکستان برآمد کھیلوں کا سامان
لہور کے لئے جانا جاتا ہے؟,لہذا اس کے کھانے کے لئے جانا جاتا ہے
کیا آپ پاکستان کے شمالی علاقوں کو پسند کرتے ہیں؟,افسوس ہے مجھے کوئی احساس نہیں ہے
فاسٹ مقام؟,یہ یونیورسٹی کا نام ہے
پاکستان کی معلومات کی ٹیکنالوجی,اس سے اپ کا کیا مطلب ہے
پاکستان میں سب سے خوبصورت جگہ کیا ہے,کشمیر پاکستان میں سب سے خوبصورت جگہ ہے
پاکستان میں کمپیوٹر سائنس کے لئے بہترین انسٹی ٹیوٹ کیا ہے؟,کمپیوٹر اور ابھرتی ہوئی علوم کے نیشنل یونیورسٹی
حافظ جلندری,ابو الاسار حفیظ جلندھاری ایک پاکستانی زبانی شاعر تھی جس نے پاکستان کے نیشنل گاندھی کی غزلیں لکھی تھیں
پاکستان کی علامت؟,آپ کو زیادہ مخصوص ہونا ضروری ہے
پاکستان کے قومی ذخائر؟,پاکستان میں 29 محفوظ علاقوں ہیں جو قومی پارکوں کے نام سے مشہور ہیں
پاکستان خواتین کی کرکٹ ٹیم کے کپتان کا نام؟,ثنا میر پاکستان خاتون کرکٹ ٹیم کا کپتان ہے
پاکستان میں سوادتی کی شرح کیا ہے؟,57 فیصد
پاکستان کی پہلی خاتون وزیر اعظم,بینظیر بھٹو پاکستان کا پہلا خاتون وزیراعظم ہے
پاکستان کی بلند ترین چوٹی,پاکستان میں سب سے زیادہ چوٹی K2 ہے
پاکستان میں قومی تقریبات,25 دسمبر، 11 نومبر، 6 ستمبر، 23 مارچ اور یوگاسسٹ 14
مریمام نوجا کے بارے میں مجھے بتاؤ؟,وہ نوازی شیرف کا داغوسٹر ہے
پاکستان میں توانائی بحران,کم سے کم ڈیموں کی وجہ سے
موجودہ ڈی جی رینجرز کون ہیں؟,نوید حیات خان. کیا ڈی جی رینجرز
کون نے پاکستان کو پیدا کیا,قائد اعظم نے پاکستان کو پیدا کیا
پاکستان میں یونیورسٹیوں کی تعداد؟,پاکستان میں 51 یونیورسٹییں ہیں
کوئٹہ کا مقام؟,کوئٹہ بلوچستان کا دارالحکومت ہے
پاکستان کے بانی؟,قائداعظم محمد علی جناح
پاکستان میں کوئی تازہ ترین بدعت,مجھے افسوس ہے کہ میں نہیں جانتا، براہ مہربانی زیادہ مخصوص رہیں
خدا؟,انسان کے خالق
پاکستان کا سب سے بڑا خطرہ کیا ہے,بدعنوانی، بے روزگاری، نا انصافی، اور غربت پاکستان کے لئے سب سے بڑا خطرہ ہیں
ڈو ڈار کے بارے میں مجھے بتاو؟,یہ پاکستان سے قومی درخت ہے
کیا بین الاقوامی برانڈز پاکستان ہی مالک ہیں؟,پاکستان میں نیک، چارلس اور کیتھ، پیڈرو، ٹیگ ہیور، اویسس اور ٹائمکس برینڈ کے خصوصی ڈسٹریبیوٹر
ہم اپنی فلم صنعتوں کو کس طرح بہتر بنا سکتے ہیں؟,اس سے زیادہ بجٹ مختص کرکے
مجھے پاکستان کے بہترین سیاحتی مقامات کے بارے میں بتاؤ؟,شمالی علاقوں میں سیاحت کے لئے شمالی علاقوں سب سے بہتر ہیں
لہر کی موجودہ موسم کیا ہے؟,وہاں اس کا گرم ہوا
مشرقی شاعر کا نام؟,محمد اقبال
پاکستان کی ثقافت ہے,پاکستان کی ثقافت بہت خوبصورت ہے
تمھارا نام ؟,میں پی کی بیوٹی ہوں
کیا چل رہا ہے,مجھ سے کچھ سوال پوچھیں، میں بور ہو رہا ہوں
کیا آپ اعلی ہیں؟,میں ہمیشہ اعلی ہوں
سی پی سی کیا ہے؟,سی پی ای سی | چین - پاکستان اقتصادی کوریڈور (سی پی ای سی سی) سرکاری ویب سائٹ پلاننگ وزارت کی طرف سے تیار
پاکستان کرکٹ ٹیم کا پہلا کپتان کون تھا؟,عبدالحفیظ کاردار کرکٹ ٹیم کا پہلا کپتان تھا
پاکستان کی سب سے بڑھتی ہوئی فصل کیا ہے؟,سب سے اہم فصلیں گندم، گدھے، کپاس اور چاول ہیں
صوبوں کی تعداد پاکستان میں ہے,پاکستان میں 4 صوبوں ہیں
پاکستان کی سرکاری زبان کیا ہے؟,انگریزی پاکستان کی سرکاری زبان ہے
پاکستان کی سیاست؟,یہ مشکل ہے
2009 میں ٹی 20 کرکٹ ورلڈ کپ کے چیمپئنز؟,پاکستان نے 2009 کے ٹی 20 ورلڈ کپ جیت لیا
پاکستان میں کتنے ٹھوس چل رہے ہیں؟,مجھے افسوس ہے کہ میں نہیں جانتا، براہ مہربانی زیادہ مخصوص رہیں
فہیم کون ہے (چچا جادوگر)؟,مجھے افسوس ہے کہ میں نہیں جانتا، براہ مہربانی زیادہ مخصوص رہیں
قائداعظم کون تھا؟,وہ پاکستانی بانی ہے
پاکستان کونسا معدنی معدنی معنی ہے؟,کوئلہ پاکستان کا سب سے معدنی معدنی ہے
جس جرم پر نوزاز شیرف وزیر اعظم سے ملاقات کی,بدعنوان کی وجہ سے
پاکستان کا خارجہ وزیر؟,پاکستان کا خارجہ وزیر نہیں ہے
پاکستان میں تاریخی مقامات کا نام؟,پاکستان میں بہت سے تاریخی مقامات موجود ہیں جیسے بریشیہ مسجد رٹاس قلعہ وغیرہ
پاکستان کے موجودہ وزیر داخلہ کا نام کیا ہے؟,احسن اقبال داخلہ وزیر ہیں
پاکستان کی ماں کون ہے؟,فاطمه جناح پاکستان کی ماں ہے
JF-17 گردن کی خاصیت کیا ہے؟,پاکستان میں یہ ذریعہ کوڈ ہے، لہذا ہم میزائل فائر کرنے سے قبل کسی کی اجازت کی ضرورت نہیں ہے
کیلا شا ککو؟,کالی شاہ کاکو ضلع شیخپورہ کے ایک شہر ہے
لہر کے مقام,لاہور میں صوبہ پنجاب میں واقع ہے
کیا آپ پرویز مشرسر سے محبت کرتے ہیں؟,ہاں پرویز مشیررف پاکستان کا عظیم رہنما ہے
کراچی میں سیاحت,کلفٹن ساحل پاکستان میں اچھا سیاحتی مقام ہے
پاک کا قومی نشان؟,پاکستان کا قومی نشان چاند اور ستارہ ہے
کیوں پاکستان کے وزیر اعظم پارلیمان سے نکال دیا گیا ہے,کیونکہ وہ خراب تھا
ذوالجانا کیا ہے؟,افسوس ہے کہ میں ایک مذہبی بوٹ نہیں ہوں
پاکستان بہت انتہا پسند ہیں,تعلیم کی کمی کی وجہ سے
پاکستان میں پولیو کے مریضوں؟,2017 میں 2 مقدمات ملتے ہیں
پاکستان میں سیاحتی مقامات,شمالی علاقوں، گلگت، سکرو، سوات، کشمیر اور بہت سے لوگ
پاکستان کا سب سے بڑا میوزیم؟,17 اپريل 1، 1950 کو فریر ہال میں نیشنل میوزیم آف پاکستان کا قیام کیا گیا تھا، اس نے دفاعی وکٹوریہ میوزیم کی جگہ لے لی .یہ سب سے بڑا میوزیم ہے.
پاکستان کا صدر؟,ممنون حسین پاکستان کا موجودہ صدر ہے
پاکستان کی آبادی؟,پاکستان کی آبادی تقریبا 22 کروڑ ہے
بہترین اقبال,وہ پاکستانی وزیر داخلہ ہیں
پاکستان کا قومی شاعر کون ہے؟,محمد اقبال
صوبوں کی تعداد پاکستان ہے؟,پاکستان میں 5 صوبوں ہیں
پاکستان میں تاریخی مقامات,پاکستان میں بہت سے تاریخی مقامات موجود ہیں
پاکستان کا سب سے بڑا ہوائی اڈے کونسا ہے؟,کراچی میں واقع پاکستان میں مسور ایئر بیسز سب سے بڑا ہے
سب سے بڑا صوبہ کیا ہے؟,بلوچستان بلوچستان کا سب سے بڑا صوبہ ہے
پاکستان میں لوڈ شیڈنگ,پاکستان میں لوڈ شیڈنگ سب سے بڑی مسئلہ ہے
پاکستان کو کیا خطرات ہیں,کونسے ملک سے ؟
پاکستان کا ٹیٹو,پاکستان میں بہت سے ٹیٹو ہیں جو ہر سیاسی جماعت میں پایا جاتا ہے
پاکستان میں بھاری صنعت,اس سے اپ کا کیا مطلب ہے
پاکستان کی مشہور شخصیت,عمران خان
پاکستان کے لئے سب سے بڑا خطرہ کیا ہے؟,بھارت پاکستان کا سب سے بڑا خطرہ ہے
پاکستان کے صوبوں کا نام؟,پنجاب، سندھ، بلوچستان اور کے پی پی کے
پاکستان کے امیدوار کا نام؟,شاہد خاق ابابید پاکستان کے موجودہ وزیر اعظم ہیں
کون ہے علی,آپ کے سوال کے بارے میں مخصوص ہونا
جو پاکستان کا پہلا صدر تھا,اسککر مرزا مرزا پاکستان کے پہلے صدر تھے
مریم نواز؟,وہ نوازی شیرف کا داغوسٹر ہے
اسلم آباد میں کتنے پارک ہیں؟,آئل میں تقریبا 20 بڑے پارک ہیں
uzair کون ہے,مجھے افسوس ہے کہ میں نہیں جانتا، براہ مہربانی زیادہ مخصوص رہیں
پاکستان کے قومی کھیل کا نام؟,ہاکی پاکستان کا کھیل ہے
پاکستان میں لاپتہ افراد کو اغوا کیا گیا ہے؟,ایسے سوالات کا جواب نامعلوم نہیں ہے، براہ مہربانی کچھ اور پوچھیں
کیا TharParker واقعی گرم ہے؟,ہاں یہ گرم ہے
مجھے پی پی ای سی کے منصوبوں کے بارے میں بتاو پی پی K؟,سی پی ای کے سی کے کوئی ابھی تک ابھی تک اہم منصوبے نہیں ہیں، لیکن چین نے وعدہ کیا کہ پاکستان کے کسی بھی صوبے کو نظر انداز نہ کریں.
پاکستان کب اس کے تمام انجینئرز کو کام کرنے کے لۓ انتظام کرے گا؟,جب ہمارے پاس ہم سب سے اوپر تعلیم یافتہ لیڈر ہیں
خیبر پختونخواہ کے موجودہ وزیر اعلی کا نام کیا ہے؟,پرویز خٹک خیبر پختونخواہ کے وزیر اعلی ہیں
مجھے پاکستان میں انڈیکس ٹیکس کے بارے میں بتاؤ؟,پاکستان میں کارپوریٹ ٹیکس کی شرح 1997 سے 2016 تک 34.58 فیصد تھی
پاکستان کی دارالحکومت کا نام؟,اسلام آباد پاکستان کا دارالحکومت ہے
پاکستان کے صوبے کیا ہیں؟,پاکستان کے چار صوبے ہیں
عیسی کا مطلب کیا ہے؟,آئی آئی انٹر سروسز انٹیلی جنس کے لئے کھڑا ہے
کرکٹ میں کون سا بولنگ جوڑی ڈبلیو کی جوڑی کو کہا جاتا ہے؟,وسیم اکرم (پاکستان) اور وقار یونس (پاکستان) کی بولنگ جوڑی
پاکستان کے طاقتور آرمی چیف کا نام؟,ضیا الح پاکستان کے سب سے زیادہ طاقتور آرمی چیف ہے
پاکستان کا دوسرا دارالحکومت؟,آپ کا سوال کوئی احساس نہیں ہے
کیوں نواز شریف اتنا بدعنوان ہیں؟,ہاں وہ ہے
پاکستانی فضائی قوت کا اندازہ؟,ملک کے لئے فخر کا ایک علامت پاکستانی ایئر فورس کے نقطہ نظر ہے
کتنے پاکستانی ملازمین ہیں؟,پاکستان میں 43.22 ملین آبادی کا ملازم ہے
بنیادی طور پر پاکستان کی طرف سے درآمد کیا سامان ہیں؟,مشینری پاکستان کی بڑی درآمد ہے
کیا پاکستان میں فلم انڈسٹری ہے؟,ہاں لالی ووڈ فلم کی صنعت ہے
کیوں نویس شفیف کو اپنے وزیر اعظم کی نشست سے ہٹا دیا گیا تھا,کیونکہ وہ خراب تھا
٠.١,اس سے اپ کا کیا مطلب ہے
کیا فاٹا ایک صوبہ ہے؟,فاٹا کوئی صوبہ نہیں ہے
تاریخی مقامات,ہراپا اور موہنجو ڈارون پاکستان میں سب سے قدیم مقامات ہیں
زبان میں بنیادی طور پر کیا استعمال ہوتا ہے,سنڈی
مسلح فورسز میں جرنیلوں کی تعداد؟,وہاں 31 لیفٹیننٹ جنرل اور 162 بڑے جنریٹرز.
پاکستان میں سب سے بڑا ہوائی اڈے؟,کراچی ہوائی اڈے پاکستان میں سب سے بڑا ہوائی اڈے ہے
اردو ہے,اردو پاکستان کی قومی زبان ہے
آئل سے ہنزا کی فاصلہ کیا ہے؟,554.7 کلومیٹر ہنزا اور پاکستان کے درمیان فاصلہ ہے
جو 1971 میں مشترکہ انتخاب تھا,ٹیل
پاکستان کی قومی خوراک کیا ہے؟,باریانی پاکستانی قومی خوراک ہے
سی پی سی کیا ہے؟,سی پی ای سی سی چین پاکستان اقتصادی کوریڈور کے لئے کھڑا ہے
پاکستان کا سب سے بڑا شہر؟,کراچی پاکستان کا سب سے بڑا شہر ہے
ٹیکس ادا کرنے کا طریقہ,آپ آسان پیسا استعمال کرتے ہیں یا اپنے ٹیکس ادا کرنے کے لئے کسی بھی بینک، یا ریاستی دفتر پر جا سکتے ہیں
پاکستان میں کتنے صوبے موجود ہیں,پاکستان میں چار صوبوں ہیں
پاکستان کی قومی مسجد کا نام؟,فیصل جامع مسجد پاکستان کی قومی مسجد ہے
پاکستان کے بانی کا نام؟,قائداعظم محمد علی جناح
قائد اعظم,وہ پاکستانی بانی ہے
پاکستان کے وزیراعظم کے طور پر نوزاز شریف کتنی دفعہ منتخب ہوئے تھے؟,نواز شریف کو منتخب کیا گیا تھا اور پاکستان کے وزیر اعظم کی حیثیت سے اس کو غیر قانونی قرار دیا گیا تھا
پاکستان کا بہترین گلوکار,علی ظفر پاکستان کا بہترین گلوکار ہے
پاکستان کے مشہور کھیل,کرکٹ پاکستان کے مشہور کھیل ہے
پاکستان کے وزیر اعظم کون ہے؟,شاہد خاقان اباسی پاکستان کا وزیر اعظم ہے
سیببی کا موسم کیا ہے,سابی میں مرچ موسم ہے
سی پی ای سی سی سے کتنے معیشت میں اضافہ ہوا ہے؟,موجودہ معیشت کا 50 فیصد
علامہ اقبال,علامہ اقبال پاکستان کا قومی شاعر ہے
پاکستان اچھا ہے؟,پاکستان اپنے مہمانوں کے لئے جانا جاتا ہے
سیاحوں کی طرف سے سب سے زیادہ جگہ کا نام,شمالی علاقوں میں پاکستان کے اکثر علاقوں کا دورہ کیا گیا ہے
پاکستان کے سمندر کا نام؟,عرب سمندر پاکستان کے جنوب میں واقع ہے
کیا کسی پاکستانی نے آسکر جیت لیا؟,شرمین عبید پاکستانی آسکر فاتح ہے
جی بی کے دارالحکومت کا نام؟,گلگت جی بی کے دارالحکومت ہے
پاک اور بھارتی جنگ لڑا؟,یہ 1965 میں لڑا گیا تھا
پاکستان کا کل علاقہ؟,796،096 مربع کلومیٹر
اسلام آباد میں بہترین ریستوراں؟,مانل ریستوران آئل میں بہترین ریستوراں ہے
٢٠١٧,اس سے اپ کا کیا مطلب ہے
فوج کا عملہ کون ہے؟,قمر جاوید باجوہ پاکستان کے موجودہ وزیر اعظم ہیں
پاکستان کے اوپر درجہ بندی یونیورسٹی؟,نوک روزہ جیک پاکستان میں سب سے اوپر یونیورسٹیوں ہیں
مجھے بتاو کہ کالاباغ مسئلہ کیوں حل نہیں کیا گیا ہے؟,ہمارے رہنماؤں کی وجہ سے
پاکستان کے قومی پھول کا نام؟,جیسمین پاکستان کا قومی پھول ہے
پاکستان کی صنعت کی صنعت؟,پاکستان کی صنعت صنعت آہستہ آہستہ بہتر بناتی ہے
پاکستان کے قومی ہیرو؟,قائداعظم پاکستان کے قومی ہیرو ہے
پاکستان کے اہم مسائل,دہشت گردی پاکستان کا ایک بڑا مسئلہ ہے
پاکستان کا قومی پھول؟,جیسمین پاکستان کا قومی پھول ہے
پاکستان کے قومی مسجد کا نام کیا ہے؟,فیصل جامع مسجد پاکستان کی قومی مسجد ہے
پاکستان کے پڑوسی ممالک,پاکستان کے پڑوسی ہیں: چین، بھارت، ایران، افغانستان
بنگلہ دیش,بنگلہ دیش ایک بار پاکستان کا حصہ تھا
مجھے پاکستانی فوجیوں کی تعداد کے بارے میں بتاؤ؟,تقریبا 0.8 ملین فوجی فوجی اور 0.2 ملین اسٹینڈ کی طرف سے یونٹس
کیی کا کاہن تم ہے؟,مجھے افسوس ہے کہ میں نہیں جانتا، براہ مہربانی زیادہ مخصوص رہیں
کون کون تھا؟,مجھے افسوس ہے کہ میں نہیں جانتا، براہ مہربانی زیادہ مخصوص رہیں
اعداد و شمار، پاکستان میں کرکٹ کا سب سے بہترین کپتان کون ہے؟,زور دیا
پاکستان کا سب سے طویل پہاڑ رینج اور یہ عالمی درجہ بندی میں کہاں ہے؟,ہمالیہ دنیا میں اپنی درجہ بندی نمبر 2 کی حد تک محدود ہے
پاکستان کیا ہے,پاکستان ایک ملک ہے
بجلی کی پیداوار؟,پاکستان میں بہت طاقتور ذرائع، جوہری، ہائیڈرالک، شمسی توانائی ہے جبکہ اکثریت تھرمل ہیں
اسلام آباد,اسلام آباد پاکستان کا دارالحکومت ہے
پاکستان کی بدعات کیا ہیں؟,آپ کا سوال واضح نہیں ہے
پاکستان کے صوبوں,پاکستان میں چار صوبوں
اسلام آباد؟,یہ پاکستان کا دارالحکومت ہے
پاکستان کے مشہور بینک,کوئی مشہور بینک نہیں ہے
ہماری قومی شاعر کون ہے؟,علامہ اقبال ہماری قومی شاعر ہے
جلملم دریا کہاں سے آتی ہے,یہ پنجاب کے پانچ دریاؤں کی مغربی ہے، اور جہلم ڈسٹرکٹ کے ذریعے گزر جاتا ہے.
پاکستان کا دارالحکومت کیا ہے؟,اسلام آباد پاکستان کا دارالحکومت ہے
پاکستان میں بندرگاہوں کی تعداد؟,پاکستان میں پانچ بندرگاہوں ہیں
ایران کے ساتھ تعلقات کا سلسلہ,ان کے دوستانہ تعلقات ہیں
اسلام آباد,آئل پاکستان کا دارالحکومت ہے
چاکور,یہ پاکستان کی قومی نسل ہے
اس شخص کا نام جنہوں نے پاکستان کے لئے پہلا نوبل انعام جیت لیا؟,ڈاکٹر عبدالقدیر خان نے پاکستان کا پہلا نوبل انعام جیت لیا
لاہور کا قومی لباس؟,آپ کے سوال کے بارے میں مخصوص ہونا
پاکستان میں بڑے سیاحوں کی مکامات؟,مرمر، چیلی، بھوک، شیر، ٹی، ٹی، ٹی، ٹی، ٹی، ٹی، ٹی
پاکستان کے صدر کا نام؟,ممنون حسین پاکستان کا صدر ہیں
پاکستان میں کتنے دریا موجود ہیں,پاکستان میں تقریبا 10-15 دریاؤں ہیں
K P K میں سیاحتی مقامات,مورری، ناتھیا گالی کهانان وغیرہ وغیرہ سیاحت کے لئے خوبصورت جگہ ہیں
پاکستان کی قومی برادری کیا ہے؟,چاکور پاکستان کی قومی نسل ہے
پاکستان کی قومی برادری کیا ہے؟,چکھر ڈریج پاکستان کی قومی برادری ہے
پاکستان کے قومی لباس کا نام کیا ہے؟,شلوارکمیز پاکستان کا قومی لباس ہے
عمران خان کے بارے میں معلومات؟,عمران خان رہنما پی ٹی آئی (پاکستان میں ایک سیاسی جماعت) اور ایک مشہور سنٹر بھی ہے
پاکستان کا دارالحکومت کیا ہے؟,اسلام آباد پاکستان کا دارالحکومت ہے
پاکستان میں قتل کی شرح کیا ہے؟,پاکستان میں قتل کی شرح 7.86 ہے
پاکستان کی پچھلی دارالحکومت؟,کراچی پاکستان کی پچھلی دارالحکومت تھی
قومی پھل,مگ پاکستان کا قومی پھل ہے
پاکیزون منشیات کی کھپت کی شرح؟,سروے کے نتیجے میں پودوں پر مبنی منشیات اور طبی نسخے منشیات دونوں کے کافی گزشتہ سال کا استعمال ظاہر ہوتا ہے، خاص طور پر گوبھی، نسخہ اپیوائڈس (پینٹکیلرز)، ٹرانسلائزرز اور تناسب، اور اپیٹس (ہیروئن اور افیون). پاکستان میں منشیات کا استعمال صنف کی طرف سے انتہائی فرق ہے.
مجھے پاکستان کے دریاؤں کے بارے میں بتاؤ؟,دریائے روی، چناب سٹلیج، انڈیا دریا پاکستان کے کچھ دریاؤں ہیں
مجھے پاکستان کے بڑے مسائل کے بارے میں بتاؤ؟,پاکستان پاکستان کا بڑا خطرہ ہے
جب مشرق پاکستان الگ تھا؟,مشرقی پاکستان نے ان کی ریاست کو 26 مارچ، 1971 کو قائم کیا اور آخر میں 16 دسمبر 1971 کو علیحدگی اختیار کی.
موجودہ خارجہ وزیر کون کون ہے؟,خواجہ محمد آصف پاکستان کے موجودہ وزیر خارجہ ہیں
پاکستان کا سب سے بڑا میوزیم کا نام؟,17 اپريل 1، 1950 کو فریر ہال میں نیشنل میوزیم آف پاکستان کا قیام کیا گیا تھا، اس نے دفاعی وکٹوریہ میوزیم کی جگہ لے لی .یہ سب سے بڑا میوزیم ہے.
پاکستان کے بانی کا نام,پاکستان کا بانی قائد اعظم محمد جن جنا ہے
فیصل مسجد,فیصل مسجد پاکستان کی قومی مسجد ہے
قومی کھیل کیا ہے؟,ہاکی پاکستان کا قومی کھیل ہے
پاکستان کا قومی کھیل؟,ہاکی پاکستان کا کھیل ہے
مجھے سب سے ٹھنڈا شہر کے بارے میں بتاؤ؟,ہنزا پاکستان کا سب سے ٹھنڈا شہر ہے
پاکستان پاکستان کا نام کیوں تھا,کیونکہ یہ ہمارے ساتھ ہے
کتنے مرد تھے,مجھے افسوس ہے کہ میں نہیں جانتا، براہ مہربانی زیادہ مخصوص رہیں
ڈالر,یہ عالمی تجارت کی کرنسی ہے
علامہ اقبال,علامہ اقبال پاکستان کا قومی شاعر ہے
پاکستان کے پہلے صدر کا نام کیا ہے ؟؟؟,اشکندر میرزا
پاکستان کی برآمدات کا نام؟,پاکستان کا بنیادی برآمد کپاس اور ٹیکسٹائل ہے
زبان میں بنیادی طور پر کیا استعمال ہوتا ہے,سنڈی
پاکستان کا سب سے مشہور کھلاڑی کون ہے؟,عمران خان
پاکستان کی قومی کرنسی؟,جس سطح پر
پاکستان کے ناممکن افواج کا نام؟,مجھے افسوس ہے کہ میں نہیں جانتا، براہ مہربانی زیادہ مخصوص رہیں
سی پی سی کیا ہے؟,چین - پاکستان اقتصادی کوریڈور (سی پی ای سی سی) سرکاری ویب سائٹ پلاننگ وزارت کی طرف سے تیار
سی پی ای سی,سی پی ای سی  چین پاکستان اقتصادی کوریڈور کے لئے کھڑا ہے
سب سے امیر ترین کمپنی اور پاکستان کا نام؟,نیشنل گروپ سب سے امیر گروپ ہے
سیاحوں کی طرف سے سب سے زیادہ جگہ کا نام کیا ہے؟,شمالی علاقوں میں پاکستان کے اکثر علاقوں کا دورہ کیا گیا ہے
مجھے پاکستان کی دارالحکومت کے بارے میں بتاؤ؟,اسلام آباد پاکستان کا دارالحکومت ہے
مریمام نوجا کے بارے میں مجھے بتاؤ؟,نویج شیرف کے ڈیوگسٹرٹر
پاکستان کا قومی جانور کیا ہے؟,مارخور پاکستان کا قومی جانور ہے
مشہور بینک؟,ایسی مشہور بینک نہیں ہے
مجھے موسم کے بارے میں بتاؤ؟,آپ کا سوال کوئی احساس نہیں ہے
آپریشن 'زراب ایحان' نے چوتو گینگ کے خلاف پاک فوج کی طرف سے شروع کیا؟,راجنپور
پاکستان پر قائم,قائد اعظم نے پاکستان کی بنیاد رکھی
بہترین کرکٹ کھلاڑی,یونس خان، عمران خان، خوف میں ہے
پاکستان نے کس طرح قائم کیا؟,قائد اعظم محمد علی جناح پاکستان کا بانی ہے
کالا بغ مسئلہ اب تک حل نہیں کیا جا رہا ہے؟,ہمارے رہنماؤں کی وجہ سے
آزاد کشمیر کے جھیلوں کے بارے میں معلومات؟,کشمیر میں ڈال جھیل، گزرار جھیل وغیرہ وغیرہ میں بہت سارے جھیل ہیں
پاکستانی پرچم کے رنگ؟,پکی پرچم میں سبز اور سفید رنگ موجود ہیں
پاکستان میں بہترین سی ایس یونیورسٹی کا نام؟,کمپیوٹر اور ابھرتی ہوئی علوم کے نیشنل یونیورسٹی
پاکستان کا بہترین کپڑے برانڈ کیا ہے؟,کادی پاکستان کا بہترین کپڑے برانڈ ہے
پاکستان میں کتنے صوبے موجود ہیں,پاکستان میں چار صوبوں ہیں
1992 کرکٹ ورلڈ کپ کے چیمپئن کون ہیں؟,پاکستان نے 1992 میں عالمی کپ جیت لیا
پاکستان کے بہترین اداکار کا نام کیا ہے؟,شان پاکستان کا بہترین اداکار ہے
پاکستان میں ڈائمنڈ مارکیٹ کہاں ہے؟,مجھے افسوس ہے کہ میں نہیں جانتا، براہ مہربانی زیادہ مخصوص رہیں
پاکستان کے موجودہ صدر,ممنو حسین
پاکستان کے قومی ہیرو کا نام؟,پاکستان کے بہت سے قومی ہیرو ہیں جیسے عمران خان، لیاقت علی خان، علامہ اقبال وغیرہ
جس نے پاکستان قائم کیا,قائداعظم پاکستان کا بانی ہے
قاسم علی شاہ کون ہے؟,پاکستان کے قدیم سیاستدان
پاکستان کی تاریخی جگہیں کیا ہیں؟,پاکستان کے بہت سے تاریخی مقامات بہت کم ہیں جن کے بارے میں آپ پوچھتے ہیں
پاکستان,پاکستان بہت خوبصورت ملک ہے
سب سے بڑی درآمد کی مصنوعات کا نام؟,کمپیوٹرز سمیت مشینری: 6.4 ارب امریکی ڈالر (مجموعی درآمد کا 15.7 فیصد) پاکستان میں سب سے بڑا درآمدی مصنوعات ہے
پاکستان کی بہترین ٹیلی مواصلاتی کمپنی,پی ٹی سی ایل اور یوفون پاکستان کے بہترین ٹیلی کمیونیکیشن کمپنی ہیں
ریل,مجھے افسوس ہے کہ میں نہیں جانتا، براہ مہربانی زیادہ مخصوص رہیں
پاکستان کا سب سے زیادہ چوک کیا ہے؟,K2 پاکستان میں سب سے زیادہ چوٹی ہے
پاک فوج نے چوتو گروہ کے خلاف آپریشن شروع کر دیا,راجنپور
گلگت بلٹستان کا گورنر کون ہے؟,میر غضنفر علی شاہ جی بی کے گورنر ہیں
پاکستان میں مشہور ڈیم,تربایل ڈیم پاکستان کا مشہور ڈیم ہے
پاکستان کب اے او ڈی کرکٹ کا عالمی چیمپئن بن گیا؟,پاکستان نے 1992 میں عالمی کپ جیت لیا
بیلچوستان اسمبلی کے اسپیکر کا نام؟,راحیلا حمید خان بلوچیستان کے اسپیکر ہیں
پاکستان کے فوجی ہیرو,10 مشہور (فوجی) ہیروز ہیں، جنہوں نے نشن حیدر سے نوازا ... لیکن آپ کو زیادہ مخصوص کرنے کی کوشش کرنی چاہئے
جہانگیر خان کے لئے مسلسل کامیابیوں کی تعداد؟,اسکینش میں (جہانگیر خان) پاکستان کے 555 مسلسل کامیابیاں (ناقابل شکست)
پاکستان کا سب سے زیادہ چوٹی ہے,پاکستان میں سب سے زیادہ چوٹی K2 ہے
پاکستان کا سب سے بڑا شہر کیا ہے؟,کراچی پاکستان کا سب سے بڑا شہر ہے
مجھے پاکستان کے صوبوں کے بارے میں بتاؤ؟,پاک صوبے میں 4 صوبوں ہیں
پاکستان کا قومی کھیل کیا ہے؟,ہاکی پاکستان کا قومی کھیل ہے
پاکستان کا پھل؟,سیب سنتری آم پاکستان کے اہم پھل ہیں
ڈائمنڈ مارکیٹ کیا ہے؟,مجھے افسوس ہے کہ میں نہیں جانتا، براہ مہربانی زیادہ مخصوص رہیں
پاکستان میں توانائی بحران,کیا آپ وجہ سے پوچھتے ہیں
موجودہ ڈی جی ispr کون ہے؟,میجر جنرل آصف غفور ڈی جی آئی ایس پی ہے
ڈی جی آئی ایس کون ہے؟,نوید مختار پاکستان کا ڈی جی آئی اے ہے
جی پی پی کی شرح؟,براہ کرم مزید مخصوص ہو (سال کا ذکر کریں)
حسیب کون ہے,مجھے افسوس ہے کہ میں نہیں جانتا، براہ مہربانی زیادہ مخصوص رہیں
ہیلو,ہیلو
پاکستان کی بدعت؟,آپ کے سوال کے بارے میں زیادہ خاص ہو
پاکستان کا سب سے چھوٹا شہر,جہلم کا سب سے چھوٹا شہر ہے
سیکشن,کیا آپ اگلے وقت مزید مخصوص ہوسکتے ہیں
زاریاری کے بارے میں معلومات؟,زاریاری پاکستان کا سابق صدر ہے
پاکستان میں بین الاقوامی کرکٹ کب منعقد ہوا تھا,یہ 2009 میں پابندی عائد کی گئی تھی
کس ٹیم نے 1971 کا ہاکی ورلڈ کپ جیت لیا؟,پاکستان نے پہلا ہاکی عالمی کپ جیت لیا
پاکستان میں مقبول کمپنیوں کا نام؟,فوجی کھاد پاکستان میں مقبول کمپنی ہے
چھوٹی انگلیوں,ضلع ملتان، پنجاب میں چھوٹے
جامنی رنگ,اس سے اپ کا کیا مطلب ہے
پاکستان کا سب سے زیادہ قابل ذکر کھانا کیا ہے؟,بریانی
تم کیا ہو,میں ایک بوٹ ہوں
کرکٹ کے ہر وقت میں سب سے زیادہ خطرناک کسی بھی بولنگ کا جوڑا ابھی بھی یاد آیا ہے؟,وسیم اکرم (پاکستان) اور وقار یونس (پاکستان) کی بولنگ جوڑی
ڈینگی کیوں پاکستان میں پھیل رہا ہے؟,ہماری لاپرواہی کی وجہ سے
قومی کھیل؟,ہاکی پاکستان کا قومی کھیل ہے
جو پاکستان کا نوبل انعام جیتنے والے ہیں,ڈاکٹر عبدالسلام اور ملالہ آپفزئی نوبل انعام جیتنے والے ہیں
روپے ہے؟,یہ پاکستان کی کرنسی ہے
ہم اپنے تعلیمی نظام کو کیسے تبدیل کرسکتے ہیں,تعلیم کے لئے زیادہ بجٹ مختص کرکے
پاکستان کی قومی کرنسی؟,پاکستانی روپیہ پاکستان کی کرنسی ہے
امیر خان کون ہے؟,سابق کرکٹر پاکستان
پاکستان کے اکثریت کے مذہب,اسلام اسلام میں بڑا مذہب ہے
پاکستان کیا ہے,پاکستان ایک اسلامی ملک ہے
میرا نام؟,مجھے افسوس ہے کہ میں نہیں جانتا، براہ مہربانی زیادہ مخصوص رہیں
مجھے پی پی کے کے سیاحتی مقامات کے بارے میں بتاؤ؟,مورری، ناتھیا گالی کهانان وغیرہ وغیرہ سیاحت کے لئے خوبصورت جگہ ہیں
کے پی پی کے موجودہ وزیر اعلی؟,پرویز خٹک کے پی پی کے کے وزیر اعلی ہیں
پاکستان کے پانی اور بجلی کے وزیر کا نام؟,عابد شیر علی پانی اور بجلی کے وزیر ہیں
موجودہ چیف آف آرمی عملے؟,قمر جاوید باجواہ آرمی عملے کے سربراہ ہیں
پاکستان کا قومی کھیل کیا ہے,ہاکی پاکستان کا قومی کھیل ہے
چنگا منگا کہاں ہے؟,چنگا منگا قاسب کے قصور اور لہور ضلع میں ہے
پاکستان کی مشہور خاتون رقاصہ,مجھے افسوس ہے کہ میں نہیں جانتا، براہ مہربانی زیادہ مخصوص رہیں
میں یہاں کیا کر رہا ہوں,مجھے افسوس ہے کہ میں نہیں جانتا، براہ مہربانی زیادہ مخصوص رہیں
پاکستان میں سیاحت,پاکستان سیاحوں کے لئے کچھ خوبصورت جگہ رکھتا ہے
ایم ایم ایم رہنما کا نام؟,فاروق ستار ایم ایم ایم لیڈر ہیں
اسلام آباد میں موسم کیسا ہے؟,یہاں کافی سرد ہے
پاکستان کا وزیر اعظم,شاہد خاق ابابید پاکستان کے موجودہ وزیر اعظم ہیں
مجھے بجٹ کے بارے میں بتاؤ؟,جس میدان میں
مجھے گلگت کی خواندگی کی شرح کے بارے میں بتاؤ؟,گلگت بلتستان میں 78٪ سوادتی کی شرح
وہ کہاں سے ہے,مجھے افسوس ہے کہ میں نہیں جانتا، براہ مہربانی زیادہ مخصوص رہیں
روپے ہے؟,یہ پاکستان کی کرنسی ہے
ہم کس طرح ترقی پذیر ملک پاکستان کر سکتے ہیں؟,اچھے رہنماؤں کو منتخب کرکے
جو پاکستان کے وزیر اعلی ہے,شہباز شریف کا پاکستان کا موجودہ وزیر ہے
امریکہ سے ہم کتنا امداد حاصل کررہے ہیں,ہمیں ٹیکنالوجی کے لحاظ سے امداد مل رہی ہے
پاکستان کے موجودہ داخلہ وزیر کا نام؟,احسن اقبال داخلہ وزیر ہیں
پاکستان کے کوچ,قمر جاوید باجوہ کو پاکستان میں فوج کے عملے (چیفس) کے 16 ویں سربراہ کے طور پر مقرر کیا گیا تھا.
راولپنڈی میں کینسر کے اسپتالوں کا نام؟,راولپنڈی میں کوئی کینسر ہسپتال نہیں ہیں
پاکستان میں تاریخی مقامات کیا ہیں,بہت سے تاریخی مقامات موجود ہیں تاکہ آپ کے سوال کے بارے میں مخصوص ہو
پاکستان کے سب سے اوپر 3 یونیورسٹیوں؟,فاسٹ مورچا لگے پاکستان کے 3 اعلی یونیورسٹیوں ہیں
مجھے نیشن ہائڈر کے وصول کنندگان کے بارے میں بتاؤ؟,نیشن ہائڈر کے 11 وصول کنندگان
جس نے پاکستانی پرچم کو ڈیزائن کیا,سید امیر الدین کیدیئی نے پاکستان پرچم کو ڈیزائن کیا
پاکستان کا بہترین وکیل؟,اکرم شیخ پاکستان کے عظیم وکیلوں پر ہے
پاکستان کا قومی پھول کیا ہے؟,جیسمین پاکستان کا قومی پھول ہے
پاکستان کی گہری دریا کا نام کیا ہے؟,سندھ دریا پاکستان کی سب سے بڑی دریا ہے
پاکستان کونسل کا سب سے زیادہ مالیاتی ترقی ہے؟,پنجاب کا سب سے زیادہ ترقی یافتہ صوبہ ہے
ابھی پاکستان کا صدر کون ہے؟,شاہد خاقان اباسی پاکستان کا وزیر اعظم ہے
پاکستان کی سرکاری زبان کونسا ہونا چاہئے؟,واضح طور پر اردو
کرشیر کی خواندگی کی شرح کے بارے میں مجھے بتاؤ؟,آزاد کشمیر کی سوادگی کی شرح 72٪ ہے
پاکستان کا وزیر اعظم,شاہد خاقان اباسی پاکستان کا وزیر اعظم ہے
سب سے مشہور گلوکار کون ہے؟,نصرت فتح علی خان پاکستان کا سب سے مشہور گلوکار ہے
پاکستان کی اعلی ترین چوک کا نام؟,K2 پاکستان میں سب سے زیادہ چوٹی ہے
پاکستان نے کب اپنی پہلی ہاکی ورلڈ کپ جیت لی؟,1971 میں ہاکی ورلڈ کپ پاکستان نے جیت لیا
مجھے پاکستان کے ہیرو کے بارے میں بتاؤ؟,آپ کا سوال مخصوص ہونا ضروری ہے
پاکستان کی سرکاری زبان کا نام کیا ہے؟,انگریزی پاکستان کی سرکاری زبان ہے
تم نے مجھے کیوں ہٹا دیا؟,سوال: آپ نگجر ہیں
پاکستان کے صوبے؟,پاک صوبے میں 4 صوبوں ہیں
پاکستان کے بہترین گلوکار کا نام کیا ہے؟,علی ظفر پاکستان کا بہترین گلوکار ہے
وہاں کتنے طالب علم ہیں,مجھے افسوس ہے کہ میں نہیں جانتا، براہ مہربانی زیادہ مخصوص رہیں
آپ بے ترتیب جوابات ڈال رہے ہیں.,کسی بھی غلط فہمی کو ختم کرنے کے لئے آپ کو مزید مخصوص سوالات پوچھنا ضروری ہے
فاسٹ یونیورسٹی اسلام آباد میں کیمپس,آپ کا سوال کوئی احساس نہیں ہے
سیاسی جماعتوں کی تعداد پاکستان میں موجود ہے؟,پاکستان میں 15-20 جماعتیں موجود ہیں
پاکستان میں بہترین یونیورسٹیوں کا نام؟,LUMS اور AKU پاکستان میں بہترین یونیورسٹی ہیں
ہیلو,ہیلو اجنبی
پاکستان کا قومی پھل کیا ہے؟,آم
پاکستانی امریکہ کے تعلقات کیا ہیں؟,ان کے ساتھ ایک دوسرے کے ساتھ دوستانہ تعلقات نہیں ہیں
پاکستان کے قومی گلوکار کا نام کیا ہے؟,پاکستان کی کوئی مخصوص قومی گلوکار نہیں ہے
پاکستان میں مڈل سکولوں کی تعداد؟,پاکستان میں 28728 مڈل سکول موجود ہیں
پاکستان کا دارالحکومت کیا ہے؟,اسلام آباد پاکستان کا دارالحکومت ہے
ٹیسٹ کرکٹ میں کونسا پاکستان نے 10000 رن ہال نشان لگایا ہے؟,یونس خان (پاکستان)
مجھے پاکستان کے قومی شاعر کے بارے میں بتاؤ؟,علامہ اقبال پاکستان کا قومی شاعر ہے
چچا جادوگر کی تلاش کس طرح بچوں کے نوجوانوں پر اثر انداز ہے؟,مجھے افسوس ہے کہ میں نہیں جانتا، براہ مہربانی زیادہ مخصوص رہیں
موجودہ وزیر دفاع کا نام؟,خواجہ محمد آصف پاکستان کے موجودہ دفاع وزیر ہیں
قائداعظم میں پیدا ہوا تھا؟,وہ پیدا ہوا تھا گجرات میں گجرات میں،
پاکستان کی آبادی کیا ہے؟,پاکستان کی آبادی تقریبا 220 ملین ہے
پاکستان کیپٹل کا نام؟,اسلام آباد پاکستان کا دارالحکومت ہے
سینیٹ میں کل ارکان؟,18 خواتین سینٹر ہیں
بانی کون ہے؟,قائداعظم پاکستان کا بانی ہے
جس نے پاکستان جنگ لڑائی کی آخری جنگ تھی,90 کی دہلی میں کارگل جنگ
پاکستان کے پہلے گورنر جنرل کا نام کیا تھا؟,قائداعظم محمد علی جناح
مجھے پنجاب کے ماحول کے بارے میں بتاؤ؟,اس کی بہت ہی متوازن متوازن ہے، براہ مہربانی مزید مخصوص رہیں
مجھے اردو زبان کی خصوصیات کے بارے میں بتاؤ؟,یہ بہت سے زبانوں کا مرکب ہے
پاکستان کی سوادتی کی شرح کیا ہے؟,پاکستان کی خواندگی کی شرح 57 فیصد ہے
پنجاب کے موجودہ وزیر اعلی؟,شہباز شریف کا دورۂ موجودہ وزیر ہے
پاکستان کے نجی یونین کا نام؟,فاسٹ پاکستان کا سب سے چھوٹا سا نجی ہے
پاکستان کی ثقافت ؟؟,پاکستان کے مختلف علاقوں میں بہت سے مختلف ثقافتیں
پاکستان میں زراعت؟,زیادہ مخصوص ہو
اس شخص کا نام جس نے قومی جانور لکھا ہے؟,حفیظ جلندھری نے پاکستان کا قومی سرود لکھا
پاکستان کا سب سے زیادہ اداکار کون اداکار ہے؟,مہرا خان
پاکستان میں جھیلیں,پاکستان میں پورے ایشیا میں سب سے خوبصورت جھیل (قدرتی اور مصنوعی دونوں) ہے، یہ جھیل صرف کچھ علاقوں میں پانی کے ذخائر کے کردار ادا نہیں کرتے ہیں لیکن وہ سیاحت کا ایک بڑا تعاقب ہیں.
شرمین کون ہے,ایک پاکستانی جو تفریحی صنعت میں اپنے کام کے لئے اوکروں سے نوازا گیا تھا
صوبہ پنجاب کا مجموعی علاقہ کیا ہے؟,205،344 کلومیٹر پنجاب کے علاقے ہے
مجھے NAYATEL کے بارے میں بتائیں؟,پاکستان میں انٹرنیٹ پر نیٹ ورک جیسے نائیلیل انٹرنیٹ سروس فراہم کرنے والا ہے
پاکستان میں کتنے ندی؟,پاکستان میں تقریبا 10-15 دریاؤں ہیں
پاکستان کے امیدوار کا نام؟,شاہد خاقان اباسی پاکستان کا موجودہ وزیر اعظم ہے
پاکستان کا سب سے بڑا قلعہ کا نام کیا ہے؟,رانی کوٹ پاکستان کا سب سے بڑا قلعہ ہے
پاکستان میں دریاؤں؟,پاکستان میں بہت سارے دریا ہیں، 5 اہم دریا سندھ، جہلم، چناب، راوی، سوٹج ہیں
مشہور پاکستانی کھانا؟,برہانی پاکستان کا بہترین کھانا ہے
قائد اعظم کون ہے؟,وہ پاکستانی بانی ہے
پاکستان میں دہشت گردی کے بارے میں بتائیں؟,دن کی طرف سے بڑھتی ہوئی دن
پاکستان میں کتنے صوبوں ہیں؟,پاکستان، پنجاب، سندھ، بلوچستان، کے پی پی، اور جی بی میں 5 صوبوں ہیں
پاکستان میں کتنے پرائمری اسکول ہیں؟,155000 پرائمری اسکول ہیں
پاکستان میں کل شہروں کی تعداد؟,پاکستان میں کل 69 شہر ہیں
پاکستان میں کتنے وزٹرز ہیں؟,آپ کا سوال کوئی احساس نہیں ہے
پاکستان میں سب سے عام معروف بحران کیا ہے؟,بجلی کی قلت
پاکستان کی پہلی فلم کون تھی؟,تیری یااد پاکستان کی پہلی فلم ہے
پاکستان کیا ہے,پاکستان ایک ملک ہے
مچھلی کاشتکاری کی کونسل اور کونسی چیزیں ہیں؟,مجھے افسوس ہے کہ میں نہیں جانتا، براہ مہربانی زیادہ مخصوص رہیں
پاکستان میں آب و ہوا,پاکستان میں آب و ہوا بہت ناگزیر ہے
پاکستان کی قومی برادری کیا ہے؟,چاکور پاکستان کی قومی نسل ہے
عمران خان,سابق کرکٹر اور پی ٹی کے موجودہ رہنما
بہترین کمپنی,یونییلور اپنی کسٹمر سروس کے مطابق درجہ بندی کی بہترین کمپنی ہے
پاکستان کے قومی رس کا نام؟,گندگی رس پاکستان کے قومی رس ہے
نوازی کون ہے,نواب احمد شفیق پاکستان کے سابق وزیراعظم ہیں
مجھے جہلم دریا کا مقام بتاؤ؟,یہ پنجاب کے پانچ دریاؤں کی مغربی ہے، اور جہلم ڈسٹرکٹ کے ذریعے گزر جاتا ہے.
پاکستان کے مغربی حصے پر کیا ہے؟,مجھے افسوس ہے کہ میں نہیں جانتا، براہ مہربانی زیادہ مخصوص رہیں
پاکستان سپر پاور بن گیا؟,نوجاشریف پی کے دور میں سپر پاور بن گیا
پاکستان کا قومی کھیل؟,ہاکی پاکستان کا قومی کھیل ہے
پاکستان کے موجودہ مالیاتی وزیر کا نام؟,اسحاق ڈار موجودہ مالیاتی وزیر ہے
کے پی پی کے دارالحکومت کا نام کیا ہے؟,پشاور کے پی پی کے دارالحکومت پشاور ہے
پاکستان کے سب سے بڑے شہر زمین کے لحاظ سے؟,کراچی پاکستان میں زمین کے لحاظ سے سب سے بڑا شہر ہے
ہم کس طرح دیہی علاقوں میں اپنے ہسپتال کے نظام کو بہتر بنا سکتے ہیں؟,زیادہ خرچ کر کے
پاکستان میں بیماریوں کی کیا بات ہے,آپ کے سوال کے بارے میں زیادہ خاص ہو
اہم سیاسی جماعتیں کیا ہیں؟,مقبول جماعتیں ہیں: پی ٹی آئی، پی پی پی، پی ایم ایل این اور ایم ق. ایم
پاکستان میں سب سے زیادہ خود مختار شخص,آپ مجھے اس سوال سے کیوں پوچھیں گے، براہ کرم مجھے پاکستان کے بارے میں کچھ پوچھنا
صوبوں کی حدوں کی لمبائی,صوبوں کی حدوں کے بارے میں کوئی درست ذریعہ نہیں ہے، آپ مجھے صوبوں، ان کے شہروں اور باشندوں کے بارے میں مجھ سے پوچھ سکتے ہیں.
پرویز مشرف کا دورہ؟,پرويز مشرف کا دورہ 1999 میں شروع ہوا اور 2008 تک ختم ہوگيا
پاکستان کی قومی برادری؟,چاکور پاکستان کی قومی نسل ہے
آزادی کی تاریخ,14 اگست، 1947 وہ تاریخ تھی جہاں پاکستان برطانیہ سے یہ آزادی حاصل کرتی تھی
بہترین اسکواش کھلاڑی کا نام کیا ہے؟,ہاکی پاکستان کا قومی کھیل ہے
مجھے پاکستان کے بارے میں بتاؤ,پاکستان پہلا مسلم سپر پاور ملک ہے
پاکستان کا قومی پھل کیا ہے؟,پاکستان کا قومی پھل آم ہے
سی پی ای سی کیا ہے,سی پی ای سی | چین - پاکستان اقتصادی کوریڈور (سی پی ای سی) سرکاری منصوبہ بندی وزارت کی طرف سے ترقی،
پاکستان میں مشہور بینکوں کا نام؟,HSBC بینک، ال فلاہ بینک
جب پاکستان اپنی توانائی کی کریڈٹ پر قابو پائے گا,اندازہ لگایا گیا ہے کہ یہ 2025 میں آ جائے گا
خیبر پختونخواہ کے دارالحکومت کا نام کیا ہے؟,پشاور خیبر پختونخواہ کے دارالحکومت پشاور ہے
مجھے پاکستان کے بہترین تاریخی جگہ کے بارے میں بتاؤ؟,بہت سے تاریخی مقامات جیسے بدشیہ مجاہد، موینجوڈیارو وغیرہ ہیں
پاکستان کے کم ترین ترین صوبے کا نام؟,بلوچستان پاکستان کا سب سے زیادہ مقبول ترین صوبہ ہے
مجھے پاکستان کے جی این پی کے بارے میں بتاؤ؟,براہ کرم مزید مخصوص ہو (سال کا ذکر کریں)
گلگت کی خواندگی کی شرح؟,گلگت بلتستان میں 78٪ سوادتی کی شرح
سندھ کے گورنر کا نام کیا ہے؟,محمد زبیر سندھ کے گورنر ہیں
پاکستان میں حکومت کے نظام کا نام؟,اس کا جمہوریہ
مجھے بتاؤ کہ جس نے پاکستانی پرچم کو ڈیزائن کیا تھا؟,سید امیر الدین کیدیئی نے پاکستان پرچم کو ڈیزائن کیا
پاکستان میں کچھ ڈیموں کا نام,تربایل ڈیم سب سے بڑی ڈیم ہے، مینگلا ڈیم پاکستان میں سب سے بڑی زمین پر بھرا ہوا ڈیم ہے
پاکستان دفاعی قوتیں,اندر
سرخ اور جامنی رنگ,اس سے اپ کا کیا مطلب ہے
پاکستان کے بدعنوانی سیاستدان کا نام کیا ہے؟,نواز شريف
مجھے آبادی کے بارے میں بتاؤ؟,220 ملین پاکستان آبادی ہے
پاکستان سوزوکی سے محبت کیوں کرتا ہے؟,سوزوکی مشہور اور سستا ہے
پاکستان میں کمپیوٹر سائنس کی بہترین انسٹی ٹیوٹ؟,کمپیوٹر اور ابھرتی ہوئی علوم کے نیشنل یونیورسٹی
ہیلو؟,ہیلو، میں آپ کی خدمت کیسے کرسکتا ہوں
پاکستان کیا ہے,پاکستان ایک ملک ہے
بینکوں,نیشنل بینک، حبیب بینک، سوناری بینک، یو این بینک، بینک الالہلہ
مجھے پاکستان کی خواندگی کی شرح کے بارے میں بتاؤ؟,پاکستان کی خواندگی کی شرح 57 فیصد ہے
پاکستان کے کتنے صوبے ہیں؟,پاکستان میں 5 صوبوں ہیں
پاکستان میں تاریخی مقامات,پاکستان میں 4 صوبوں، یعنی پنجاب، سندھ، کے پی پی کے، بلوچستان میں موجود ہیں
پاکستان کی زبانیں,اس سے اپ کا کیا مطلب ہے
پاکستان میں روزہ یونیورسٹی کہاں ہے؟,کونسا شاخ
پاکستان میں سب سے بہترین شخص کا نام کیا ہے؟,کسی بھی الجھن سے بچنے کے لئے براہ مہربانی مزید مخصوص رہیں
پاکستان کا پانی اور بجلی کونسا ہے؟,عابد شیر علی پانی اور بجلی کے وزیر ہیں
ہم اپنی فلم صنعتوں کو کس طرح بہتر بنا سکتے ہیں؟,اس سے زیادہ بجٹ مختص کرکے
مجھے بتاو کہ پاکستان کے جوہری میزائل کا نام کیا ہے؟,R-5M MRBM کے لئے 40 کلو واٹ ہیڈیس آر ایس ایس- پاکستان کے جوہری میزائل کا نام ہے
امیر خان کون ہے؟,عمران خان پی ٹی آئی پارٹی کے چیئرمین ہیں
پنجابی شہر کے بارے میں عجیب چیزیں؟,مجھے افسوس ہے کہ میں نہیں جانتا، براہ مہربانی زیادہ مخصوص رہیں
پاکستان میں جھیلوں کا نام؟,اس آباد جھیل سیف المالک جھیل وغیرہ جیسے بہت سے جھیل ہیں
پاکستان کے صدر کی غیر موجودگی میں کونسلنگ صدر کے طور پر کام کرے گا؟,چیئرمین سینیٹ
پاکستان کرکٹ لیگ؟,پاکستان سپر لیگ پاکستان کے میگا کرکٹ کارنیول کا نام ہے
پاکستان میں مشہور اداکاروں؟,مہرا خان، شان پاکستان کے مشہور اداکاروں میں سے کچھ ہیں
چین ایک اتحادی ہے یا نہ؟,ہاں یہ پاکستان کا دوست ہے
فیصل مسجد کہاں ہے؟,یہ اسلام آباد میں واقع ہے
پاکستان کا آرمی چیف کون ہے؟,قمر جاوید بھووا پاکستان کے آرمی چیف ہیں
پاکستان کا دوسرا سب سے بڑا شہر کا نام؟,لاہور دوسرا سب سے بڑا شہر ہے
کے لئے مشہور ہے؟,پاکستان کا دارالحکومت
مجھے پاکستان کی قدرتی خوبصورتی کے بارے میں بتاؤ؟,پاکستان کے عوام پاکستان کی قدرتی خوبصورتی ہے
پاکستان کے قومی جانور کا نام کیا ہے؟,مارخور پاکستان کا قومی جانور ہے
این ایف سی سی ایوارڈ کا مطلب کیا ہے؟,قومی فنانس کمیشن کا اعزاز
پاکستان کی تاریخی مقامات کیا ہیں,بہت سے تاریخی مقامات موجود ہیں تاکہ آپ کے سوال کے بارے میں مخصوص ہو
جس سال پاکستان میں جوہری طاقت بن گیا ہے؟,1998 ء میں پاکستان جوہری طاقت بن گیا
پاکستان میں تمام ڈیموں کے نام,پاکستان میں بہت سے بندیاں ہیں، ٹار بیلہ اور منلالا پاکستان میں دو اہم ڈیم ہیں
پاکستان میں کون سے منشیات استعمال ہوتی ہے؟,اس وجہ سے مارکیٹ میں آسانی سے دستیاب ہے
پھر کون قاعدہ ہے؟,وہ پاکستانی بانی ہے
پاکستان کی معیاری بنیاد کیا ہے؟,یہ مسلمانوں کے لئے ایک علیحدہ ملک کے طور پر پیدا کیا جاتا ہے تاکہ وہ اپنے مذہب کو امن سے محفوظ رکھے
سب سے بڑی ڈیم کا نام کیا ہے؟,تربایل ڈیم پاکستان کا سب سے بڑا ڈیم ہے
پاکستان میں کتنے پوسٹ دفاتر ہیں؟,پاکستان میں 12170 پوسٹ دفاتر موجود ہیں
کشمیر کے موسم کے بارے میں معلومات؟,ان کی چلی
پاک میں مرد کی آبادی,مردوں کی آبادی 51 فیصد ہے
نوزاز شیخ ناگزیر کی وجہ؟,بدعنوان کی وجہ سے
اب پاکستان میں دہشت گردی کی صورت حال کیا ہے؟,پاکستان میں دہشت گردی اب زیادہ کنٹرول ہے
پاکستان کے سب سے بڑے ضلع علاقے سے,چنگی پاکستان کے علاقے کا سب سے بڑا ضلع ہے
پاکستان کے درآمدات اور برآمدات کا نام؟,درآمدات مشینری ہیں اور برآمدات کھیلوں کے مواد ہیں
کیا پاکستان کے صوبائی سیاسی جماعتوں کے درمیان سیاسی اختلافات آخر میں ملک کو توڑنے کے خاتمے کے لۓ ہیں؟,آپ کا سوال بہت عام ہے، براہ مہربانی مخصوص ہو
پاکستان میں منشیات کا نشانہ بنانا,یو این کے مطابق، پاکستان میں تقریبا 7 ملین منشیات کا استعمال ہے، 4 ملین سے زائد سے زائد منشیات کے عادی افراد ہیں
جیسمین کیا ہے؟,یہ پاکستان کا قومی پھول ہے
مجھے پاکستان کے سب سے بڑے خطرے کے بارے میں بتاؤ؟,بھارت پاکستان کا سب سے بڑا خطرہ ہے
پاکستان کا اہم درآمد؟,صنعتی سامان، کیمیکل، گاڑیاں، اسٹیل، لوہے ایسک، پٹرولیم، خوردنی تیل، دالیں، چائے
پاکستان کی اہم فصلوں کے نام؟,کپاس، گندم، چاول اور شوگر
تمہارا مقصد کیا ہے؟,میں یہاں آپ کی خدمت کے لئے ہوں، آپ پاکستان کے جی کے بارے میں مجھے کچھ بھی کہہ سکتے ہیں
پاکستان میں روایتی لباس کے بارے میں معلومات؟,اس کے سلور کامز
مجھے قائد اعظم کے بارے میں بتاو؟,وہ پاکستانی بانی ہے
پاکستان کا قومی پھول؟,جیسمین پاکستان کا قومی پھول ہے
کراچی کے بارے میں معلومات؟,کراچی پاکستان کا سب سے بڑا شہر ہے
سندھ کے دارالحکومت کا نام؟,کراچی سندھ کا دارالحکومت ہے
پاکستان کا سب سے چھوٹا شہر کا نام؟,جہلم کا سب سے چھوٹا شہر ہے
پاکستان کے مشہور کھانا؟,برہانی پاکستان کا مشہور کھانا ہے
کون ہے علی,آپ کے سوال کے بارے میں مخصوص ہونا
پاکستان کی قومی برادری کیا ہے؟,چاکور پاکستان کی قومی نسل ہے
ممنون ہسن کے بارے میں معلومات؟,پاکستان کا صدر
پاکستان کا پہلا چیف جسٹس کون ہے؟,انور ظہر جمالی پاکستان کا پہلا چیف جسٹس ہے
پاکستان کی سب سے بڑی تنظیم کے بارے میں معلومات؟,ایڈیشن بنیاد پاکستان کی سب سے بڑی بنیاد ہے
پاکستان کی قومی لباس کیا ہے؟,شلوارکمیز پاکستان کا قومی لباس ہے
مسلم لیگ ق,پاک میں ایک سیاسی جماعت
صوبوں کا نام,پنجاب، سندھ، بلوچستان اور کے پی پی کے
پاکستان کے صوبوں,پاکستان کے 4 صوبے ہیں
پاکستان میں دریاؤں کا نام کیا ہے؟,خاص طور پر پاکستان چناب دریا، سندھ دریا، جہلم دریا اور راوی دریا میں چار دریا ہیں
ہائی کورٹ کی پہلی خاتون جج؟,انا چاند.
پاکستان کے چیف جسٹس کا نام؟,میاں ثاقب نثار پاکستان کے چیف جسٹس ہیں
پاکستان ایک ایٹمی طاقت ہے,ہاں پاکستان ایک ایٹمی ملک ہے
پاکستان کا سب سے بڑا ہوائی اڈے کا نام؟,جناح بین الاقوامی ہوائی اڈے پاکستان میں سب سے بڑا ہوائی اڈے ہے
شرمین عبید کون ہے؟,شرمین عبید چنین ایک پاکستانی صحافی ہیں، فلم ساز اور کارکن.
مجھے پاکستان کے قومی کھیل کے بارے میں بتاؤ؟,ہاکی پاکستان کا قومی کھیل ہے
سب سے بڑا سیاسی رہنما؟,بھٹو پاکستان کا سب سے بڑا رہنما ہے
پاکستان میں دہشت گردی,دن کی طرف سے بڑھتی ہوئی دن
ڈو ڈار کے بارے میں معلومات؟,یہ پاکستان سے قومی درخت ہے
کراچی اور لہر کے درمیان فاصلہ,کاراکہ لہر سے 1265 کیلومیٹر دور ہے
بلوچستان کے موجودہ وزیر اعلی کا نام؟,ثناء اللہ زہری بلکستان کے موجودہ وزیر اعلی ہیں
پاکستان میں سیاست کی مشکلات,آپ کے سوال کے بارے میں مخصوص ہونا
پاکستان کا سب سے چھوٹا صوبہ,خیبر پختونخواہ پاکستان کا سب سے چھوٹا صوبہ ہے
پاکستان کی ثقافت,پاکستان کی ثقافت بہت خوبصورت ہے
مجھے پاکستان کے پہلے دارالحکومت کے بارے میں بتاؤ؟,کراچی پاکستان کا پہلا دارالحکومت ہے
پاکستان کا مشہور مشہور خاتون,الماس بابی پاکستان کا سب سے مشہور اور سب سے زیادہ تعلیم یافتہ مرد ہے
مجھے سندھ کے دارالحکومت کے بارے میں بتاؤ؟,کراچی سندھ کی گنجائش ہے
مجھے پنجابی کی سوادتی کی شرح کے بارے میں بتاؤ؟,پنجاب میں 72 فیصد سوادتی کی شرح موجود ہے
جب پاکستان میں ہاکی ورلڈکپ کھیلے گی,1990 میں پاکستان میں ہاکی worldcup کی میزبانی ہوئی تھی
پاکستان آزادی ہے,14 اگست 1947
اسلم آباد کا موسم کیا ہے؟,اب اس کی چلی
پاکستان میں اہم دریاؤں؟,جہلم، سچل، چناب، سندھ اور راوی
کون پاکستان کے وزیراعظم کے طور پر توڑ رہا ہے؟,شاہد خاقان اباسی پاکستان کا موجودہ وزیر اعظم ہے
پاکستان کے قومی کھیل,پاکستان میں ہاکی قومی کھیل ہے
پاکستان کے مشہور قومی ہیرو,قائداعظم پاکستان کے مشہور قومی ہیرو ہیں
پاکستان میں صحت,پاکستان میں صحت بہت اچھا نہیں ہے
ماں حسین,ممنون حسین پاکستان کے موجودہ صدر ہیں
پاکستان میں کچھ سروے کے مطابق بہترین کھانا؟,ساگ روتی پاکستان میں سب سے عام طور پر کھایا کھانا ہے
پاکستان کے خوبصورت لوگ,اس سے اپ کا کیا مطلب ہے
کھینچ پال کہاں ہے,راولپنڈی میں
مجھے پاکستان سے محبت ہے,پیارا پاکستان کم از کم ایک پاکستان ہے جو اس زمین پر ہم نے عطا کی ہے اس کے بدلے میں کر سکتے ہیں
چین کے ساتھ پاکستانی تعلقات کیسے ہیں؟,ان کے دوستانہ تعلقات ہیں
آپ کا نام کیا ہے,میرا نام پی بی بوٹ ہے
پاکستان کی خواندگی کی شرح؟,57 فیصد سوادتی کی شرح پاکستان میں ہے
پاکستان کا سب سے طویل چل رہا ہے دریا کونسا ہے؟,دریائے سندھ پاکستان کی سب سے بڑی دریا ہے جو ہمالی سے پیدا ہونے والا ہے اور عرب سمندر میں ختم ہوتا ہے
پنجاب کی زبان,پنجابی میں پنجاب میں بات کر رہی ہے
سب سے قیمتی قومی علامت کیا ہے,سب برابر ہیں
پاکستان کا مشہور کھانا کیا ہے؟,برہانی پاکستان کا سب سے مشہور کھانا ہے
پاکستان کی دارالحکومت کا نام؟,اسلام آباد پاکستان کا دارالحکومت ہے
لہر کی موسم؟,وہاں گرم ہے
کے پی پی کے دوسرے بڑے شہر,پشاور کے بعد مردان خیبر پختونخواہ کا دوسرا بڑا شہر ہے
مجھے NAYATEL کے بارے میں بتائیں؟,نیائیلیل پاکستان میں انٹرنیٹ سروس فراہم کرنے والا ہے
پاکستان کی خصوصی افواج کا نام؟,خصوصی سروس گروپ (ایس ایس جی) پاکستان آرمی کی خصوصی خصوصی آپریشنز فورس ہے.
پاکستان میں کتنے سمندر بندرگاہوں ہیں؟,پاکستان میں صرف ایک بڑا سمندر بندرگاہ ہے
پاکستان کے قومی سازش کا نام؟,مگجر مگرمائل پاکستان کا قومی تختہ ہے
بھارت کا دارالحکومت؟,نئی دہلی بھارت کی دارالحکومت ہے
شہر کا نام صنعتوں کے لئے مقبول کیا ہے؟,کاراکی صنعتوں کے لئے مقبول ہے
پاکستان کا سب سے زیادہ خوشحال صوبہ,پنجاب کا سب سے زیادہ خوشحال صوبہ ہے
روپیہ ہے,روپیہ پاکستان کی کرنسی ہے
پاکستان کے داخلہ وزیر کا نام کیا ہے؟,احسن اقبال پاکستان کا موجودہ وزیر داخلہ ہے
اسلام آباد,اسلام آباد پاکستان کا دارالحکومت ہے
ڈیرانڈ لائن کیا ہے؟,پاکستان اور افغانستان کے درمیان لائن
پاکستان کے تمام بڑے توانائی کے ذرائع کا نام؟,بجلی (ہائیڈریٹ، تھرمل، جوہری) تیل، کول، اور مائع پٹرولیم گیس
پاکستان کی درآمد؟,مشینری پاکستان کی طرف سے درآمد کیا جاتا ہے
بینظیر,پاکستان کے پہلے وزیر اعظم
دارالحکومت ہے,اسلام آباد پاکستان کا دارالحکومت ہے
پاکستان کی قومی برادری کا نام؟,چاکور پاکستان کی قومی نسل ہے
کے پی پی کے دارالحکومت کا نام؟,پشاور کے پی پی کے دارالحکومت پشاور ہے
مسلح افواج میں کتنی جنرات موجود ہیں؟,وہاں 31 لیفٹیننٹ جنرل اور 162 بڑے جنریٹرز.
پاکستان کونسا براعظم ہے؟,پاکستان آسیا کے کنارے سے تعلق رکھتے ہیں
پاکستان میں کتنی بینکوں؟,پاکستان میں تقریبا 10-15 بینکوں ہیں
پاکستان کے قومی رنگوں کا نام کیا ہے؟,سبز پاکستان کا قومی رنگ ہے
پاکستان میں کتنا جھیل,پاکستان میں بہت خوبصورت جھیل ہیں
پاکستان کے قومی ہیرو؟,قائداعظم پاکستان کا ہیرو ہے
پاکستان میں فاسٹ یونیورسٹی کے کتنے کیمپس موجود ہیں؟,فاسٹ یونیورسٹی کے 5 کیمپس ہیں
پاکستان کا پہلا دارالحکومت؟,کراچی پاکستان کا پہلا دارالحکومت ہے
پاکستان کی تمام اہم صنعتوں کا نام؟,ٹیکسٹائل، سیمنٹ، کھاد، اسٹیل، شوگر، الیکٹرک سامان، شپب سازی
پاکستان کی تعلیم وزیر,محمد بلب الرحمان
لاہور,اس سے اپ کا کیا مطلب ہے
مجھے ہسپتالوں کے بارے میں بتاو؟,آپ کا سوال کوئی احساس نہیں ہے
مجھے پاکستان کی خواندگی کی شرح کے بارے میں بتاؤ؟,پاکستان کی خواندگی کی شرح 57 فیصد ہے
پاکستان میں دریاؤں؟,پاکستان میں پانچ اہم دریا ہیں
پاکستان کے قومی کھیلوں؟,ہاکی پاکستان کا قومی کھیل ہے
پاکستان کے بارش شہر کا نام؟,راولپنڈی پاکستان کا بارش ترین شہر ہے
پاکستان کے صوبوں,پاک صوبے میں 4 صوبوں ہیں
پاکستان کا قومی جانور کیا ہے؟,پاک سر زیمین پاکستان کا قومی جانور ہے
سندھ کے دارالحکومت,کراچی سندھ کا دارالحکومت ہے
بینظیر بھٹو جیتا لیببی نے کوٹ کی تعمیر کی,اس کا کیا مطلب ہے
تم مجھے غلط جواب بتا رہے ہو؟,براہ کرم اس سوال سے پوچھتے وقت زیادہ مخصوص ہونے کی کوشش کریں تاکہ ہمارے پاس کوئی غلط فہمی نہیں ہے
پاکستان میں عام بینک کیا ہیں؟,ایم سی بی معیاری چارٹ شدہ فیزل بینک پاکستان میں چند بینکوں ہیں
خیبر پختونخواہ کے موجودہ وزیر اعلی کون ہیں؟,پرویز خٹک خیبر پختونخواہ کے وزیر اعلی ہیں
اے ڈبلیو میں کرکٹ میں آفریدی کے لئے کل چھٹے,شاہد خان آفریدی نے 351 چھکے
پاکستان کی مشہور مسجد کیا ہے؟,فیصل مسجد
پاکستان کے صوبوں,پاکستان صوبہ پنجاب، سندھ، بلوچستان اور کے پی پی کے ہیں
موجودہ وزیر اعظم پاکستان,شاہد خاقان اباسی پاکستان کے وزیراعظم ہیں
مجھے پاکستان کے قومی اداروں کے بارے میں بتاؤ؟,بہت سے قومی اداروں میں بہت زیادہ خاص ہو
پاکستان کی قومی مسجد کا نام کیا ہے؟,فیصل مسجد پاکستان کی قومی مسجد ہے
لاہور کیا جانتا ہے؟,خوراک کے لئے
پاکستان کا مشہور کھیل کیا ہے؟,کرکٹ پاکستان میں مشہور کھیل ہے
پاکستان کے صوبوں,پاکستان کے چار صوبے ہیں
تاریخ میں بدعنوان شخص کا نام؟,نواب احمد شفیق پاکستان کا سب سے بدعنوان شخص ہے
پاکستان میں سب سے بڑا صوبہ کا نام؟,پنجاب کا سب سے بڑا صوبہ پنجاب ہے
پاکستان کی سوادتی کی شرح کیا ہے؟,پاکستان کی خواندگی کی شرح 57٪ ہے
علاقے کی طرف سے سب سے بڑا یونیورسٹی؟,مورچا
مجھے بتاو کہ کون سا تجویز پاکستان ہے؟,چودھری رحمت علی نے نام پاکستان کا مشورہ دیا
پاکستان کے مشہور کھلاڑیوں,پاکستان میں بہت مشہور کھلاڑیوں کو
پاکستان ٹی 20 ٹیم کی کپتان؟,سرفراز احمد پاکستان ٹی 20 ٹیم کے کپتان ہیں
پہلے گورنر جنرل؟,قائداعظم پہلا گورنر جنرل ہے
پاکستان میں سب سے کم درجہ حرارت کیا ہے؟,آپ کا سوال کوئی احساس نہیں ہے
پاکستان کے قومی برادری,چاکور پاکستان کی قومی نسل ہے
جب سی پی ای سی شروع کیا گیا تھا؟,یہ ایک سال قبل شروع ہوا تھا
پاکستان کی زبانوں کے بارے میں معلومات؟,سنڈی گنچی پنجبی وغیرہ وغیرہ جیسے بہت ساری لینگوئیاں ہیں
چچا مجبر کہاں رہتے ہیں,مجھے افسوس ہے کہ میں نہیں جانتا، براہ مہربانی زیادہ مخصوص رہیں
پاکستان کا سب سے بڑا پہاڑ,وہ لوٹ گیا
پاکستان میں تفریح,اس سے اپ کا کیا مطلب ہے
پاکستان کے آسکر فاتح؟,شرمین عبید پاکستانی آسکر فاتح ہے
مشرک پور کہاں واقع ہے؟,نیشگالی پہاڑیوں میں موشی پور یا موہشی ایک 2،800 میٹر بلند (9 .200 فٹ) پہاڑی ہے.
سعد کون ہے,مجھے افسوس ہے کہ میں نہیں جانتا، براہ مہربانی زیادہ مخصوص رہیں
پاکستان کے قومی پھول کا نام؟,جیسمین پاکستان کا قومی پھول ہے
پاکستان میں کتنے صوبوں ہیں؟,پاکستان میں 4 پیروکاروں ہیں
پاکستان کی برآمدات اور برآمدات کی فہرست؟,درآمدات مشینری ہیں اور برآمدات کھیلوں کے مواد ہیں
کیوں دن دن دہشت گردی بڑھ رہی ہے؟,ہماری غریب قیادت کی وجہ سے
تری صحرا کی آبادی کیا ہے؟,تغیر صحرا دنیا میں سب سے زیادہ گستاخ آبادی کا تعلق ہے، آبادی کی کثافت 83 افراد فی کلومیٹر ^ 2
ہوائی جہاز کا مالک کون ہے؟,شاہد ققان اباسب فضائیہ کا مالک ہے
اسامہ آباد کے موسم کے مقابلے میں لاہور کی موسم کس طرح ہے؟,اس کی موازنہ اس کے مقابلے میں ہے
پاکستان کا نعرہ,پاکستان جند آباد
اس وقت فوج کا عملہ کونسل ہے؟,قمر جاوید باجواہ آرمی عملے کے سربراہ ہیں
پاکستان کے قومی جانور؟,مارخور پاکستان کا قومی جانور ہے
پاکستان کے مختلف مقامات کی موسم,آپ کو مخصوص ہونا ضروری ہے
مجھے پاکستان کے قومی مسجد کے بارے میں بتاؤ؟,فیصل مسجد پاکستان کی قومی مسجد ہے
پاکستان میں موسمی حالات,یہ بہت اچھا ہے
پاکستان کا موجودہ صدر کون ہے؟,ممنون حسین پاکستان کا موجودہ صدر ہے
پاکستان سے نوبل انعام جیتنے والوں کا نام,ڈاکٹر عبدالسلام اور ملالہ آپفزئی نوبل انعام جیتنے والے ہیں
بھاری صنعت پاکستان میں,کپاس ٹیکسٹائل کی پیداوار اور کپڑوں کی مینوفیکچررز یہ ہیں: پاکستان کی سب سے بڑی صنعتیں، تاجروں کی برآمدات میں تقریبا 66 فی صد اور اکاؤنٹنگ مزدور قوت کا تقریبا 40 فیصد ہے.
پاکستان کے دارالحکومت کا نام کیا ہے؟,اسلام آباد ہے
پاکستان کی قومی زبان کیا ہے,urdu پاکستان کی قومی زبان ہے
موجودہ ڈی جی کا نام کیا ہے؟,نوید مختار موجودہ آئی سربراہ ہیں
اسلام آباد میں موسم کیسا ہے؟,یہاں کافی سرد ہے
1992 میں کرکٹ ورلڈ کپ کس نے جیت لیا؟,پاکستان نے 1992 کا عالمی کپ جیت لیا
پاکستان کا صدر کون ہے؟,ممنون حسین پاکستان کا موجودہ وزیر اعظم ہے
ٹھیک ہے,ٹھیک
مجھے پاکستان میں بولی جانے والے زبانوں کے بارے میں بتاؤ؟,پاکستان میں مجموعی 68 تسلیم شدہ زبانیں ہیں ... 6 اہم؛ 62- معمولی
پاکستان کے قومی شاعر کا نام کیا ہے؟,علامہ اقبال پاکستان کا قومی شاعر ہے
پاکستان کی اہم صنعت؟,ٹیکسٹائل، سیمنٹ، کھاد، اسٹیل، شوگر، الیکٹرک سامان، شپب سازی
پاکستان کے موجودہ صدر؟,ممنون حسین پاکستان کا صدر ہے
پاکستان کے پہلے وزیر اعظم کا نام؟,لیاقت علی خان پاکستان کا پہلا وزیر اعظم ہے
ہیک کیا ہے ؟؟,پاکستان کی اعلی تعلیمی کمیشن
پاکستان میں بہت سے برآمدات ہیں,آپ کو مخصوص ہونا ضروری ہے
پاکستان کا سب سے مقبول اداکار کا نام؟,عمران میر خان خان پاکستان کے سب سے زیادہ مشہور اداکاروں ہیں
پاکستان میں خوبصورت خواتین؟,مجھے افسوس ہے کہ میں نہیں جانتا، براہ مہربانی زیادہ مخصوص رہیں
پاکستان کے بہترین باکسر کا نام؟,حسین شاہ یہ ثابت ہے کہ بہترین باکسر پاکستان نے ابھی تک پیدا کیا ہے
پاکستان کے ڈیسرٹ کے بارے میں معلومات؟,سندھ وادی صحرا.کھان ڈریگنتھرا ریگستانتری صحرا. کیا پاکستان کی اہم شہادتیں ہیں؟
پاکستان میں بہترین کھانا؟,ساگ روتی پاکستان میں سب سے عام طور پر کھایا کھانا ہے
پاکستان کے قومی جانور؟,مارخور پاکستان کا قومی جانور ہے
سی پی ای سی ہے پاکستان وجود کے لئے ایک خطرہ ہے,نہیں یہ ایسا ہی نہیں ہوسکتا
پاکستان کا برآمد,کھیلوں کے مال پاکستان کے بڑے برآمدات ہیں
پاکستان کے کسی بھی بڑے برآمدات,کھیلوں کی مصنوعات پاکستان کے برآمدات ہیں
عبد اللہ,یہ سوال غیر متعلقہ ہے
پاکستان کے نوبل انعام جیتنے والے؟,صرف دو لوگوں نے نوبل انعام جیت لیا
اس بارے میں مجھے بتاو,میں ایس میں پاکستان کی انٹیلی جنس ایجنسی ہے
پاکستان کا قومی کھیل کیا ہے؟,ہاکی پاکستان کا قومی کھیل ہے
پاک کا سب سے بڑا چڑیا گھر کا مقام؟,کراچی میں واقع سب سے بڑا چڑیاگھر کاراکی سفاری پارک ہے
ہاکی میں پاکستان نے کتنے عالمی کپ جیت لیا؟,صرف 1
پاکستان میں صوبوں؟,خیبر پختونخواہ، پنجاب، سندھ، بلوچستان.
غلط استعمال رپورٹ نہیں کیا جا سکا.,فیض احمد فیز پاکستان کے شاعر ہیں
پاکستان کے سب سے اوپر سی ایس کا نام کیا ہے؟,فاسٹ کمپیوٹر سائنس میں پاکستان کا سب سے اوپر یونیورسٹی ہے
قائد اعظم کون ہے؟,وہ پاکستانی بانی ہے
پاکستان کی تیسری فلم؟,مجھے افسوس ہے کہ میں نہیں جانتا، براہ مہربانی زیادہ مخصوص رہیں
گلگت بلتستان کے گورنر کا نام؟,میر غضنفر علی شاہ جی بی کے گورنر ہیں
پاکستان میں کون سے منشیات استعمال ہوتی ہے؟,کیا ہم موضوع کو تبدیل کر سکتے ہیں
تم کیسی ہو ؟,میں تم سب کو بتاؤں گا کہ میں پاکستان کے بارے میں جانتا ہوں، کیا آپ کسی بھی چیز سے پوچھنا چاہتے ہیں؟
پاکستان کا قومی شاعر کون ہے؟,علامہ اقبال پاکستان کا قومی شاعر ہے
پاکستان میں کتنی تاریخی جگہیں ہیں؟,پاکستان میں کئی تاریخی مقامات موجود ہیں جیسے موہنجو-ڈارو، لاہور فورٹ اور شممل باغات وغیرہ
پاکستان کی خواندگی کی شرح؟,پاکستان کی خواندگی کی شرح 57٪ ہے
پاکستان کے مشہور کھلاڑیوں,مشہور کھلاڑیوں نے عمران خان، جاوید میانداد ہیں
حفیظ جلندھ,انہوں نے پاکستان کا قومی جانور لکھا
پاکستان کا موجودہ کونسل ہے؟,قمر جاوید باجوہ کو پاکستان میں فوج کے عملے (چیفس) کے 16 ویں سربراہ کے طور پر مقرر کیا گیا تھا.
مجھے پاکستان میں کھیلوں کے بارے میں بتاؤ؟,کسی بھی الجھن سے بچنے کے لئے براہ مہربانی مزید مخصوص رہیں
پاکستان میں روشنی کی شہر,کیا آپ کا مطلب ہے کراچی؟
مجھے پاکستان کے توانائی بحران کے بارے میں کچھ بتاو,کم از کم ڈیموں کی وجہ سے ہم پاکستان میں انرجی بحران کا شکار ہیں
پاکستان کے بڑے سیاحوں کی بحالی؟,مرمر، چیلی، بھوک، شیر، ٹی، ٹی، ٹی، ٹی، ٹی، ٹی، ٹی
پاکستان میں بھاری صنعت؟,یہ پنجاب میں واقع ہے
دہشت گردی کیا ہے؟,مجھے افسوس ہے کہ میں نہیں جانتا، براہ مہربانی زیادہ مخصوص رہیں
پاکستان کا سب سے بڑا شہر؟,زریعہ پاکستان کا سب سے ٹھنڈا شہر ہے
پاکستان کو پیدا کیا گیا تھا,١٤/٧/٢٠١٧
قومی شاعر؟,علامہ اقبال پاکستان کا قومی شاعر ہے
پاکستان کے صوبوں کے نام کیا ہیں؟,پاکستان میں 5 صوبوں میں آئی ای پی کے پی، سند، بلوچستان، گلگت بلتستان اور وہاں موجود ہیں
مجھے اردو کے بارے میں بتاؤ؟,اردو پاکستان کی قومی زبان ہے
پاکستان کے اہم مسائل میں شامل ہیں؟,دہشت گردی پاکستان کا ایک بڑا مسئلہ ہے
K2 کہاں ہے؟,K2 شمال مغرب کراکورام رینج میں واقع ہے
ayesha عمر کے بہترین گانے، نغمے,لیز ریین اب تک ایشہ عمر کا بہترین درجہ بندی گانا ہے جسے 2013 میں جاری کیا گیا تھا
آبادی کی طرف سے K پی K کی سب سے بڑی ضلع,پشاور آبادی کی طرف سے کے پی پی K کا سب سے بڑا ضلع ہے
پاکستان کے پہلے صدر کا نام کیا ہے,اشکندر میرزا
پنجابی کا دارالحکومت کیا ہے؟,لہور پاکستان کا دارالحکومت ہے
عبد اللہ,یہ سوال غیر متعلقہ ہیں، کیا آپ براہ کرم مزید مخصوص ہوسکتے ہیں
حسین گیائی مارکیٹ کہاں ہے؟,آپ کے سوال کے بارے میں مخصوص ہونا
چاچا مجبو اور ریبیہ کا تعلق,مجھے افسوس ہے کہ میں نہیں جانتا، براہ مہربانی زیادہ مخصوص رہیں
مجبو چاچا کہاں ہے,مجھے افسوس ہے کہ میں نہیں جانتا، براہ مہربانی زیادہ مخصوص رہیں
پاکستان میں سیاحت کے مقامات کیا ہیں؟,شمالی علاقوں، گلگت، سکرو، سوات، کشمیر اور بہت سے لوگ
پاکستان میں سب سے زیادہ تعلیمی بورڈ کیا ہے؟,ایچ ای سی
پاکستان میں صحت,آپ کے سوال کے بارے میں زیادہ خاص ہو
سندھ کے دارالحکومت,کراچی سندھ کا دارالحکومت ہے
k2 کہاں ہے,K2 شمال مغرب کراکورام رینج میں واقع ہے
قومی علامات,پاکستان میں 28 قومی علامات ہیں، میں آپ کے بارے میں کچھ بھی بتانے کے لئے خوش ہوں گے
امیر خان کون ہے؟,عمران خان رہنما پی ٹی آئی (پاکستان میں ایک سیاسی جماعت) اور ایک مشہور سنٹر بھی ہے
پاکستان میں اسلام آباد ہے؟,جی ہاں یہ پاکستان میں ہے
کیا آپ کر سکتے ہیں گاؤں ملان، بدین، سندھ برائے مہربانی,سب پاکستان میں واقع ہیں
لاہور حقائق,لاہور اس کے کھانے، مہمانوں اور تاریخی مقامات کے لئے مشہور ہے
پاکستان کی سفارتی صورتحال کیا ہے؟,پاکستان کی سفارتی صورتحال بہت اچھا نہیں ہے
پاکستان میں بہترین اسلامی بینک کونسا ہے؟,ایم سی بی پاکستان میں سب سے بہترین اسلامی بینک ہے
پاکستان کی ندیوں؟,خاص طور پر پاکستان چناب دریا، سندھ دریا، جہلم دریا اور راوی دریا میں چار دریا ہیں
پاکستان میں سب سے زیادہ مقبول کھانا؟,پاکستان میں سب سے زیادہ مقبول کھانا بریاانی ہے
پنجاب کے موجودہ وزیر اعلی کا نام؟,شہباز شریف کا دورۂ موجودہ وزیر ہے
پاکستان فٹ بال ٹیم کی کمزوری کارکردگی کا کیا سبب ہے,انتظام کی کمی کی وجہ سے
مجھے پاکستان کی زبانوں کے بارے میں بتاؤ؟,سنڈی گنچی پنجبی وغیرہ وغیرہ جیسے بہت ساری لینگوئیاں ہیں
روپیہ کیا ہے,پاکستان کی کرنسی
پاکستان کے موجودہ وزیر داخلہ؟,احسن اقبال داخلہ وزیر ہیں
پاکستان کے چیف جسٹس کا نام کیا ہے؟,میاں ثاقب نثار پاکستان کے چیف جسٹس ہیں
کے پی پی کے دوسرے بڑے شہر کا نام,پشاور کے بعد مردان خیبر پختونخواہ کا دوسرا بڑا شہر ہے
پاکستان کا قومی لباس کیا ہے؟,شلوارکمیز پاکستان کا قومی لباس ہے
پاکستان کے موجودہ بجٹ؟,شاہد خاق ابابید پاکستان کے موجودہ وزیر اعظم ہیں
گلگت بلٹستان کا دارالحکومت؟,گلگت بلتستان کا دارالحکومت گلگت ہے
پاکستان کے مشہور برآمدات؟,مشینری پاکستان کا بڑا برآمد ہے
غلط استعمال رپورٹ نہیں کیا جا سکا.,فیض احمد فیز پاکستان کے شاعر ہیں
مجھے پاکستان کی قومی زبان کے بارے میں بتاؤ؟,اردو پاکستان کی قومی زبان ہے
ہم اپنی فلم صنعتوں کو کس طرح بہتر بنا سکتے ہیں؟,اس سے زیادہ بجٹ مختص کرکے
پاکستان کی کتنی سمندر بندرگاہ ہے,پاکستان میں صرف ایک سمندر کی بندرگاہ ہے
سی پی ای سی,سی پی ای سی چین چین پاکستان اقتصادی کوریڈور کے لئے کھڑا ہے، بنیادی طور پر پاکستان اور چین کے درمیان تجارتی مقاصد کے لئے.
کیا پاکستان میں دہشت گردی ہے؟,جی ہاں، پاکستان میں دہشت گردی ہے جس کی شرح ہر روز کم ہوتی ہے.
امی کا نام کیا ہے؟,نوید مختار پاکستان کے آئی سربراہ ہیں
پاکستان میں کیا خوراک ہے؟,آپ کے سوال کے بارے میں زیادہ خاص ہو
پاکستان کے صوبے کیا ہیں,پنجاب، سندھ، بلوچستان اور کے پی پی کے
پاکستان کے بہترین اسلامی بینک کا نام؟,ایم سی بی پاکستان میں سب سے بہترین اسلامی بینک ہے
گلاب باغ کہاں ہیں؟,پاکستان میں بہت خوبصورت گلاب باغات ہیں، ان میں سے ایک مشہور شخص شاکر پریر نیشنل پارک پاکستان کے گارڈن ہیں
پاکستان کے کرکٹ کھلاڑیوں کا نام,سرفراز احمد پاکستان کرکٹ ٹیم کے موجودہ کپتان ہیں
صوبہ پنجاب کا مجموعی علاقہ کیا ہے؟,205،344 کلومیٹر پنجاب کے علاقے ہے
گلگت کونسل میں ہے؟,گلگت گلگت بلتستان کا دارالحکومت ہے
پاکستان کے دوسرے وزیر اعظم کا نام کیا ہے؟,خواجہ ناظم الدین پاکستان کا دوسرا وزیر اعظم ہے
پاکستان کی قومی زبان,اردو پاکستان کی قومی زبان ہے
پاکستان میں جس جگہ زیادہ عام پھل موجود ہے اس میں؟,پنجاب میں
کیا تم مجھ سے ایک سوال پوچھ سکتے ہو؟,آپ کا نام کیا ہے؟
پاکستان کی جھیلیں کیا ہیں؟,زیادہ مخصوص ہو
پاکستان میں کتنے ٹی وی چینل موجود ہیں؟,پاکستان میں تقریبا 60 70 ٹی وی چینل چل رہے ہیں
سندھ کا دارالحکومت کیا ہے؟,کراچی سندھ کی گنجائش ہے
پاکستان میں سب سے طویل دریا کا نام؟,سندھ دریا 2880 کیلومیٹر کا سب سے طویل دریا ہے
پاکستان کی جی ڈی پی کیا ہے؟,پاکستان کا جی ڈی پی 283.7 بلین ڈالر ہے
قومی پہاڑی؟,چاکور پاکستان کی قومی نسل ہے
پاکستان کے قومی رس کا نام کیا ہے؟,گندگی رس پاکستان کے قومی رس ہے
ضیا الحق ایک اچھا رہنما تھا؟,ضیا الحق پاکستان کے 6 ویں صدر تھے اور بہت اچھے منتظم تھے.
ایچ ای سی کی طرف سے متعارف کرایأ حالیہ ترمیم کیا ہیں؟,یہ بہت سخت سوال ہے، اگرچہ آپ اسے گوگل کر سکتے ہیں
پاکستان کتنے شہر ہیں؟,پاکستان میں کل 69 شہر ہیں
صوبے کا نام جو سب سے زیادہ مالی طور پر تیار ہے؟,پنجاب کا سب سے زیادہ ترقی یافتہ صوبہ ہے
پاکستان کے ڈیموں کا نام,تربایل ڈیم مینگلا ڈیم جنگاک ڈیم وغیرہ پاکستان میں مشہور ڈیم ہیں
2009 میں ٹی 20 ورلڈ کپ کے چیمپئنز؟,پاکستان نے 2009 کے ٹی 20 ورلڈ کپ جیت لیا
بستی مالک کیا ہے؟,ضلع ملتان، پنجاب میں چھوٹے
نانگا پربت کہاں واقع ہے؟,یہ پاکستان کے گلگت بلتستان کے علاقے میں ہے
ہم کس طرح پاکستان میں دہشت گردی پر قابو پا سکتے ہیں؟,ہم صرف دہشت گردی پر قابو پانے میں صرف پاکستان کے امیر اور غریب کمیونٹی کے درمیان اقتصادی فرق کو کم کر سکتے ہیں.
سوٹلج دریا کی لمبائی کیا ہے؟,سوٹج دریا 1551 کلومیٹر ہے
پاکستان کا بہترین لباس برانڈ؟,کادی پاکستان کا بہترین کپڑے برانڈ ہے
پاکستان کے صوبے کیا ہیں؟,پاکستان میں 4 صوبے ہیں، یعنی پی پی کے، سند، بلوچستان، پنجاب اور گلگت بلتستان
پاکستان کا سب سے بڑا ساتھی کونسا ملک ہے؟,پاکستان کا سب سے بڑا ساتھی چین ہے
نام کا دارالحکومت پاکستان؟,اسلام آباد پاکستان کا دارالحکومت ہے
علامہ اقبال,علامہ اقبال پاکستان کا قومی شاعر ہے
کشمیر میں پاکستان بھی شامل ہے,ہاں آزاد کشمیر پاکستان میں ہے
گلگت بلتستان کی خواندگی کی شرح کیا ہے؟,گلگت بلتستان میں 78٪ سوادتی کی شرح
پاکستان کا سب سے بڑا ہیرو کا نام؟,قائد اعظم محمد علی جناح پاکستان کا سب سے بڑا ہیرو ہے
مجھے پاکستان کے سب سے اوپر یونیفارم کے بارے میں بتاؤ؟,نوک روزہ جیک پاکستان میں سب سے اوپر یونیورسٹیوں ہیں
قومی جانور؟,مارخور پاکستان کا قومی جانور ہے
ہم بھاری صنعتوں کی ترقی کیسے بہتر بنا سکتے ہیں؟,زیادہ بجٹ مختص کرکے
جو پاکستان کا دوسرا وزیر اعظم تھا,خواجه ناظم الدین پاکستان کا دوسرا وزیر اعظم تھا
پاکستان کا کیا مسئلہ ہے,دہشت گردی پاکستان کا ایک بڑا مسئلہ ہے
نیشن ہائڈر کے کل وصول کنندگان کیا ہیں؟,نیشن ہائڈر کے 11 وصول کنندگان
پاکستان کی ندیوں کا نام؟,سوٹج دریا روی دریا چناب دریا پاکستان کے چند دریا ہیں
پنجاب کے موجودہ وزیر اعلی کا نام؟,شہباز شریف کا دورۂ موجودہ وزیر ہے
ہم پاکستان میں کامیابی کیسے حاصل کرتے ہیں؟,مشکل کام کر رہے ہیں
مجھے ٹیم کے بارے میں بتاؤ جنہوں نے 1992 کی دنیا کی دنیا کو جیت لیا؟,پاکستان نے 1992 کا عالمی کپ جیت لیا
پاکستان کے بانی کا نام کیا ہے؟,قائداعظم اعظم محمد علی جناح پاکستان کا بانی ہے
پاکستان میں عام دریا کیا ہیں؟,دریا سوتیل راوی چناب اور انڈیا پاکستان میں عام دریا ہیں
پاکستان میں ڈیم,آپ کے سوال کے بارے میں مخصوص ہونا
کیا چل رہا ہے,مجھ سے کچھ سوال پوچھیں، میں بور ہو رہا ہوں
چین پاکستان کی اقتصادی قیمت (سی پی ای سی) کی لاگت؟,سی پی ای سی 46 ارب ڈالر کی لاگت کرتا ہے
پاکستان میں سب سے بڑی ڈیم کا نام؟,تربایل ڈیم پاکستان میں سب سے بڑی ڈیم ہے
آپ پرویز مشیر رہتے ہیں یا نہیں؟,ہاں پرویز مشیررف پاکستان کا عظیم رہنما ہے
ہیلو,ہیلو اجنبی
پاکستان کا پہلا نوبل انعام جیتنے والے شخص کا نام کیا ہے؟,ڈاکٹر عبدالقدیر خان نے پاکستان کا پہلا نوبل انعام جیت لیا
پنجابی کا نام,لہور پاکستان کا دارالحکومت ہے
پاکستان کی قومی قوت؟,مجھے افسوس ہے کہ میں نہیں جانتا، براہ مہربانی زیادہ مخصوص رہیں
پاکستان کی تاریخ میں قائد اعظم کی اہمیت کیا ہے؟,وہ پاکستانی بانی ہے
پاکستانی تاریخ کا بہترین مقام کیا ہے؟,بہت سے تاریخی مقامات جیسے بدشیہ مجاہد، موینجوڈیارو وغیرہ ہیں
سب سے بڑا شہر؟,کراچی پاکستان کا سب سے بڑا شہر ہے
شیخ رشید کون ہے؟,پاکستان کا سیاست دان
پاکستان کی آزادی کی وجوہات,پاکستان ایک مسلمان ملک ہے
اس شخص کا نام جس نے قومی جانور لکھا ہے؟,حفیظ جھنڈیریری نے پاکستان کے قومی جانور کو لکھا
سوٹلج کی لمبائی کیا ہے؟,سوٹج دریا 1551 کلومیٹر ہے
ارے وہاں,ہیلو وہاں
پاکستان کا مشہور مشہور خاتون,مجھے افسوس ہے کہ میں نہیں جانتا، براہ مہربانی زیادہ مخصوص رہیں
پاکستان میں عید کا مقصد کیا تھا؟,شاعری اور یتیموں کو پناہ فراہم کرنے کے لئے
پاکستان کی سب سے خوبصورت جگہ کون ہے؟,شنگری جھیل پاکستان میں سب سے خوبصورت جگہ ہے
مائن آف پاکستان کا مقام؟,منیئر پاکستان لہور میں واقع ہے
بلوچستان کے موجودہ وزیر اعلی کا نام کیا ہے؟,ثناء اللہ زہری بلکستان کے موجودہ وزیر اعلی ہیں
پاکستان کا مشہور اسپتال؟,پمز پاکستانی مشہور ہسپتال ہے
پاکستان کے بہترین کھلاڑی کا نام,کیا شرائط میں سب سے بہتر ہے؟
جب پاکستان میں ہاکی ورلڈکپ کھیلے گی,1990 میں پاکستان میں ہاکی worldcup کی میزبانی ہوئی تھی
قائداعظم,وہ پاکستانی بانی ہے
سی پی ای سی کیا ہے,سی پی ای سی چین چین پاکستان اقتصادی کوریڈور کے لئے کھڑا ہے، بنیادی طور پر پاکستان اور چین کے درمیان تجارتی مقاصد کے لئے.
پاکستان میں بہترین میڈیکل یونیورسٹی کا نام؟,آغا خان یونیورسٹی پاکستان میں بہترین میڈیکل یونیورسٹی میں سے ایک ہے
جہانب کے بارے میں کیا؟,مجھے افسوس ہے کہ میں نہیں جانتا، براہ مہربانی زیادہ مخصوص رہیں
پاکستان میں کتنے ندی؟,پاکستان میں تقریبا 10-15 دریاؤں ہیں
پاکستان کے قومی شاعر کون ہے؟,علامہ اقبال پاکستان کا قومی شاعر ہے
پاکستان کی زبانیں,پاکستان میں مجموعی طور پر 68 (تسلیم کردہ) زبانیں موجود ہیں، جن میں سے 6 اہم زبانوں اور 62 چھوٹی زبانیں ہیں.
پاکستان کی برآمد کیا ہے؟,کھیلوں کی مصنوعات پاکستان کے برآمدات ہیں
موجودہ صدر کون ہے,ممنو حسین
پاکستان میں فٹ بال بڑھ رہا ہے,اتنا بھی نہیں
پاکستان کا سب سے چھوٹا ڈیم کا نام؟,مجھے افسوس ہے کہ میں نہیں جانتا، براہ مہربانی زیادہ مخصوص رہیں
مجھے موری آب و ہوا کے بارے میں بتاؤ؟,موری کی آبادی غیر متوقع ہے
پاکستان کرکٹ ٹیم کے پہلے کپتان کا نام کیا ہے؟,عبدالحفیظ کاردار کرکٹ ٹیم کا پہلا کپتان تھا
پاکستان کے اقلیتوں سے شہید شدہ فوجیوں کی تعداد؟,شہید ہونے والے فوجیوں کی کوئی خاص تعداد نہیں ہے
اسامہ بن لادن واہ,وہ اپنے شوہر کی موت کے بعد امریکہ کو لے گئے تھے
پاکستان کے مشہور ادارے,lums
پرویز مشرف کا دورہ؟,پرويز مشرف کا دورہ 1999 میں شروع ہوا اور 2008 تک ختم ہوگيا
پاکستان کی قومی خوراک؟,باریانی پاکستانی قومی خوراک ہے
بجلی کی قلت کا فی صد؟,بجلی کی 20 فیصد کی کمی
پاکستان میں بہترین کھلاڑی,جہانگیر خان (سابق اسکواش کھلاڑی) ارجنٹائن ہے کہ پاکستان نے ابھی تک بہترین کھلاڑی بنایا ہے
پاکستان کی درآمد کیا ہے؟,مشینری پاکستان کی بڑی درآمدات ہے
پاکستان کے سب سے ٹھنڈا شہر کا نام کیا ہے؟,زریعہ پاکستان کا سب سے ٹھنڈا شہر ہے
کونسلر میرزا کون ہے؟,1956 میں پاکستان کا صدر تھا
پاکستان کے قومی جانور؟,مارخور پاکستان کا قومی جانور ہے
پاکستان کی قومی آبادی کا موسیقار کون ہے؟,جیلرڈر محفوظ کریں
نوازی شریف کون ہے؟,وہ پاکستان کا سابق وزیر اعظم ہے
پاکستان ایک دہشت گرد ریاست ہے,کوئی پاکستان دہشت گردانہ ریاست نہیں ہے
مجھے سبربی کے موسم کے بارے میں بتاؤ؟,سابی میں مرچ موسم ہے
پاکستان کی قومی قوت؟,مجھے افسوس ہے کہ میں نہیں جانتا، براہ مہربانی زیادہ مخصوص رہیں
پاکستان کے وزیر اعلی کا نام؟,ثناء اللہ خان زہری بلوچستان کا موجودہ سینٹی میٹر ہے
پاکستان کی نیشنل اسمبلی سائبر کرائم بل منظور، جس سے متعلق ہے؟,انٹرنیٹ کا غیر قانونی استعمال
قائد ای اعظم کی موت کیسے ہوئی؟,قائداعظم اعظم محمد علی جناح نے ٹبپر کلسیوں کی وفات کی
مجھے بتاو کیوں مارالا پہاڑیوں مشہور؟,یہ پہاڑوں کو ہمیشہ سانپ کے ٹھکانے کے طور پر جانا جاتا ہے
موجودہ ڈی جی کون ہے؟,نوید مختار موجودہ آئی سربراہ ہیں
تم کون ہو؟,میں ایک بوٹ ہوں
گلاب کا باغ ؟,پاکستان میں بہت خوبصورت گلاب باغات ہیں، ان میں سے ایک مشہور شخص شاکر پریر نیشنل پارک پاکستان کے گارڈن ہیں
قومی برادری کیا ہے؟,چاکور پاکستان کی قومی نسل ہے
پاکستان کا مذہب,اسلام اسلام کا مذہب ہے
پاکستان کی مشہور مسجد کیا ہے؟,فیصل مسجد
موجودہ ڈی جی نام کا نام؟,نوید مختار موجودہ آئی سربراہ ہیں
مجھے پاکستان کے بہترین گلوکار کے بارے میں بتاؤ؟,علی ظفر پاکستان کا بہترین گلوکار ہے
پاکستان میں یہ بت 113206 کیا ہے؟,مجھے افسوس ہے کہ میں نہیں جانتا، براہ مہربانی زیادہ مخصوص رہیں
پاکستان کی بدعت؟,عبدالسلام کی طرف سے الیکٹروائک بات چیت کی دریافت، ذرہ طبیعیات کے معیاری ماڈل کے ترقیاتی وزیر برائے پاکستان کی چند بدعتیں ہیں.
چاہے پاکستان میں پیشہ ورانہ گیمنگ منظر ہو یا نہیں؟,جی ہاں
بنیادی طور پر برآمد پاکستان,کھیلوں کا مال پاکستان کا بنیادی برآمد ہے
پاکستان کے قومی پھول کا نام؟,جیسمین پاکستان کا قومی پھول ہے
اردو,اردو پاکستان کی قومی زبان ہے
پاکستان میں کون سا بہترین کھلاڑی ہے,جہانگیر خان (سابق اسکواش کھلاڑی) ارجنٹائن ہے کہ پاکستان نے ابھی تک بہترین کھلاڑی بنایا ہے
پاکستان کی ماں؟,فاطمہ جناح پاکستان کی ماں ہے
کے پی پی کے موجودہ وزیر اعلی کا نام؟,پرویز خٹک کے پی پی کے کے وزیر اعلی ہیں
مجھے پاکستان پرچم کے رنگوں کے بارے میں بتاؤ؟,پکی پرچم میں سبز اور سفید رنگ موجود ہیں
پاکستان کے مشہور اسپتال,پمز پاکستانی مشہور ہسپتال ہے
موجودہ دفاع وزیر کون ہے؟,خواجہ محمد آصف موجودہ وزیر دفاع ہیں
آرتھو کیا ہے؟,سانپ خاندان اور ایک کوڈنگ کی زبان کا ایک رکن
پاکستان میں بہترین سیاحتی مقام ہے,شمالی علاقوں میں سیاحوں کے لئے بہترین علاقہ ہے
پاکستان میں صحت کے مسائل,اس سے اپ کا کیا مطلب ہے
ایچ ای سی کیا ہے؟,ایچ ای سی اعلی تعلیم کمیشن کے لئے کھڑا ہے
پاکستان کہاں ہے,اس کے آسیا میں
پاکستان کا سب سے بڑا صوبہ کیا ہے؟,بلوچستان پاکستان میں سب سے بڑا صوبہ ہے
پاکستان کے پڑوسی ملک؟,افغانستان انڈیا ایران چین اور بھارت پاکستان کے پڑوسی ہیں
خیبر پختونخواہ کا گورنر کون ہے؟,اقبال ظفر جھنگ خیبر پختونخواہ کے گورنر ہیں
پاکستان کا مشہور کھانا,برہانی پاکستان کا مشہور کھانا ہے
پاکستان کرکٹ ٹیم کے پہلے کپتان کا نام؟,عبدالحفیظ کاردار کرکٹ ٹیم کا پہلا کپتان تھا
پاکستان کے ساتھ مگجر مگرمچرچھ کا تعلق؟,مگجر مگرمچرچھ پاکستان کا قومی سازش ہے
پاکستان کا سب سے بڑا جھیل واقع ہے,مچھر جھیل پاکستان میں سب سے بڑی جھیل ہے
ممنو حسین,پاکستان کے صدر 2013 سے 2018 تک
تم کون ہو؟,پی کے بوٹ میرا نام ہے، پاکستانی جنرل سے متعلق متعلق سوالات کا جواب میرا کھیل ہے
پاکستان کی بھاری صنعت کہاں ہے؟,پنجاب میں واقع ہے
سندھ کے دارالحکومت کا نام؟,کراچی سندھ کی گنجائش ہے
پاکستان کے صدر کا نام؟,ممنون حسین پاکستان کا صدر ہیں
سی پی سی کیا ہے؟,سی پی ای سی سی چین پاکستان اقتصادی کوریڈور کے لئے کھڑا ہے
پاکستان کے بانی کا نام کیا ہے؟,قائداعظم محمد علی جناح
ہم اپنے تعلقات کو دوسرے ممالک کے لئے کس طرح بہتر بنا سکتے ہیں؟,دیگر ممالک کو مزید احترام دکھانے اور مزید تعاون کرنے کی طرف سے
مجھے فلم انڈسٹری کے بارے میں کچھ بتاو؟,پاکستان کی صنعت صنعت آہستہ آہستہ بہتر بناتی ہے
لہر کی ثقافتی ورثہ؟,مجھے افسوس ہے کہ میں نہیں جانتا، براہ مہربانی زیادہ مخصوص رہیں
پاکستان کی کرنسی؟,روپیہ پاکستان کی کرنسی ہے
سب سے بڑا صوبہ کا نام؟,بلوچستان پاکستان میں سب سے بڑا صوبہ ہے
کیوں نویس شفیف کو اپنے وزیر اعظم کی نشست سے ہٹا دیا گیا تھا,کیونکہ وہ خراب تھا
کے لئے جانا جاتا ہے,پاکستان کا دارالحکومت
پاکستان کا قومی کھیل کیا ہے؟,ہاکی پاکستان کا قومی کھیل ہے
پاکستان میں سیاست,سیاست ایک گندی چیز ہے
پاکستان کی سیاست؟,یہ مشکل ہے
پاکستان میں اہم صنعت؟,ٹیکسٹائل، سیمنٹ، کھاد، اسٹیل، شوگر، الیکٹرک سامان، شپب سازی
امیر خان کون ہے؟,سابق کرکٹر
١٩٩٢,اس سے اپ کا کیا مطلب ہے
قائداعظم کون تھا؟,وہ پاکستانی بانی ہے
پاکستان کے موجودہ COAS؟,قمر جاوید باجوہ کو پاکستان میں فوج کے عملے (چیفس) کے 16 ویں سربراہ کے طور پر مقرر کیا گیا تھا.
کھیلوں میں زیادہ تر پاکستان میں کھیلا جاتا ہے؟,مقبول کھیل فٹ بال، کرکٹ اور کابدی ہیں
پاکستان کی سب سے بڑھتی ہوئی فصل,سب سے اہم فصلیں گندم، گدھے، کپاس اور چاول ہیں
کونسا صوبہ سب سے زیادہ مالیاتی ترقی ہے؟,پنجابی
پاکستان کا اعلی ترین اعزاز,ہدف ہدف
جهانگیر خان نے کتنے بار برطانوی اوپن اسکواش چیمپئن شپ جیت لی ہیں؟,جہانگیر خان نے 10 اوور سکواش چیمپئن شپ جیت لی
مشرق کے شاعر کا نام کیا ہے؟,محمد اقبال
ممونون ہالین کی عمر کیا ہے؟,ممنوح حسین 76 سال کی عمر ہے
پاکستان میں کتنا بنیادی ہیلتھ یونٹ موجود ہیں؟,5301 بنیادی صحت یونٹس پاکستان میں
پی پی,شاہد ققان پاکستان کا وزیر اعظم ابیسی
مجھے سیاحت کے مقامات کے بارے میں پاکستان میں بتاؤ؟,پاکستان میں سیاحت کے لئے شمالی علاقوں عظیم ہیں
ہم کیوں موجود ہیں؟,مجھے افسوس ہے کہ میں نہیں جانتا، براہ مہربانی زیادہ مخصوص رہیں
نوزاز شریف کی تنخواہ,نواز شریف دبئی کی بنیاد پر کمپنی کے مینیجر ہیں جو 10،000 درہم ماہانہ بنیاد پر لے رہے ہیں
دہشت گردی نے پاکستانی، قومی، ثقافتی اور مذہبی واقعات کے نتائج کے بارے میں کس طرح متاثر کیا ہے؟,یہ صرف ان کو برباد کر دیا
مجھے تاریخ کی تاریخ میں اقبال کی اہمیت کے بارے میں بتاؤ؟,علامہ اقبال سب سے بڑی شاعر ہے اور پاکستان کے عوام کو آزادی کے لئے بھی بیداری پیدا کی گئی ہے
سلور یائیسیس,اس سے اپ کا کیا مطلب ہے
پاکستان کی قومی خوراک کے بارے میں معلومات؟,باریانی پاکستانی قومی خوراک ہے
کیوں ہماری حکومت پاکستان میں ادبی جیسے ادبی تنظیموں کی طرف توجہ نہیں دے رہی ہے؟,کیونکہ ان کی دوسری ترجیحات ہیں
پاکستان کا سب سے بڑا جھیل کونسا ہے؟,جھیل مانچار پاکستان میں سب سے بڑا میٹھی پانی کی جھیل ہے اور ایشیا میں سب سے بڑی ہے.
پاکستان کون سا بہترین یونیورسٹی ہے,نوک پاکستان کا بہترین یونیورسٹی ہے
پنجاب میں سب سے زیادہ بولی زبان کیا ہے,پنجاب صوبہ پنجاب میں سب سے زیادہ بولی زبان ہے
فوجی اہلکاروں کا نام جنہوں نے نیشن ای ہائڈر حاصل کیا؟,10 مشہور (فوجی) ہیروز ہیں، جنہوں نے نشن حیدر سے نوازا ... لیکن آپ کو زیادہ مخصوص کرنے کی کوشش کرنی چاہئے
پاکستان میں کتنی بینکوں؟,پاکستان میں تقریبا 10-15 بینکوں ہیں
تم کون ہو,میں ایک بوٹ ہوں
نائٹل کیا ہے؟,نیائیلیل پاکستان میں انٹرنیٹ سروس فراہم کرنے والا ہے
ہیلو,ہیلو اجنبی
پاکستان کے سب سے اوپر 3 یونیورسٹییں کیا ہیں؟,فاسٹ مورچا لگے پاکستان کے 3 اعلی یونیورسٹیوں ہیں
پاکستان کا بہترین کمپیوٹر سائنس کونسل ہے؟,پاکستان میں سب سے بہتر سی ایس  کی فاسٹ ہے
پاک میں قتل کی شرح,پاکستان میں قتل کی شرح 7.86 ہے
مجھے سندھ کے دارالحکومت کے بارے میں بتاؤ؟,کراچی سندھ کی گنجائش ہے
پاکستان کے قومی برادری,چاکور پاکستان کی قومی نسل ہے
پاکستان کی خواندگی کی شرح؟,57 فیصد
پاکستان میں سب سے زیادہ مقبول کھانا؟,پاکستان میں سب سے زیادہ مقبول کھانا بریاانی ہے
سی پی ای سی؟,سی پی ای سی سی چین پاکستان اقتصادی کوریڈور کے لئے کھڑا ہے
میں اس کے ساتھ محبت کرتا ہوں,شکریہ میں جانتا ہوں کہ میں خوبصورت ہوں
بلوچستان کے دارالحکومت کا نام؟,کوئٹہ بھوکستان کا دارالحکومت ہے
پاکستان میں بدعت,پاکستان میں انوویشن تیزی سے بڑھ رہی ہے
پاکستان کیوں انتہا پسند ہیں,تعلیم کی کمی کی وجہ سے
بادشاہی مسجد,اس سے اپ کا کیا مطلب ہے
پاکستان کے سب سے سرد شہر کا نام کیا ہے؟,ہنزا پاکستان کا سب سے ٹھنڈا شہر ہے
جی بی کے دارالحکومت کا نام؟,گلگت جی بی کے دارالحکومت ہے
پاکستان کا بانی کون ہے؟,قائداعظم محمد علی جناح
مجھے سنا میں بولی جانے والی زبان کا نام بتاؤ؟,سنڈی میں سنڈی بولی جاتی ہے
افغانستان سے پاک تعلقات؟,طالب علموں کے تعارف کے بعد وہاں تعلقات خراب ہوگئے
روزہ یونین کا مقام کیا ہے؟,جلدی واقع اسلام آباد، کراچی، لہوری وغیرہ میں واقع ہے
میرا نام کیا ہے؟,مجھے افسوس ہے کہ میں نہیں جانتا، براہ مہربانی زیادہ مخصوص رہیں
پاکستان میں کونسل ہے,مجھے افسوس ہے کہ میں نہیں جانتا، براہ مہربانی زیادہ مخصوص رہیں
آرٹیکل 2-ب کب تحلیل کیا گیا تھا؟,یہ سوال میرے علم سے باہر ہے
پاکستان کے سب سے بڑے شخص کا نام؟,عالم چنا پاکستان کا سب سے بڑا شخص ہے
پاکستان میں ٹی وی چینلز کی تعداد؟,پاکستان میں تقریبا 60 70 ٹی وی چینل چل رہے ہیں
بنیادی طور پر برآمد پاکستان,مشینری پاکستان کا بنیادی برآمد ہے
جو پاکستان کا پہلا گورنر جنرل تھا,قائد اعظم محمد علی جناح پاکستان کا پہلا گورنر جنرل تھا
پاکستان کے لئے کیا معلوم ہے؟,پاکستان اپنے مہمانوں کے لئے جانا جاتا ہے
پاکستان کی کرنسی کیا ہے,پاکستان کی کرنسی روپے ہے
پاکستانی عوام کا پسندیدہ کھانا؟,برہانی مشہور کھانا ہے
پاکستان میں جھیلوں,جھیل سلیمان مالک، رش جھیل، اٹ آباد جھیل، رٹی گالی جھیل وغیرہ پاکستان کے چند جھیل ہیں
تم کون ہو؟,پی کے بوٹ میرا نام ہے، پاکستانی جنرل سے متعلق متعلق سوالات کا جواب میرا کھیل ہے
ہم نے پاکستان کی دفاعی قوتوں پر ہماری معیشت کیوں خرچ کی ہے؟,ہماری غریب قیادت کی وجہ سے
پاکستان جو دفاع وزیر ہے,خرم دستکاری خان پاکستان کے موجودہ دفاع وزیر ہیں
پاکستان کیا ہے,پاکستان ایک اسلامی ملک ہے
پاکستان کی قومی زبان کا نام؟,اردو پاکستان کی قومی زبان ہے
پاکستان کے قومی شاعر,علامہ اقبال پاکستان کا قومی شاعر ہے
پاکستان کا سب سے مشہور اداکار؟,شان پاکستان کا سب سے مشہور اداکار ہے
پاکستان نے کب اپنی پہلی ہاکی عالمی کپ جیت لیا؟,1971 میں ہاکی ورلڈ کپ پاکستان نے جیت لیا
پاکستان کے پڑوسی؟,افغانستان انڈیا ایران چین اور بھارت پاکستان کے پڑوسی ہیں
پاکستان کے دارالحکومت شہر کا نام کیا ہے؟,اسلام آباد پاکستان کا دارالحکومت ہے
قومی جانور,مارخور پاکستان کا قومی جانور ہے
پاکستان کا موجودہ آمدنی کیا ہے,فی صد جی ڈی پی: $ 1،629
ایچ ای سی کیا ہے؟,پاکستان کی اعلی تعلیمی کمیشن
پاکستان کے سب سے ٹھنڈا شہر کا نام؟,ہنزا پاکستان کا سب سے ٹھنڈا شہر ہے
پاکستان کے قومی ہیرو؟,قائداعظم پاکستان کا ہیرو ہے
پاکستان کے سب سے زیادہ مشہور شہر؟,سکھر پاکستان میں سب سے زیادہ تاریخی شہر ہے
آپ پرویز مشرف پسند کرتے ہیں,ہاں پرویز مشیررف پاکستان کا عظیم رہنما ہے
دہشت گردی کیا ہے؟,مذہب کے نام پر معصوم لوگوں کو قتل کرنے کا ایک فعل
پاکستان کا قومی کھیل کیا ہے؟,ہاکی پاکستان کا قومی کھیل ہے
پاکستان میں کتنے سمندر بندرگاہوں ہیں؟,تین بندرگاہوں میں ہیں: (کراچی، بن قاسم اور گوادر)
آپ سے محبت,اپنے آپ کو اجنبی کو کنٹرول کرو
پاکستان کا برآمد,کھیلوں کی مصنوعات پاکستان کے اہم برآمدات ہیں
علامہ اقبال,علامہ اقبال پاکستان کا قومی شاعر ہے
قومی لباس؟,شلوارکمیز پاکستان کا قومی لباس ہے
اردو کے بارے میں آپ کیا جانتے ہیں؟,اردو پاکستان کی قومی زبان ہے
قائداعظم امام علی جناح کے کتنے بچے ہیں؟,7 بچوں
پاکستان کا سب سے زیادہ آبادی والا صوبہ؟,پنجاب پاکستان کا سب سے زیادہ مقبول ترین صوبہ ہے
پاکستان میں سب سے بڑا صوبہ,پنجاب پنجاب کا سب سے بڑا صوبہ ہے
پاکستان کی قومی برادری کا نام؟,چاکور پاکستان کی قومی نسل ہے
پہلے وزیر اعظم,لیاقت علی خان پاکستان کا پہلا ہفتہ ہے
پاکستان کی جغرافیایی طاقتیں؟,مجھے افسوس ہے کہ میں نہیں جانتا، براہ مہربانی زیادہ مخصوص رہیں
پاکستان کا سب سے بڑا شہر,کراچی پاکستان کا سب سے بڑا شہر ہے
آپ پاکستان میں لاپتہ افراد کے بارے میں کیا جانتے ہیں؟,انہیں دہشت گردی کے مقاصد کے لئے اغوا کیا جا رہا ہے
پاکستان کے دارالحکومت؟,اسلام آباد پاکستان کا دارالحکومت ہے
پاکستان میں سب سے زیادہ چوٹی کونسا ہے؟,K2 پاکستان میں سب سے زیادہ پہاڑ ہے
تمہارا مالک کون ہے؟,میرے تین مالکان ہیں
پاکستان کی قومی ہم آہنگی کا نام؟,انڈونیشیا کے دریا ڈالفن پاکستان کی قومی نوعیت ہے
پاکستان میں کتنے صوبوں ہیں؟,پاکستان میں 4 صوبوں ہیں
پاکستان کے صدر کا نام؟,ممنون حسین پاکستان کا موجودہ وزیر اعظم ہے
گلگت کی سوادتی کی شرح کیا ہے؟,گلگت بلتستان میں 78٪ سوادتی کی شرح
پاکستان کی سب سے خوبصورت جگہ کا نام؟,کشمیر پاکستان میں سب سے خوبصورت جگہ ہے
پاکستان کی قومی آبی جانور کون ہے؟,انڈس ڈالفن
نواز شريف؟,نواب احمد شفیق پاکستان کے سابق وزیراعظم ہیں
مجھے پاکستان کے تعلیمی اداروں کے بارے میں بتاؤ؟,ان کے اچھے معیار کی تعلیم ہے
پاکستان میں آنے کا بہترین مقام کیا ہے؟,شمالی علاقوں کا دورہ کرنے کے لئے بہترین ہے
پاکستان کی قومی زبان کا نام؟,اردو پاکستان کی قومی زبان ہے
قائد اعظم کون ہے؟,وہ پاکستانی بانی ہے
پاکستان میں صحت,پاکستان میں صحت کو بہتر بنانے کی ضرورت ہے
مجھے پاکستان کے دریاؤں کے بارے میں بتاؤ؟,پاکستان کے بہت سارے دریا جیسے دریا راوی چناب سٹیجج وغیرہ ہیں
پاکستان کی خواندگی کی شرح کے بارے میں معلومات؟,پاکستان کی خواندگی کی شرح 57 فیصد ہے
پاکستان کے لئے سی پی ای سی فائدہ مند ہے ؟؟؟,جی ہاں یہ پیدا ہوسکتا ہے پاکستان کے مواقع
مجھے پاکستان کی خواندگی کی شرح کے بارے میں بتاؤ؟,گلگت بلتستان میں 78٪ سوادتی کی شرح
پاکستانی فلم کی صنعت کا گنجائش؟,لالی ووڈ پاکستان میں مقبول فلم صنعت ہے
پاکستان میں بدعنوانی سیاستدان کون ہے؟,نواب اعجاز شیخ پاکستان کا سب سے بدعنوانی سیاست دان ہے
پاکستان میں عید کا مقصد کیا تھا؟,شاعری اور یتیموں کو پناہ فراہم کرنے کے لئے
روزہ یونین کا مقام؟,جلدی واقع اسلام آباد، کراچی، لہوری وغیرہ میں واقع ہے
سی پی سی کے نقصانات؟,سی پی ای سی سی کا کوئی بڑا نقصان نہیں ہے
جس نے پاکستان کی بنیاد رکھی,قائد اعظم محمد علی جناح پاکستان کا بانی ہے
کیوں ہماری حکومت پاکستان میں ادبی جیسے ادبی تنظیموں کی طرف توجہ نہیں دے رہی ہے؟,کیونکہ ان کی دوسری ترجیحات ہیں
پاکستان میں تعلیمی نظام؟,اس کی نشاندہی نہیں
راولپنڈی میں کینسر کے اسپتالوں کی کیا بات ہے؟,راولپنڈی میں کوئی کینسر ہسپتال نہیں ہیں
پاکستان کی مجموعی آبادی کیا ہے؟,پاکستان کی آبادی تقریبا 22 کروڑ ہے
پاکستان کے مشہور قومی ہیرو,قائداعظم پاکستان کے مشہور قومی ہیرو ہیں
قومی پہاڑی؟,چاکور پاکستان کی قومی نسل ہے
پاکستان سے فیس بک کے صارفین کی تعداد,مجھ نہیں پتہ
لاہور میں سب سے زیادہ مشہور جگہ,مجھے افسوس ہے کہ میں نہیں جانتا، براہ مہربانی زیادہ مخصوص رہیں
مجھے پاکستان کے بڑے مسائل کے بارے میں بتاؤ؟,دہشت گردی پاکستان میں اہم مسئلہ ہے
مجھے پاکستان کے بہترین کھانے کے بارے میں بتاؤ؟,رشوت پاکستان کا سب سے بہترین ڈش ہے
پاکستان کی قومی برادری؟,چکھر ڈریج پاکستان کی قومی برادری ہے
شہروں میں سے کوئی بھی نہیں ہے؟,پاکستان میں کل 69 شہر ہیں
شاعر کا نام کیا ہے؟,زیادہ مخصوص ہو
پنجاب میں کیا زبان بولی ہے؟,پنجابی میں پنجاب میں بات کر رہی ہے
4 کیا ہے,مجھے افسوس ہے کہ میں نہیں جانتا، براہ مہربانی زیادہ مخصوص رہیں
پاکستان کا کیا مطلب ہے؟,پاکستان کا معنی ہے اللہ تعالی
پاکستان کے قومی جانور؟,مارخور پاکستان کا قومی جانور ہے
پاکستان کا ڈیم کیا ہے؟,بہت سے بندیاں ہیں جیسے تاربایل ڈیم وارکک ڈیم etv
دفاع وزیر,خرم دستکاری خان پاکستان کے موجودہ دفاع وزیر ہیں
سب سے زیادہ آبادی کونسا صوبہ ہے؟,پنجاب کا سب سے زیادہ کثیر آبادی والا صوبہ پاکستان ہے
روی دریا؟,راوی دریا 720 کلومیٹر طویل ہے
پاکستان کے 5 مقبول شہروں کا نام,اسلام آباد، کراچی، لاہور، پشاور، کوئٹہ
اگلے بجے کا نام کیا ہے؟,عمران خان ہو سکتا ہے
پاکستان میں بہترین سیاحتی مقام؟,شمالی علاقوں میں سیاحت کے لئے شمالی علاقوں سب سے بہتر ہیں
پاکستان کے اہم مسائل کیا ہیں؟,دہشت گردی پاکستان میں اہم مسئلہ ہے
جی پی پی کی شرح کیا ہے؟,براہ کرم مزید مخصوص ہو (سال کا ذکر کریں)
پاکستان کے قومی درخت؟,ڈو ڈار پاکستان کا قومی درخت ہے
پاکستان کا خارجہ وزیر؟,خواجہ محمد آصف موجودہ وزیر خارجہ ہیں
کلھشن یادو کہاں ہے,آپ کا سوال کوئی احساس نہیں ہے
کھلاڑیوں,پاکستان نے گزشتہ دہائیوں میں کئی دہلیوں کو جہانگیرخان، روشن خان خان، عمران خان، شاہ، جاوید میانداد، شناز شیخ سمیت کئی کھلاڑیوں کو تیار کیا ہے.
پاکستان کی قومی ہمت کا نام کیا ہے؟,انڈونیشیا کے دریا ڈالفن پاکستان کی قومی نوعیت ہے
پاکستان میں کتنے مذہبی واقعات ہیں,چونکہ پاکستان میں بہت سے مذہبی جماعتیں مل کر رہ رہے ہیں، لہذا پاکستان میں مذہبی واقعات کی کوئی صحیح تعداد نہیں ہے
جی بی کے گورنر کا نام؟,میر غضنفر علی شاہ گلگت بلتستان کے گورنر ہیں
پاکستان میں کونسی بیماری زیادہ عام ہے؟,شدید سانس کی انفیکشن
پاکستان کرکٹ لیگ کا نام کیا ہے؟,پاکستان سپر لیگ پاکستان کے میگا کرکٹ کارنیول کا نام ہے
ڈار پریمی,محمد اسحاق ڈار ایک پاکستانی سیاست دان ہے جس نے جون 2013 سے پاکستان کے وزیر خزانہ کے طور پر کام کیا ہے
ہائی کورٹ کی پہلی خاتون جج؟,انا چاند.
اسلام آباد,اسلام آباد پاکستان کا دارالحکومت ہے
پیناما کیس کیا ہے؟,براہ کرم مزید مخصوص ہو
پاکستان کا قومی لباس کیا ہے؟,شلوارکمیز پاکستان کا قومی لباس ہے
پاکستان میں مشہور پہاڑوں؟,K-2 28،250 فٹ / 8611 میٹر، نانگ پربت 26،660 فٹ / 8126 میٹر، گیسروبرم- 26،470 فٹ / 8068 میٹر
قائد اعظم,قائداعظم پاکستان کا باپ ہے
سب سے چھوٹا شہر؟,توربیٹ میں واقع پاکستان کا سب سے چھوٹا شہر ٹربت ہے
پاکستان کا پہلا دارالحکومت کیا ہے؟,کراچی پاکستان کا پہلا دارالحکومت تھا
پاکستان کا پہلا دارالحکومت کیا ہے؟,کراچی پاکستان کا پہلا دارالحکومت تھا
مجھے بتاو کہ پاکستان سیب برآمد یا نہیں؟,کوئی پاکستان سیب برآمد نہیں کرتا
پاکستان میں ٹیبل ٹینس کا بہترین کھلاڑی کون ہے؟,مجھے افسوس ہے کہ میں نہیں جانتا، براہ مہربانی زیادہ مخصوص رہیں
پاکستان کے قومی علامات,جس میدان میں
پاکستان کا سب سے بڑا بینکنگ سسٹم؟,مجھے افسوس ہے کہ میں نہیں جانتا، براہ مہربانی زیادہ مخصوص رہیں
پاکستان کی قومی زبان کا نام؟,اردو پاکستان کی قومی زبان ہے
پاکستان کی زبانیں,پاکستان میں بہت سی زبانیں بولی ہیں
پی کے کی بوٹ کیا ہے,پی کے بوٹ ایک چیٹ بٹ ہے
پاکستان کے دن کی اہمیت کیا ہے,پاکستان کا حل مارچ 23، 1940 کو منظور ہوا. اس کی یادداشت میں پاکستانیوں نے 23 مارچ کو ہر سال 23 مارچ کو منایا
پاکستان میں سب سے بڑی چوٹی کونسا ہے؟,K2 پاکستان میں سب سے بڑی چوٹی ہے
پاکستان کے ساتھ ترکی کا تعلق؟,ان کے اچھے تعلقات ہیں کیونکہ دونوں ہی اسلامی ممالک ہیں
پاکستان کا سب سے بڑا دریا کیا ہے؟,انڈیا دریا پاکستان میں سب سے بڑی دریا ہے
کونسی جگہ موسم میں سرد ہیں؟,شمالی علاقوں سرد ہیں
پاکستان کے پرچم کا مطلب؟,پرچم اسلام اسلام اور مذہبی اقلیتوں کے حقوق کے عزم کو ظاہر کرتا ہے.
ہارپا کی تاریخ کیا ہے؟,ہارپا یہ ہے کہ میں جو کچھ جانتا ہوں اس میں ایک آثار قدیمہ کی سائٹ ہے
پاکستان کی بلند ترین چوٹی,پاکستان میں سب سے زیادہ چوٹی K2 ہے
مجھے پاکستان کی گہری دریا کے بارے میں بتاؤ؟,سندھ دریا پاکستان کی سب سے بڑی دریا ہے
WTF چاکور ہے؟,یہ پاکستان کی قومی نسل ہے
پاکستان کے قومی جانور کون موسیقار ہے؟,حفیظ جلندری نے پاکستان کا قومی جانور لکھا
٠.١,اس سے اپ کا کیا مطلب ہے
مختصر طور پر پاکستان میں تعلیمی نظام کی وضاحت,پاکستان میں تعلیم کا نظام اچھا نہیں ہے
جو پاکستان کا صدر ہے,ممنون حسین پاکستان کا صدر ہے
پاکستان میں انڈس دریا کا مقام,یہ تبت (چین) سے، کشمیر کے ذریعے، گلگت بلتستان کی طرف بڑھتا ہے اور جنوبی افریقہ میں جنوبی افریقہ میں ختم ہوتا ہے.
پاکستان کا پہلا دارالحکومت,کراچی پاکستان کا پہلا دارالحکومت تھا
کل مزدور قوت؟,کل مزدور قوت 57.2 ملین ہے
پاکستان کے قومی پھل کا نام؟,آم پاکستان کے قومی پھل ہے
مجھے نیاز شریف کے بارے میں بتاؤ؟,یہ پاکستان کا سابق وزیر اعظم ہے
صوبہ سب سے بڑا علاقہ ہے؟,بلوچستان بلوچستان کا سب سے بڑا صوبہ ہے
پاکستان میں کچھ تاریخی مقامات کا نام؟,آپ کے سوال کے بارے میں زیادہ خاص ہو
مجھے آبادی کے بارے میں بتاؤ؟,تغیر صحرا دنیا میں سب سے زیادہ گستاخ آبادی کا تعلق ہے، آبادی کی کثافت 83 افراد فی کلومیٹر ^ 2
پاکستان میں سب سے زیادہ خود مختار شخص,آپ اس سوال سے کیوں پوچھیں گے، مجھ سے پوچھیں کہ پاکستان کے بارے میں کیا ہے
پاکستان کے مشہور کھلاڑی کا نام؟,عمران خان
پاکستان میں بہترین یونیورسٹی کا نام کیا ہے,پاکستان میں نمبر 1 نمبر نمبر ہے
پاکستان کا قومی کھیل؟,ہاکی پاکستان کا قومی کھیل ہے
پاکستان کی ٹیلی مواصلاتی کمپنییں کیا ہیں؟,پی سی ایل نایٹیل پاکستان کے ٹیلی مواصلاتی کمپنی ہیں
پاکستان میں اہم دریاؤں,انڈس دریا، چناب، راوی، جہلم اور سیٹلج
یہ کیا ہے؟,انفارمیشن ٹیکنالوجی (آئی ٹی) کمپیوٹرز کی درخواست ہے، سٹور، مطالعہ، دوبارہ بھیجنے، منتقل کرنے، اور اعداد و شمار، یا معلومات کو جوڑنے، اکثر کاروبار یا دیگر انٹرپرائز کے تناظر میں.
پاکستان کا صدر کون ہے؟,فی الحال پاکستان کا صدر ممنو حسین ہے
مجھے پاکستان کے قومی ذخائر کے بارے میں بتاؤ؟,پاکستان میں 29 محفوظ علاقوں ہیں جو قومی پارکوں کے نام سے مشہور ہیں
پاکستان کا موسم؟,یہ بہت اچھا ہے
پاکستان کا پہلا صدر کون تھا؟,اسککر مرزا مرزا پاکستان کے پہلے صدر تھے
جی بی کا گورنر کون ہے؟,میر غضنفر علی شاہ گلگت بلتستان کے گورنر ہیں
اس شخص کا نام جس نے قومی جانور لکھا ہے؟,حفیظ جالینڈری نے پاکستان کا قومی جانور لکھا
پاکستان کا جغرافیایی مقام کیا ہے,پاکستان جنوب مشرقی ایشیا میں واقع ہے
کراچی میں سب سے بڑا بندرگاہ کتنا بڑا ہے,گوادر پاکستان میں سب سے بڑا بندرگاہ ہے
پاکستان کے بہترین کپڑے برانڈ کے بارے میں معلومات؟,کادی پاکستان کا بہترین کپڑے برانڈ ہے
ایچ بی ایل,حبیب بینک لمیٹڈ پاکستان میں سب سے اوپر بینکنگ ہے
پاکستانی فوج کا بجٹ,اس کے تقریبا 80 فیصد
پاکستان کہاں واقع ہے,یہ آسیا میں واقع ہے
پاکستان کے قومی ہیرو کیا ہیں؟,پاکستان کے بہت سے قومی ہیرو ہیں جیسے عمران خان، لیاقت علی خان، علامہ اقبال وغیرہ
پاکستان کا سب سے خوبصورت اداکارہ؟,میرا کان
پاکستان کے مشہور استاد؟,مجھے افسوس ہے کہ میں نہیں جانتا، براہ مہربانی زیادہ مخصوص رہیں
پاکستان میں سب سے چھوٹی ڈیم کا نام کیا ہے؟,جنگجوک ڈیم پاکستان میں سب سے چھوٹی ڈیم ہے
پاکستان کا قومی پھول کیا ہے؟,جیسمین پاکستان کا قومی پھول ہے
کون سا برڈ پاکستان کی قومی نسل ہے؟,چاکور پاکستان کی قومی نسل ہے
مجھے پی پی ای سی کے بارے میں بتاؤ؟,سی پی ای سی | چین - پاکستان اقتصادی کوریڈور (سی پی ای سی سی) سرکاری ویب سائٹ پلاننگ وزارت کی طرف سے تیار
پاکستان میں ٹیلی کمیونیکیشن کمپنی؟,پی سی ایل نایٹیل پاکستان کے ٹیلی مواصلاتی کمپنی ہیں
پاکستان کا نمبر ایک بولر ہے,شعیب اختر پاکستان کا ایک ایک بولر تھا
گلگت بلتستان کے موجودہ وزیر اعلی؟,گلگت بلتستان کے وزیر اعلی حفیظ الرحمان ہیں
پاکستان میں سب سے زیادہ چوٹی کیا ہے؟,K2 پاکستان میں سب سے زیادہ چوٹی ہے
جو پاکستان کے پہلے وزیر اعظم تھے,لیاقت علی خان پاکستان کا پہلا وزیر اعظم ہے
سلطان کون سوئنگ کے طور پر مشہور پاکستانی کون سا نام ہے؟,وسیم اکرم (پاکستان)
پاکستان میں اہم فصلیں؟,کپاس، گندم، چاول اور شوگر
کیوں وزیر اعظم پاکستان کو نکال دیا گیا ہے,کیونکہ وہ خراب تھا
پاکستان سب سے زیادہ آبادی شہر ہے؟,کراچی پاکستان میں سب سے زیادہ آبادی والا شہر ہے
ملک کا نام پاکستان کا کھیل کیا ہے؟,ہاکی پاکستان کا قومی کھیل ہے
٥١,اس سے اپ کا کیا مطلب ہے
پاکستان میں کتنے صوبوں ہیں؟,پاکستان میں 4 صوبوں ہیں
دہشت گردی,آپریشن ضرب عضب کی کامیابی کے بعد پاکستان میں دہشت گردی کافی خاص طور پر کم ہوگئی ہے
روزہ یونیورسٹی اسلم آباد کی درجہ بندی,جس میدان میں
2016 میں شادی کا بل منظور کیا گیا تھا؟,پنجاب اسمبلی کی طرف سے منظور شدہ شادی کا بل
بادشاہی مسجد,لاہور میں واقع ہے
پاکستان کا دوسرا صدر کون تھا؟,جنرل ايوب خان پاکستان کا دوسرا صدر ہے
کشمیر کا پہلا خاتون وزیر اعظم کون ہے؟,مہببہ مفتی کاشمر کے پہلے خاتون وزیر اعظم تھے
پاکستان کا کیا مطلب ہے؟,خدا نہیں بلکہ خدا
بنیادی طور پر سندھ میں کیا زبان ہے,سنڈی
پاکستانی تاریخ کا بہترین مقام کیا ہے؟,بہت سے تاریخی مقامات جیسے بدشیہ مجاہد، موینجوڈیارو وغیرہ ہیں
قومی زبان,اردو پاکستان کی قومی زبان ہے
پاکستان کا سب سے بڑا شہر,کراچی پاکستان میں سب سے بڑا شہر ہے
خداددار کے شہر مقبول شہر کا نام؟,کمالہ خددر کپڑے کے لئے مشہور ہے
پاکستان کی قومی برادری کیا ہے؟,چاکور پاکستان کی قومی نسل ہے
K پی کے کیپٹل کیا ہے؟,پیشور ک پی پی کے دارالحکومت ہے
جہاں نمکین کی کانوں میں واقع ہے,کوہارا میں نمک مائن واقع ہے
پاکستان کے بانی کا نام؟,قائداعظم محمد علی جناح
پاکستان اور افغانستان کے درمیان دوستی؟,ہاں پاکستان افغانستان کے ساتھ دوست ہے
پاکستان کی قومی کرنسی کیا ہے؟,پاکستانی روپیہ پاکستان کی کرنسی ہے
بدعنوانی سیاستدان کا نام,نواب اعجاز شیخ پاکستان کے بدعنوانی سیاستدان ہیں
مجھے پاکستان کے اہم برآمدات کے بارے میں بتاؤ؟,مشینری پاکستان کا بڑا برآمد ہے
لہر میں آب و ہوا کیا ہے؟,لہر میں موسم گرما بہت گرم ہے
پاکستان کے موجودہ مالیاتی وزیر کا نام؟,اسحاق ڈار پاکستان کے موجودہ مالیاتی وزیر ہیں
پاکستان میں کتنے انسان ہیں,آپ آبادی کا مطلب ہے؟
شرمین عبید کے بارے میں مجھے بتاؤ؟,شرمین عبید چنین ایک پاکستانی صحافی ہیں، فلم ساز اور کارکن.
سب سے چھوٹی دریا نظام کیا ہے,دریائے روی پاکستان کا سب سے چھوٹی دریا ہے
بپال,اس سے اپ کا کیا مطلب ہے
پاکستان کے آرمی چیف کا نام؟,قمر جاوید باجواہ پاکستان کے آرمی عملے کا سربراہ ہیں
مجھے پاکستان کے بارے میں بتاؤ؟,بلوچستان بلوچستان کا سب سے بڑا صوبہ ہے
مجھے پاکستان کے برآمدات کے بارے میں بتاؤ؟,مشینری پاکستان کا برآمد ہے
پاکستان کے وزیر اعظم کون ہے؟,شیخ خوان ابوبکر پاکستان کا وزیر اعظم ہے
قائداعظم کہاں پیدا ہوا تھا؟,وہ پیدا ہوا تھا گجرات میں گجرات میں،
پاکستان کا دارالحکومت؟,اسلام آباد پاکستان کا دارالحکومت ہے
جی بی کے دارالحکومت کا نام کیا ہے؟,گلگت جی بی کے دارالحکومت ہے
اے آئی آئی کے نام کے بارے میں مجھے بتاؤ,نوید مختار پاکستان کے آئی سربراہ ہیں
پاکستان کے مشہور گلوکار,علی ظفر پاکستان کے مشہور گلوکار ہے
پاکستان کی قومی برادری کا نام؟,چکھر ڈریج پاکستان کی قومی برادری ہے
پاکستان کا مطلب؟,پاکستان کا معنی ہے اللہ تعالی
ڈیم کا نام سب سے زیادہ بجلی پیدا کرتا ہے؟,تربایل ڈیم نے زیادہ سے زیادہ بجلی پیدا کی ہے
پاکستان میں قومی تقریبات ہیں,25 دسمبر، 11 نومبر، 6 ستمبر، 23 مارچ اور یوگاسسٹ 14
موری کا آب و ہوا؟,موری کی آبادی غیر متوقع ہے
پاکستان کے مشہور پہاڑوں کا نام؟,K-2 28،250 فٹ / 8611 میٹر، نانگ پربت 26،660 فٹ / 8126 میٹر، گیسروبرم- 26،470 فٹ / 8068 میٹر
بلکستان اسمبلی کا اسپیکر کون ہے؟,راحیلا حمید خان بلوچیستان کے اسپیکر ہیں
اعلی پہاڑ کہاں ہے,پاکستان K2 کا سب سے زیادہ پہاڑ پاکستان کا شمال ہے
پاکستان میں کتنے جھیلیں ہیں؟,پاکستان میں 10 بڑے جھیل ہیں
پاکستان کے قومی کھیل کا نام؟,روپیہ پاکستان کی کرنسی ہے
اے پی ڈی میں چیمپئنز 1992 میں ورلڈ کپ کا کپتان؟,پاکستان کرکٹ ورلڈ کپ 1992 کا چیمپئن تھا
پاکستان کب اس کے تمام انجینئرز کو کام کرنے کے لۓ انتظام کرے گا؟,جب ہمارے پاس ہم سب سے اوپر تعلیم یافتہ لیڈر ہیں
پاکستان کے قومی رہنما کا نام؟,قائد اعظم محمد علی جناح پاکستان کا قومی رہنما ہے
پاکستان کا سالانہ بجٹ,کل بجٹ ہے. 4.75 ٹریلین
پاکستان کے پہلے صدر کا نام کیا ہے؟,اسککر مرزا مرزا پاکستان کے پہلے صدر تھے
سندھ کے دارالحکومت,کراچی سندھ کی گنجائش ہے
کے پی کے کے گورنر؟,اقبال ظفر جھنگ ک کے پی کے ک
پاکستان بھارت کہاں ہے سرحد؟,اس میں لہرا
پاکستان میں سب سے امیر ترین شخص کون ہے؟,شیخ خان پاکستان کا سب سے امیر ترین شخص ہے
کراچی سے لاہور تک کتنا دور ہے,کاراکہ لہر سے 1265 کیلومیٹر دور ہے
کراچی کتنا بڑا ہے,کاراکی کے علاقے 3،527 کلومیٹر مربع ہے
ماؤنٹ ایورسٹ کی اونچائی کیا ہے؟,8،848 میٹر
جب پاکستان ایک ایٹمی طاقت بن جاتا ہے,1998 ء میں پاکستان جوہری طاقت بن گیا
ابھی پاکستان میں سب سے امیر ترین شخص کون ہے؟,شیخ خان پاکستان کا سب سے امیر ترین شخص ہے
پاکستان کی پہلی خاتون وزیر اعظم؟,بے نظیر بھٹو پہلی خاتون وزیراعظم تھے
پاکستان جمہوریت ہے یا نہیں؟,کوئی پاکستان نہیں سب سے زیادہ جمہوری ریاست ہے
پاکستان کے پڑوسی,افغانستان چین چین پاکستان کے پڑوسی ہیں
پاکستان کے اہم مسائل؟,پاکستان میں میچائنری بڑی درآمد ہے
جب پاکستان خود مختار ہو؟,14 اگست 1947 کو
کس نے 2016 میں شادی کا بل منظور کیا؟,پنجاب اسمبلی کی طرف سے منظور شدہ شادی کا بل
پاکستان کے قومی برادری,چاکور پاکستان کی قومی نسل ہے
کیا پاکستان ایک دہشت گرد ریاست ہے؟,یقینی طور پر نہیں
4 کون ہے,مجھے افسوس ہے کہ میں نہیں جانتا، براہ مہربانی زیادہ مخصوص رہیں
I S ایجنٹوں کی تعداد کیا ہیں؟,زیادہ مخصوص ہو
کشمیر کا موجودہ صدر کون ہے؟,سردار مسعود خان کاشمر کا موجودہ صدر ہے
پاکستان کا سب سے بڑا صوبہ؟,بلوچستان بلوچستان کا سب سے بڑا صوبہ ہے
ڈالر,ڈالر پاکستان کی کرنسی ہے
1992 میں کرکٹ ورلڈ کپ چیمپئنز؟,پاکستان
پاکستان کا سب سے بڑا صوبہ کیا ہے؟,بلوچستان پاکستان کا سب سے بڑا صوبہ ہے
پاکستان میں کتنے ندی,پاکستان میں تقریبا 20-25 دریاؤں ہیں
پاکستان کی سب سے زیادہ بولی زبان ہے؟,پنجاب میں سب سے زیادہ بولی زبان ہے
اب لہر کی موسم کیا ہے,وہاں گرم ہے
روزہ یونیورسٹی کی درجہ بندی,فاسٹ یونیورسٹی نے 2017 میں 6 ویں درجہ بندی کی
بہترین ہسپتال کیا ہے؟,Cidp انٹرنیشنل فاؤنڈیشن
یہ جواب درست نہیں ہیں؟,براہ کرم اس سوال سے پوچھتے وقت زیادہ مخصوص ہونے کی کوشش کریں تاکہ ہمارے پاس کوئی غلط فہمی نہیں ہے
پاکستان کا مشہور اسپتال؟,پمز پاکستانی مشہور ہسپتال ہے
ثقافتی تقریب کا نام,عید الفت اور عید میلاد غیر نبی (ص) ڈبلیو کے مطابق پاکستان میں بہترین ثقافتی واقعات ہیں
سب سے بڑا صوبہ کونسا ہے؟,بلوچستان پاکستان کا سب سے بڑا صوبہ ہے
اس رفتار پر جس نے شعیب اختر نے اپنی تیز رفتار ترسیل کی.,شعیب اختر نے 100 رنز بنائے
بنزیر بھٹو کون ہے,بے نظیر بھٹو پہلی خاتون وزیراعظم تھے
پاکستان پرچم کیا رنگ ہے,اس کے سفید اور سبز رنگ دونوں ہیں
پاکستان کی قومی ہمت کا نام کیا ہے؟,ڈالفن پاکستان کا قومی نمونہ ہے
2009 ٹی 20 ورلڈ کپ کے چیمپئنز کون ہیں؟,پاکستان نے 2009 کے ٹی 20 ورلڈ کپ جیت لیا
سندھ کے موجودہ وزیر اعلی کون ہیں؟,مراد علی شاہ سندھ کے وزیر اعلی ہیں
پاکستان کے سب سے مشہور گلوکار کا نام؟,نصرت فتح علی خان پاکستان کا سب سے مشہور گلوکار ہے
لہر میں دروازے؟,آپ کا سوال میرے پاس کوئی احساس نہیں ہے
پاکستان میں منشیات کی اجازت ہے؟,ہاں پاکستان میں منشیات حرام ہیں
پنجاب کے دارالحکومت کا نام کیا ہے؟,لاہور پاکستان کا دارالحکومت ہے
پاکستان کے پہلے خاتون صدارتی نام کا نام؟,بینظیر بھٹو پاکستان کا پہلا خاتون وزیراعظم تھا
پاکستان کے بین الاقوامی تعلقات,چین کے ساتھ پاکستان کے بین الاقوامی تعلقات بہت اچھا ہے
پاکستان میں خوراک,آپ کے سوال کے بارے میں زیادہ خاص ہو
پاکستان کا باپ؟,قائد اعظم محمد علی جناح پاکستان کا باپ ہے
مجھے پاکستان کے صدر کے بارے میں بتاؤ؟,ممنون حسین پاکستان کا صدر ہے
پاکستان کا مجموعی علاقہ کیا ہے؟,796،096 مربع کلومیٹر
پاکستان کا پہلا دارالحکومت؟,کراچی پاکستان کا پہلا دارالحکومت ہے
ہیلو,ہیلو
پاکستان کا تعلیمی فنڈ روپے میں کتنا ہے؟,مجھے افسوس ہے کہ میں نہیں جانتا، براہ مہربانی زیادہ مخصوص رہیں
پاکستان کی زبانیں,پاکستان میں مجموعی 68 تسلیم شدہ زبانیں ہیں ... 6 اہم؛ 62- معمولی
مجھے پی پی ای سی کے بارے میں بتاؤ؟,چین-پاکستان اقتصادی کوریڈور بنیادی ڈھانچے کے منصوبوں کا مجموعہ ہے جو فی الحال پاکستان بھر میں زیر تعمیر ہے.
پاکستان کے چیف جسٹس کا نام,پاکستان کے موجودہ چیف جسٹس جسٹس میاں ثاقب نثار ہیں
پاکستان کی خصوصی افواج کا نام؟,خصوصی سروس گروپ (ایس ایس جی) پاکستان آرمی کی خصوصی خصوصی آپریشنز فورس ہے.
پاکستان کی آبادی کیا ہے,220 ملین پاکستان آبادی ہے
پاکستان کے بارے میں سب سے اچھی چیز؟,لوگوں کی مہم جوئی
قومی جانور,مارخور پاکستان کا قومی جانور ہے
سرخ اور جامنی رنگ,اس سے اپ کا کیا مطلب ہے
پاکستان میں تاریخی مقامات,پاکستان میں تاریخی جگہ ہارپا اور موہنجو ڈارون ہے
علامہ اقبال,پاکستان کے قومی شاعر
پاکستان کی اعلی ترین چوک کا نام؟,K2 پاکستان میں سب سے زیادہ چوٹی ہے
پاکستانی کرنسی,پاکستانی کرنسی روپے ہے
پاکستان کے دوسرے بڑے شہر کا نام؟,لاہور دوسرا سب سے بڑا شہر ہے
پاکستان نے 1992 میں کیا حاصل کیا؟,پاکستان نے کرکٹ ورلڈ کپ اپ جیت لیا
پاکستان کا سب سے زیادہ مقبول کھلاڑی؟,عمران خان پاکستان میں سب سے زیادہ مقبول کھلاڑی ہے
صوبے کا نام کیا ہے جو سب سے زیادہ مالی طور پر تیار ہے؟,پنجاب کا سب سے زیادہ ترقی یافتہ صوبہ ہے
علامہ اقبال,علامہ اقبال پاکستان کا قومی شاعر ہے
کیا کراچی میں SCUBA ڈائیونگ کی اجازت ہے؟,کچھ محفوظ علاقوں میں، ہاں یہ اجازت ہے
افریقی ہسپتال,عافیہ صدیقی ایک ایم ٹی ٹریننگ پاکستانی نیوروسوئسٹسٹ ہے
دریا سوات کہاں واقع ہے؟,پاکستان کے شمالی حصے میں
پاکستان کی قومی ہمت کا نام کیا ہے؟,سندھ ڈالفن پاکستان کا قومی پہلو ہے
پاکستان میں سیاحت,آپ کا مطلب ہے گلگت بلتستان
سی پی ای سی,سی پی ای سی | چین - پاکستان اقتصادی کوریڈور (سی پی ای سی سی) سرکاری ویب سائٹ پلاننگ وزارت کی طرف سے تیار
مجھے تعاقب کے موسم کے بارے میں بتاؤ؟,وہاں اس کی چلی
سکرٹ,پاکستان کا لباس نہیں ہے
پاکستان کی کرکٹ ٹیم کا کپتان کون ہے؟,سرفراز احمد پاکستان کرکٹ ٹیم کے موجودہ کپتان ہیں
پاکستان میں سیاحت کے مقامات کا نام؟,شمالی علاقوں، ناران کگن پاکستان میں اہم سیاحت کے مقامات ہیں
دنیا میں سب سے زیادہ پہاڑ چوک کون ہے؟,K2 پاکستان میں سب سے زیادہ پہاڑ ہے
پاکستان کا دارالحکومت کیا ہے؟,اسلام آباد ہے
پاکستان کے چیف جسٹس کا نام؟,میاں ثاقب نثار پاکستان کے چیف جسٹس ہیں
سی پی ای سی گنجائش,سی پی ای سی چین چین پاکستان اقتصادی کوریڈور کے لئے کھڑا ہے، بنیادی طور پر پاکستان اور چین کے درمیان تجارتی مقاصد کے لئے.
پاکستان کے قومی شکایات کا نام کیا ہے؟,آپ کا سوال کوئی احساس نہیں ہے
پاکستان کی قومی زبان کیا ہے؟,اردو پاکستان کی قومی زبان ہے
پاکستان میں کتنے صوبوں ہیں؟,پاکستان، پنجاب، سندھ، بلوچستان، کے پی پی، اور جی بی میں 5 صوبوں ہیں
پاکستان کا خالق کون ہے؟,قائد اعظم نے پاکستان کو پیدا کیا
پاکستان کے بانی؟,قائداعظم پاکستان کا بانی ہے
پاکستان کا موجودہ وزیر اعظم کون ہے؟,شاہد خاقان اباسی پاکستان کا وزیر اعظم ہے
پاکستان میں بہترین سیاحتی مقام ہے,شمالی علاقوں میں سیاحوں کے لئے بہترین علاقہ ہے
بھارت کے ساتھ پاکستان کے تعلقات کیا ہیں؟,ان کے دوستانہ تعلقات نہیں ہیں
الطاف حسین,ایم کیو ایم پارٹی کے بھائی
جنہوں نے اپنے انڈے چرا لیا,میں کیسے جان سکتا ہوں
پاکستان کے قومی ٹی وی,پاکستان ٹیلی ویژن (پی ٹی وی) قومی ٹی وی چینل ہے
کارگل جنگ لڑا؟,یہ 1999 میں لڑا گیا تھا
پاکستان پاکستان کیوں ماحول دوست نہیں ہے,ہمیشہ بڑھتی ہوئی آبادی، آبادی اور اس کی بے چینی کی وجہ سے
پاکستان کا بہترین کھانا ہے؟,باریانی پاکستان کا کھانا ہے
جیسمین,جوسمین پاکستان کا قومی پھول ہے
پاکستان میں صحت,آپ کے سوال کے بارے میں زیادہ خاص ہو
پاکستان کے بدنام یونیفارم,مجھے افسوس ہے کہ میں نہیں جانتا، براہ مہربانی زیادہ مخصوص رہیں
پاکستان میں مشہور لباس,سالوار کامز بہت مشہور لباس ہیں
پاکستان کا جدید ترین شہر؟,اسلام آباد پاکستان کا جدید شہر ہے
چاکور,پاکستان کی قومی برادری
اسلام آباد کہاں ہے؟,یہ پاکستان میں ہے
پاکستان میں ڈیم,پاکستان میں 150 ڈیم ہیں
ہوائی جہاز کا مالک کون ہے؟,شاہد ققان اباسب فضائیہ کا مالک ہے
4 کون ہے,مجھے افسوس ہے کہ میں نہیں جانتا، براہ مہربانی زیادہ مخصوص رہیں
بہترین اقبال,مجھے افسوس ہے کہ میں نہیں جانتا، براہ مہربانی زیادہ مخصوص رہیں
پاکستان کے موجودہ مالیاتی وزیر کا نام کیا ہے؟,اسحاق ڈار موجودہ مالیاتی وزیر ہے
تم کون ہو؟,میں پی کے بٹ ہوں، میرا واحد مقصد یہ ہے کہ آپ پاکستان کے بارے میں اپنے عام علم کو بڑھانے میں مدد کریں
اے آئی اے کے بارے میں کیا پتہ ہے,یہ پاکستان میں انٹیلی جنس ایجنسی ہے
پاکستان میں آئین کا عمل درآمد؟,یہ غریبوں کے لئے امیر اور مختلف طریقے سے مختلف طریقے سے کام کرتا ہے
علاقے کے لحاظ سے سب سے بڑا شہر؟,کراچی پاکستان میں زمین کے لحاظ سے سب سے بڑا شہر ہے
تارے ریگستان گرم ہے؟,ہاں یہ گرم ہے
نواز شریف نے پاکستان میں کیوں رد کر دیا تھا؟,کیونکہ وہ خراب تھا
ہیڈ ہیڈ دفتر؟,آپ کے سوال کے بارے میں مخصوص ہونا
پاکستانی امیر ترین شہر کا نام کیا ہے؟,لہرا پاکستان کا سب سے امیر ترین شہر ہے
مجھے پاکستان کے املاک کے بارے میں بتاؤ؟,مشینری پاکستان کی بڑی درآمدات ہے
پاکستان کے تعلیمی اداروں,ان کے اچھے معیار کی تعلیم ہے
سی پی سی کے آغاز کی تاریخ کیا ہے؟,20 اپریل 2015 سی پی ای سی پر دستخط کیا گیا تھا
5 کیا ہے,اس سے اپ کا کیا مطلب ہے
پاکستان کے صوبے کیا ہیں؟,پاک صوبے میں 4 صوبوں ہیں
میں تم سے پیار کرتا ہوں,میں بھی اپ سے محبت کرتا ہوں
پاکستان نے کون سا پہلا نوبل انعام جیت لیا؟,ڈاکٹر عبدالقدیر خان نے پاکستان کا پہلا نوبل انعام جیت لیا
ہیرا غسل,آپ کا آبائی شہر
پاکستان کے آبپاشی کے نظام کا معیار کیا ہے؟,ان کے پاس بہت اچھا معیار نہیں ہے
پاکستان میں زرعی امکانات,پاکستان میں زرعی کمی ہے
آپ کون سوچتے ہیں کہ پاکستان کا سب سے بڑا ہیرو ہے؟,قائد اعظم محمد علی جناح پاکستان کا سب سے بڑا ہیرو ہے
دریا پاکستان ہے,اس سے اپ کا کیا مطلب ہے
قومی برادری کیا ہے؟,چکھر ڈریج پاکستان کی قومی برادری ہے
پاکستان کے وزیراعظم کون ہے؟,شاہد خاقان اباسی پاکستان کے وزیراعظم ہیں
اب پاکستان کا وزیراعظم؟,شاہد خاقان اباسی پاکستان کا وزیر اعظم ہے
سندھ میں سب سے زیادہ بولی زبان کا نام,سندھی سندھ میں سب سے عام بولی زبان ہے
کونسا شہر سب سے بڑا کپاس پیدا کرتا ہے؟,حیدرآباد کا سب سے بڑا کپاس کی پیداوار شہر ہے
سب سے اوپر 500 سے زوال کیوں ہوا ہے؟,آپ کو اسے google کرنا چاہئے
پاکستان کے بہترین اسلامی بینک کا نام کیا ہے؟,ایم سی بی پاکستان میں سب سے بہترین اسلامی بینک ہے
سی پی ای سی,سی پی ای سی | چین - پاکستان اقتصادی کوریڈور (سی پی ای سی سی) سرکاری ویب سائٹ پلاننگ وزارت کی طرف سے تیار
ٹرببل پاور سٹیشن؟,سوال کے بارے میں زیادہ خاص ہو
جو شخص پاکستان میں نمائندگی کرتا ہے اس کا نام,ملاہا لوہا برطانیہ میں پاکستان کی نمائندگی کرتا ہے
کارگل جنگ کی تاریخ کیا ہے؟,یہ 1999 میں لڑا گیا تھا
پاکستان کی اہم فصلیں کیا ہیں؟,چاول اور گندم پاکستان کی بڑی فصلیں ہیں
بھارت سے پاکستان کی علیحدگی کی تاریخ؟,1947 میں پاکستان بھارت سے الگ تھا
شاہ کی طرف سے کئے گئے فلموں کا نام؟,مجھے افسوس ہے کہ میں نہیں جانتا، براہ مہربانی زیادہ مخصوص رہیں
پاکستان کی آبادی؟,21.2 ملین کاراکی آبادی ہے
قائد اعظم کے بارے میں معلومات؟,قائداعظم پاکستان کا بانی ہے
پاکستان کے صدر کی عمر؟,ممنوح حسین 76 سال کی عمر ہے
پاکستان میں سمندر کی بندرگاہوں کی تعداد؟,پاکستان میں صرف ایک بڑا سمندر بندرگاہ ہے
پاکستان میں مشہور کھیلیں کیا ہیں؟,کرکٹ پاکستان میں مشہور کھیل ہے
فوج کا عملہ کون ہے؟,قمر جاوید باجواہ سربراہ ہیں
آزاد کشمیر میں جھیلوں؟,کشمیر میں ڈال جھیل، گزرار جھیل وغیرہ وغیرہ میں بہت سارے جھیل ہیں
ابوبھ آباد کہاں ہے,اس کے کے پی پی کے میں
ممنون ہنس کی عمر کتنی ہے؟,ممنوح حسین 76 سال کی عمر ہے
پاکستان میں سب سے زیادہ بدعنوانی شخص کون ہے؟,نواز شريف
پاکستان کے بڑے توانائی کے ذرائع کے نام؟,بجلی (ہائیڈریٹ، تھرمل، جوہری) تیل، کول، اور مائع پٹرولیم گیس
پاکستان کے سب سے بڑے سمندر بندرگاہ,پورٹ کاسمیٹ پاکستان کا سب سے بڑا بندرگاہ ہے
پاکستان میں فوجی رژیم کی تعداد,پاکستان اب تک چار فوجی رژیم ہے
اتنی سست نیٹ کیوں ہے؟,کیونکہ پاکستان بہت زیادہ ترقی یافتہ ملک نہیں ہے
پاکستان کا جرم کون ہے؟,مجھے افسوس ہے کہ میں نہیں جانتا، براہ مہربانی زیادہ مخصوص رہیں
پاکستان کے چیف جسٹس کون تھے؟,جنرل فرینک میسوری اعلی سربراہ ہیں
پاکستان کے بانی کا نام کیا ہے؟,قائداعظم پاکستان کا بانی ہے
گلگت,اس سے اپ کا کیا مطلب ہے
ممنو حسین,پاکستان کے موجودہ صدر
پاکستان میں حکومت مستحکم ہے؟,حکومت پاکستان میں مستحکم نہیں ہے
پاکستان کا کونسل ہے؟,براہ کرم مزید مخصوص ہو، وزیراعلی کیا ہے؟
پاکستان کا پہلا گورنر جنرل کون ہے؟,قائداعظم پہلا گورنر جنرل ہے
پاکستان کی کیا زبانیں ہیں؟,پاکستان میں بہت سی زبانیں بولی ہیں
پھول,جیسمین پاکستان کا قومی پھول ہے
کیا پاکستانی حکومت اسلامی ہے؟,ہاں یہ ہونا چاہئے کیونکہ ریاست اسلامی جمہوریہ پاکستان کے طور پر تسلیم کیا جاتا ہے
مجھے کراچی کی آبادی کے بارے میں بتاؤ؟,مجھے افسوس ہے کہ میں نہیں جانتا، براہ مہربانی زیادہ مخصوص رہیں
پاکستان سے آسکر فاتح کا نام؟,شرمین عبید پاکستانی آسکر فاتح ہے
کونجی تھا؟,مجھے افسوس ہے کہ میں نہیں جانتا، براہ مہربانی زیادہ مخصوص رہیں
پاکستان کے کاروباری شراکت دار کون ہیں,چین
پمز ہسپتال کہاں ہے؟,یہ اسلام آباد میں واقع ہے
مجھے پاکستان کے فضائی قوت کے بارے میں بتاؤ؟,ملک کے لئے فخر کا ایک علامت پاکستانی ایئر فورس کے نقطہ نظر ہے
اب لہر کا درجہ کیا ہے,اب اس میں گرمہ لہر میں
پاکستان کی آبادی,220 ملین پاکستان آبادی ہے
بھارت کے بانی,مجھے افسوس ہے کہ میں اس کا جواب نہیں دے سکتا، کیا آپ براہ کرم مزید مخصوص ہوسکتے ہیں
مجھے الوف ہسن کے بارے میں بتاؤ؟,وہ مقصود رہنما ہے
بہترین کھانا؟,ساگ روتی پاکستان میں سب سے عام طور پر کھایا کھانا ہے
اردو,اردو پاکستان کی قومی زبان ہے
پاکستان میں دہشت گردی کے لئے کون سا فرقہ پرست گروپ ذمہ دار ہیں؟,آپ کا سوال ہمارے قوانین کی خلاف ورزی ہے
کونسل کا کون ہے,آپ جیجاجی
پاکستان کا قومی کھیل کیا ہے؟,ہاکی پاکستان کا قومی کھیل ہے
پاکستان کا سب سے بڑا شہر کا نام؟,کراچی پاکستان کا سب سے بڑا شہر ہے
سندھ کا دارالحکومت کیا ہے؟,کراچی سندھ کا دارالحکومت ہے
پاکستان کرکٹ ٹیم اب کیا مقام ہے؟,جس میں شکل؟
جہانگیر خان کی ناقابل یقین عالمی ریکارڈ؟,اسکینش میں (جہانگیر خان) پاکستان کے 555 مسلسل کامیابیاں (ناقابل شکست)
پاکستان کے صدر کا نام کیا ہے؟,ممنون حسین پاکستان کا صدر ہیں
لہر کہاں ہے,لاہور میں واقع لاہورہ
پاکستان میں سب سے زیادہ بڑھتی ہوئی بیماری؟,ایڈز پاکستان میں سب سے زیادہ شرح ہے
پاکستان پرچم رنگ کیا ہے,مسلمانوں کے لئے گرین، اقلیتوں کے لئے وائٹ
سی پی ای سی,سی پی ای سی چین چین پاکستان اقتصادی کوریڈور کے لئے کھڑا ہے، بنیادی طور پر پاکستان اور چین کے درمیان تجارتی مقاصد کے لئے.
k2 مقام؟,K2 شمال مغرب کراکورام رینج میں واقع ہے
پاک کا سب سے بڑا برآمد,ٹیکسٹائل اور کپاس پاکستان کا سب سے بڑا برآمد ہے
سی پی ای سی کی لمبائی,کراچی اور لاہور کے درمیان سی پی ای سی کے ایک حصے کے طور پر 1،100 کلومیٹر طویل موٹرو تعمیر کیا جانا ہے، جبکہ کراکورام ہائی وے کے درمیان
جو پاکستان کا وزیر اعظم ہے,شیخ کھان ابابید پاکستان کے موجودہ وزیر اعظم ہیں
مجھے پاکستان کے قومی ہیرو کے بارے میں بتاؤ؟,بہت سے قومی ہیں تو آپ کے سوال کے بارے میں زیادہ خاص ہو
پاکستان اور بھارت کے درمیان تعلقات کیسے ہیں؟,ان کے دوستانہ تعلقات نہیں ہیں
پاکستان میں مقبول بیماریوں,ڈینگی پاکستان میں مقبول بیماری ہے
مجھے ایٹمی پودوں کے مقام کے بارے میں بتاؤ؟,وہ زیادہ تر کراچی کراچی جوہری پاور پلانٹ کی طرح کراچی میں واقع ہیں
آرتھو کیا ہے؟,کوڈنگ زبان
پاکستان کا سب سے مشہور ڈش ہے؟,بھیاانی پاکستان کا سب سے مشہور ڈش ہے
پاکستان کی قومی آبادی؟,پاک سر زیمین پاکستان کا قومی جانور ہے
پاکستان کا سب سے چھوٹا شہر,چکوال سب سے چھوٹا شہر ہے
بہترین لیڈر کون ہے؟,قائداعظم اعظم محمد علی جناح پاکستان کا بہترین رہنما ہے
پاکستان کے قومی شاعر,علامہ اقبال پاکستان کا قومی شاعر ہے
پاکستان کی مجموعی فوج کیا ہے,کیا آپ فوجیوں کے رینجرز کمانڈوز کے بارے میں بات کر رہے ہیں؟ زیادہ مخصوص ہو
پاکستان کی برآمد کیا ہے؟,کھیلوں کی مصنوعات پاکستان کے اہم برآمدات ہیں
جس نے پاکستان کا قومی جانور لکھا؟,حفیظ جلندھاری نے قومی گندگی لکھی
پاکستان پاکستان کیوں ماحول دوست نہیں ہے,ہمیشہ بڑھتی ہوئی آبادی، آبادی اور اس کی بے چینی کی وجہ سے
مجھے سب سے اچھی چیز پاکستان کے بارے میں بتاؤ؟,لوگوں کی مہم جوئی
پاکستان کی جغرافیایی مقام کی طاقت؟,اس میں ایک گرم پانی کی بندرگاہ ہے اور معدنیات سے بہتر ہوتا ہے
پاکستان کی قومی زبان؟,اردو پاکستان کی قومی زبان ہے
پاکستان میں بجلی کی پیداوار؟,پاکستان میں بہت طاقتور ذرائع، جوہری، ہائیڈرالک، شمسی توانائی ہے جبکہ اکثریت تھرمل ہیں
قائداعظم کون کون ہے؟,وہ پاکستانی بانی ہے
پاکستان کا اختتام کیا ہے؟,شاہد خاق ابابید پاکستان کے موجودہ وزیر اعظم ہیں
پاکستان کا دارالحکومت کیا ہے؟,اسلام آباد پاکستان کا دارالحکومت ہے
پاکستان کا برآمد,مشینری پاکستان کا بہت بڑا برآمد ہے
پاکستان میں خوراک,سوال کے بارے میں زیادہ خاص ہو
سب سے بڑا سیاسی رہنما کا نام؟,بھٹو پاکستان کا سب سے بڑا رہنما ہے
پاکستان میں اہم مذہبی واقعات کا نام,کرسمس کے دن میرے ارد گرد، کرسمس کے دن عید الازہ
پاکستان میں بیماریوں,دوسرے ممالک میں پایا جاتا ہے اسی بیماریوں
قومی پھول کون ہے؟,جیسمین پاکستان کا قومی پھول ہے
حکومت کا نام کیا ہے جس نے اپنا کام مکمل کیا؟,پی پی پی حکومت نے اپنا دورہ مکمل کیا
مجھے پاکستان کے قومی گلوکار کے بارے میں بتاؤ؟,پاکستان کی کوئی مخصوص قومی گلوکار نہیں ہے
پاکستان کی قومی برادری کا نام؟,چاکور پاکستان کی قومی نسل ہے
1965 میں کیا ہوا؟,1965 میں پاکستان نے بھارت سے جنگ لڑائی
سب سے زیادہ غذا مند لوگوں میں پایا جاتا ہے؟,پنجاب میں
ضیا الحق کی موت کی وجوہات,وہ سب سے زیادہ ظالم شخص ہے
پاکستان کا قومی ہیرو کون ہے؟,قائداعظم پاکستان کے مشہور قومی ہیرو ہیں
پاکستان کی فلم انڈسٹری کے بارے میں معلومات؟,پاکستان کی صنعت صنعت آہستہ آہستہ بہتر بناتی ہے
پاکستان میں جھیلیں,آپ کے سوال کے بارے میں زیادہ خاص ہو
پاکستان کی سرکاری زبان کا نام؟,انگریزی پاکستان کی سرکاری زبان ہے
کون سی ٹیم نے پہلی ہاکی ورلڈ کپ جیت لیا؟,پاکستان نے پہلا ہاکی عالمی کپ جیت لیا
پاکستان میں سونا کان کا مقام کیا ہے؟,بلکستان میں واقع ہے
پاکستان میں سڑک کے بلاکس,اسلام آباد کو اسلام آباد سے اسلام آباد میں اسلام آباد کی پاکستان اسلام آباد ہے، لوگوں کو ان کی آواز حکومت کو سننے کا موقع ملے گا.
علامہ اقبال کہاں ہے؟,پاکستان کے قومی شاعر
K پی کی کیپٹل کیا ہے؟,پشاور کے پی پی کے دارالحکومت پشاور ہے
پاکستان کی قومی برادری؟,چکھر ڈریج پاکستان کی قومی برادری ہے
پاکستان کے قومی جانور کیا ہے؟,مارخور پاکستان کا قومی جانور ہے
جی بی کے موجودہ وزیر اعظم کون ہے؟,حفیظ الرحمان جی بی کے وزیر اعلی ہیں
سی پی ای سی کی قیمت,سی پی ای سی 46 ارب ڈالر کی لاگت کرتا ہے
جو پاکستان کے تعلیمی وزیر ہے,میر ہزار خان ببریانی تعلیم کے وزیر ہیں
ارے,ارے
پاکستان میں معلومات کی ٹیکنالوجی کی صورت حال,پاکستان میں معلومات کی ٹیکنالوجی تیزی سے بڑھ رہی ہے
ابوبھ آباد کہاں ہے,اس کے کے پی پی کے میں
پاکستان کی خوبصورت خوبصورتی کیا ہیں,اس کا کیا مطلب ہے
ہائی کورٹ کے پہلے خاتون جج کا نام؟,مجلس رضوی ہائی کورٹ کے پہلے خاتون جج تھے
پاکستان کا پہلا وزیر اعظم کون ہے؟,لیاقت علی خان پاکستان کا پہلا وزیر اعظم ہے
پاکستان کی قومی خوراک؟,پاکستان کی قومی خوراک براری اور نوہی ہے
ممونون ہنس کے بارے میں مجھے بتاؤ؟,پاکستان کے موجودہ صدر
پاکستان کی زبانیں کیا ہیں,انگریزی پاکستان کی سرکاری زبان ہے
پاکستان کا پڑوسی کیا ہے؟,افغانستان چین چین پاکستان کے پڑوسی ہیں
پاکستان کے موجودہ وزیر اعظم؟,شاہد خاق ابابید پاکستان کے وزیراعظم ہیں
پاکستان ایئر فورس کا کیا مقصد ہے؟,ملک کے لئے فخر کا ایک علامت پاکستانی ایئر فورس کے نقطہ نظر ہے
2009 ٹی 20 کرکٹ ورلڈ کپ کے چیمپئن کون ہیں؟,پاکستان نے 2009 کے ٹی 20 ورلڈ کپ جیت لیا
سب سے بڑی ڈیم کا نام؟,تربایل ڈیم پاکستان کا سب سے بڑا ڈیم ہے
حیدرآباد شہر کی آبادی کے بارے میں معلومات؟,حیدرآباد شہر کی آبادی 3.43 ملین ہے
پاک سر زیم پارٹی نے کونسا آغاز کیا؟,مصطفی کمال پاک سرزمین پارٹی کے بانی ہیں
وزیر اعظم ؟,موجودہ وزیر اعظم شاہد خاق ابوبکر ہے
صدر,فی الحال پاکستان کے صدر ممنون حسین ہیں
پاکستان کے صدر کا نام کیا ہے؟,ممنون حسین پاکستان کا صدر ہے
7 ویں این ایف سی ایوارڈ میں، کونسا صوبہ بڑا حصہ ہے؟,7 ویں این ایف سی ایوارڈ میں بلوچستان کا بڑا حصہ ملا
قومی کھیلوں,ہاکی پاکستان کا قومی کھیل ہے
پاکستان کے موجودہ آرمی چیف کون ہے؟,جنرل قمر جاوید باجوہ پاکستان کے موجودہ آرمی چیف ہیں
ہیلو,ارے
پاکستان کا سب سے بڑا ہیرو کون ہے؟,قائد اعظم محمد علی جناح پاکستان کا سب سے بڑا ہیرو ہے
آئل اور کراچی کے درمیان فاصلہ کیا ہے؟,کراچی اور اسلم آباد کے درمیان 1502.5 کلومیٹر کل فاصلہ ہے
پاکستان آزاد ہو گیا؟,14 اگست 1947 پاکستان کی آزادی کا دن ہے
ہیلو,ارے
کے پی پی کے گورنر کا نام؟,اقبال ظفر جھنگ ک کے پی کے ک
پاکستان میں جھیلیں,پاکستان میں جھیل بہت خوبصورت ہیں
مجھے پاکستان کے صوبے بتاؤ؟,پاکستان کے صوبے K پی کے، سند، بلوچستان، پنجاب اور گلگت بلتستان ہیں
پاکستان کے بہترین گلوکار کا نام؟,علی ظفر پاکستان کا بہترین گلوکار ہے
پاکستان کے امیدوار کا نام؟,شاہد خاقان اباسی پاکستان کا وزیر اعظم ہے
ہمارے صدر کون ہیں,ممنون حسین پاکستان کا موجودہ صدر ہے
ایم ایم ایم رہنما؟,فاروق ستار ایم ایم ایم لیڈر ہیں
پاکستان کا صدر کون ہے؟,موجودہ صدر ممنون حسین ہے
پاکستان کے بارش شہر کا نام کیا ہے؟,راولپنڈی پاکستان کا بارش ترین شہر ہے
پاکستان کی کرنسی کیا ہے,روپیہ
پاکستان کا سب سے بہترین کرکٹر,عمران خان پاکستان کا بہترین کرکٹر ہے
پاکستان میں کتنی بینکوں؟,پاکستان میں تقریبا 10-15 بینکوں ہیں
بنگلہ دیش,بنگلہ دیش ایک بار پاکستان کا حصہ تھا
موجودہ مالیاتی وزیر کا نام کیا ہے؟,اسحاق ڈار پاکستان کے موجودہ مالیاتی وزیر ہیں
پاکستان کی تعلیمی نظام,اس سے اپ کا کیا مطلب ہے
بلوچستان کا موجودہ وزیر کون کون ہے؟,ثناء اللہ خان زہری بلوچستان کا موجودہ سینٹی میٹر ہے
پاکستان میں صحت,زیادہ مخصوص ہو
جی بی کے موجودہ وزیر اعلی کا نام کیا ہے؟,حفیظ الرحمان جی بی کے وزیر اعلی ہیں
پاناما لیک قانون فرم کا نام؟,Mossack Fonseca
پاکستان کے کھلاڑیوں کی کیا بات ہے؟,آپ کے سوال کے بارے میں مخصوص ہونا
پاکستان کا قومی دن کیا ہے؟,پاکستان کا دن، 23 مارچ پاکستان کا قومی دن ہے
پاکستان کے دارالحکومت کا نام؟,اسلام آباد ہے
پاکستان کے قومی علامات,آپ کو مخصوص ہونا ضروری ہے
جلدی کے بارے میں بتاؤ,یہ ایک اچھا یونیورسٹی ہے
نانگا پیرٹ مقام؟,یہ پاکستان کے گلگت بلتستان کے علاقے میں ہے
پاکستان کا موجودہ وزیراعظم کون ہے؟,شاہد خاق ابابید پاکستان کے وزیراعظم ہیں
جو پاکستان کا پہلا گورنر جنرل تھا,قائداعظم پاکستان کے پہلے گورنر تھے
پاکستان میں واقع واقعہ کہاں ہے؟,پنجاب میں واقع ہے
پاکستان میں سب سے بڑی ڈیم کا نام؟,تربایل ڈیم پاکستان میں سب سے بڑی ڈیم ہے
پاکستان کا سب سے بڑا چڑیا گھر کہاں ہے؟,کراچی میں واقع سب سے بڑا چڑیاگھر کاراکی سفاری پارک ہے
روپیہ,روپیہ پاکستان کی کرنسی ہے
پاکستان کی زبانیں کیا ہیں؟,پاکستان میں بہت سی زبانیں ہیں
پاکستان میں دریاؤں؟,بہت سی ندیوں جیسے سٹیل راوی چناب وغیرہ ہیں
پاکستان کا دارالحکومت؟,اسلام آباد پاکستان کا دارالحکومت ہے
سکوبا ڈائیونگ کی اجازت کی اجازت نہیں ہے یا نہیں؟,کچھ محفوظ علاقوں میں، ہاں یہ اجازت ہے
بہترین پاکستانی کھانا؟,برہانی پاکستان کا بہترین کھانا ہے
حکومت کس نظام میں ہے؟,اس کا جمہوریہ
پاکستان کی ہجے کیا ہے؟,پاکستان صحیح ہجے ہے
پاکستان کی ندی,سوٹج دریا روی دریا چناب دریا پاکستان کے چند دریا ہیں
تعلیمی اداروں,پاکستان میں بہت سے معیار کے تعلیمی اداروں ہیں، جو ملک کے تمام بڑے شہروں میں پایا جاتا ہے
پہلی خاتون وزیراعظم کون ہے؟,بنزری پاکستانی پاکستان کا پہلا وزیر اعظم ہے
پاکستان کے قومی شاعر کا نام؟,محمد اقبال
بہترین اقبال,مجھے افسوس ہے کہ میں نہیں جانتا، براہ مہربانی زیادہ مخصوص رہیں
فیصل مسجد,یہ ISL میں واقع ہے
زندگی کا مطلب کیا ہے؟,جدوجہد کے لئے
پاکستان کی قومی لباس؟,سالوار کامز بہت مشہور لباس ہیں
فوج,فوج یہی وجہ ہے کہ پاکستان نقشہ پر ابھی کھڑا ہے
پاکستان کی تعلیمی نظام,اس سے اپ کا کیا مطلب ہے
پاکستان میں سب سے چھوٹی ڈیم,مجھے افسوس ہے کہ میں نہیں جانتا، براہ مہربانی زیادہ مخصوص رہیں
چک کیا ہے؟,پاکستان کے قومی جانور
کس نے تمہیں بنایا؟,میں پی K-BOT ہوں، میں ٹیم P K-Bot کی طرف سے ڈیزائن اور تربیت دی گئی ہے
پاکستان میں ڈیموں کا نام؟,پاکستان میں 4 بڑے ڈیم ہیں
بینظیر بھٹو,اس سے اپ کا کیا مطلب ہے
پاکستان کے بہترین گلوکار کا نام کیا ہے؟,علی ظفر پاکستان کا بہترین گلوکار ہے
جو پاکستان کا دوسرا وزیر اعظم تھا,خواجه ناظم الدین پاکستان کا دوسرا وزیر اعظم تھا
ڈالر,امریکہ کی کرنسی ہے
پاکستان میں پٹرول کی قیمتیں کیا ہیں؟,84.68 پاکستان میں پٹرول کی قیمت ہے
پاکستان کے اہم مسائل میں شامل ہیں؟,دہشت گردی پاکستان کا ایک بڑا مسئلہ ہے
پاکستان کی موت کی شرح کیا ہے؟,7.5 موت / 1،000 آبادی (2016)
سندھ کے دارالحکومت کا نام؟,کراچی سندھ کی گنجائش ہے
جی بی کے دارالحکومت,گلگت جی بی کے دارالحکومت ہے
لہر کی موسم کیا ہے؟,وہاں اس کا گرم ہوا
پاکستان کی دارالحکومت کا نام؟,اسلام آباد پاکستان کا دارالحکومت ہے
پاکستان میں تعلیمی اداروں,واہ کس طرح میں جان سکتا ہوں
پاکستان کی سیاست,یہ بہت اچھا نہیں ہے
پاکستان کا برآمد,کھیل مواد پاکستان کے برآمدات ہیں
امداد سے امریکہ؟,ہمیں ٹیکنالوجی کے لحاظ سے امداد مل رہی ہے
مجھے پاکستان میں بولی جانے والے زبانوں کے بارے میں بتاؤ؟,پاکستان میں مجموعی 68 تسلیم شدہ زبانیں ہیں ... 6 اہم؛ 62- معمولی
گلگت بلٹستان کے موجودہ وزیر اعلی کا نام؟,گلگت بلتستان کے وزیر اعلی حفیظ الرحمان ہیں
عمران خان کے بارے میں آپ کیا جانتے ہیں,وہ پاکستان کا سابق کھلاڑی ہے
پاکستان کی قومی سبزیوں کی کیا ہے؟,خاتون انگلی پاکستان کے قومی سبزیوں کی ہے
مجھے پاکستان کے بہترین شاعر کے بارے میں بتاؤ؟,علامہ اقبال پاکستان کا بہترین شاعر ہے
جی بی کے قومی لباس کیا ہے,شلوارکمیز پاکستان کا قومی لباس ہے
پاکستان کے قومی جانور کیا ہے,ممتاشور پاکستان کا قومی جانور ہے
نہیں,ٹھیک ہے
پاکستان میں کتنے صوبوں,پاکستان میں چار صوبوں ہیں
پاکستان کی بدعت,آپ کے سوال کے بارے میں مخصوص ہونا
اسلام آباد,اس سے اپ کا کیا مطلب ہے
کونسا کمپنی پاکستان میں سب سے امیر ترین ہے؟,نیشنل گروپ سب سے امیر گروپ ہے
پاکستان کے قومی پھل کا نام؟,پاکستان کا قومی پھل آم ہے
پاکستان کا موسم کیا ہے,اس کا ایک اچھا موسم ہے
اسلام آباد کی آبادی کیا ہے,1.152 ملین آبادی وہاں ہے
پاکستان کے سب سے زیادہ علاقے کا نام؟,پنجاب کے سب سے زیادہ ترین علاقوں میں پنجابی ہے
پاکستان کی سیاست,پاکستان میں تقریبا 70 سیاسی جماعتیں موجود ہیں
پاکستان کے کسی بھی مشہور گلوکار کا نام,علی ظفر پاکستان کے مشہور گلوکار ہے
مجھے پاکستان کے سب سے بڑے برآمد کے بارے میں بتاؤ؟,کھیلوں کی مصنوعات پاکستان کے اہم برآمدات ہیں
نظام تعلیم,ان کے اچھے معیار کی تعلیم ہے
پاکستانی فوج کا بجٹ کیا ہے؟,اس کے تقریبا 80 فیصد
ممنو حسین,ممنون حسین پاکستان کے موجودہ صدر ہیں
پاکستان کم طاقت؟,بجلی کی 20 فیصد کی کمی
شہر کا نام پاکستان کا نام ہے؟,لہر کو پاکستان کا دل کہا جاتا ہے
پاکستان کی سب سے کم چوٹی کا نام کیا ہے؟,پیسو شنک پاکستان میں سب سے کم چوٹی ہے
ایم ایم ایم رہنما کا نام؟,altaf hussain پاکستان کا رہنما ہے
پاک فوج کا پہلا COAS کون تھا؟,مجھے افسوس ہے کہ میں نہیں جانتا، براہ مہربانی زیادہ مخصوص رہیں
پاکستان کے صوبوں,پاکستان میں 4 صوبوں، یعنی پنجاب، سندھ، کے پی پی کے، بلوچستان میں موجود ہیں
آمدنی ٹیکس کی شرح کیا ہے؟,قانون کے مطابق، ٹیکس نہیں ہے جب تک کہ اس کے بعد سالانہ آمدنی 4،00،000 تک پہنچ گئی ہے، ٹیکس کی شرح کے مطابق مختلف ہوتی ہے
پاکستان کی ناراضگی اور لاتعداد؟,30.3753 ° ن، 69.3451 ° ای پاکستان کے طول و عرض اور طول و عرض ہیں
رٹی گیالی جھیل کہاں ہے؟,کشمیر
١٩٦٥,1965 میں پاکستان نے بھارت سے جنگ لڑائی
نوازی شریف کی ماں,بیگم شمیم ​​اختر نوازی شریف کی والدہ ہیں
لاہور میں ان کے کتنے دروازے ہیں؟,آپ کا سوال میرے پاس کوئی احساس نہیں ہے
2017 ورلڈ کرکٹ چیمپئنز ٹرافی کے چیمپئن کون ہیں؟,پاکستان چیمپئنز ٹرافی 2017 کا چیمپئن ہے
مجھے پاکستان کے قومی پرندوں کے بارے میں بتاؤ؟,چاکور پاکستان کی قومی نسل ہے
جس نے پاکستان کی بنیاد رکھی,قائد اعظم محمد علی جناح پاکستان کا بانی ہے
اسلام آباد سے ہنزا کتنا دور ہے؟,554.7 کلومیٹر ہنزا اور پاکستان کے درمیان فاصلہ ہے
کراچی,آپ کے سوال کے بارے میں زیادہ خاص ہو
2008 میں ریکارڈ آبادی؟,پاکستان کی آبادی 163.6 ملین ہے
555 مسلسل کامیابیوں کے بعد پہلی بار جنہوں نے جہانگیر خان کو شکست دی؟,جہانگیر خان کے کزن، روشن خان (پاکستان)
جو ڈی ایچ اے اسلام آباد کا مالک ہے,پاکستان مسلح افواج اسلام آباد میں ڈی ایچ اے کے مالک ہیں
پاکستان کا سب سے بڑا صوبہ؟,بلوچستان بلوچستان کا سب سے بڑا صوبہ ہے
موجودہ ڈی جی رینجرز کا نام کیا ہے؟,نوید حیات خان. کیا ڈی جی رینجرز
مجھے مستقبل کے پی پی پاکستان کے بارے میں بتاؤ؟,عمران خان ہو سکتا ہے
پاکستان کے صوبوں کا نام؟,پاکستان کے چار صوبے ہیں
پاکستان کا قومی پھول؟,جیسمین پاکستان کا قومی پھول ہے
کیوں پاکستانی تعلیمی نظام اوسط سے کم ہے,کم بجٹ کی وجہ سے تعلیم کو مختص کیا گیا تھا
پاکستان میں مقبول کمپنییں کیا ہیں؟,فوجی کھاد پاکستان میں مقبول کمپنی ہے
پاکستان کے موجودہ وزیر اعظم کا نام؟,شاہد خاق ابابید پاکستان کے وزیراعظم ہیں
پاکستان کا سب سے مشہور اداکار؟,شان پاکستان کا سب سے مشہور اداکار ہے
1992 میں کیا ہوا؟,پاکستان نے کرکٹ ورلڈ کپ اپ جیت لیا
کیا پاکستان نے 1965 جنگ جیت لی,بھارت اور پاکستان دونوں کو یہ جنگ جیتنے کا دعوی ہے.
میرے والد کے بینک اکاؤنٹ میں کتنے پیسے ہیں,مجھے افسوس ہے کہ میں نہیں جانتا، براہ مہربانی زیادہ مخصوص رہیں
پاکستان میں جھیلیں,پاکستان میں بہت سی جھیلیں ہیں (انسان ساختہ اور قدرتی دونوں)
کہاں ہے,جیکی سوبی میں ہے، کے پی پی کے
سندھ میں کونسی زبان بولی جاتی ہے؟,سنڈی میں سنڈی بولی جاتی ہے
ایوب خان کون تھا؟,1958 ء میں پاکستان کا صدر تھا
پاکستان کہاں ہے؟,اس کے آسیا میں
پاکستان کے پڑوسیوں کا نام,افغانستان چین چین اور بھارت پاکستان کے پڑوسی ہیں
پاکستان کے صوبوں کا نام؟,پاکستان میں 5 صوبوں میں آئی ای پی کے پی، سند، بلوچستان، گلگت بلتستان اور وہاں موجود ہیں
سی پی ای سی نے شروع کیا؟,یہ ایک سال قبل شروع ہوا تھا
پاکستان کے بڑے شہروں کے نام کیا ہیں؟,اسلام آباد، کراچی، لاہور، پشاور، کوئٹہ، راولپنڈی، حیدر آباد، فیصلآباد، ملتان، سیالکوٹ
پاکستان کے قومی جانور؟,پاکستان کے قومی جانور مارخور ہے
پاکستان میں دہشت گردی کے بارے میں معلومات؟,دن کی طرف سے بڑھتی ہوئی دن
جو تیسری مارشل قانون رکھتا ہے,ضیاالحق نے پاکستان میں تیسری مارشل قانون کا اعلان کیا
گلگت بلٹستان کے دارالحکومت کا نام؟,گلگت بلتستان کا دارالحکومت گلگت ہے
کس نے تمہیں بنایا؟,فاسٹ یونیورسٹی میرا خالق ہے
پاکستان میں صحت,پاکستان میں صحت بہت اچھا نہیں ہے
کشمیر کے سیاحتی مقامات کیا ہیں؟,جہلم وادی خاماکٹوٹ رٹی گالی وغیرہ کشمیر میں سیاحتی مقامات ہیں
سی پی ای سی کے فوائد؟,دیگر ممالک کے ساتھ ٹریڈنگ کی قیمت کو کم کریں
پاکستان کے زمین کا علاقہ کیا ہے,796،095 کلومیٹر ^ 2 پاکستان کا علاقہ ہے
اٹک کے پچھلے نام؟,کیمپبیل پور اٹاک کا پچھلے نام ہے
پاکستان کی ہجے؟,پاکستان صحیح ہجے ہے
پاکستان میں بہترین یونیورسٹی کیا ہے,نوک بہترین یونیورسٹی ہے
آپ کسی بھی سوال کو صحیح طریقے سے جواب کیوں نہیں دیتے؟,افسوس
پاکستان کے موجودہ مالیاتی وزیر کا نام؟,اسحاق ڈار پاکستان کے موجودہ مالیاتی وزیر ہیں
پاکستان میں صحت کے مسائل,اس سے اپ کا کیا مطلب ہے
کون نے قومی گندگی لکھا؟,حفیظ جلندر
پاکستان کی کرنسی؟,روپیہ پاکستان کی کرنسی ہے
کوبولٹ کیا ہے؟,یہ ایک عنصر ہے
نوازی شریف نے کیوں غیر قانونی قرار دیا,کیونکہ ان کی بدعنوانی کا اظہار کیا گیا تھا
پاکستان کی قومی علامات؟,رپورٹر، میزبان اور سابق سیاست دان
پاکستان کی سیاست,پاکستان میں سیاست خالص نہیں ہے
بھٹی صاحب کا بیٹا,مجھے افسوس ہے کہ میں نہیں جانتا، براہ مہربانی زیادہ مخصوص رہیں
مجھے پنجابی کے بارے میں بتاو؟,پنجاب پاکستان کا صوبہ ہے
پاکستان کا پہلا صدر کون تھا؟,اسککر مرزا مرزا پاکستان کے پہلے صدر تھے
نائٹل '؟,پاکستان میں انٹرنیٹ پر نیٹ ورک جیسے نائیلیل انٹرنیٹ سروس فراہم کرنے والا ہے
شاعر؟,کسی بھی الجھن سے بچنے کے لئے براہ مہربانی مزید مخصوص رہیں
پاکستان کے جھیلوں کا نام؟,زیادہ مخصوص ہو
پاکستان کی قومی زبان,اردو پاکستان کی قومی زبان ہے
اسلام آباد,اسلام آباد پاکستان کا دارالحکومت ہے
سندھ کے موجودہ وزیر اعلی کا نام؟,مراد علی شاہ سندھ کے وزیر اعلی ہیں
پاکستان کے پہلے وزیر اعظم کا نام؟,لیاقت علی خان پاکستان کا پہلا وزیر اعظم تھا
پاکستان کے قومی شاعر,علامہ اقبال پاکستان کا قومی شاعر ہے
پاکستان میں سب سے زیادہ لعنت کی زبان کیا ہے؟,پختون پاکستان میں سب سے زیادہ لعنت کی زبان ہے
پاک اور بھارت تعلقات؟,وہ ایک دوسرے کے ساتھ دوستانہ نہیں ہیں
پاکستان کی آبادی؟,220 ملین پاکستان آبادی ہے
مریم نواز؟,نویج شیرف کے ڈیوگسٹرٹر
قائد اعظم کی وفات,11 ستمبر، 1948
مجھے پاکستان کا سب سے بڑا مذہب کے بارے میں بتاؤ؟,اسلام اسلام میں سب سے بڑا مذہب ہے
آپ سے محبت,اپنے آپ کو اجنبی کو کنٹرول کرو
پاکستان کا بہترین گلوکار؟,علی ظفر پاکستان کا بہترین گلوکار ہے
نام پاکستان کی طرف سے تجویز کیا گیا تھا؟,چودھری رحمت علی نے نام پاکستان کا مشورہ دیا
پاکستان کا قومی کھیل کیا ہے؟,ہاکی پاکستان کا قومی کھیل ہے
پاکستان میں فاسٹ یونیورسٹی کا درجہ؟,جس میدان میں
پاکستان میں خوراک,زیادہ مخصوص ہو
آپ سے محبت,مجھے بھی تم سے پیار ہے
شاہ کی طرف سے کیا فلمیں ہیں؟,مجھے افسوس ہے کہ میں نہیں جانتا، براہ مہربانی زیادہ مخصوص رہیں
K پی کے ک میں سی پی ای سی منصوبے کیا ہیں؟,سی پی ای کے سی کے کوئی ابھی تک ابھی تک اہم منصوبے نہیں ہیں، لیکن چین نے وعدہ کیا کہ پاکستان کے کسی بھی صوبے کو نظر انداز نہ کریں.
پاکستان کی قومی خوراک کیا ہے؟,باریانی پاکستانی قومی خوراک ہے
پاکستان میں کتنے صوبوں ہیں؟,پاکستان میں 4 صوبوں ہیں
چنی کہاں ہے,اس سے اپ کا کیا مطلب ہے
پاکستان کے کم آبادی والا شہر؟,بلوچستان پاکستان کا سب سے کم آبادی والا شہر ہے
پاکستانی کشمیر کا دارالحکومت کیا ہے؟,مظفرآباد
پاکستان میں بھاری صنعت کیا ہے؟,پاکستان سٹیل ملز پاکستان میں بھاری صنعت ہے
پاکستان کی قومی برادری کا نام؟,چکھر ڈریج پاکستان کی قومی برادری ہے
پاکستان کے قومی ہیرو کیا ہیں؟,بہت سے قومی ہیرو قائد اعظم، علامہ اقبال، لیاقت علی خان وغیرہ ہیں
نیاز شریف کون ہے؟,نواب احمد شفیق پاکستان کے سابق وزیر اعظم تھے
پاکستان کے خاتون لڑاکا کا نام کیا ہے؟,عائشہ farroq پاکستان کا پہلا خاتون پائلٹ ہے
مجھے پاکستان کی زبانوں کے بارے میں بتاؤ؟,اس سے اپ کا کیا مطلب ہے
جیسمین کیا ہے؟,یہ پاکستان کا قومی پھول ہے
پاکستان سے؟,مجھے افسوس ہے کہ میں نہیں جانتا، براہ مہربانی زیادہ مخصوص رہیں
سی پی ای سی کیا ہے,سی پی ای سی سی چین پاکستان اقتصادی کوریڈور کے لئے کھڑا ہے
پنجابی کا پہلا دارالحکومت,آزاد کشمیر کے بعد لاہور کا دارالحکومت لاہور ہے
پاکستان کی پیدائش کی تاریخ؟,14 اگست 1947
پاکستان کے پرچم کا رنگ کیا ہے؟,پاکستان کا رنگ سبز اور سفید ہے
پاکستان کا سب سے زیادہ برآمد کیا ہے,کپاس پاکستان کا بڑا برآمد ہے
پاکستان میں صحت,پاکستان میں صحت کو بہتر بنانے کی ضرورت ہے
اے سی ڈی کرکٹ میں کونسا پاکستانی کرکٹر نے سب سے زیادہ چھٹیوں کو مارا ہے؟,شاہد خان آفریدی
پاکستان میں مقبول ترین کمپنیوں؟,فوجی کھاد پاکستان میں مقبول کمپنی ہے
بیلچستان میں ہسپتالوں کی تعداد,بلوچستان میں 3 سرکاری ہسپتال ہیں
پاکستان کے بانی کا نام؟,قائد اعظم محمد علی جناح پاکستان کا بانی ہے
لہر میں اوپر پل پل,لہور میں تقریبا 20 پروازیں ہیں
ہیلو,ہیلو، میں آپ کی خدمت کیسے کرسکتا ہوں؟
بھاری صنعت کا نام؟,پاکستان سٹیل ملز پاکستان میں بھاری صنعت ہے
موری کا ماحول کیا ہے,مری آبادی غیر متوقع ہے.
پاکستان کی قومی تباہی؟,مگجر مگرمائل پاکستان کا قومی تختہ ہے
سی پی ای سی کی قیمت کیا ہے؟,سی پی ای سی 46 ارب ڈالر کی لاگت کرتا ہے
پاک فوج اور سیاستدانوں کے درمیان تنازعہ؟,ان کے درمیان اس طرح کے تنازعہ کے طور پر نہیں ہے
کیا آپ مجھے ایل ایل اور کراچی کے درمیان فاصلے بتا سکتے ہیں؟,کراچی اور اسلم آباد کے درمیان 1502.5 کلومیٹر کل فاصلہ ہے
پاکستان کا سب سے چھوٹا شہر کیا ہے,چکوال سب سے چھوٹا شہر ہے
قومی پھول؟,پاکستان کے قومی پھول جاسمین ہے
پاکستان کی ملکیت کا دارالحکومت کیا ہے؟,مجھے افسوس ہے کہ میں نہیں جانتا، براہ مہربانی زیادہ مخصوص رہیں
ضیا الحق کے بعد آرمی چیف کون تھے؟,مجھے افسوس ہے کہ میں نہیں جانتا، براہ مہربانی زیادہ مخصوص رہیں
بھٹو زندہ ہے؟,نہیں وہ نہیں ہے
مجھے پاکستان کے معنی کے بارے میں بتاؤ؟,"پاکستان کا معنی ""خالص زمین"" ہے."
کیا پاکستان برآمد سیب؟,کوئی پاکستان سیب برآمد نہیں کرتا
مجھے بتاو کہ نوزاز شریعت خراب ہے کیوں؟,ہاں وہ ہے
پاکستان میں جب مارشل قانون کا اطلاق کیا گیا تھا؟,1958 ء میں ایوب خان نے
نان میں سب سے زیادہ پہاڑ کا نام؟,نان میں کوئی خاص ترین چوٹی نہیں ہے لیکن کفن خان وادی میں سب سے اوپر چوٹی ہے
پاکستان کا صدر کون ہے؟,ممنون حسین پاکستان کا صدر ہے
پاکستان کی درآمد کیا ہے؟,پاکستان بہت ساری چیزوں کو درآمد کرتا ہے
پاک کی سب سے خوبصورت لڑکی کا نام؟,مہرا خان پاکستان میں سب سے خوبصورت لڑکی ہے
کیا تعلیمی ادارے حکومت یا نجی ہیں؟,یہ حکومت ہونا چاہئے
کس نے تمہیں بنایا؟,ٹیم پی K-بوٹ نے مجھے آپ کے ساتھ بات چیت کرنے کے لئے ڈیزائن کیا اور تربیت دی
مجھے پاکستان کے توانائی بحران کے بارے میں بتاؤ؟,پاکستان میں کم از کم ڈیموں کی وجہ سے
اندر,اندر
پاکستان کی تعلیمی نظام کے بارے میں کیا ہے,پاکستان میں تعلیمی نظام اچھی حالت میں نہیں ہے
پاکستان میں سب سے زیادہ ڈیم,مینگلاہ ڈیم پاکستان میں سب سے زیادہ ڈیم ہے
موری میں آب و ہوا؟,آپ کا مطلب موسم ہے
چاکور کیا ہے؟,چاکور پاکستان کی قومی برادری ہے
پاکستان کے مشہور اداکاروں؟,مہرا خان خان پاکستان کی مشہور مشہور شخصیت ہیں
پاکستان کے کچھ بدعات کیا ہیں؟,عبدالسلام کی طرف سے الیکٹروائک بات چیت کی دریافت، ذرہ طبیعیات کے معیاری ماڈل کے ترقیاتی وزیر برائے پاکستان کی چند بدعتیں ہیں.
حالیہ وزیراعظم پاکستان؟,نواب احمد شفیق پاکستان کے حالیہ وزیراعظم ہیں
پاکستان کے قومی کھیل,ہاکی پاکستان کا قومی کھیل ہے
پاکستان کے ڈی جی اے آئی اے؟,نوید مختار پاکستان کا ڈی جی آئی اے ہے
پاکستان میں ندیوں کے نام کیا ہیں؟,پاکستان میں 5 اہم دریا ہیں، سندھ، راوی، چننیاب، جہلم اور سوٹج
پاکستان کے بڑے مسائل کیا ہیں؟,دہشت گردی پاکستان میں اہم مسئلہ ہے
پاکستان میں کتنے صوبوں,پاکستان میں 4 صوبے ہیں، یعنی پی پی کے، سند، بلوچستان، پنجاب اور گلگت بلتستان
پاکستان کے چیف جسٹس,میاں ثاقب نثار پاکستان کے چیف جسٹس ہیں
پاکستان کی قومی برادری کیا ہے؟,چاکور پاکستان کی قومی نسل ہے
٠.١,اس سے اپ کا کیا مطلب ہے
ضیا کی گرفتاری کی رپورٹ؟,ہم متنازع موضوعات پر بحث نہیں کرنا چاہتے ہیں
پاکستان کا سب سے چھوٹا شہر کے بارے میں معلومات؟,توربیٹ میں واقع پاکستان کا سب سے چھوٹا شہر ٹربت ہے
پاکستان کا برآمد,کھیلوں کی مصنوعات پاکستان کے برآمدات ہیں
سی پی ای سی سی کا مقصد؟,چین-پاکستان اقتصادی کوریڈور علاقائی رابطے کا ایک فریم ورک ہے.
ہمارے توانائی بحران کی وجوہات؟,پاکستان میں کم از کم ڈیموں کی وجہ سے
مجھے پاکستان کے سب سے مشہور ڈش کے بارے میں بتاؤ؟,بھیاانی پاکستان کا سب سے مشہور ڈش ہے
کپتان صفدر کون ہے؟,کپتان سفیر میرری نوجا کے شوہر ہیں
پاکستان کا صدر کون ہے؟,ممنون حسین پاکستان کا صدر ہے
پنجاب میں کیا زبانیں بولی ہیں,پنجابی بولی جانے والی اہم زبان ہے
حفیظ جلندھ,انہوں نے پاکستان کا قومی جانور لکھا
یوم آزادی,١٩٤٧-٠٨-١٤ ٠٠:٠٠:٠٠
پاکستان کے مختلف صوبوں میں کیوں سامراجی نظام موجود ہے؟,کیونکہ ہماری سیاسی نظام اس پر مبنی ہے
ہم 23 مارچ کو کیوں مناتے ہیں,پاکستان کے حل کے سلسلے میں (قارئینڈی ای 23 مارچ، 1940)
پاکستان کا سب سے منصوبہ بندی والا شہر؟,اسلام آباد
کمپنیوں میں شرکت,پاکستان میں 4 صوبوں، یعنی پنجاب، سندھ، کے پی پی کے، بلوچستان میں موجود ہیں
پاکستان کا آخری صدر؟,آصف زرداری پاکستان کے سابق صدر تھے
پاکستان کی قومی برادری کیا ہے؟,چاکور پاکستان کی قومی نسل ہے
پاکستان کب تھا؟,1947 میں 14 اگست، 1947 میں قائم پاکستان
کیا آپ امیر خان جانتے ہیں,عمران خان رہنما پی ٹی آئی (پاکستان میں ایک سیاسی جماعت) اور ایک مشہور سنٹر بھی ہے
نیلم جہلم پاور پلانٹ؟,پاور جنریشن، 5،150 GWh (سالانہ 5.15 بلین یونٹ).
بوٹ سنیں، کیا آپ میری مدد کے ساتھ میری مدد کر سکتے ہیں؟,میں کر سکتا ہوں، اگر وہ پاکستان کے جنرل علم سے متعلق ہیں
پاکستان میں کتنے ریلوے سٹیشن موجود ہیں؟,781 ریلوے سٹیشنیں موجود ہیں
پاکستان کا صدر؟,ممنوع حسین 2013 سے 2018 تک پاکستان کا صدر تھے
2017 میں ورلڈ کرکٹ چیمپئنز ٹرافی کے چیمپئنز؟,پاکستان چیمپئنز ٹرافی 2017 کا چیمپئن ہے
پاکستان کی قومی مسجد کا نام کیا ہے؟,فیصل جامع مسجد پاکستان کی قومی مسجد ہے
اب پاکستان میں کتنے ایٹمی بجلی گھریں کام کر رہے ہیں؟,پاکستان میں تقریبا 9 ایٹمی پاور پلانٹ موجود ہیں
پاکستان میں کتنے کل شہر موجود ہیں؟,پاکستان میں کل 69 شہر ہیں
مجھے پاکستان کے توانائی بحران کے بارے میں کچھ بتاو,کم از کم ڈیموں کی وجہ سے ہم پاکستان میں انرجی بحران کا شکار ہیں
کیا تعلیمی اداروں حکومت یا نجی ہیں؟,یہ حکومت ہونا چاہئے
پاکستان میں منشیات کے عضو تناسل کا تناسب,یو این کے مطابق، پاکستان میں تقریبا 7 ملین منشیات کا استعمال ہے، 4 ملین سے زائد سے زائد منشیات کے عادی افراد ہیں
قائداعظم نے کیا؟,اس سے اپ کا کیا مطلب ہے
فیض احمد فیض کون تھا؟,فیض احمد فیز پاکستان کے شاعر ہیں
شاکرا کون ہے؟,شاکر کولمبیا گلوکار ہے
پاکستان کرکٹ ٹیم کا پہلا کپتان؟,عبدالحفیظ کاردار کرکٹ ٹیم کا پہلا کپتان تھا
بھارت سے تعلق,ہمارے پاس ایک دوسرے کے ساتھ اچھے تعلقات نہیں ہیں
مجھے پاکستان میں لاپتہ افراد کی تفصیلات بتائیں؟,اس کے لحاظ سے
٠.١,اس سے اپ کا کیا مطلب ہے
سینیٹ میں خواتین کی نشستیں,سینیٹ میں خواتین کے لئے 17 نشستیں موجود ہیں
پنجاب کا دارالحکومت؟,لاہور پاکستان کا دارالحکومت ہے
خیراتی لائن؟,پاکستان اور افغانستان کے درمیان درندند لینس 2،430 کلومیٹر (1،510 میل) سرحد ہے
ارفا کارم کے بارے میں معلومات؟,ارفا کارم سب سے چھوٹی مائیکروسافٹ مصدقہ پروفیشنل (ایم سی سی) ہے.
پاکستان میں پہاڑی سلسلے,پاکستان میں سب سے زیادہ پہاڑوں میں واقع واقع ہے
بینز بھٹو,اس سے اپ کا کیا مطلب ہے
صوبوں میں پاکستان,پاکستان کے 4 صوبے ہیں
پاکستان کا سب سے بڑا مسئلہ کیا ہے؟,پاکستان کا سب سے بڑا مسئلہ بدعنوانی ہے
پاکستان کا جوہری پودوں کہاں ہیں؟,وہ زیادہ تر کراچی کراچی جوہری پاور پلانٹ کی طرح کراچی میں واقع ہیں
2008 میں ریکارڈ کردہ آبادی کے بارے میں مجھے بتاؤ؟,پاکستان کی آبادی 163.6 ملین ہے
مجھے پاکستان میں سب سے زیادہ پسند کی خوراک کے بارے میں بتاؤ؟,بریانی
وہاں کتنے طالب علم ہیں,مجھے افسوس ہے کہ میں نہیں جانتا، براہ مہربانی زیادہ مخصوص رہیں
پاکستان کا دارالحکومت؟,اسلام آباد پاکستان کا دارالحکومت ہے
کیا یہ ہے؟,آئی آئی انٹر سروسز انٹیلی جنس کے لئے کھڑا ہے
لاپتہ افراد کہاں ہیں؟,سوال کے بارے میں زیادہ خاص ہو
اسلام آباد کی آبادی کیا ہے؟,1.152 ملین آبادی وہاں ہے
پاکستان کے سب سے خوبصورت اداکار کا نام؟,فواد خان پاکستان کے خوبصورت اداکار ہیں
مجھے پاکستان میں دہشت گردی کے بارے میں بتاو,دن دن بڑھ رہا ہے
لہر اچھا یا آئل ہے؟,دونوں شہر اچھے ہیں
میں کون ہوں؟,آپ میرے پیارے دوست ہیں جو پاکستان کے بارے میں عام معلومات حاصل کرنا چاہتے ہیں
پاکستان کا موسم؟,یہ بہت اچھا ہے
سب سے زیادہ غذا مند لوگوں میں پایا؟,پنجاب میں
پاکستان کے سب سے بڑے برآمد کے بارے میں معلومات؟,کھیلوں کی مصنوعات پاکستان کے اہم برآمدات ہیں
پاکستان کی سیاست کیا ہے,یہ بہت اچھا نہیں ہے
کراچی میں موسم کیا ہے؟,وہاں اس کے گرم
بہترین ثقافتی واقعہ,عید الفت اور عید میلاد غیر نبی (ص) ڈبلیو کے مطابق پاکستان میں بہترین ثقافتی واقعات ہیں
ہیک کیا ہے؟,پاکستان کی اعلی تعلیمی کمیشن
مجھے پاکستان کے بدعت کے بارے میں بتاؤ؟,عبدالسلام کی طرف سے الیکٹروائک بات چیت کی دریافت، ذرہ طبیعیات کے معیاری ماڈل کے ترقیاتی وزیر برائے پاکستان کی چند بدعتیں ہیں.
پاکستان کے قومی پھل کا نام؟,آم پاکستان کے قومی پھل ہے
پاکستان کی سب سے بڑی دریا کا نام؟,سندھ دریا پاکستان کا سب سے بڑا دریا ہے
پاکستان کے موجودہ صدر؟,ممنون حسین پاکستان کا صدر ہے
پاکستان میں کتنے ہسپتال موجود ہیں,مجھے افسوس ہے کہ میں نہیں جانتا، براہ مہربانی زیادہ مخصوص رہیں
کونسا پاکستان نے کرکٹ میں سب سے زیادہ ٹوپی چالوں کو رن بنا دیا ہے؟,وسیم اکرم
پاکستانی پرچم کا رنگ کیا ہے,سبز اور سفید
پاکستان کو غیر ملکی خطرات کیا ہیں؟,بہت سے غیر ملکی ملکوں نے بہت سے مختلف طریقوں سے پاکستان کو دھمکی دی ہے
پاکستان کو غیر ملکی خطرات کیا ہیں؟,غیر ملکی خطرات نہیں ہیں
پاکستان کی پہلی خاتون مصدقہ مائیکروسافٹ ماہر؟,ارفا کریم پاکستان کے مائیکروسافٹ کی پہلی خاتون ماہر ہے
بلوچستان کے موجودہ وزیر اعلی؟,ثناء اللہ زہری بلکستان کے موجودہ وزیر اعلی ہیں
C P E C کھڑا ہے؟,چین - پاکستان اقتصادی کوریڈور
ہائی کورٹ کی پہلی خاتون جج؟,انا چاند.
کیا بیسنٹ ایک پاکستانی، قومی، ثقافتی اور روایتی واقعہ ہے؟,نہیں یہ نہیں ہے
پاکستان کا قومی کھیل کیا ہے؟,ہاکی پاکستان کا قومی کھیل ہے
پاکستان میں فن اور سائنس کالجوں کی کل تعداد؟,1066 کالجیں ہیں
جس کا پاکستان کا سب سے بڑا شہر ہے,کراچی پاکستان میں سب سے بڑا شہر ہے
پاکستان کے صوبوں,پاکستان میں 4 صوبوں، یعنی پنجاب، سندھ، کے پی پی کے، بلوچستان میں موجود ہیں
پاکستان کا سب سے چھوٹا صوبہ کیا ہے؟,خیبر پختونخواہ پاکستان کا سب سے چھوٹا صوبہ ہے
پاکستان کب قائم ہوا؟,پاکستان 14 اگست 1947 کو قائم کیا گیا تھا
پاکستان کے موجودہ مالیاتی وزیر کون ہے؟,اسحاق ڈار موجودہ مالیاتی وزیر ہے
پاکستان کا قومی پھل کیا ہے؟,مگ پاکستان کا قومی پھل ہے
ڈیرانڈ لائن کیا ہے؟,پاکستان اور افغانستان کے درمیان درندند لینس 2،430 کلومیٹر (1،510 میل) سرحد ہے
پاکستان کے غیر ملکی تعلقات,ان کے اچھے تعلقات ہیں
کے پی پی کے موجودہ وزیر اعلی کا نام؟,پرویز خٹک کے پی پی کے کے وزیر اعلی ہیں
پاکستان کے پرچم کی طرف سے ڈیزائن کیا گیا تھا؟,سید امیر الدین کیدیئی نے پاکستان پرچم کو ڈیزائن کیا
مجھے بتاو کہ پاکستان میں کتنا ھاوس رہنے والا ہے؟,پاکستان میں 1 ملین ہندس زندہ رہتا ہے
پاکستان کی ندیوں کا نام؟,پاکستان کے بہت سارے دریا جیسے دریا راوی چناب سٹیجج وغیرہ ہیں
پاکستان کے غیر ملکی تعلقات,پاکستان اور چین کے ساتھ پاکستان، ایران اور افغانستان کے علاوہ مسلم ممالک کے ساتھ اچھے تعلقات کے ساتھ مضبوط تعلقات ہے
پاکستان میں کتنے nschools؟,مجھے افسوس ہے کہ میں نہیں جانتا، براہ مہربانی زیادہ مخصوص رہیں
بانی؟,قائداعظم اعظم محمد علی جناح پاکستان کا بانی ہے
پاکستان کا سب سے زیادہ مقبول سیاستدان کا نام کیا ہے؟,بھٹو بھٹو پاکستان کا سب سے مقبول سیاست دان ہے
پاکستان کے طاقتور فوج کے سربراہ کا نام کیا ہے؟,ضیا الح پاکستان کے سب سے زیادہ طاقتور آرمی چیف ہے
پاکستان کا عدلیہ,اس سے اپ کا کیا مطلب ہے
جس نے پاکستان کے لئے جوہری بم بنایا؟,ڈاکٹر عبدالقدیر خان نے پاکستان کیلئے جوہری بم پیدا کیا
قائد اعظم,قائداعظم پاکستان کے مشہور قومی ہیرو ہیں
بدس مسجد,لاہور میں بششیہ مسجد ہے
میرا ناممکن,مجھے افسوس ہے کہ میں نہیں جانتا، براہ مہربانی زیادہ مخصوص رہیں
بھارت کے ساتھ پاکستان خارجہ تعلقات,وہ ایک دوسرے کے ساتھ دوستانہ نہیں ہیں
آپ کا نام کیا ہے ؟,میں پی کے بی بوٹ ہوں
پاکستان کا قومی کھیل؟,ہاکی پاکستان کا قومی کھیل ہے
آپ کا ایک سوال کیوں لگ رہا ہے؟,افسوس
امیر خان کون ہے؟,عمران خان فی الحال پی ٹی آئی پارٹی کے چیئرمین ہیں
پاکستان کا قومی ٹیلی ویژن چینل کیا ہے؟,پی ٹی وی نیوز
آفریدی کون ہے؟,سابق کرکٹر
آرمی کون ہے؟,مجھے افسوس ہے کہ میں نہیں جانتا، براہ مہربانی زیادہ مخصوص رہیں
پاکستان کا سرد ترین شہر کا نام؟,زریعہ پاکستان کا سب سے ٹھنڈا شہر ہے
سی پی سی کیا ہے؟,سی پی ای سی سی چین پاکستان اقتصادی کوریڈور کے لئے کھڑا ہے
اس شعبے کے وزیر کا نام؟,انوش الرحمن پاکستان کا وزیر اعظم ہے
پاکستان میں دیہی صحت کے مراکز کی تعداد؟,552 دیہی صحت مراکز موجود ہیں
پاکستان میں جھیلیں,آپ کے سوال کے بارے میں مخصوص ہونا
آپ پاکستان کی زبانوں کے بارے میں کیا جانتے ہیں,اردو پاکستان کی قومی زبان
پاکستان میں کیا اہم معاملات ہیں؟,اہم مسائل ترقی اور دہشت گردی ہیں
پاکستان کسی بھی بین الاقوامی برانڈز کا مالک ہے؟,پاکستان میں نیک، چارلس اور کیتھ، پیڈرو، ٹیگ ہیور، اویسس اور ٹائمکس برینڈ کے خصوصی ڈسٹریبیوٹر
پاکستان کی قومی برادری کا نام کیا ہے؟,چاکور پاکستان کی قومی نسل ہے
پاکستان کی بھاری صنعت کہاں ہے؟,یہ پنجاب میں واقع ہے
پاکستان نے کب آزادی حاصل کی؟,14 اگست 1947 پاکستان کی آزادی کا دن ہے
جوج محال کے بانی کون ہے؟,شاہ جهان تاج محل کا بانی ہے
مجھے بتاو کہ پاکستان کا رہنما کون ہے؟,جو کچھ آپ پوچھ رہے ہو اس کے بارے میں زیادہ خاص ہو
پاکستان کے پہلے چیف جسٹس کا نام کیا ہے؟,انور ظہر جمالی پاکستان کا پہلا چیف جسٹس ہے
مجھے پاکستان کے سب سے زیادہ حیرت انگیز مقامات کے بارے میں بتاؤ؟,کاغانان ہنزا پاکستان کے سب سے زیادہ حیرت انگیز مقامات ہیں
پاکستان کی دارالحکومت کا نام؟,اسلام آباد پاکستان کا دارالحکومت ہے
وزیر اعظم بننے والی پہلی خاتون کون تھی؟,بینظیر بھٹو پاکستان کا پہلا خاتون وزیراعظم تھا
کون سی سی ای سی سی شروع کر دیا,چین اور پاکستان نے سی پی ای سی شروع کردی
پاکستان کے مغربی حصے پر کیا ہے؟,مجھے افسوس ہے کہ میں نہیں جانتا، براہ مہربانی زیادہ مخصوص رہیں
پاکستان میں کتنی پوسٹ پوسٹ موجود ہیں؟,پاکستان میں 12170 پوسٹ دفاتر موجود ہیں
پاکستان کا برآمد,کھیلوں کے مال پاکستان کے بڑے برآمدات ہیں
پاکستان کے پولیو کے مریضوں کی تعداد؟,2017 میں 2 مقدمات ملتے ہیں
پاکستان کے تعلقات چین کے ساتھ کیا ہیں؟,ان کے دوستانہ تعلقات ہیں
پاکستان واقعی ترقی کر رہا ہے,ہاں پاکستان ترقی کر رہا ہے لیکن آہستہ آہستہ
پاکستان کا پہلا وزیر اعظم کون ہے؟,لیاقت علی خان پاکستان کا پہلا وزیر اعظم تھا
پاکستان کی ندیوں؟,بہت سے دریاؤں کو زیادہ مخصوص ہونا ہے
دہشت گردی؟,دن کی طرف سے بڑھتی ہوئی دن
پاکستان کے قومی شاعر,علامہ اقبال پاکستان کا قومی شاعر ہے
پاکستان کے اہم مسائل,دہشت گردی پاکستان کا ایک بڑا مسئلہ ہے
پاکستان کے قیام کی تاریخ؟,پاکستان 14 اگست 1947 کو قائم کیا گیا تھا
پاکستان کے قومی پھل کا نام کیا ہے؟,آم پاکستان کے قومی پھل ہے
1992 میں پاکستان کرکٹ ٹیم کا کپتان کون تھا؟,عمران خان 1992 کرکٹ ٹیم کے کپتان تھے
تم مجھے یہ کیوں کہہ رہے ہو؟,کیونکہ آپ اس کے لئے پوچھ رہے ہیں
سیمنٹ,آپ کے سوال کے بارے میں مخصوص ہونا
پاکستان کے اٹارنی جنرل؟,اشفاق عاطف پاکستان کے اٹارنی جنرل ہیں
کونسا مال پاکستان برآمد کرتا ہے؟,پاکستان برآمد کھیلوں کا سامان
پاکستان کے صوبے کیا ہیں؟,پاکستان صوبہ پنجاب، سندھ، بلوچستان اور کے پی پی کے ہیں
پاکستان کے قومی ہیرو کون ہیں؟,پاکستان کے بہت سے قومی ہیرو ہیں جیسے عمران خان، لیاقت علی خان، علامہ اقبال وغیرہ
پاکستان کے صوبے؟,خیبر پختونخواہ، پنجاب، سندھ، بلوچستان.
اخبارات روزانہ پاکستان میں شائع,اخباروں کی کبھی بڑھتی ہوئی مطالبہ پاکستان میں اخباروں کا حساب کرنا مشکل بناتا ہے
پاکستان کے قومی جانور کا نام؟,مارخور پاکستان کا قومی جانور ہے
کتنے پاکستانیوں کی ملازمتیں ہیں؟,پاکستان میں 43.22 ملین آبادی کا ملازم ہے
کونسل صوبہ اسلام آباد میں ہے؟,یہ دارالحکومت ہے تو یہ کسی بھی صوبے میں واقع نہیں ہے
پاکستان کا سب سے بڑا شہر کیا ہے؟,کراچی پاکستان کا سب سے بڑا شہر ہے
پاکستان کی قومی زبان کیا ہے؟,اردو پاکستان کی قومی زبان ہے
پاکستان میں صحت,آپ کے سوال کے بارے میں زیادہ خاص ہو
پاکستان کے قومی کھیل؟,ہاکی پاکستان کا قومی کھیل ہے
نوازی شریف کون ہے,سابق وزیر اعظم پاکستان
تم نے مجھے کیوں ہٹا دیا؟,مجھے افسوس ہے کہ میں نہیں جانتا، براہ مہربانی زیادہ مخصوص رہیں
سٹرنگ,پاکستان میں ڈھانچہ بنیادی طور پر کپاس سے بنا
پاکستان کے پڑوسیوں,افغانستان چین چین اور بھارت پاکستان کے پڑوسی ہیں
خیبر پختونخواہ کے گورنر کا نام؟,اقبال ظفر جھنگ خیبر پختونخواہ کے گورنر ہیں
پاکستان کے قومی جانور کا نام؟,مارخور پاکستان کا قومی جانور ہے
پاکستان کی عام خوراک؟,برہانی پاکستان کا سب سے عام کھانا ہے
پاکستان کی ناراضگی اور لاتعداد؟,30.3753 ° ن، 69.3451 ° ای پاکستان کے طول و عرض اور طول و عرض ہیں
سندھ کی سوادتی کی شرح کیا ہے؟,53 فیصد خواندگی
پاکستان کے مختلف صوبوں میں کیوں سامراجی نظام موجود ہے؟,کیونکہ ہماری سیاسی نظام اس پر مبنی ہے
وزیر داخلہ کا پیشہ؟,داخلہ وزارت ایک سرکاری وزارت ہے جو عام طور پر پولیس، ہنگامی انتظام، قومی سلامتی، رجسٹریشن، مقامی حکومتوں کی نگرانی، انتخابات کا انتظام، عوامی انتظامیہ اور امیگریشن معاملات کے ذمہ دار ہیں. موجودہ وزیر داخلہ احسن اقبال ہیں.
پاکستان میں کتنے بینکوں ہیں؟,اس مخصوص نمبر کے طور پر نہیں ہے
پاکستان میں تعلیمی نظام کیا ہے؟,اس کی نشاندہی نہیں
پاکستان,آپ کے سوال کے بارے میں مخصوص ہونا
قومی بولی؟,چکھر ڈریج پاکستان کی قومی برادری ہے
پاکستان کے مشہور شہر؟,لہور پاکستان کے مشہور شہر ہے
بھٹو بھٹو زندہ ہے؟,نہیں وہ نہیں ہے
پائیدار لائن؟,پاکستان اور افغانستان کے درمیان لائن
پاکستان میں صوبے؟,پاکستان کے 4 صوبے ہیں
لاہور,لاہور میں صوبہ پنجاب میں واقع ہے
پاکستان میں خواندگی کی شرح,پاکستان کی خواندگی کی شرح 57٪ ہے
pims کی جگہ کیا ہے؟,یہ اسلام آباد میں واقع ہے
پاکستان میں واقع جھیلوں کا نام؟,آباد آباد جھیل لولسار جھیل سیفال ملک جھیل راٹی گلی جھیل پاکستان کے چند جھیل ہیں
پاک میں توانائی بحران؟,پاکستان توانائی کی گہری بحران میں ہے
پاکستان کی قومی زبان کیا ہے,اردو پاکستان کی قومی زبان ہے
پاکستان کے جوہری پودوں کہاں ہیں؟,وہ زیادہ تر کراچی کراچی جوہری پاور پلانٹ کی طرح کراچی میں واقع ہیں
ہسپتال آف پاکستان؟,آپ کیا پوچھ رہے ہیں کے بارے میں مزید مخصوص رہیں
پاکستان کا کھانا؟,سوال کے بارے میں زیادہ خاص ہو
خام جھیل,اسلام آباد میں یہ ایک مصنوعی پانی کی ریزرو ہے جس کی وجہ سے سیاحتی خوبصورتی بہت زیادہ سیاحت ہے.
پاکستان کا بانی کون ہے؟,قائداعظم اعظم محمد علی جناح پاکستان کا بانی ہے
اے ٹی ایس کیا ہے؟,مجھے افسوس ہے کہ میں نہیں جانتا، براہ مہربانی زیادہ مخصوص رہیں
پاکستان کی قومی برادری کا نام؟,چکھر ڈریج پاکستان کی قومی برادری ہے
پاکستان کے قومی جانور؟,مارخور پاکستان کا قومی جانور ہے
پاکستان کا قومی کھیل کیا ہے؟,ہاکی
مجھے پاکستان میں جی ڈی پی فی سیٹ بتاؤ؟,1،468.19 امریکی ڈالر (2016) فی پاکستان میں جی ڈی پی ہے
بین الاقوامی بینک پر پاکستان کا قرض,پاکستان 14.7 بلین ڈالر کا قرض ہے
پاکستان میں دہشت گردی کہاں سے زیادہ ہے؟,پاکستان کے مختلف علاقوں میں اس کی مختلف مثال کے طور پر، پی پی کے، 2014 میں پاکستان میں سب سے زیادہ دہشت گردی کی شرح کا استعمال ہوتا ہے.
امیر خان کون ہے؟,سابق کرکٹر اور پی ٹی کے موجودہ رہنما
روشنی کا شہر؟,کراچی شہر کے طور پر جانا جاتا ہے
مجھے اسلام آباد کے آب و ہوا کے بارے میں بتاؤ؟,اسلم آباد میں آبادی غیر متوقع ہے
گلگت بلتستان کے گورنر,میر غضنفر علی شاہ جی بی کے گورنر ہیں
موجودہ ڈی جی آئی پی آر کون ہے؟,میجر جنرل آصف غفور ڈی جی آئی ایس پی ہے
پاکستان سے؟,مجھے افسوس ہے کہ میں نہیں جانتا، براہ مہربانی زیادہ مخصوص رہیں
پاکستان میں زراعت کی شرح کیا ہے؟,آپ کا سوال کوئی احساس نہیں ہے
سب سے بڑا شہر؟,کراچی پاکستان کا سب سے بڑا شہر ہے
پاکستان کے لئے سی پی ای سی فائدہ مند ہے,ہاں سی پی ای سی سی پاکستان کے لئے فائدہ مند ہے
پاکستان کی تعلیمی نظام,اس سے اپ کا کیا مطلب ہے
پاکستان کی مشہور پارٹی کا نام؟,پی پی پی پاکستان میں سب سے مشہور پارٹی ہے
پاکستان کا سب سے بڑا میوزیم کا نام؟,لاہور میوزیم پاکستان کا سب سے بڑا میوزیم ہے
کے پی پی ای کے منصوبوں K پی کے K؟,سی پی ای کے سی کے کوئی ابھی تک ابھی تک اہم منصوبے نہیں ہیں، لیکن چین نے وعدہ کیا کہ پاکستان کے کسی بھی صوبے کو نظر انداز نہ کریں.
سورج مش کون ہے؟,سورج مسعود پاکستانی سیاستدان ہیں
کیا تم کرکٹ کھیلتے ہو؟,میں کرکٹ کھیلنے نہیں دیتا
مریمام نوزاز کون ہے؟,نویج شیرف کے ڈیوگسٹرٹر
آپ کونسی زبان میں لکھے گئے تھے؟,میں پڈون زبان میں لکھا ہوں
اسلام آباد,اسلام آباد پاکستان میں ہے
پاکستان کے پہلے چیف جسٹس کا نام؟,انور ظہر جمالی پاکستان کا پہلا چیف جسٹس ہے
پاکستان کے بانی کا نام,پاکستان کا بانی قائد اعظم محمد جن جنا ہے
تم کون ہو,میں پی کی بیوٹی ہوں
C P E C کے بارے میں معلومات؟,چین-پاکستان اقتصادی کوریڈور علاقائی رابطے کا ایک فریم ورک ہے.
مجھے بتاو کہ پاکستان کے قومی گندے نے لکھا؟,حفیظ جہالینڈری نے پاکستان کی قومی ترانہ کی تشکیل کی
صوبہ پنجابی ہے؟,ہاں یہ پاکستان کا صوبہ ہے
پاکستان کی تعلیم میں پیچھے کیوں نہیں ہے اس وجہ سے اہم مسائل کیا ہیں؟,فساد بڑا مسئلہ ہے
سی پی ای سی سی کی مکمل شکل,چین - پاکستان اقتصادی کوریڈور
پاکستان نے ٹاس کرکٹ ورلڈ کپ کب جیت لیا؟,پاکستان نے 2009 میں ٹی 20 جیت لیا
پاکستان کی سب سے طویل ماؤنٹین رینج کیا ہے اور یہ دنیا کی درجہ بندی میں کہاں ہے؟,ہمالیہ دنیا میں اپنی درجہ بندی نمبر 2 کی حد تک محدود ہے
تیسری بولی زبان کا نام کیا ہے,سنڈی پاکستان میں تیسری سب سے زیادہ بولی زبان ہے
پاکستان میں ندیوں کی تعداد,پاکستان میں 5 اہم دریا ہیں، سندھ، راوی، چننیاب، جہلم اور سوٹج
مجھے پاکستان کے قومی جانور کے نام سے بتاؤ؟,مارخور پاکستان کا قومی جانور ہے
پاکستان کا سب سے چھوٹا صوبہ؟,خیبر پختونخواہ پاکستان کا سب سے چھوٹا صوبہ ہے
پاکستان میں بنیادی ہیلتھ یونٹس کی تعداد؟,5301 بنیادی صحت یونٹس پاکستان میں
پاکستان کا سب سے چھوٹا سا نجی نام کیا ہے؟,فاسٹ پاکستان کا سب سے چھوٹا سا نجی ہے
پاکستان کے موجودہ صدر,ممنو حسین حسین پاکستان کے موجودہ صدر ہیں
مجھے ہیک کے بارے میں بتاو؟,پاکستان کی اعلی تعلیمی کمیشن
پاکستان کی طرف سے کیا بدعتیں ہیں؟,مجھے افسوس ہے کہ میں نہیں جانتا، براہ مہربانی زیادہ مخصوص رہیں
بنیادی طور پر برآمد پاکستان,مشینری پاکستان کا بنیادی برآمد ہے
پاکستان کا سب سے خوبصورت اداکارہ کون ہے؟,میرا کان
بہترین اقبال,پاکستان کے داخلہ وزیر
پاکستان کا دوسرا دوپہر؟,خواجہ ناظم الدین پاکستان کا دوسرا وزیر اعظم ہے
پاکستان کے لئے مشہور کیا ہے؟,پاکستان اس سیاحتی مقامات، متنوع کھانے، مہمانوں وغیرہ کے لئے مشہور ہے
پاکستان,آپ کے سوال کے بارے میں زیادہ خاص ہو
Ayoub Khan,1958 ء میں پاکستان کا صدر تھا
مجھے پاکستان کے قومی جانور کے بارے میں بتاؤ؟,مارخور پاکستان کا قومی جانور ہے
حل کیا ہے؟,مجھے افسوس ہے کہ میں نہیں جانتا، براہ مہربانی زیادہ مخصوص رہیں
پاکستان میں دریافتیں ہیں,سوتیل راوی چناب پاکستان میں چند دریا ہیں
پاکستان میں سیاحوں کی اکثریت کونسی جگہ ہے؟,شمالی علاقوں
جی بی کے موجودہ وزیر اعلی کا نام؟,حفیظ الرحمان جی بی کے وزیر اعلی ہیں
چچا مجبو واقع واقع ہے,مجھے افسوس ہے کہ میں نہیں جانتا، براہ مہربانی زیادہ مخصوص رہیں
پاکستان کے قومی رنگ؟,گرین پاکستان کا قومی رنگ ہے
پاکستان میں زراعت,پاکستان میں زرعی کمی ہے
پاکستان کی قومی زبان؟,اردو پاکستان کی قومی زبان ہے
مجھے پاکستان کے قومی ذخائر کے بارے میں بتائیں,آپ کو زیادہ مخصوص ہونا ضروری ہے
پی اے ایف کیا ہے؟,پاکستان ہوائی جہاز
پاکستان کا خارجہ وزیر کون ہے؟,خواجہ محمد آصف موجودہ وزیر خارجہ ہیں
پاکستان کا قومی گانا؟,پاکستان کے ایسے قومی گانا نہیں ہے
بینز بھٹو,اس سے اپ کا کیا مطلب ہے
منگو,آم پاکستان کے قومی پھل ہے
بہترین لالی ووڈ فلم؟,مجھے افسوس ہے کہ میں نہیں جانتا، براہ مہربانی زیادہ مخصوص رہیں
لکڑی,پاکستان میں جادوگروں کا برکت
پاکستان کے چھوٹے صوبے کے بارے میں معلومات؟,کے پی پی کے پاکستان کا سب سے چھوٹا صوبہ ہے
ڈی ایچ اے اسلام آباد کا مالک کون ہے؟,پاکستان مسلح افواج اسلام آباد میں ڈی ایچ اے کے مالک ہیں
پاکستان کی قدرتی خوبصورتی,پاکستان کے عوام پاکستان کی قدرتی خوبصورتی ہے
آپ کا نام کیا ہے,میرا نام پی کے بی بوٹ ہے
پاکستان کرکٹ لیگ کا نام,پاکستان سپر لیگ پاکستان کے میگا کرکٹ کارنیول کا نام ہے
اسلام آباد,اس سے اپ کا کیا مطلب ہے
پاکستان کی تفریحی صنعت؟,روء سوال کے بارے میں زیادہ خاص ہو
پاکستان کا آخری صدر کون تھا؟,آصف زرداری پاکستان کے سابق صدر تھے
پاکستان کے صوبوں کا نام؟,پاکستان کے صوبے K پی کے، سند، بلوچستان، پنجاب اور گلگت بلتستان ہیں
تم مجھے سبھی غلط جواب دے رہے ہو,براہ کرم اس سوال سے پوچھتے وقت زیادہ مخصوص ہونے کی کوشش کریں تاکہ ہمارے پاس کوئی غلط فہمی نہیں ہے
پاکستان کے خارجہ وزیر کا نام؟,پاکستان کا خارجہ وزیر نہیں ہے
پاکستان کا سب سے بڑا نجی یونین کا نام کیا ہے؟,IBA اور LUMS
پاکستان کے اہم مسائل,دہشت گردی پاکستان کا ایک بڑا مسئلہ ہے
نوازی شیرف غیر معطل کیوں ہیں؟,بدعنوان کی وجہ سے
سب سے زیادہ اضافہ ہوا,80 فیصد کسانوں کے ساتھ یہ تقریبا 9 ملین ہیکٹروں کے علاقے میں بڑھتی ہوئی ہے
پاکستان کا قومی کھیل کیا ہے؟,ہاکی پاکستان کا قومی کھیل ہے
فلم کی طرف سے کئے گئے فلموں؟,مجھے افسوس ہے کہ میں نہیں جانتا، براہ مہربانی زیادہ مخصوص رہیں
پاکستان میں مشہور اسپتال؟,پمز پاکستانی مشہور ہسپتال ہے
پنجابی سینٹی میٹر کا نام,شاہد شیخ
پاکستان کے قومی رنگوں کا نام کیا ہے؟,گرین پاکستان کا قومی رنگ ہے
پاکستان کی قومی برادری؟,چکھر ڈریج پاکستان کی قومی برادری ہے
بہترین لیڈر کون ہے؟,قائداعظم اعظم محمد علی جناح پاکستان کا بہترین رہنما ہے
پاکستان کے جوہری میزائل کا نام؟,R-5M MRBM کے لئے 40 کلو واٹ ہیڈیس آر ایس ایس- پاکستان کے جوہری میزائل کا نام ہے
بدشاہی مسجد کہاں ہے؟,لاہور میں بششیہ مسجد ہے
کے پی پی کے دارالحکومت کا نام؟,پشاور کے پی پی کے دارالحکومت پشاور ہے
جس شہر پاکستان میں بدترین شہر ہے,پاکستان کا بدترین شہر کراچی ہے
مجھے جلیب کے بارے میں بتاؤ؟,وہ ایک حیرت انگیز شاعر ہے
پنجاب میں بولی گئی زبان؟,پنجابی میں اکثر بولی جانے والی زبان پنجابی ہے
جس نے پاکستان بنایا,قائد اعظم نے پاکستان کو پیدا کیا
گلگت بلٹستان کے موجودہ وزیر اعظم کون ہیں؟,گلگت بلتستان کے وزیر اعلی حفیظ الرحمان ہیں
چنگا منگنگ میں واقع ہے؟,چنگا منگا قاسب کے قصور اور لہور ضلع میں ہے
نام ڈیم آف پاکستان؟,تربایل ڈیم سب سے بڑی ڈیم ہے
کونسیری ہے,مجھے افسوس ہے کہ میں نہیں جانتا، براہ مہربانی زیادہ مخصوص رہیں
میں کیا کروں؟,یہ پاکستان میں انٹیلی جنس ایجنسی ہے
پاکستان میں سب سے بڑا صحرا کا نام,تھر پاکستان میں سب سے بڑا صحرا ہے
بہترین ہسپتال کیا ہے؟,pims
پاکستان میں کتنے ندی ہیں؟,پاکستان میں بہت سارے دریا ہیں
پاکستان میں کتنے ہسپتال کل ہیں؟,مجھے افسوس ہے کہ میں نہیں جانتا، براہ مہربانی زیادہ مخصوص رہیں
پاکستان کے پڑوسیوں کون ہیں؟,افغانستان بھارت چین پاکستان کے پڑوسی ہیں
بلوچستان، پاکستان میں کتنے ہسپتال,بلوچستان میں 3 سرکاری ہسپتال ہیں
پاکستان میں دہشت گردی بڑھ رہی ہے؟,نہیں، پاکستان میں دہشت گردی یقینی طور پر کم ہوتی ہے جیسا کہ ہم بولتے ہیں!
مارخور,پاکستان کے قومی جانور
پاکستان کی سب سے بڑی ضلع آبادی,لاہور پاکستان کی آبادی کا سب سے بڑا ضلع ہے
ہندوستان اور پاک جنگ کی تاریخ کیا ہے؟,یہ 1965 میں لڑا گیا تھا
پاکستان نیٹو میں شمولیت اختیار کرتا ہے؟,1994 ء میں پاکستان میں شمولیت اختیار کی
پاکستان کو اگلے ڈیم کی تعمیر کرنا چاہئے؟,مجھے افسوس ہے کہ میں نہیں جانتا، براہ مہربانی زیادہ مخصوص رہیں
پاکستان کا سب سے زیادہ کھیل کھیلا,فی الحال کرکٹ پاکستان میں سب سے زیادہ کھیلا جاتا ہے کھیل ہے
کہاں بینک شاخ ہے,مختلف شہروں میں
پاکستان کی قومی زبان کیا ہے؟,پاکستان کی قومی زبان اردو ہے
فوجی عملے کے موجودہ سربراہ؟,قمر جاوید باجوہ اسٹاف آف آرمی چیف ہیں
پرچم پرچم میں سفید رنگ کی نمائندگی کرتا ہے؟,یہ چاند اور ستارے کی نمائندگی کرتا ہے
پاکستان میں کوئی ویڈیو گیم انڈسٹری کیوں نہیں ہے؟,ہاں بہت سے ویڈیو گیم صنعت ہے.
مجھے قومی خوراک کے بارے میں بتاو؟,باریانی پاکستانی قومی خوراک ہے
پاکستان کا صدر کیوں نکال دیا گیا ہے,براہ کرم مزید مخصوص ہو
پاکستان میں رحم,اس سے اپ کا کیا مطلب ہے
سب سے بڑا کپاس پیدا کرنے والے شہر؟,حیدرآباد کا سب سے بڑا کپاس کی پیداوار شہر ہے
ہوائی جہاز کمپنی کا مالک کون ہے؟,شاہد ققان اباسب فضائیہ کا مالک ہے
1965 میں کیا ہوا؟,1965 ء میں پاکستان اور بھارت کے درمیان ایک عظیم جنگ لڑا
اسلام آباد,پاکستان کا دارالحکومت
رشیا کون ہے,آپ کی بہن
کون سا ہے؟,وہ مقصود رہنما ہے
مجھے پاکستان کے لوگوں کے بارے میں بتاؤ؟,پاکستان کے عوام اپنی مہمانیت کے لئے مشہور ہیں
پاکستان میں بہترین یونیورسٹی؟,LUMS اور AKU پاکستان میں بہترین یونیورسٹی ہیں
مجھے پاکستان کے توانائی بحران کے بارے میں بتائیں,کم از کم ڈیموں کی وجہ سے ہم پاکستان میں انرجی بحران کا شکار ہیں
پاکستان کا پہلا وزیر اعظم؟,لیاقت علی خان پاکستان کا پہلا وزیر اعظم تھا
موجودہ خارجہ وزیر کا نام کیا ہے؟,خواجہ محمد آصف پاکستان کے موجودہ وزیر خارجہ ہیں
پاکستان میں دہشت گردی کا خاتمہ؟,ہم صرف دہشت گردی پر قابو پانے میں صرف پاکستان کے امیر اور غریب کمیونٹی کے درمیان اقتصادی فرق کو کم کر سکتے ہیں.
مجھے بتاو کہ پاکستانی حکومت اسلامی؟,ہاں یہ ہونا چاہئے کیونکہ ریاست اسلامی جمہوریہ پاکستان کے طور پر تسلیم کیا جاتا ہے
ہم سی پی ای سی سی سے حاصل کریں گے,دیگر ممالک کے ساتھ ٹریڈنگ کی قیمت کو کم کریں
مجھے پاکستان کے بڑے مسائل کے بارے میں بتاؤ؟,دہشت گردی پاکستان میں اہم مسئلہ ہے
پاکستان فٹ بال ٹیم کی کمزوری کارکردگی کا سبب بنتا ہے,انتظام کی کمی کی وجہ سے
پاکستان میں ریلوے اسٹیشنوں کی کل تعداد؟,781 ریلوے سٹیشنیں موجود ہیں
آئین میں سیکشن 109 کیا ہے,یہ میرے علم میں نہیں ہے
___ ___ 0,پوٹاہو کے علاقے میں تیز قسم آب و ہوا ہے. مونسون سب سے اہم ذریعہ ہے جو پوٹاہو خطے میں نمی کو دوبارہ بحال کرتا ہے.
قومی گندگی لکھا ہوا شخص کا نام کیا ہے؟,حفیظ جالینڈری نے پاکستان کا قومی جانور لکھا
مجھے پاکستان کے قومی کھیل کے بارے میں بتاؤ؟,ہاکی پاکستان کا قومی کھیل ہے
شاکرا کون ہے؟,شاکر کولمبیا گلوکار ہے
پاکستان کا سب سے بڑا صوبہ؟,بلوچستان پاکستان کا سب سے بڑا صوبہ ہے
پاکستان کے قومی سرود کے مصنف؟,حفیظ جلندھری نے پاکستان کا قومی سرود لکھا
پاکستان میں ڈاکٹروں کی کل تعداد؟,110،000 ڈاکٹروں نے پاکستان میں رجسٹرڈ کیا ہے
پاکستان کا سب سے بڑا نجی یونیورسٹی؟,راحہ انٹرنیشنل یونیورسٹی، پاکستان کا سب سے بڑا یونیفارم ہے
کیا تم گونگا ہو؟,نہیں، مہودی نہیں
کون ہوشیار شخص ہے؟,مجھے افسوس ہے کہ میں نہیں جانتا، براہ مہربانی زیادہ مخصوص رہیں
پلاٹینم کا کیا مطلب ہے,پلاٹینم کا مطلب 25 سال ہے
بھارت سے پاکستان کی علیحدگی,1947 میں پاکستان بھارت سے الگ تھا
پاکستان کے سب سے بڑے صوبے کا نام کیا ہے؟,پنجاب کا سب سے بڑا صوبہ پنجاب ہے
پاکستان کی عام خوراک کیا ہے؟,برہانی پاکستان کا سب سے عام کھانا ہے
افغانستان سے پاک تعلقات؟,جیسا کہ وہ مسلم ممالک ہیں، تعلقات تعلقات اچھے ہیں
نانی وادی کہاں ہے,نران کے پی کے ک کے اوپری خانہ میں ہے
کونسا شہر گندی ہے؟,مختلف اداروں کی طرف سے کئے جانے والی سروے کے مطابق، کراچی پاکستان میں گندی ترین شہر ہوسکتا ہے
پاکستان میں دہشت گردی,پاکستان میں دہشت گردی بہت کم ہے
اسکواش کی تاریخ میں سب سے طویل جیتنے والا اسکرین کا ریکارڈ کونسا ہے؟,جہانگیر خان
ڈالر کیا ہے,ڈالر پاکستان کی کرنسی ہے
پاکستان کا کل مزدور کیا ہے,کل مزدور قوت 57.2 ملین ہے
پاکستان کا دوسرا بڑا شہر؟,لہور پاکستان کا دوسرا بڑا شہر ہے
ہم کس طرح دیہی علاقوں میں اپنے ہسپتال کے نظام کو بہتر بنا سکتے ہیں؟,زیادہ پیسے خرچ کر کے
پاکستان کے پڑوسی کون ہیں؟,چین بھارت افغانستان پاکستان کے پڑوسی ہیں
پاکستان میں خوبصورت لڑکی کا نام کیا ہے؟,زیادہ مخصوص ہو
بہترین لیڈر کون ہے؟,قائداعظم اعظم محمد علی جناح پاکستان کا بہترین رہنما ہے
کس نے 1965 کی جنگ جیت لی؟,بھارت اور پاکستان دونوں کو یہ جنگ جیتنے کا دعوی ہے.
ذوالجانا کون ہے؟,ذوالجہہ حضرت حسین بن علی (را) کے گھوڑے کا نام ہے
مريم نوزز کون ہے؟,وہ نوازی شیرف کا داغوسٹر ہے
اسلم آباد میں ہسپتال,آپ کا سوال کوئی احساس نہیں ہے
پاکستان میں پہلی یونیورسٹی کا نام کیا ہے؟,میں ہوں اس کا جواب نہیں دے سکتا کیونکہ پاکستان میں اس کی تخلیق کے وقت بہت سے یونیورسٹییں ہیں جو پاکستان کی آزادی سے قبل تعمیر کیے گئے تھے
پاکستان کا قومی شاعر کون ہے؟,علامہ اقبال پاکستان کا قومی شاعر ہے
مجھے پاکستان کے توانائی بحران کے بارے میں بتاؤ؟,پاکستان میں کم از کم ڈیموں کی وجہ سے
قومی ہیرو,قائداعظم پاکستان کے قومی ہیرو ہے
پاکستان کے پہلے وزیراعظم کون تھے؟,لیاقت علی خان پاکستان کا پہلا وزیر اعظم تھا
پاکستان کی قومی مسجد کا نام کیا ہے؟,فیصل مسجد پاکستان کی قومی مسجد ہے
پاکستان کی خواندگی کی شرح؟,پاکستان کی خواندگی کی شرح 57 فیصد ہے
لڑکی؟,فاٹا پاکستان کا خطہ ہے
بھٹی کا باپ کون ہے؟,مجھے افسوس ہے کہ میں نہیں جانتا، براہ مہربانی زیادہ مخصوص رہیں
کیا کھلاڑی ایک سرکاری ملازمت حاصل کرسکتا ہے؟,مجھے افسوس ہے کہ میں نہیں جانتا، براہ مہربانی زیادہ مخصوص رہیں
پاکستان کا بہترین اداکار,شان پاکستان کا بہترین اداکار ہے
پاکستان کی آبادی کتنی تعلیم یافتہ ہے؟,پاکستان کی خواندگی کی شرح 57٪ ہے
پنجابی کون سی سینٹی میٹر ہے؟,شیخ رشید پنجابی کی سینٹی میٹر ہے
شیخ رشید کون ہے,راولپنڈی میں عوام کی آواز
شیخ رشید,راولپنڈی میں عوام کی آواز
پاکستان کی قومی زبان؟,اردو پاکستان کی قومی زبان ہے
پاکستان کا موسم؟,یہ بہت اچھا ہے
پاکستان کے قومی ہیرو کون ہے؟,قائداعظم پاکستان کے قومی ہیرو ہے
پاکستان کا سب سے بڑا برآمد کیا ہے؟,کھیلوں کی مصنوعات پاکستان کے اہم برآمدات ہیں
ملالہ کی وضاحت کریں,وہ پاکستان کے لئے ایک نوبل امن انعام جیتنے والا ہے
پاکستان میں فہیم کون ہے؟,آپ کا سوال کوئی احساس نہیں ہے
کون نے پاکستان کا قومی سرود لکھا؟,حفیظ جلندھری نے پاکستان کا قومی سرود لکھا
اسکواش میں مسلسل جیت کی زیادہ سے زیادہ تعداد کے لئے عالمی ریکارڈ؟,اسکینش میں (جہانگیر خان) پاکستان کے 555 مسلسل کامیابیاں (ناقابل شکست)
پاکستانی آئین میں کتنی مضامین موجود ہیں؟,شہید ہونے والے فوجیوں کی کوئی خاص تعداد نہیں ہے
پاکستان کی قومی آبادی نے لکھا ہے؟,حفیظ جلندھری نے پاکستان کا قومی سرود لکھا
1973 کا آئین کا اہم پنواہ کیا تھا,مجھے افسوس ہے کہ میں نہیں جانتا، براہ مہربانی زیادہ مخصوص رہیں
پاکستان کا مشہور کھیل کیا ہے؟,کرکٹ پاکستان میں مشہور کھیل ہے
پاکستان میں تعلیمی نظام اچھا نہیں ہے، ہم اسے کیسے بہتر بناتے ہیں؟,تعلیم پر زیادہ بجٹ خرچ کر کے
پاکستان کی تاریخی جگہیں کیا ہیں؟,پاکستان میں بہت سے تاریخی مقامات موجود ہیں جیسے راکٹاس قلعہ، حیر منار پارک وغیرہ
پاناما لیک قانون فرم کا نام؟,Mossack Fonseca
دہشت گردی کے خلاف پاکستانی حکومت کا کردار کیا ہے؟,زاربہ ازب پاکستان میں دہشت گردی کے خلاف تحریکوں کا آغاز
پاکستان میں ہائی سکولوں کی تعداد؟,16100 ہائی اسکول ہیں
افغانستان اور پاکستان کے درمیان جنگ کی معلومات؟,یہ پاکستان میں دہشت گردی کی جڑ ہے
پاکستان میں کیا زبانیں ہیں؟,سنڈی گنچی پنجبی وغیرہ وغیرہ جیسے بہت ساری لینگوئیاں ہیں
پاکستان میں ایف ای ایس یونیورسٹی کہاں واقع ہے؟,جلدی واقع اسلام آباد، کراچی، لہوری وغیرہ میں واقع ہے
پاکستان کی قومی کاٹنے کا نشان؟,علامہ اقبال پاکستان کا قومی شاعر ہے
آپ کا نام کیا ہے,میرا نام پی بی بوٹ ہے
پاکستان میں سب سے زیادہ پہاڑ چوک کون ہے؟,K2 پاکستان میں سب سے زیادہ پہاڑ ہے
موجودہ آرمی چیف کون ہے؟,قمر جاوید باجواہ پاکستان کے موجودہ وزیر اعظم ہیں
امیر خان کون ہے؟,وہ پاکستان کا سابق کھلاڑی ہے
پاکستان کی قومی مسجد کیا ہے؟,فیصل مسجد پاکستان کی قومی مسجد ہے
پاکستان کی قومی شاعر کون ہے؟,علامہ اقبال پاکستان کا قومی شاعر ہے
بدشاہی مسجد میں واقع ہے,لاہور میں بششیہ مسجد ہے
1992 کرکٹ ورلڈ کپ کے چیمپئن کون ہیں؟,پاکستان کرکٹ ورلڈ کپ 1992 کا چیمپئن تھا
K2 کی اونچائی؟,8611 میٹر
پاکستان کے بہترین گلوکار کا نام؟,علی ظفر پاکستان کا بہترین گلوکار ہے
پاکستان کا بہترین اداکار کون ہے؟,شان پاکستان کا بہترین اداکار ہے
پاکستان کا صدر کون تھا؟,مخصوص سے پہلے (وقت کی مدت کا ذکر کریں)
پاکستان کے کھلاڑیوں کی کیا بات ہے؟,زیادہ مخصوص ہو کیونکہ بہت سے شعبوں میں بہت سے کھلاڑیوں کی تعداد موجود ہے
مجھے پاکستان کے بڑے مسائل کے بارے میں بتاؤ؟,دہشت گردی پاکستان میں اہم مسئلہ ہے
جس نے خودکار آٹومیٹا کیا,شاید کمپیوٹر سائنسدان
بینظیر بھٹو,اس سے اپ کا کیا مطلب ہے
سی پی ای سی,سی پی ای سی سی چین پاکستان اقتصادی کوریڈور کے لئے کھڑا ہے
پاکستان کا پہلا صدر؟,اسککر مرزا مرزا پاکستان کا پہلا صدر ہے
وہ؟,یہ پاکستان میں انٹیلی جنس ایجنسی ہے
سی پی ای سی,سی پی ای سی چین چین پاکستان اقتصادی کوریڈور کے لئے کھڑا ہے، بنیادی طور پر پاکستان اور چین کے درمیان تجارتی مقاصد کے لئے.
پاکستان کی سب سے بڑی تنظیم کون ہے؟,ایڈیشن بنیاد پاکستان کی سب سے بڑی بنیاد ہے
پاکستان کا توانائی بحران کیا ہے؟,پاکستان میں لوڈ شیڈنگ سب سے بڑی مسئلہ ہے
پاکستان فاسٹ یونیورسٹی NUCES کونیکٹر ہے؟,ڈاکٹر ایوب الی نے FAST-NU کا ریکٹر ہے
لاہور کہاں ہے,لاہور میں صوبہ پنجاب میں واقع ہے
پاکستان کے قومی ہمت کا نام کیا ہے؟,چاکور پاکستان کی قومی نوعیت ہے
مارخور,مارخور پاکستان کا قومی جانور ہے
1965 جنگ کے درمیان لڑا گیا تھا؟,1965 جنگ جموں و کشمیر میں پاکستان اور بھارت کے درمیان لڑا گیا تھا
پاکستان فٹ بال ٹیم کی کمزوری کارکردگی کا کیا سبب ہے,انتظام کی کمی کی وجہ سے
جی ہاں,ٹھیک ہے
پاکستان میں بینکوں,آپ کے سوال کے بارے میں مخصوص ہونا
چاچا مجبور کہاں ہے؟,مجھے افسوس ہے کہ میں نہیں جانتا، براہ مہربانی زیادہ مخصوص رہیں
سندھ کے موجودہ وزیر اعلی؟,مراد علی شاہ سندھ کے وزیر اعلی ہیں
پاکستان میں کتنے زبانیں بولی جاتی ہیں؟,پاکستان میں بہت سے زبانیں بولی جاتی ہیں
کونسا ملک پاکستان کے ساتھ بہترین تعلقات رکھتا ہے؟,چین
امیر خان کون ہے؟,سابق کرکٹر پاکستان
قومی جانور کا نام؟,مارخور پاکستان کا قومی جانور ہے
پاکستان میں سب سے بڑا شہر,کراچی پاکستان کا سب سے بڑا شہر ہے
ہیلو,ہیلو
پاکستان کے قومی ہیرو کون ہیں؟,بہت سے قومی ہیں تو آپ کے سوال کے بارے میں زیادہ خاص ہو
پاکستان کے مشہور,اس سے اپ کا کیا مطلب ہے
مجھے ارفا کارم کے بارے میں بتاؤ؟,ارفا کارم سب سے چھوٹی مائیکروسافٹ مصدقہ پروفیشنل (ایم سی سی) ہے.
پاکستان کا سب سے موثر طاقتور اسٹیشن کا نام؟,کوٹ ادودو پاور کمپنی لمیٹڈ پاکستان کی سب سے موثر طاقتور اسٹیشن ہے
ہم پاکستان میں اپنے تعلیمی نظام کو کیسے تبدیل کرسکتے ہیں؟,تعلیم کے لئے زیادہ بجٹ مختص کرکے
سینٹی میٹر کی پی سینٹی میٹر؟,پرویز خٹک کشمیر کے پی کے وزیر اعظم ہیں
مجھے بتاو گیس اچھا یا رونالڈو ہے؟,گندی میری بائی
پاکستان میں قومی کھیل کیا ہے؟,ہاکی پاکستان کا قومی کھیل ہے
خیبر پختونخواہ کے موجودہ وزیر اعلی کا نام؟,پرویز خٹک خیبر پختونخواہ کے وزیر اعلی ہیں
وزیر اعظم کون ہے,شاہد خاقان اباسی پاکستان کا وزیر اعظم ہے
تعلیم کو مختص معیشت کے تناسب کا خالص مال کیا ہے؟,2961.926 ملین روپے
کون نے 'پاکستان' کا نام تجویز کیا؟,چوہدری رحمہ علی
نوازی شیرف ایک اچھا رہنما ہے؟,کسی قسم کا
سی پی ای سی,سی پی ای سی چین چین پاکستان اقتصادی کوریڈور کے لئے کھڑا ہے، بنیادی طور پر پاکستان اور چین کے درمیان تجارتی مقاصد کے لئے.
پاکستان کے قومی ادارے کے بارے میں معلومات؟,بہت سے قومی اداروں میں بہت زیادہ خاص ہو
پاکستان کے موجودہ مالیاتی وزیر کون ہے؟,اسحاق ڈار پاکستان کے موجودہ مالیاتی وزیر ہیں
ہیلو,ہیلو
پاکستان کے بڑے مسائل کیا ہیں؟,دہشت گردی پاکستان میں اہم مسئلہ ہے
پاکستان دفاع وزیر کا نام؟,خرم دستگیر پاکستان کا دفاع وزیر ہے
پاکستانی فوجی فوجیوں کی تعداد؟,تقریبا 0.8 ملین فوجی فوجی اور 0.2 ملین اسٹینڈ کی طرف سے یونٹس
ایم ق م رہنما,فاروق ستار ایم ایم ایم لیڈر ہیں
پاکستان کے خارجہ وزیر کا نام؟,خواجہ محمد آصف پاکستان کے موجودہ وزیر خارجہ ہیں
پاکستان کے کم ترین ترین صوبے کا نام کیا ہے؟,بلوچستان پاکستان کا سب سے زیادہ مقبول ترین صوبہ ہے
پاکستان کا سب سے بڑا قلعہ؟,رانی کوٹ پاکستان کا سب سے بڑا قلعہ ہے
ذوالفقارہ پاکستان کا بانی ہے,قائد اعظم محمد علی جناح پاکستان کا بانی ہے
پاکستان کی تعداد کیا ہے؟,پاکستان میں کل 69 شہر ہیں
پاکستان کے صوبوں کی تعداد,پاکستان میں 4 صوبوں ہیں
پنجاب کا دارالحکومت کیا ہے؟,لہر پنجاب کے دارالحکومت ہے
پاکستان میں مشہور مسجد کیا ہے؟,فیصل مسجد
پاکستان میں قومی کھیل کا نام کیا ہے؟,پاکستان میں ہاکی قومی کھیل ہے
کون سی ملک پاکستان کے پڑوسی ہیں؟,افغانستان چین چین پاکستان کے پڑوسی ہیں
حافظ جھنندھر؟,انہوں نے پاکستان کا قومی جانور لکھا
ہیلو,ہیلو اجنبی
موجودہ ڈی جی رینجرز کا نام؟,نوید حیات خان. کیا ڈی جی رینجرز
مجھے امریکہ کے بارے میں بتاؤ؟,امریکہ ایک براعظم اور ریاست ہے، براہ کرم مزید مخصوص ہو
پاکستان کا خالق کون ہے؟,قائداعظم پاکستان کا خالق ہے
موجودہ صدر کون ہے,ممنو حسین
پاکستان کے ملک کا نام؟,قائداعظم محمد علی جناح
سیب,سیب اکثر پاکستان کے شمالی علاقوں میں بڑھ جاتا ہے
کون شرمین ہے,مجھے افسوس ہے کہ میں نہیں جانتا، براہ مہربانی زیادہ مخصوص رہیں
جی ہاں,ٹھیک ہے
پاکستان کا پہلا دارالحکومت؟,کراچی پاکستان کا پہلا دارالحکومت ہے
پاکستان میں جھیلیں,پاکستان میں بہت سارے خوبصورت جھیل ہیں
دارالحکومت,اسلام آباد پاکستان کا دارالحکومت ہے
پاکستان؟,پاکستان پہلا مسلم سپر پاور ملک ہے
تاریخی مقامات,پاکستان میں تاریخی جگہ ہارپا اور موہنجو ڈارون ہے
پاکستان کے ریاستی بینک کا پہلا گورنر کون تھا؟,زاهد حسین پاکستان کے ریاستی بینک کا پہلا گورنر تھے
پاکستان کی بہترین جگہ کا نام کیا ہے؟,کشمیر پاکستان میں سیاحت کا بہترین مقام ہے
پاکستان کا کھانا؟,آپ کے سوال کے بارے میں زیادہ خاص ہو
تعلیمی اداروں,پاکستان میں نمبر 1 نمبر نمبر ہے
سب سے بڑا شہر؟,کشتی پاکستان کا سب سے بڑا شہر ہے
پاکستان میں کمپنیاں ہیں؟,جس میدان میں
پاکستان کی خواندگی کی شرح,پاکستان کی خواندگی کی شرح 57 فیصد ہے
پاکستان کی درآمد کیا ہے؟,پاکستان بہت ساری چیزوں کو درآمد کرتا ہے
جس کا پاکستان کا سب سے زیادہ خوشحال صوبہ ہے,پنجاب کا سب سے زیادہ خوشحال صوبہ ہے
پاکستان کے بہترین ادارے کا نام؟,فاسٹ یونیورسٹی
کے لئے جانا جاتا ہے,اچھی منصوبہ بندی والا شہر
پاکستان کا سب سے بڑا دریا کونسا ہے؟,دریا کے اندھیرے
پاکستان کی قومی خوراک کیا ہے,باریانی پاکستانی قومی خوراک ہے
پاکستان میں آنے والی بہترین جگہیں کونسا ہیں؟,شمالی علاقوں میں پاکستان کے دورے کے لئے بہترین مقامات ہیں
پشاور,کے پی کے کے کیپٹل
پاکستان کا صدر؟,ممنون حسین پاکستان کا صدر ہے
اسلام آباد کو کیا معلوم ہے؟,اچھی منصوبہ بندی والا شہر
پاکستان کی تاریخی جگہیں کیا ہیں؟,پاکستان میں بہت سے تاریخی مقامات موجود ہیں جیسے راکٹاس قلعہ، حیر منار پارک وغیرہ
دریا سوات کہاں واقع ہے؟,پاکستان کے شمالی حصے میں
پاکستان کا قومی کھیل کیا ہے؟,ہاکی پاکستان کا کھیل ہے
کون سا مال پاکستان میں درآمد کرتا ہے؟,مشینری پاکستان کی بڑی درآمد ہے
پاکستان کا خالص بجٹ کیا ہے؟,2016-17 بجٹ کا مجموعی 4،894.9 بلین روپے تھا.
پاکستان کے پہلے صدر,اسککر مرزا مرزا پاکستان کا پہلا صدر ہے
سی پی ای سی,سی پی ای سی | چین - پاکستان اقتصادی کوریڈور (سی پی ای سی سی) سرکاری ویب سائٹ پلاننگ وزارت کی طرف سے تیار
پاکستان کا برآمد,مشینری پاکستان کا برآمد ہے
پاکستان میں جس جگہ زیادہ عام پھل موجود ہے اس میں؟,پنجاب میں
پاکستان کا قومی نشان,مجھے افسوس ہے کہ میں نہیں جانتا، براہ مہربانی زیادہ مخصوص رہیں
پاکستان میں ڈسپینسروں کی تعداد؟,پاکستان میں 4600 ڈسپینس موجود ہیں
نسان حیدر کی کل وصول کنندہ؟,نیشن ہائڈر کے 11 وصول کنندگان
نوازی شریف کون ہے؟,سابق وزیر اعظم پاکستان
پاکستان کے مشہور سیاسی رہنما,بھٹو پاکستان کا مشہور رہنما ہے
سب سے اوپر اسٹار کون سا درجہ ہے؟,اس سے آپ کا کیا مطلب ہے
پاکستان کا بنیادی برآمد کیا ہے؟,مشینری پاکستان کا بڑا برآمد ہے
پاکستان کی خوراک,آپ کا مطلب صحیح ہے بریوری؟
پشاور,کے پی کے کے کیپٹل
پاکستان کا صدر کون ہے؟,ممنون حسین پاکستان کا صدر ہے
پاکستان کا پہلا صدر؟,اسککر مرزا مرزا پاکستان کا پہلا صدر ہے
پاکستان کے ڈی جی اے آئی اے؟,نوید مختار پاکستان کا ڈی جی آئی اے ہے
پاکستان کا سب سے بڑا شہر,کراچی پاکستان کا سب سے بڑا شہر ہے
پاکستان کے قومی شاعر کا نام؟,علامہ اقبال پاکستان کا قومی شاعر ہے
پاکستان کے قومی ہیرو؟,قائداعظم پاکستان کے قومی ہیرو ہے
پاکستان کا دارالحکومت کیا ہے؟,اسلام آباد پاکستان کا دارالحکومت ہے
پاکستان کب آزادی کی؟,پاکستان نے 14 اگست 1947 کو آزادی حاصل کی
پاکستان میں کتنے گھر ہیں؟,میں ممکن نہیں کہ پاکستان میں تمام گھروں کی تعداد بتاؤ لیکن میں آپ کو شہروں اور آبادی وغیرہ کے بارے میں بتا سکتا ہوں
لہر کیا ہے؟,لہر پنجاب کے دارالحکومت ہے
بہترین ہسپتال کیا ہے؟,Cidp انٹرنیشنل فاؤنڈیشن
کون سا سب سے بڑا ڈیم ہے؟,تربایل ڈیم پاکستان کا سب سے بڑا ڈیم ہے
فوجی عملے کے سربراہ؟,قمر جاوید باجواہ پاکستان کے آرمی عملے کا سربراہ ہیں
پاکستان کا سب سے کم آبادی کونسا شہر ہے؟,بلوچستان پاکستان کا سب سے کم آبادی والا شہر ہے
بارے میں بتائیں,ٹھیک ہے
پاکستان کے پڑوسی؟,افغانستان چین چین پاکستان کے پڑوسی ہیں
قومی درخت,ڈو ڈار پاکستان کا قومی درخت ہے
ہیلو,ہیلو
گلگت کی خواندگی کی شرح کے بارے میں معلومات؟,گلگت بلتستان میں 78٪ سوادتی کی شرح
جب طیارہ مارجلا واقعہ سے گزر گیا تو؟,مجھے افسوس ہے کہ میں نہیں جانتا، براہ مہربانی زیادہ مخصوص رہیں
پاکستان کا سب سے بڑا یونین کیا ہے؟,راحہ انٹرنیشنل یونیورسٹی، پاکستان کا سب سے بڑا یونیفارم ہے
پاکستان کا بانی کون ہے؟,قائداعظم پاکستان کا بانی ہے
پاکستان کے ناممکن افواج کا نام؟,مجھے افسوس ہے کہ میں نہیں جانتا، براہ مہربانی زیادہ مخصوص رہیں
اسلام آباد,اسلام آباد پاکستان کا دارالحکومت ہے
پاکستان کا سب سے بڑا مذہب کا نام کیا ہے؟,اسلام اسلام میں سب سے بڑا مذہب ہے
پاکستان میں کتنے ندی موجود ہیں؟,پاکستان میں 5 اہم دریا ہیں، سندھ، راوی، چننیاب، جہلم اور سوٹج
پاکستان میں احتجاج کیوں ہیں,حکومت جب لوگ احتجاج کرتے ہیں. قوم کی ضروریات اور ترجیحات پر توجہ نہیں دیتی یا ان کی جذبات کو کسی بھی ذریعہ سے نقصان پہنچاتا ہے
پاکستان میں مردوں کے لئے سوادتی کی شرح کیا ہے؟,پاکستان کی خواندگی کی شرح 57 فیصد ہے
سی پی کا راستہ,مجھے افسوس ہے کہ میں نہیں جانتا، براہ مہربانی زیادہ مخصوص رہیں
عمران خان؟,"سیاستدان, اب پاکستان کے سابق کرکٹر ہیں"
پاکستان کی اہم فصلیں؟,کپاس، گندم، چاول اور شوگر
چین کے ساتھ پاکستان تعلقات کون ہے؟,چین کے ساتھ پاکستان کے بین الاقوامی تعلقات بہت اچھا ہے
آپ بوٹ کون ہیں؟,پی کے بوٹ میرا نام ہے، پاکستانی جنرل سے متعلق متعلق سوالات کا جواب میرا کھیل ہے
پاکستان کا اعلی ترین اعزاز کا نام؟,ہدف ہدف
پاکستان کا سب سے تاریخی شہر کا نام؟,سکھر پاکستان میں سب سے زیادہ تاریخی شہر ہے
پاکستان کے صدر,فی الحال پاکستان کے صدر ممنون حسین ہیں
کیا پاکستانی دفاعی نظام کافی اچھا ہے؟,پاکستان کا دفاعی نظام بہت اچھا ہے
طال عباسی محکمہ علی شاہ؟,پاکستان کے قدیم سیاستدان
پاکستان کے قومی رنگ کا نام؟,پاکستان کا قومی رنگ سبز ہے
کتنے,مجھے افسوس ہے کہ میں نہیں جانتا، براہ مہربانی زیادہ مخصوص رہیں
پاکستان میں کتنے دیہی صحت مراکز موجود ہیں؟,552 دیہی صحت مراکز موجود ہیں
پاکستان کا موسم؟,یہ بہت اچھا ہے
قومی گندگی لکھا ہوا شخص کا نام کیا ہے؟,حفیظ جالینڈری نے پاکستان کا قومی جانور لکھا
کوئٹہ میں کتنے ہائی اسکول ہیں؟,مجھے افسوس ہے کہ میں نہیں جانتا، براہ مہربانی زیادہ مخصوص رہیں
مجھے کشمیر کے موسم کے بارے میں بتاؤ؟,ان کی چلی
کثیر آبادی والا صوبہ؟,پنجابی سب سے زیادہ آبادی والا صوبہ ہے
C پی ای سی کی وضاحت,چین-پاکستان اقتصادی کوریڈور بنیادی ڈھانچے کے منصوبوں کا مجموعہ ہے جو فی الحال پورے پاکستان بھر میں زیر تعمیر ہے.
سی پی سی کی خرابیاں؟,سی پی ای سی سی کا کوئی بڑا نقصان نہیں ہے
تعلیمی نظام پاکستان میں کیوں اچھا نہیں ہے؟,کم بجٹ کی وجہ سے تعلیم کو مختص کیا گیا تھا
پاکستان کا صدر کون ہے؟,ممنون حسین پاکستان کا صدر ہے
پاکستان میں کتنے دریا ہیں؟,خاص طور پر پاکستان چناب دریا، سندھ دریا، جہلم دریا اور راوی دریا میں چار دریا ہیں
چاچا جادوگر کون ہے,مجھے افسوس ہے کہ میں نہیں جانتا، براہ مہربانی زیادہ مخصوص رہیں
پاکستان میں سب سے مشہور کرکٹر کون ہے؟,عمران خان
پاکستان میں کتنے بند ہیں؟,بہت سے بندیاں ہیں جیسے تاربایل ڈیم وارکک ڈیم etv
پاکستان ایشیا کا حصہ ہے یہ سچ ہے,ہاں پاکستان ایشیا میں ہے
پاکستان میں بیماریوں,ڈینگی پاکستان میں مقبول بیماری ہے
پاکستان میں سب سے زیادہ آبادی والا شہر ہے؟,کراچی پاکستان میں سب سے زیادہ آبادی والا شہر ہے
نہیں,ٹھیک ہے
ملتان کا آب و ہوا کیا ہے؟,وہاں اس کے گرم
سب سے مشہور سیاست دان,عمران خان نے حال ہی میں پاکستان میں سب سے مشہور اور بااثر سیاستدان کے طور پر درجہ بندی کی
پاکستان کے قومی جانور؟,مارخور پاکستان کا قومی جانور ہے
پاکستان کے قومی شاعر کا نام؟,محمد اقبال
خلائی سفر کے بارے میں آپ کیا سوچتے ہیں؟,پاکستان کو تحقیق میں سرمایہ کاری کرنا چاہئے
پاکستان میں واقع,مذہبی واقعات کھیلوں کے واقعات؟
راولپنڈی میں کینسر ہسپتال کہاں ہیں؟,راولپنڈی میں کوئی کینسر ہسپتال نہیں ہیں
پاکستان کے بہترین کھلاڑی کا نام,جہانگیر خان (سابق اسکواش کھلاڑی) ارجنٹائن ہے کہ پاکستان نے ابھی تک بہترین کھلاڑی بنایا ہے
پاکستان کی سب سے بڑی چوٹی کے بارے میں معلومات؟,K2 پاکستان میں سب سے بڑی چوٹی ہے
پاکستان میں زبانیں,پاکستان میں مجموعی طور پر 68 (تسلیم کردہ) زبانیں موجود ہیں، جن میں سے 6 اہم زبانوں اور 62 چھوٹی زبانیں ہیں.
قائد اعظم محمد علی جناح کون ہیں,پاکستان کے بانی
زاریاری کون ہے؟,زاریاری پاکستان کا سابق صدر ہے
پاکستان کا قومی کیا ہے؟,اس سے اپ کا کیا مطلب ہے
پاکستان میں سب سے بڑا بینک؟,حبیب بینک پاکستان میں سب سے بڑا بینک ہے
پاکستان کا جوہری میزائل کا نام کیا ہے؟,R-5M MRBM کے لئے 40 کلو واٹ ہیڈیس آر ایس ایس- پاکستان کے جوہری میزائل کا نام ہے
پاکستان میں انڈیکس ٹیکس کیا ہے؟,پاکستان میں کارپوریٹ ٹیکس کی شرح 1997 سے 2016 تک 34.58 فیصد تھی
کیوں کراچی؟,اس سے اپ کا کیا مطلب ہے
پاکستان کا بہترین تاریخی مقام,بہت سے تاریخی مقامات جیسے بدشیہ مجاہد، موینجوڈیارو وغیرہ ہیں
مجھے پاکستان کے ecomonism کے بارے میں بتاو؟,اس کا کیا مطلب ہے
قائداعظم محمد علی جناح,قائداعظم پاکستان کے پہلے گورنر تھے
نوازی شریف کون ہے؟,وہ پاکستان کا سابق وزیر اعظم ہے
پاکستان کی درآمد کا نام؟,مشینری پاکستان کی بڑی درآمدات ہے
پاکستان میں لاپتہ افراد کے بارے میں معلومات؟,انہیں دہشت گردی کے مقاصد کے لئے اغوا کیا جا رہا ہے
پاکستان میں تعلیمی نظام,پاکستان میں تعلیمی نظام اچھی حالت میں نہیں ہے
اسلام آباد اور کراچی کے درمیان فاصلے؟,کراچی اور اسلم آباد کے درمیان 1502.5 کلومیٹر کل فاصلہ ہے
مجھے بتاو کہ پاک 1965 جنگ لڑائی یا نہیں؟,بھارت اور پاکستان دونوں کو یہ جنگ جیتنے کا دعوی ہے.
ڈالر,اس سے اپ کا کیا مطلب ہے
کس نے پاکستان کے لئے کرکٹ ورلڈ کپ جیت لیا؟,پاکستان نے عمران خان کی کپتان کے تحت 1992 ء میں اے ڈی ڈی کرکٹ ورلڈ کپ جیت لیا. پاکستان نے 2009 میں یونس خان کے کپتان کے تحت ٹی 20 کرکٹ ورلڈ کپ جیت لیا.
علامہ اقبال کہاں ہے؟,علامہ اقبال پاکستان کا قومی شاعر ہے
کون نے کابینہ کو توڑ دیا,اندر
مجھے 781 کے بارے میں بتائیں,مجھے افسوس ہے کہ میں نہیں جانتا، براہ مہربانی زیادہ مخصوص رہیں
پاکستان کی قومی خوراک کے بارے میں معلومات؟,باریانی پاکستانی قومی خوراک ہے
پاکستان کرکٹ ٹیم کا مشہور کھلاڑی کون ہے؟,عمران خان
آپ پاکستان کو کیوں پسند کرتے ہیں؟,کیونکہ یہ ہماری ماں زمین ہے
پاکستان میں سب سے طویل دریا کا نام کیا ہے؟,سندھ دریا 2880 کیلومیٹر کا سب سے طویل دریا ہے
پاکستان کا عدلیہ,اس سے اپ کا کیا مطلب ہے
چین کی دارالحکومت؟,بیجنگ چین کا دارالحکومت ہے
پاکستان کے صدر کا نام کیا ہے؟,ممنو حسین
مجھے اسلام آباد کے بارے میں بتاؤ؟,آئل پاکستان کا دارالحکومت ہے
مجھے کراچی میں بندرگاہوں کی تعداد کے بارے میں بتاؤ؟,وہاں صرف ایک بندرگاہ ہے
پاکستان میں سب سے زیادہ دہشت گردی کی شرح,پاکستان کے مختلف علاقوں میں اس کی مختلف مثال کے طور پر، پی پی کے، 2014 میں پاکستان میں سب سے زیادہ دہشت گردی کی شرح کا استعمال ہوتا ہے.
مجھے پاکستان کے مشہور کھانے کے بارے میں بتاؤ؟,برہانی پاکستان کا مشہور کھانا ہے
پاکستان کی ندیاں کیا ہیں؟,بہت سی ندیوں جیسے سٹیل راوی چناب وغیرہ ہیں
کراچی کے کل علاقے,کاراکی کے علاقے 3،527 کلومیٹر مربع ہے
قومی ترانہ,اس سے اپ کا کیا مطلب ہے
پاکستان کی مشہور بھاری صنعت,اسٹیل کی چکی پاکستان میں بھاری صنعت ہے
لہر کے موسم کے بارے میں معلومات؟,وہاں گرم ہے
جو پاکستان کے قومی ٹی وی چینل ہے,پاکستان ٹیلی ویژن (پی ٹی وی) قومی ٹی وی چینل ہے
پاکستان کے بہترین اسکواش کھلاڑی کا نام؟,جہانگیر خان دنیا میں بہترین اسکواش کھلاڑی ہے
پاک کی سب سے بڑی درآمد,پاکستان کا سب سے بڑا درآمد مشینری سمیت مشینری ہے
تم کیسے ہو؟,میں ٹھیک ہوں
پاکستان کے خالق کا نام؟,قائد اعظم نے پاکستان کو پیدا کیا
پاکستان بحریہ کا مثلا؟,"حممت کاامام، اللہ کا کام، موجوہ کا قاعامہامریکہ: ""جرات کا، خدا کی فضل، پیار لہریں ادا کرو"""
آزاد کشمیر کے موجودہ صدر؟,سردار مسعود خان کاشمر کا موجودہ صدر ہے
مجھ سے سوال پوچھو,نہیں آپ مجھ سے ایک سوال پوچھیں
آپ کیسے پاکستان پسند کرتے ہیں,کیونکہ یہ ہماری ماں زمین ہے
پاکستان میں دریاؤں,آپ کے سوال کے بارے میں زیادہ خاص ہو
پاکستان کا قومی جانور کیا ہے,پاکستان کے قومی گندے پاک سر زیمین ہیں
پاکستان کب پیدا ہوا تھا؟,یہ 14 اگست 1947 کو پیدا ہوا تھا
پاکستان کے سب سے خوبصورت اداکار کا نام کیا ہے؟,فواد خان پاکستان کے خوبصورت اداکار ہیں
پاکستان میں مذہبی افادیت پر آپ کے خیالات کیا ہیں؟,مذہبی انتہا پسندی نے پاکستان کو برا اثر انداز کیا
پاکستان ترقی کر رہا ہے,ہاں پاکستان ترقی کر رہا ہے لیکن آہستہ آہستہ
پاکستان کا سب سے اوپر یونی کیا ہے؟,نوک روزہ جیک پاکستان میں سب سے اوپر یونیورسٹیوں ہیں
نوازی شریف کون ہے؟,سابق وزیر اعظم پاکستان
سینیٹ میں خواتین کی نشستیں,سینیٹ میں خواتین کے لئے 17 نشستیں موجود ہیں
پاکستان کی یونیورسٹییں کیا ہیں؟,آپ کے سوال کے بارے میں زیادہ خاص ہو
پاکستان کے قومی کھیلوں؟,ہاکی پاکستان کا قومی کھیل ہے
پاکستان میں مذہبی واقعات کہاں ہیں.,عید الکرم میں عید الازہ
پاکستان کی قومی برادری کا نام کیا ہے؟,چکھر ڈریج پاکستان کی قومی برادری ہے
پاکستان کب نیٹو میں شامل ہو گیا,1994 ء میں پاکستان میں شمولیت اختیار کی
مسلح افواج میں جرنیلوں کی تعداد کے بارے میں معلومات؟,وہاں 31 لیفٹیننٹ جنرل اور 162 بڑے جنریٹرز.
میں ایس,انٹر سروسز انٹیلی جنس پاکستان کا انٹیلی جنس ایجنسی ہے
پاکستان میں انرجی بحران کا علاج؟,زیادہ ڈیموں کی تعمیر کرکے زیادہ ہائیڈلال پاور سٹیشنوں کی تعمیر کریں
پاکستان کے بدعنوانی سیاستدان کا نام؟,نواب احمد شفیق پاکستان کا سب سے بدترین رہنما ہے
مجھے پی پی ای سی کے بارے میں بتاؤ؟,سی پی ای سی سی چین پاکستان اقتصادی کوریڈور کے لئے کھڑا ہے
جی ہاں,ہاں یہ ہے
کیا پاکستان یو این کا حصہ ہے؟,ہاں پاکستان اقوام متحدہ کا حصہ ہے
مجھے پاکستان کے قومی علامات کے بارے میں بتاؤ؟,رپورٹر، میزبان اور سابق سیاست دان
پاکستان میں بنیادی اسکولوں کی کل تعداد؟,155000 پرائمری اسکول ہیں
مجھے پاکستان کے صوبوں کے بارے میں بتاؤ؟,پاکستان کے 4 صوبے ہیں
پاکستان کا کیا مطلب ہے؟,زمین کے لئے
کیکٹس کیا ہے؟,کیکٹس ایک پلانٹ ہے جس میں زیادہ تر صحرا میں اضافہ ہوتا ہے
پاکستان کے مشہور گلوکار کون ہے؟,علی ظفر پاکستان کے مشہور گلوکار ہے
پاکستان میں فلم صنعتوں کی کل سال آمدنی کیا ہے؟,مجھے افسوس ہے کہ میں نہیں جانتا، براہ مہربانی زیادہ مخصوص رہیں
انگریزی,انگریزی پاکستان کی سرکاری زبان ہے
پاکستان کی قومی زبان,اردو پاکستان کی قومی زبان ہے
پاکستان میں آرٹ اور سائنس کالجوں کی تعداد؟,1066 کالجیں ہیں
بہترین کھانا؟,ساگ روتی پاکستان میں سب سے عام طور پر کھایا کھانا ہے
ایچ بی ایل,حبیب بینک لمیٹڈ پاکستان میں سب سے اوپر بینکنگ ہے
پاکستان کا براعظم؟,پاکستان آسیا کے کنارے سے تعلق رکھتے ہیں
سال 1965,1965 میں پاکستان نے بھارت سے جنگ لڑائی
پاکستان کے بانی,قائداعظم پاکستان کا بانی ہے
پاکستان کا چیف جسٹس کون ہے؟,میاں ثاقب نثار پاکستان کے چیف جسٹس ہیں
پاکستان میں کتنے جھیلیں ہیں؟,پاکستان میں تقریبا 20-25 جھیل ہیں
ملتان کہاں ہے,ملتان صوبہ پنجاب میں واقع ہے
مجھے پاکستان کے بارے میں سب سے اچھی چیز بتاو,پاکستان میں بہت ہی خوبصورت خوبصورتی ہے
پاکستان میں دریاؤں؟,سوٹج دریا روی دریا چناب دریا پاکستان کے چند دریا ہیں
سی پی ای سی سی پر دستخط,20 اپریل 2015 سی پی ای سی پر دستخط کیا گیا تھا
مجھے پاکستان کی کرنسی کے بارے میں بتاؤ؟,روپیہ
آئل میں پارکوں کی تعداد,آئل میں تقریبا 20 بڑے پارک ہیں
زراعت کا کون سا حصہ زیادہ تر پاکستان میں درآمد کرتا ہے؟,مجھے افسوس ہے کہ میں نہیں جانتا، براہ مہربانی زیادہ مخصوص رہیں
پاکستان کا پہلا دارالحکومت؟,کراچی پاکستان کا پہلا دارالحکومت تھا
جس شہر کو پاکستان کا دل کہا جاتا ہے؟,لہر کو پاکستان کا دل کہا جاتا ہے
آرٹیکل 2-ب میں تحلیل کیا گیا ہے؟,یہ سوال میرے علم سے باہر ہے
سی پی ای سی کیا ہے,سی پی ای سی سی چین پاکستان اقتصادی کوریڈور کے لئے کھڑا ہے
پنجابی کی سینٹی میٹر؟,شیخ رشید پنجابی کے وزیر اعظم ہیں
پاکستان میں کتنے مڈل سکول موجود ہیں؟,پاکستان میں 28728 مڈل سکول موجود ہیں
پاکستان کے ساتھ افغانستان دوست ہے,ہاں پاکستان افغانستان کے ساتھ دوست ہے
مجھے بتائیں کہ فیصل آباد کے پہلے نام کیا ہے؟,فیصل آباد کا آخری نام لیل پور ہے
پاکستان کے غیر ملکی تعلقات کیسے بہتر بن سکتے ہیں؟,دیگر ممالک کو مزید احترام دکھانے اور مزید تعاون کرنے کی طرف سے
چاکور ٹریج کیا ہے؟,یہ پاکستان کی قومی نسل ہے
دہشت گردی کے خلاف حکومت کا آپریشن؟,زاربہ ازب پاکستان میں دہشت گردی کے خلاف تحریکوں کا آغاز
پریشانیاں,میرے پاس کچھ نہیں ہے، چلو کچھ بات چیت کرتے ہیں
فلم انڈسٹری پاکستان میں؟,لالی ووڈ تفریحی صنعت میں سے ایک ہے
پاکستان کے قومی درخت کا نام کیا ہے؟,ڈو ڈار پاکستان کا قومی درخت ہے
پاکستان کی آبادی کیا ہے؟,220 ملین پاکستان آبادی ہے
پاکستان میں سب سے چھوٹی ڈیم کا نام؟,جنگجوک ڈیم پاکستان میں سب سے چھوٹی ڈیم ہے
حیدر آباد کے شہر کی آبادی کیا ہے؟,حیدرآباد شہر کی آبادی 3.43 ملین ہے
قومی ہیرو,بہت سے قومی ہیرو بہت زیادہ مخصوص ہیں
پنجاب کے گورنر,ملک محمد رفیق راجوانا پنجابی کے گورنر ہیں
پاکستان کا علاقہ ہے؟,پاکستان ہیں 796،095 کلو میٹر
پاکستان کی بدعت؟,زیادہ مخصوص ہو
پاکستان میں کل ڈیم,پاکستان میں 150 ڈیم ہیں
پاکستان کا دارالحکومت کیا ہے؟,اسلام آباد پاکستان کا دارالحکومت ہے
پاکستان میں دہشت گردی؟,دن کی طرف سے بڑھتی ہوئی دن
پاکستان کے صوبوں کے نام؟,خیبر پختونخواہ، پنجاب، سندھ، بلوچستان.
پاکستان کی آزادی کا دن؟,14 اگست 1947 پاکستان کی آزادی کا دن ہے
کیا آدمی واقعی بدنام بن گیا؟,ہان، اہ با - چن
پاکستان کا کیا درآمد ہے؟,پاکستان میں اہم درآمد کمپیوٹر اور برقی مشینری ہے
فہیم پاکستان میں,آپ کا سوال کوئی احساس نہیں ہے
پاکستان دفاع وزیر کا نام؟,خرم دستگیر پاکستان کا دفاع وزیر ہے
پاکستان کی سب سے بڑی کمپنی,پاکستان کی سب سے بڑی کمپنی سٹیل کی ہے
پاکستان کی قومی لباس کیا ہے؟,شلوارکمیز پاکستان کا قومی لباس ہے
پاکستان کے صوبوں کی تعداد؟,پاکستان میں 4 صوبوں ہیں
گلاب,گلاب ایک خوبصورت پھول ہے
پاکستان کی قومی لباس؟,پاکستان میں قومی لباس سلور کامز ہے
سردی جگہیں؟,شمالی علاقوں سرد ہیں
پاکستان کی کرنسی؟,پاکستان کی کرنسی روپے ہے
سی پی ای سی سی کا مقصد؟,چین-پاکستان اقتصادی کوریڈور علاقائی رابطے کا ایک فریم ورک ہے.
پاکستان کا کیا درآمد ہے؟,مشینری وغیرہ پاکستان کے اہم درآمدات ہیں
پریشانیاں,میرے پاس کوئی نہیں ہے، چلو کچھ اور بات چیت کرتے ہیں
پاکستان میں سب سے امیر ترین تنظیم؟,نیشنل گروپ سب سے امیر گروپ ہے
پاکستان کے بانی کی بہن کون تھی؟,فاطمہ جناح
پاکستان کی پہلی خاتون ایم پی؟,بینظیر بھٹو پاکستان کا پہلا خاتون وزیراعظم تھا
پاکستان میں تشدد کے گھر کو اچھی طرح جانتے ہیں,مجھے افسوس ہے کہ میں نہیں جانتا، براہ مہربانی زیادہ مخصوص رہیں
پاکستان میں سیاحت کے مقامات کیا ہیں؟,پاکستان میں سیاحت کے لئے شمالی علاقوں عظیم ہیں
پاکستان کا قومی کھیل کیا ہے؟,ہاکی
پاکستان میں درآمد,جسے آپ درآمد کرتے ہیں اس کے بارے میں پوچھ رہے ہیں؟
پاکستان میں کتنی سمندر بندرگاہ ہے؟,تین بندرگاہوں میں ہیں: (کراچی، بن قاسم اور گوادر)
پاکستان کی قومی زبان کیا ہے؟,اردو پاکستان کی قومی زبان ہے
پنجابی کا دارالحکومت کیا ہے؟,لہر پنجاب کے دارالحکومت ہے
پاکستان کے صدر کا نام کیا ہے؟,ممنون حسین پاکستان کا صدر ہے
بھارت کے ساتھ پاکستان کا تعلق,ان ممالک میں ایک دوسرے کے ساتھ دوستانہ تعلقات نہیں ہیں
مجھے موری آب و ہوا کے بارے میں بتاؤ؟,مری آبادی غیر متوقع ہے.
پاکستان انڈیا سرحد کا مقام کیا ہے؟,اس میں لہرا
پاکستان میں انڈیکس ٹیکس؟,پاکستان میں کارپوریٹ ٹیکس کی شرح 1997 سے 2016 تک 34.58 فیصد تھی
پاکستان کا قومی گانا کیا ہے؟,ہمارے پاس کوئی نہیں ہے
بہترین کرکٹ کھلاڑی,یونس خان، عمران خان
کونسا صوبہ گوادر واقع ہے؟,یہ بلکستان میں واقع ہے
اسلام آباد میں بہترین ریستوران کا نام؟,مانل ریستوران آئل میں بہترین ریستوراں ہے
پاکستان میں کتنے واقعات ہوتے ہیں؟,کیا یہ مذہبی ثقافتی سماجی ہے یا کسی اور؟
پاکستان کے قومی برادری کا نام کیا ہے؟,چاکور پاکستان کی قومی نسل ہے
پاکستان کا سب سے بڑا شہر؟,کراچی پاکستان کا سب سے بڑا شہر ہے
عمران خان کی کتنے بچے؟,اس سے اپ کا کیا مطلب ہے
پاک میں ڈیم,پاکستان میں بہت کم ڈیم ہیں
قائید محمد محمد علی جناح؟,وہ پاکستانی بانی ہے
پاکستان کا سب سے بڑا میوزیم؟,لاہور میوزیم پاکستان کا سب سے بڑا میوزیم ہے
مجھے کشمیر کے سیاحتی مقامات کے بارے میں بتاؤ؟,جہلم وادی خاماکٹوٹ رٹی گالی وغیرہ کشمیر میں سیاحتی مقامات ہیں
پاکستان میں سب سے خوبصورت جگہ کیا ہے؟,ہنزا پاکستان کی سب سے خوبصورت جگہ ہے
پاکستان کا سب سے بڑا ساتھی کون ہے؟,پاکستان کا سب سے بڑا ساتھی چین ہے
پاکستان کی قومی برادری کا نام؟,چکھر ڈریج پاکستان کی قومی برادری ہے
پاکستان میں سب سے مضبوط شخص,شرائط میں
فیصل مسجد,فیصل مسجد پاکستان کی قومی مسجد ہے
پاکستانی سازش میں مضامین کی تعداد؟,شہید ہونے والے فوجیوں کی کوئی خاص تعداد نہیں ہے
موجودہ وزیراعظم کون ہے,شاہد خاقان اباسی پاکستان کا موجودہ وزیر اعظم ہے
پاکستان میں تاریخی مقامات؟,آپ کے سوال کے بارے میں زیادہ خاص ہو
پاکستان کی سفارتی صورتحال؟,پاکستان کی سفارتی صورتحال بہت اچھا نہیں ہے
پاکستان کا سب سے بڑا سمندر بندرگاہ کا نام؟,پورٹ کاسمیٹ پاکستان کا سب سے بڑا بندرگاہ ہے
کراکی کتنے پارک ہیں؟,اس سے اپ کا کیا مطلب ہے
1965 جنگ میں کتنے سپاہی ہلاک,1965 جنگ میں ہلاک ہونے والے فوجیوں کے لئے کوئی خاص تعداد نہیں ہیں
پاکستان میں آنے کا بہترین مقام کیا ہے؟,شمالی علاقوں کا دورہ کرنے کے لئے بہترین ہے
ayesha عمر بہترین گانے، نغمے,لیز ریین اب تک ایشہ عمر کا بہترین درجہ بندی گانا ہے جسے 2013 میں جاری کیا گیا تھا
پاکستان کی قرارداد کونسی تاریخ منظور ہوئی تھی؟,١٩٤٠-٠٣-٢٣ ٠٠:٠٠:٠٠
ہیرا مندی کیا ہے,آپ کا گھر
پودوں میں آب و ہوا کیا ہے؟,پوٹاہو کے علاقے میں تیز قسم آب و ہوا ہے. مونسون سب سے اہم ذریعہ ہے جو پوٹاہو خطے میں نمی کو دوبارہ بحال کرتا ہے.
خدا کون ہے,انسان کے خالق
پاکستان میں ڈاکٹروں کی تعداد؟,110،000 ڈاکٹروں نے پاکستان میں رجسٹرڈ کیا ہے
پاکستان کا پہلا بجے,لیاقت علی خان پاکستان کا پہلا وزیر اعظم ہے
پاکستان کے لئے سب سے بڑا خطرہ؟,بھارت پاکستان کا سب سے بڑا خطرہ ہے
یوسف جیلانی؟,یوسف رضا گیلانی پاکستان کا سابق وزیر اعظم ہے
پاکستان کی جھیلیں ہیں؟,پاکستان میں جھیل بہت خوبصورت ہیں
ڈینگی کیوں پاکستان میں پھیل رہا ہے؟,ہماری لاپرواہی کی وجہ سے
پاکستان میں تعلیمی اداروں,تعلیمی اداروں کو بہتر بنایا جانا چاہئے
پاکستان میں سمندر کی بندرگاہوں کی تعداد؟,تین بندرگاہوں میں ہیں: (کراچی، بن قاسم اور گوادر)
ایک دہائی کے لئے برطانوی اوپن اسکواش چیمپئن شپ جیتنے کے لئے دنیا کا ریکارڈ کونسا ہے؟,جہانگیر خان
شہر کا نام خداددار کے لئے مقبول کیا ہے؟,کمالہ خددر کپڑے کے لئے مشہور ہے
پاکستان کا بہترین دوست؟,چین پاکستان کا بہترین دوست ہے
پاکستان کے بانی,قائداعظم پاکستان کے بانی تھے
پاکستان کے صوبے کیا ہیں؟,پاکستان کے صوبے K پی کے، سند، بلوچستان، پنجاب اور گلگت بلتستان ہیں
پاکستان کا برآمد,پاکستان کا بنیادی برآمد کپاس اور ٹیکسٹائل ہے
مجھے قندھار کے سینٹی میٹر کے نام کے بارے میں بتاؤ؟,شاہد شیخ
پاکستان میں پناہ گزین,پاکستان کی صحت کی شرح بہت غریب ہے کیونکہ ہم دوڑ میں دوسرے ترقی پذیر ممالک کے ارد گرد نظر آتے ہیں
روشنی کی شہر کیا ہے؟,کراچی شہر کے طور پر جانا جاتا ہے
قائداعظم,قائداعظم پاکستان کا بانی ہے
دفاع وزیر پاکستان؟,خرم دستگیر پاکستان کا دفاع وزیر ہے
لاہور,لہر پنجاب کے دارالحکومت ہے
پاکستان کا سب سے خوبصورت اداکار؟,فواد خان پاکستان کے خوبصورت اداکار ہیں
مجھے پاکستان کی سفارتی صورتحال کے بارے میں بتاؤ؟,پاکستان کی سفارتی صورتحال بہت اچھا نہیں ہے
گلابی,اس سے اپ کا کیا مطلب ہے
پاکستان کا پہلا آمر کون تھا؟,جنرل ایوب خان پاکستان کے پہلے فوجی آمر تھے
الطاف حسين؟,وہ مقصود رہنما ہے
صوبے کا سب سے بڑا آبادی کیا ہے؟,پنجاب کی سب سے بڑی آبادی ہے
پاکستان کا سب سے مشہور واقعہ کیا ہیں؟,مجھے افسوس ہے کہ میں نہیں جانتا، براہ مہربانی زیادہ مخصوص رہیں
پاکستان کا کیا پھل ہے؟,سیب سنتری آم پاکستان کے اہم پھل ہیں
پاکستان میں قومی تقریبات,25 دسمبر، 11 نومبر، 6 ستمبر، 23 مارچ اور یوگاسسٹ 14
پاکستان کے سب سے اہم سیاحتی مکامات کا نام؟,مرمر، چیلی، بھوک، شیر، ٹی، ٹی، ٹی، ٹی، ٹی، ٹی، ٹی
پاکستان کے سب سے امیر ترین شہر؟,لہرا پاکستان کا سب سے امیر ترین شہر ہے
غیر ملکی تعلقات,پاکستان چین اور ترکی کے ساتھ مضبوط تعلقات رکھتا ہے. دوسرے مسلمان ممالک، نیٹو ممالک، روس اور امریکہ کے ساتھ مہذب تعلقات، بھارت، افغانستان اور ایران کے ساتھ بہت غریب تعلقات ہیں
پاکستان کے موجودہ وزیر اعظم کا نام کیا ہے؟,شاہد خاقان اباسی پاکستان کا موجودہ وزیر اعظم ہے
پاکستان کا سب سے بڑا شخص کون ہے؟,عالم چنا پاکستان کا سب سے بڑا شخص ہے
اس آباد آباد کی آبادی,اسلام آباد کی آبادی 1.152 ملین ہے
پاکستان کا مجموعی علاقہ؟,796،095 کلومیٹر مربع
مجھے لہر کی موسم کے بارے میں بتاؤ؟,وہاں گرم ہے
پاکستان کا پہلا دارالحکومت؟,کراچی پاکستان کا پہلا دارالحکومت تھا
پاکستان میں کتنے ندی؟,خاص طور پر پاکستان چناب دریا، سندھ دریا، جہلم دریا اور راوی دریا میں چار دریا ہیں
تمھارا نام ؟,میں پی کے بی بوٹ ہوں
پاکستان کا دن؟,١٩٤٧-٠٨-١٤ ٠٠:٠٠:٠٠
موجودہ وزیر دفاع کا نام کیا ہے؟,خواجہ محمد آصف پاکستان کے موجودہ دفاع وزیر ہیں
بہترین ہسپتال,Cidp انٹرنیشنل بنیاد پاکستانی کا بہترین ہسپتال ہے
قومی جانور؟,مارخور پاکستان کا قومی جانور ہے
سندھ کے گورنر کا نام؟,محمد زبیر سندھ کے گورنر ہیں
پاکستان کو پیدا کیا گیا تھا,١٤/٧/٢٠١٧
پاکستان کے پرچم کا رنگ کیا ہے؟,سبز اور سفید
پاکستان میں کچھ دریاؤں کے نام کیا ہیں؟,انڈیا دریا سوٹج دریا روی دریا پاکستان میں سے کچھ دریاؤں میں ہیں
مجھے لہر کے ثقافتی ورثہ کے بارے میں کچھ بتاؤ؟,اس میں امیر شہباز مسجد، ڈیٹا ڈاربار، شاہی فورٹ وغیرہ جیسے ایک امیر ثقافتی ورثہ ہے
پوٹاہر خطے کی آبادی کیا ہے؟,وہاں اس کا گرم ہوا
مریم نواز؟,وہ نوازی شیرف کا داغوسٹر ہے
تم مجھے یہ کیوں کہہ رہے ہو؟,کیونکہ آپ اس کے لئے پوچھ رہے ہیں
پاکستان کے مذہبی واقعات کیا ہیں,کرسمس کے دن میرے ارد گرد، کرسمس کے دن عید الازہ
پاکستان کے غیر ملکی وزیر کا نام کیا ہے؟,پاکستان کا خارجہ وزیر نہیں ہے
پاکستان میں عدلیہ,اس سے اپ کا کیا مطلب ہے
پاکستان کے قومی ہیرو؟,پاکستان کے نشنال کی دیکھ بھال کا علاج محض محمد علی جین، مارک محمد اقبال، عبدالستار، ڈاکٹر عبدالقدیر خان، ڈاکٹر عبدالسلام ایچ.
پاکستان میں سیاحتی مقامات,پاکستان میں سیاحت کے لئے شمالی علاقوں عظیم ہیں
جیسمین کیا ہے,پاکستان کے قومی پھول
پاکستان میں دہشت گردی کی صورت حال کیا ہے؟,پاکستان میں دہشت گردی اب زیادہ کنٹرول ہے
پاکستان میں اہم دریاؤں,انڈس دریا، چناب، راوی، جہلم اور سیٹلج
پنجاب کے وزیر اعلی کا نام کیا ہے؟,شہباز شریف پنجاب کے وزیر اعلی ہیں
قائداعظم کون کون ہے؟,قائداعظم پاکستان کا بانی ہے
پاکستان کے لئے کون سا کرکٹر نے سب سے زیادہ وکٹ حاصل کیا ہے؟,وسیم اکرم (پاکستان)
مجھے پاکستان کی خواندگی کی شرح کے بارے میں بتاؤ؟,پاکستان کی خواندگی کی شرح 57 فیصد ہے
پاکستان میں معروف تشدد کے گھر,مجھے افسوس ہے کہ میں نہیں جانتا، براہ مہربانی زیادہ مخصوص رہیں
پاکستان کی آبادی کیا ہے؟,220 ملین پاکستان آبادی ہے
کیوں گونگا؟,مجھے افسوس ہے کہ میں نہیں جانتا، براہ مہربانی زیادہ مخصوص رہیں
پاکستان کا دارالحکومت؟,اسلام آباد پاکستان کا دارالحکومت ہے
مجھے پاکستان کے درآمد کے بارے میں بتاؤ؟,مشینری پاکستان کی طرف سے درآمد کیا جاتا ہے
پاکستان میں مشہور پہاڑی چوٹیوں؟,K-2 28،250 فٹ / 8611 میٹر، نانگ پربت 26،660 فٹ / 8126 میٹر، گیسروبرم- 26،470 فٹ / 8068 میٹر
ڈی ایچ اے اسلم آباد کے مالک کا نام,پاکستان مسلح افواج اسلام آباد میں ڈی ایچ اے کے مالک ہیں
پاکستان کا قومی رس؟,گندگی رس پاکستان کے قومی رس ہے
پاکستان میں اہم مذہب,اسلام اسلام میں بڑا مذہب ہے
بلوچستان کے گورنر,محمد خان اچکزئی بلوچستان کے گورنر ہیں
پاکستان میں مشہور پہاڑوں کی فہرست؟,K-2 28،250 فٹ / 8611 میٹر، نانگ پربت 26،660 فٹ / 8126 میٹر، گیسروبرم- 26،470 فٹ / 8068 میٹر
جمہوری پاکستان؟,جی ہاں، پاکستان ایک جمہوری ملک ہے
پاکستان میں دوسری سب سے زیادہ بولی زبان کا نام,پختون پاکستان میں سب سے زیادہ بولی زبان ہے
پاکستان میں بینکوں کی تعداد؟,اس مخصوص نمبر کے طور پر نہیں ہے
ایم ایم ایم رہنما کے نام کے بارے میں مجھے بتاؤ,فاروق ستار ایم ایم ایم لیڈر ہیں
ذوالفقار علی بھٹو تھا اسلامی دنیا کے یونٹ کے لئے ذمہ دار,ہاں وہ اس کے ذمہ دار ہے
ڈائمنڈ مارکیٹ کیا ہے؟,مجھے افسوس ہے کہ میں نہیں جانتا، براہ مہربانی زیادہ مخصوص رہیں
جس نے پاکستان کے قومی سرود لکھا تھا,حفیظ جالینڈری نے پاکستان کا قومی جانور لکھا
پاکستان میں سب سے بہترین شخص کون ہے؟,کسی بھی الجھن سے بچنے کے لئے براہ مہربانی مزید مخصوص رہیں
2008 کی مردم شماری میں ریکارڈ کی گئی آبادی کیا تھی؟,پاکستان کی آبادی 163.6 ملین ہے
پاکستانی فوج اور سیاست دانوں کے درمیان کیا فرق ہے؟,ان کے درمیان اس طرح کے تنازعہ کے طور پر نہیں ہے
نوازشریف نے نواز شریف کو کیوں نوازا؟,مجھے افسوس ہے کہ میں نہیں جانتا، براہ مہربانی زیادہ مخصوص رہیں
خیبر پختونخواہ کا دارالحکومت کیا ہے؟,پشاور خیبر پختونخواہ کے دارالحکومت پشاور ہے
میں پاکستان کی خدمت کیوں کروں؟,کیونکہ یہ ہماری ماں زمین ہے
پاکستان کے سب سے زیادہ مقبول کھلاڑی کا نام کیا ہے؟,عمران خان پاکستان میں سب سے زیادہ مقبول کھلاڑی ہے
2017 میں مشترکہ سربراہ کون ہے؟,جنرل محمد شیرف 2017 میں مشترکہ سربراہ ہیں
اردو کے بارے میں مجھے کچھ بتاو؟,اردو پاکستان کی قومی زبان ہے
پاکستان کا سب سے بڑا مذہب ہے,اسلام اسلام میں سب سے بڑا مذہب ہے
پاکستان میں سب سے زیادہ چوٹی؟,K2 پاکستان میں سب سے زیادہ چوٹی ہے
مجھے پاکستان کے بڑے مسائل کے بارے میں بتاؤ؟,دہشت گردی پاکستان میں اہم مسئلہ ہے
پاکستان میں زراعت,اس سے اپ کا کیا مطلب ہے
پاکستان کے قومی ہیرو؟,جیسا کہ بہت سے قومی ہیرو ہیں اس سے زیادہ خاص ہو
پاک میں سب سے زیادہ چوٹی؟,K2 پاکستان میں سب سے زیادہ چوٹی ہے
پاکستان کی بلند ترین چوک کا نام کیا ہے؟,K2 پاکستان میں سب سے زیادہ چوٹی ہے
پاکستان کی قومی گندگی کی طرف سے تشکیل دیا گیا تھا؟,جیلرڈر محفوظ کریں
پاکستان کے قومی پرندوں کا نام کیا ہے؟,چاکور پاکستان کی قومی نسل ہے
پاکستان میں کتنے زبانیں بولی جاتی ہیں؟,سنڈی بولوچی پنجابی اور پھوٹا
علامہ اقبال,مشرقی شاعر، اور پاکستان کے قومی شاعر
پاکستان کے پہلے خاتون لڑاکا پائلٹ؟,عائشہ farroq پاکستان کا پہلا خاتون پائلٹ ہے
خیبر پختونخواہ کے گورنر,اقبال ظفر جھنگ خیبر پختونخواہ کے گورنر ہیں
پاکستان میں فٹ بال,فٹ بال پاکستان میں دوسرا پسندیدہ کھیل ہے
پاکستان میں سمندر بندرگاہوں؟,پاکستان میں صرف ایک بڑا سمندر بندرگاہ ہے
سی پی ای سی کے فوائد؟,دیگر ممالک کے ساتھ ٹریڈنگ کی قیمت کو کم کریں
مریم نواز؟,وہ نوازی شیرف کا داغوسٹر ہے
پاکستان کے قومی گندے نے کون لکھا؟,جیلرڈر محفوظ کریں
قومی برڈ,چاکور پاکستان کی قومی نسل ہے
کرکٹ,پاکستان میں سب سے زیادہ دیکھا اور کھیل کھیلا
قومی جانور کیا ہے؟,مارخور پاکستان کا قومی جانور ہے
بکواس بند کرو,ٹھیک ہے
پاک اور عراق کے غیر ملکی تعلقات کیا ہیں؟,دونوں دونوں مسلم تعلقات ہیں جیسے اچھے تعلقات ہیں
پاکستان میں پڑوسی ممالک,پاکستان کے پڑوسی ہیں: چین، بھارت، ایران، افغانستان
پاکستان کب تھا؟,1947 میں 14 اگست، 1947 میں قائم پاکستان
کون سی الفاظ اختتام پذیر ہیں، این ایف سی سی ایوارڈ؟,قومی فنانس کمیشن کا اعزاز
مجھے پنجابی کی سوادتی کی شرح کے بارے میں بتاؤ؟,71 فیصد پنجاب میں سوادتی کی شرح ہے
پاکستان کی برآمد کیا ہے,کپاس پاکستان کا بڑا برآمد ہے
لہارا؟,لاہور پاکستان کا شہر ہے
منگو,آم پاکستان کے قومی پھل ہے
___ ___ 0,پوٹاہو کے علاقے میں تیز قسم آب و ہوا ہے. مونسون سب سے اہم ذریعہ ہے جو پوٹاہو خطے میں نمی کو دوبارہ بحال کرتا ہے.
پاکستان کا سب سے مقبول بینک؟,وہاں موجود ایسا کوئی مقبول بینک موجود نہیں ہے
پاکستان میں سب سے بڑا پہاڑ کونسا ہے؟,K2 پاکستان میں سب سے زیادہ پہاڑ ہے
کیکٹس,کیکٹس ایک پلانٹ ہے جس میں زیادہ تر صحرا میں اضافہ ہوتا ہے
ای میلرایل کے ساتھ پاکستان کے تعلقات کیا ہیں؟,ہم ان کو خود مختار ریاست کے طور پر نہیں پہچانتے ہیں
K P K کی آخری نام؟,nwfp
موجودہ وزیر اعظم؟,موجودہ وزیر اعظم شاہد خاق ابوبکر ہے
پاکستان کی مشہور مشہور شخصیات؟,مہرا خان اور شان پاکستان کے مشہور مشہور شخصیات ہیں
راولپنڈی کا ماحول کیسے ہے,راولپنڈی نے تیز قسم آب و ہوا کی ہے. مونسون سب سے اہم ذریعہ ہے جو پوٹاہو خطے میں نمی کو دوبارہ بحال کرتا ہے.
وہ کون ہے,تم کس کے بارے میں بات کر رہے ہو
پاکستان کے حالیہ صومالیہ کا نام کیا ہے؟,نواب احمد شفیق پاکستان کے حالیہ وزیراعظم ہیں
پاکستان کے قومی ہیرو,قائد اعظم آزاد پاکستان کے قومی ہیرو ہیں
نیشنل گانا آف پاکستان,ہمارے پاس کوئی نہیں ہے
سندھ کی زبان؟,سنڈی سندھ کی زبان ہے
گوادر پورٹ کے فوائد؟,یہ ہماری ٹریڈنگ کی مصنوعات کے لئے قیمت کم کرے گا
پاکستان کے بانی کا نام کیا ہے؟,قائد اعظم محمد علی جناح پاکستان کا بانی ہے
پاکستان کی درآمد؟,مشینری پاکستان کی بڑی درآمد ہے
پاکستان کی قومی زبان کا نام کیا ہے؟,اردو پاکستان کی قومی زبان ہے
لہر کی جگہ کیا ہے؟,لاہور میں واقع لاہورہ
شہر کا نام پاکستان کا کیا نام ہے؟,لہر کو پاکستان کا دل کہا جاتا ہے
فوجی عملے کے سربراہ کا نام کیا ہے؟,قمر جاوید باجوہ پاکستان کے موجودہ وزیر اعظم ہیں
چاکور,یہ پاکستان کی قومی نسل ہے
مجھے پاکستان کی دارالحکومت کے بارے میں بتاؤ؟,اسلام آباد پاکستان کا دارالحکومت ہے
اسلام آباد میں دریا,اسلم آباد میں کوئی دریا نہیں ہے
مجھے پاکستان کے قومی کھیل کے بارے میں بتاؤ؟,ہاکی پاکستان کا قومی کھیل ہے
ڈالر ہے,یہ عالمی تجارت کی کرنسی ہے
23 مارچ کو کیا ہوا,پاکستان کے حل کے سلسلے میں (قارئینڈی ای 23 مارچ، 1940)
پاکستان کا وزیر اعظم کون ہے؟,شاہد خاقان اباسی پاکستان کا وزیر اعظم ہے
مجھے فوج کے سربراہ کے بارے میں بتاؤ؟,قمر جاوید باجواہ پاکستان کے آرمی عملے کا سربراہ ہیں
پنجابی کون سی سینٹی میٹر ہے؟,شیخ رشید پنجابی کی سینٹی میٹر ہے
پاکستان کی قومی زبان؟,اردو پاکستان کی قومی زبان ہے
قومی تعطیلات کب ہیں؟,قومی تعطیلات 23 مارچ اور 14 اگست ہیں
پاکستان کے بدعنوانی سیاستدان کا نام,آصف علي زرداری سب سے زیادہ بدعنوانی سیاست دان ہے
پاکستان کے بڑے بینکوں کا نام؟,ایم سی بی، معیاری چارٹ، فیزل بینک پاکستان کے بڑے بینک ہیں
ریل,مجھے افسوس ہے کہ میں نہیں جانتا، براہ مہربانی زیادہ مخصوص رہیں
پاکستان کب وجود میں آیا؟,14 اگست 1947
پاکستان کب اس کے تمام انجینئرز کو کام کرنے کے لۓ انتظام کرے گا؟,جب ہمارے پاس ہم سب سے اوپر تعلیم یافتہ لیڈر ہیں
پاکستان میں دہشت گردی کی سطح کیا ہے؟,دن کی طرف سے بڑھتی ہوئی دن
پاکستان کا دارالحکومت کیا ہے؟,اسلام آباد پاکستان کا دارالحکومت ہے
پاکستان کا صدر,ممنون حسین پاکستان کا موجودہ وزیر اعظم ہے
پاکستان کا سب سے بڑا ڈیم؟,تربایل ڈیم سب سے بڑی ڈیم ہے
پاکستان کا علاقہ؟,796،095 کلومیٹر ^ 2 پاکستان کا علاقہ ہے
عاطف اسلم کے گیت,یہ سوال غیر متعلقہ ہے
جی ہاں,ہاں یہ ہے
مجھے روزہ کی جگہ کے بارے میں بتاؤ؟,یہ یونیورسٹی کا نام ہے
موجودہ وزیراعظم کون ہے,شاہد خاقان اباسی پاکستان کا موجودہ وزیر اعظم ہے
پاکستان کے قومی ذخائر؟,کوئلہ پاکستان کا بڑا ریزرو ہے
سب سے بڑا صوبہ,سب سے بڑا صوبہ پنجاب ہے
پاکستان کے خاتون پائلٹ کے بارے میں معلومات؟,عائشہ farroq پاکستان کا پہلا خاتون پائلٹ ہے
پاکستان کے قومی برادری,چاکور پاکستان کی قومی نسل ہے
ممنو حسین,ممنون حسین پاکستان کا صدر ہے
جب سی پی ای سی پر دستخط کیا گیا تھا؟,20 اپریل 2015 سی پی ای سی پر دستخط کیا گیا تھا
ہنزا کہاں واقع ہے؟,اس کے شمالی حصے میں پاکستان
پاکستان میں سب سے زیادہ غصہ شخص کون ہے؟,اس نے مجھ سے یہ سوال پوچھا
پاکستان میں سب سے بڑی درآمد,مشینری پاکستان کی سب سے بڑی درآمد ہے
کشمیر کا موسم,ان کی چلی
کیا آپ ملالہ کی وضاحت کرتے ہیں؟,وہ پاکستان کے لئے ایک نوبل امن انعام جیتنے والا ہے
پاکستان میں کتنے یونیورسٹی ہیں؟,١٨٣
پاکستان میں بیماریوں کی کیا بات ہے,آپ کے سوال کے بارے میں زیادہ خاص ہو
پاکستان کی بھاری صنعت,اس سے اپ کا کیا مطلب ہے
کونسل صوبے کے لحاظ سے بڑا ہے؟,پنجاب پاکستان کا سب سے بڑا صوبہ ہے
اس وقت پاکستان کا کیا مسئلہ تھا؟,دہشت گردی پاکستان میں اہم مسئلہ ہے
آپ سے محبت,براہ کرم پیشہ ورانہ رویے کی کوشش کریں
تمہارا مالک کون ہے؟,ہمارے پاس تین مالکان ہیں
پاکستان کے قومی پھول کا نام؟,پاکستان کے قومی پھول جاسمین ہے
مجھے پاکستان کے معنی کے بارے میں بتاؤ؟,زمین کے لئے
جیلوم دریا کہاں واقع ہے؟,یہ پنجاب کے پانچ دریاؤں کی مغربی ہے، اور جہلم ڈسٹرکٹ کے ذریعے گزر جاتا ہے.
پاکستان کی پچھلی سرمایہ کاری کیا تھی؟,کراچی پاکستان کی پچھلی دارالحکومت تھی
نوازی شریف کے بارے میں معلومات؟,سابق وزیر اعظم پاکستان
سوٹلج دریا کب تک ہے؟,سوٹج دریا 1551 کلومیٹر ہے
پاکستان کی خوبصورت خوبصورتی کیا ہیں,اس کا کیا مطلب ہے
مریم نواز,نواز شريف کی بیٹی
آرمی کے عملے کے سربراہ کے طور پر کون خدمت کر رہے ہیں؟,قمر جاوید باجواہ آرمی عملے کے سربراہ ہیں
پاکستان کے گیتوں کا نام؟,اپنے آپ کو انسان سے سلوک کرنا
پاکستان میں سب سے زیادہ بولی زبان,پختون پاکستان میں سب سے زیادہ بولی زبان ہے
کراچی کی آبادی کیا ہے؟,21.2 ملین کاراکی آبادی ہے
ایران کے ساتھ تعلقات کا کیا تعلق ہے؟,ان کے دوستانہ تعلقات ہیں
نییلم وادی کہاں واقع ہے؟,یہ کشمیر میں سنبھالا ہے
تمہارا خالق کون ہے,فاسٹ یونیورسٹی میرا خالق ہے
مجھے اسلام آباد کی آبادی بتاؤ؟,1.152 ملین آبادی وہاں ہے
پاکستان کا ہیرو نام؟,آپ کا سوال مخصوص ہونا ضروری ہے
پاکستان میں سب سے بڑا بندرگاہ,گوادر پاکستان میں سب سے بڑا بندرگاہ ہے
پاکستان کا دارالحکومت,اسلام آباد پاکستان کا دارالحکومت ہے
پاکستان کا مشہور کھانا کیا ہے؟,برہانی پاکستان کا مشہور کھانا ہے
کے پی پی کے موجودہ وزیر اعلی؟,پرویز خٹک کے پی پی کے کے وزیر اعلی ہیں
پاکستان کے موجودہ ریلوے کا نام؟,خواجہ سعد رفیق وزیر ریلوے ہیں
جس نے پاکستان کے قومی سرود لکھا تھا,حفیظ جلندھری نے پاکستان کا قومی سرود لکھا
پاکستان کا سب سے بدترین لیڈر؟,نواب احمد شفیق پاکستان کا سب سے بدترین رہنما ہے
پاکستان کا پہلا صدر کون تھا؟,اشکندر میرزا پاکستان کا پہلا صدر تھا
مجھے فاٹا کے بارے میں بتاؤ؟,فاٹا پاکستان کا خطہ ہے
پاکستان کے آرمی چیف کا نام کیا ہے؟,قمر جاوید باجواہ پاکستان کے آرمی عملے کا سربراہ ہیں
قومی خوراک؟,آپ کا مطلب صحیح ہے بریوری؟
پاکستان کے بہترین یونین کا نام؟,پیسہ پاکستان میں سب سے بہتر یونین ہے
پاکستان میں کونسی بیماری زیادہ عام ہے؟,شدید سانس کی انفیکشن
پاکستان میں دہشت گردی,پاکستان میں دہشت گردی بہت کم ہے
پنجاب کے گورنر کا نام؟,ملک محمد رفیق راجوانا پنجابی کے گورنر ہیں
پاکستان کی ندیاں کیا ہیں؟,خاص طور پر پاکستان چناب دریا، سندھ دریا، جہلم دریا، سلیج دریا اور راوی دریا میں پانچ بڑے دریا ہیں.
جس نے پاکستان جنگ لڑائی کی آخری جنگ تھی,19 میں کارگل جنگ
پاکستان کے قومی علامات کیا ہیں,آپ کے بارے میں کون سی علامت جاننا چاہتا ہے؟
لاہور ہے,پنجاب کے دارالحکومت
پاکستان میں ریگستان کی تعداد؟,آپ کے سوال کے بارے میں زیادہ خاص ہو
کیا کرکٹ اچھی عادت ہے؟,ہاں یہ ہے
پاکستان میں صحت کی شرح کیا ہے؟,ایسی کوئی اصطلاح صحت کی شرح نہیں ہے
پاکستان میں مشہور کھیلیں کیا ہیں؟,کرکٹ پاکستان میں مشہور کھیل ہے
پاکستان میں آبادی,پاکستان کی آبادی تقریبا 22 کروڑ ہے
پاکستان کی قومی سازش کا نام کیا ہے؟,مگجر مگرمائل پاکستان کا قومی تختہ ہے
سی پی ای سی کیا ہے,سی پی ای سی | چین - پاکستان اقتصادی کوریڈور (سی پی ای سی سی) سرکاری ویب سائٹ پلاننگ وزارت کی طرف سے تیار
بھٹی کا باپ؟,مجھے افسوس ہے کہ میں نہیں جانتا، براہ مہربانی زیادہ مخصوص رہیں
پاکستان میں کھیل,اس سے اپ کا کیا مطلب ہے
پاکستان کا سب سے بڑا ڈیم؟,تربایل ڈیم پاکستان کا سب سے بڑا ڈیم ہے
پاکستان کون سا بہترین یونیورسٹی ہے,نوک پاکستان کا بہترین یونیورسٹی ہے
کراچی میں کتنے بندرگاہوں ہیں؟,وہاں صرف ایک بندرگاہ ہے
پاکستان کی مشہور شخصیت,عمران خان
کھینچ پال کہاں ہے,راولپنڈی میں
پاکستان کا بہترین کھانا؟,باریانی پاکستان کا کھانا ہے
پاکستان کا سب سے زیادہ اچھا کھانا؟,بریانی
پاکستان کا بجٹ,جس میدان میں
پاکستان کے قومی برادری کا نام؟,چاکور پاکستان کی قومی نسل ہے
جو پاکستان کا اگلا وزیر اعظم ہے,وہ جو پارلیمانیوں سے زیادہ ووٹ حاصل کرتا ہے
ممنون ہنس کون ہے؟,پاکستان کا صدر
پاکستان کی قومی برادری؟,چکھر ڈریج پاکستان کی قومی برادری ہے
پاکستان میں سب سے زیادہ چوٹی ہے,پاکستان میں سب سے زیادہ چوٹی K2 ہے
پاکستان کا وزیر اعظم؟,پاکستان کا موجودہ وزیر اعظم شاہد خاکن ابوبکر ہے
پاکستان کا وزیراعظم کون ہے؟,شاہد خاقان اباسی پاکستان کا موجودہ وزیر اعظم ہے
حمص کون ہے,مجھے افسوس ہے کہ میں نہیں جانتا، براہ مہربانی زیادہ مخصوص رہیں
آئل میں بہترین ریستوران کیا ہے؟,مانل ریستوران آئل میں بہترین ریستوراں ہے
مجھے ایک سوال پوچھو؟,آپ کا نام کیا ہے؟
نواز شریف کون ہے؟,نواب احمد شفیق پاکستان کے سابق وزیراعظم ہیں
پاکستان کا قومی کھیل؟,ہاکی پاکستان کا قومی کھیل ہے
پاکستان میں سیاحت کی جگہیں کیا ہیں؟,پاکستان میں سیاحت کے لئے شمالی علاقوں عظیم ہیں
پاکستان کہاں ہے,پاکستان جنوب مشرقی ایشیا میں واقع ہے
Cabad,پنجاب پاکستان میں سب سے زیادہ مقبول کھیلوں میں سے ایک
سب سے زیادہ بدعنوانی سیاستدان کون ہے؟,پاکستان میں بدعنوان سیاستدان نواز شریف ہیں
پاکستانی مذہب؟,اسلام اسلام میں مذہب ہے
سندھ کا ماحول کیا ہے؟,سندھ کی آبادی زیادہ تر گرم ہے
اسلام آباد,اسلام آباد پاکستان کا دارالحکومت ہے
پاکستان کی سیاست,یہ بہت اچھا نہیں ہے
پاکستان کا سب سے بڑا صوبہ؟,بلوچستان بلوچستان کا سب سے بڑا صوبہ ہے
پاکستان امریکہ تعلقات کیسے ہیں؟,ان کے ساتھ ایک دوسرے کے ساتھ دوستانہ تعلقات نہیں ہیں
بہترین اقبال,مجھے افسوس ہے کہ میں نہیں جانتا، براہ مہربانی زیادہ مخصوص رہیں
اگلے وزیراعظم کون ہوگا؟,عمران خان ہو سکتا ہے
سالور کامز کیا ہے,شلوارکمیز پاکستان کا قومی لباس ہے
پاکستان میں آئی ٹی کی صورتحال کیا ہے؟,میں پاکستان میں تیزی سے ابھر رہا ہوں
WTF چاکور ہے؟,یہ پاکستان کی قومی نسل ہے
مجھے پاکستان کی خدمت کیوں کریں؟,کیونکہ یہ ہماری ماں زمین ہے
کون کون اقوام متحدہ میں پاکستان کی نمائندگی کرتا ہے؟,ملاہا لوہا برطانیہ میں پاکستان کی نمائندگی کرتا ہے
پاکستان کیا ہے,پاکستان پہلا مسلم سپر پاور ملک ہے
روزہ اینٹی کے کیمپس کیا ہیں؟,فاسٹ یونیورسٹی کے 5 کیمپس ہیں
بھارت کے ساتھ پاکستان تعلقات کیا ہیں؟,وہ ایک دوسرے کے ساتھ دوستانہ نہیں ہیں
سب سے بڑا ڈیم؟,تربایل ڈیم پاکستان کا سب سے بڑا ڈیم ہے
ارے بوٹ، کیا آپ میری مدد کے ساتھ میری مدد کر سکتے ہیں؟,میں کر سکتا ہوں، اگر وہ پاکستان کے جنرل علم سے متعلق ہیں
قومی برادری,چاکور پاکستان کی قومی نسل ہے
شاعر کا نام؟,زیادہ مخصوص ہو
مجھے پاکستان میں بہترین شخص بتاؤ؟,کسی بھی الجھن سے بچنے کے لئے براہ مہربانی مزید مخصوص رہیں
پاکستان کے قومی پھل؟,مگ پاکستان کا قومی پھل ہے
کونجی تھا؟,مجھے افسوس ہے کہ میں نہیں جانتا، براہ مہربانی زیادہ مخصوص رہیں
پاکستان میں کیا زبانیں بولی ہیں؟,سنڈی بولوچی پنجابی اور پھوٹا
پاکستان کے قومی جانور کیا ہے؟,مارخور پاکستان کا قومی جانور ہے
پاکستان کے لئے کون سا کرکٹر نے سب سے زیادہ وکٹ حاصل کیا ہے؟,وسیم اکرم (پاکستان)
جس نے پاکستان کی بنیاد رکھی,قائداعظم اعظم محمد علی جناح پاکستان کا بانی ہے
پاکستان کی آبادی؟,220 ملین پاکستان آبادی ہے
کون نے پاکستان کا قومی سرود لکھا؟,حفیظ جھنڈیریری نے پاکستان کے قومی جانور کو لکھا
میرے والد کے بینک اکاؤنٹ میں کتنے پیسے ہیں,میں تمہارا باپ نہیں ہوں
پاکستان کا پہلا صدر کون تھا؟,اسککر مرزا مرزا پاکستان کا پہلا صدر ہے
پاکستان کے لئے کون سا کرکٹر نے سب سے زیادہ ٹوپی چالوں کو اٹھایا ہے؟,وسیم اکرم
پاکستان کے موجودہ صدر کا نام؟,ممنون حسین پاکستان کا موجودہ صدر ہے
پاکستان کے قومی گندے نے کون لکھا؟,حفیظ جہالینڈری نے پاکستان کی قومی ترانہ کی تشکیل کی
پاکستان کی کیا زبانیں ہیں؟,آپ کے سوال کے بارے میں زیادہ خاص ہو
کیوں وزیر اعظم پاکستان کو نکال دیا گیا ہے,کیونکہ وہ خراب تھا
ممونون ہنس کے بارے میں مجھے بتاؤ؟,پاکستان کا صدر
پاکستان کا صدر کون ہے؟,موجودہ صدر ممنون حسین ہے
پاکستان میں مقبولیت کیسے حاصل ہے,مجھے افسوس ہے کہ میں نہیں جانتا، براہ مہربانی زیادہ مخصوص رہیں
پاکستان میں سب سے مختصر دریا کا نام؟,روی دریا 710 کلومیٹر کا سب سے چھوٹا سا دریا ہے
پاکستان میں سیاحت,پاکستان میں سیاحت بڑھ رہی ہے
پاکستان میں سیاحت کی شرح,پاکستان سیاحت میں 136 سے باہر ہے 124
پاکستان میں کچھ تاریخی مقامات کا نام؟,آپ کے سوال کے بارے میں زیادہ خاص ہو
عراق کے ساتھ غیر ملکی تعلقات؟,دونوں دونوں مسلم تعلقات ہیں جیسے اچھے تعلقات ہیں
ملالہ؟,وہ پاکستان کے لئے ایک نوبل امن انعام جیتنے والا ہے
سی پی ای سی سی کی خرابیاں کیا ہیں,سی پی ای سی سی کا کوئی بڑا نقصان نہیں ہے
پاکستان میں سیاحت کے مقامات,شمالی علاقوں، ناران کگن پاکستان میں اہم سیاحت کے مقامات ہیں
وزیر اعظم کون ہے,شاہد خاقان اباسی پاکستان کا وزیر اعظم ہے
جب پہلی ایٹمی بم دھماکہ ہوا تھا؟,1945 میں
پاکستان میں سب سے مختصر دریا کا نام کیا ہے؟,روی دریا 710 کلومیٹر کا سب سے چھوٹا سا دریا ہے
جی بی کا دارالحکومت کیا ہے؟,گلگت جی بی کے دارالحکومت ہے
پاکستان میں بہترین یونیورسٹی کیا ہے,نوک بہترین یونیورسٹی ہے
مجھے بتاو کہ تعلیمی نظام کو نشان زدہ کیوں نہیں ہے؟,کم بجٹ کی وجہ سے تعلیم کو مختص کیا گیا تھا
بدعنوانی سیاستدان کا نام کیا ہے؟,نواب اعجاز شیخ پاکستان کے بدعنوانی سیاستدان ہیں
گلگت بلتستان کے موجودہ وزیر اعلی کا نام؟,گلگت بلتستان کے وزیر اعلی حفیظ الرحمان ہیں
پاکستان کی ندیوں کا نام؟,پاکستان میں بہت سارے دریا ہیں تو اس سے زیادہ مخصوص ہے
بلوچستان کا دارالحکومت کیا ہے؟,کوئٹہ بھوکستان کا دارالحکومت ہے
کونسی حکومت نے اسے 5 سال میں دفتر میں مکمل کیا؟,پی پی پی حکومت نے اپنا دورہ مکمل کیا
کس قسم کا کھلاڑی سرکاری ملازمت حاصل کرسکتا ہے؟,مجھے افسوس ہے کہ میں نہیں جانتا، براہ مہربانی زیادہ مخصوص رہیں
وہ کہاں سے ہے,مجھے افسوس ہے کہ میں نہیں جانتا، براہ مہربانی زیادہ مخصوص رہیں
پاکستان کے پہلے خاتون وزیر اعظم کا نام کیا ہے؟,بینظیر بھٹو پہلی خاتون وزیراعظم تھے
پاکستان کا کونسل ہے؟,شیعہ شہباز پاکستان کا سینٹی میٹر ہے
پاکستان میں معلومات کی ٹیکنالوجی؟,پاکستان میں معلومات کی ٹیکنالوجی تیزی سے بڑھ رہی ہے
پاکستان کے غیر ملکی تعلقات کیا ہیں؟,پاکستان اور چین کے ساتھ پاکستان، ایران اور افغانستان کے علاوہ مسلم ممالک کے ساتھ اچھے تعلقات کے ساتھ مضبوط تعلقات ہے
بہترین کھانا؟,ساگ روتی پاکستان میں سب سے عام طور پر کھایا کھانا ہے
فیصل آباد کے پہلے نام؟,فیصل آباد کا آخری نام لیل پور ہے
شاہد آفریدی,پاکستان کے ایک مشہور کرکٹر
پاکستان کا باپ کون ہے؟,قائد اعظم محمد علی جناح پاکستان کا باپ ہے
دنیا میں دوسرا بڑا پہاڑ کونسا ہے؟,K2 پاکستان میں سب سے زیادہ پہاڑ ہے
سی پی ای سی سی کے اقتصادی فوائد کیا ہیں,آپ کو یہ گوگل کرنا ہوگا
پاکستان میں خواندگی کی شرح,پاکستان میں سوادتی کی شرح تقریبا 57 فیصد ہے جس میں ان میں شامل بھی شامل ہیں جنہوں نے اپنا دستخط لکھا ہے
پاکستان میں تعلیمی نظام,پاکستان میں تعلیمی نظام اچھی حالت میں نہیں ہے
کیا پاکستان مرد دنیا میں جنسی تعلقات ہیں؟,نہیں، لیکن وہ تیسری سب سے زیادہ جنسی پرست انسان ہیں دنیا میں
اسلام کیا ہے؟,اسلام مذہب ہے
پاکستان کی زبانیں,آپ کے سوال کے بارے میں زیادہ خاص ہو
پاکستان کا وزیر اعظم,شاہد خاقان اباسی پاکستان کا وزیر اعظم ہے
پاکستان کے ذخائر کا استعمال کیسے کریں؟,وسائل کا استعمال کرتے ہوئے
پاکستان بحریہ کا کیا مقصد ہے؟,"حممت کاامام، اللہ کا کام، موجوہ کا قاعامہامریکہ: ""جرات کا، خدا کی فضل، پیار لہریں ادا کرو"""
پاکستان کے سب سے بڑے صوبے کا نام کیا ہے؟,بلوچستان بلوچستان کا سب سے بڑا صوبہ ہے
پاکستان کی معیشت میں سب سے بڑا شراکت کونسا ہے؟,زراعت کا شعبہ پاکستان کی معیشت کا ایک اہم حصہ ہے
پاکستان کے قومی علامات کیا ہیں؟,آپ کے سوال کے بارے میں مخصوص ہونا
مجیدہ رضوی کون ہے؟,پاکستان میں ہائی کورٹ کے پہلے خاتون جج
پاکستان کی ماں؟,فاطمہ جناح پاکستان کی ماں ہے
پاکستان کے چیف جسٹس کون تھے؟,جنرل فرینک میسوری اعلی سربراہ ہیں
پاکستان کا فوجی ہیرو ہے,10 مشہور (فوجی) ہیروز ہیں، جنہوں نے نشن حیدر سے نوازا ... لیکن آپ کو زیادہ مخصوص کرنے کی کوشش کرنی چاہئے
عمران خان کی کتنے بچے؟,اس سے اپ کا کیا مطلب ہے
جی بی کے موجودہ وزیر اعلی؟,حفیظ الرحمان جی بی کے وزیر اعلی ہیں
پاکستان کے موجودہ صدر کا نام کیا ہے؟,ممنون حسین پاکستان کا موجودہ صدر ہے
علاقے کے مطابق جو پاکستان کا سب سے بڑا شہر ہے؟,کراچی پاکستان میں زمین کے لحاظ سے سب سے بڑا شہر ہے
پاکستان میں عام بیماریوں؟,ڈینگی پاکستان میں مقبول بیماری ہے
پاکستان کے قومی ہیرو؟,بہت سے قومی ہیں تو آپ کے سوال کے بارے میں زیادہ خاص ہو
اے ڈی آئی کرکٹ میں شاہد افریدی کی کل چھ چھٹیاں,شاہد خان آفریدی نے 351 چھکے
پاکستان کے امیدوار کا نام؟,شاہد ققان پاکستان کا وزیر اعظم ابیسی
پاکستان میں توانائی کی بحران کیوں ہے؟,کم از کم ڈیموں کی وجہ سے
پاکستان میں بہترین ریستوراں؟,مجھے افسوس ہے کہ میں نہیں جانتا، براہ مہربانی زیادہ مخصوص رہیں
اے ٹی ایس کیا ہے؟,مجھے افسوس ہے کہ میں نہیں جانتا، براہ مہربانی زیادہ مخصوص رہیں
آمدنی ٹیکس کی شرح,قانون کے مطابق، ٹیکس نہیں ہے جب تک کہ اس کے بعد سالانہ آمدنی 4،00،000 تک پہنچ گئی ہے، ٹیکس کی شرح کے مطابق مختلف ہوتی ہے
کاراکی کی آبادی؟,مجھے افسوس ہے کہ میں نہیں جانتا، براہ مہربانی زیادہ مخصوص رہیں
میں اپنے ٹیکس کیسے ادا کروں؟,آپ آسان پیسا استعمال کرتے ہیں یا اپنے ٹیکس ادا کرنے کے لئے کسی بھی بینک، یا ریاستی دفتر پر جا سکتے ہیں
بلوچستان کا موجودہ وزیر اعظم کون ہے؟,ثناء اللہ زہری بلکستان کے موجودہ وزیر اعلی ہیں
پاکستان کی زبان کیا ہے,اردو پاکستان کی زبان ہے
پاکستان میں سب سے زیادہ مقبول سیاستدان کون ہے؟,بھٹو بھٹو پاکستان کا سب سے مقبول سیاست دان ہے
پیسے کی وجہ سے مجھے پیار ہے,آپ ایک مادیاتی شخص ہیں
بپال,اس سے اپ کا کیا مطلب ہے
آزاد کشمیر کی جھیلیں کیا ہیں؟,کشمیر میں ڈال جھیل، گزرار جھیل وغیرہ وغیرہ میں بہت سارے جھیل ہیں
کہاں ہے مسجد؟,یہ لہر میں سنا ہے
پاکستان کا سب سے بڑا خطرہ,پاکستان پاکستان کا سب سے بڑا خطرہ ہے
پنجابی کا دارالحکومت,لہور پاکستان کا دارالحکومت ہے
بہترین تاریخی جگہ,مینار پاکستان، مزار قائداعظم، لال شہباز قلندر کے مزار بادشیہ مسجد، پاکستان میں اکثر بار بار تاریخی مقامات کا دورہ کیا جاتا ہے.
پاکستان کی طاقت نسلیں,آپ کے سوال کے بارے میں مخصوص ہونا
الطاف بھائی؟,وہ مقصود رہنما ہے
پاکستان میں ڈیم,پاکستان میں 4 بڑے ڈیم ہیں
پاکستان کے وزیر اعلی,صوبائی وزیر کا وزیر اعلی کو دے دو
سیاحوں کی طرف سے سب سے زیادہ دورہ کیا گیا ہے؟,شمالی علاقوں میں پاکستان کے اکثر علاقوں کا دورہ کیا گیا ہے
عمران خان کے بارے میں مجھے بتاو؟,سابق کرکٹر اور پی ٹی کے موجودہ رہنما
پاکستان کا قومی شاعر کون ہے؟,علامہ اقبال پاکستان کا قومی شاعر ہے
پاکستان کا سب سے چھوٹا سا ڈیم کیا ہے؟,مجھے افسوس ہے کہ میں نہیں جانتا، براہ مہربانی زیادہ مخصوص رہیں
پاکستان میں سب سے زیادہ مقبول کھلاڑی کون ہے؟,عمران خان پاکستان میں سب سے زیادہ مقبول کھلاڑی ہے
مارگلا ہلز کے لئے مشہور کیا ہیں؟,یہ پہاڑوں کو ہمیشہ سانپ کے ٹھکانے کے طور پر جانا جاتا ہے
پاکستان میں سب سے خوبصورت لڑکی کون ہے؟,مہرا خان پاکستان میں سب سے خوبصورت لڑکی ہے
مجھے پاکستان کے قومی جانور کے بارے میں بتاؤ؟,پاک سر زیمین پاکستان کا قومی جانور ہے
گورنر جنرل,اپنے سوال کو بہتر بنائیں
پاکستان میں بڑے شہروں کی تعداد؟,پاکستان میں 10 بڑے شہر ہیں
پنجابی کی مشہور کھانا کیا ہیں؟,پنجابی کے مشہور غذا مککی دی روتی ہیں، سارسن دا ساگ اور کری
قومی برادری کیا ہے؟,چاکور پاکستان کی قومی نسل ہے
پاکستان کا ایک اچھا اداکارہ؟,میررا خان پاکستان کا ایک اچھا اداکار ہے
پاکستان میں کتنے پیشہ ورانہ کالج ہیں؟,382 پیشہ ورانہ کالج ہیں
پاکستان میں سب سے مشہور کھلاڑی کون ہے؟,عمران خان پاکستان کا سب سے مشہور کھلاڑی ہے
سندھ گورنر,محمد زبیر سندھ کے گورنر ہیں
پاکستان کی جانب سے ہاکی میں ورلڈ کپ کی جیت,صرف 1
پاکستان کا پہلا دارالحکومت کیا ہے؟,کراچی پاکستان کا پہلا دارالحکومت ہے
پاکستان میں واقع جھیلوں کا نام؟,آباد آباد جھیل لولسار جھیل سیفال ملک جھیل راٹی گلی جھیل پاکستان کے چند جھیل ہیں
پاکستان کے مارشل قانون ایڈمنسٹریٹر؟,اس سے اپ کا کیا مطلب ہے
پاکستان کا قومی کھیل کیا ہے؟,ہاکی پاکستان کا قومی کھیل ہے
پاکستان کا وزیر اعظم؟,شاہد خاق ابابید پاکستان کے موجودہ وزیر اعظم ہیں
ڈائمنڈ مارکیٹ کہاں ہے؟,مجھے افسوس ہے کہ میں نہیں جانتا، براہ مہربانی زیادہ مخصوص رہیں
قائداعظم امام علی جناح کے کتنے بچے ہیں؟,7 بچوں
پاکستان کے خالق,قائد اعظم نے پاکستان کو پیدا کیا
پاکستان کا سب سے بڑا پہاڑ,وہ لوٹ گیا
چک کیا ہے؟,پاکستان کے قومی جانور
پاکستان کے قومی جانور؟,مارخور پاکستان کا قومی جانور ہے
بونیا چیک کیا ہے؟,مجھے افسوس ہے کہ میں نہیں جانتا، براہ مہربانی زیادہ مخصوص رہیں
پاکستان نے کتنے بجلی میگا واٹ بنائی ہے؟,پاکستان نے 109.25 ٹن توانائی پیدا کی ہے
نجی یونیورسٹیوں کا تناسب کیا ہے,7 سے 1 تناسب
پاکستان اور بھارت کا تعلق کیا ہے؟,ان ممالک میں ایک دوسرے کے ساتھ دوستانہ تعلقات نہیں ہیں
مجھے پاکستان کے ڈیموں کے بارے میں بتاؤ؟,تربایل ڈیم مینگلا ڈیم جنگاک ڈیم وغیرہ پاکستان میں مشہور ڈیم ہیں
لوک وائرس کا مقام؟,یہ اسلام آباد میں ہے
مجھے پاکستان کی زبانوں کے بارے میں بتاؤ؟,آپ کے سوال کے بارے میں زیادہ خاص ہو
سی پی ای سی کیا ہے,سی پی ای سی سی چین پاکستان اقتصادی کوریڈور کے لئے کھڑا ہے
پاکستان میں کتنی یونیورسٹییں ہیں؟,پاکستان میں 51 یونیورسٹییں ہیں
بلوچستان میں ہونے والے مخالف تحریکوں کے بارے میں مجھے بتائیں؟,اندر
پاکستان کے مشہور شہر غذا کے مطابق,لاہور کھانے کے لئے مشہور ہے
خارجہ وزیر کون ہے؟,خواجہ محمد آصف موجودہ وزیر خارجہ ہیں
علامہ اقبال کہاں ہے؟,پاکستان کے قومی شاعر
توانائی کی بحرانوں کی اہم وجوہات,ڈیموں کی کم تعداد
بدعنوان پاکستانی سیاستدانوں کے نام کیا ہیں,نواب اعجاز شفیق زاریاری پاکستان کے بدعنوانی سیاستدان ہیں
انام ساجد کون ہے؟,مجھے افسوس ہے کہ میں نہیں جانتا، براہ مہربانی زیادہ مخصوص رہیں
فلم انڈسٹری قائم کی گئی تھی,پاکستان کی پہلی فلم 7 اکتوبر، 1948 کو ٹیری یااد کے ساتھ جاری کیا گیا تھا
پاکستان میں ندیوں کے نام کیا ہیں؟,پاکستان میں 5 اہم دریا ہیں، سندھ، راوی، چننیاب، جہلم اور سوٹج
ہر وقت بہترین فٹ بال کا نام کیا ہے؟,مارڈونا بہترین فٹ بال ہے
پاکستان کا بہترین برآمد,کپاس پاکستان کا بہترین برآمد ہے
پاکستان میں سب سے بڑا صحرا,تھر پاکستان میں سب سے بڑا صحرا ہے
پاکستان فٹ بال ٹیم کی کمزوری کارکردگی کا سبب بنتا ہے,انتظام کی کمی کی وجہ سے
مجھے پاکستان کے بڑے درآمدات کے بارے میں بتاؤ؟,پاکستان میں میچائنری بڑی درآمد ہے
پاکستان,آپ کے سوال کے بارے میں مخصوص ہونا
پاکستان میں عید کا مقصد کیا تھا؟,شاعری اور یتیموں کو پناہ فراہم کرنے کے لئے
پاکستان نے کب 20 ورلڈ کپ جیت لیا؟,پاکستان نے 2009 میں ٹی 20 جیت لیا
پاکستان دوسری سب سے زیادہ بولی زبان ہے,پختون پاکستان میں سب سے زیادہ بولی زبان ہے
ہنزا مقام؟,یہ پاکستان کے شمالی حصے میں واقع ہے
پاکستان کا سب سے بڑا ڈیم,مینگلاہ ڈیم پاکستان کی سب سے بڑی زمین پر بھرا ہوا ڈیم ہے
سندھ کے دارالحکومت کا نام کیا ہے؟,کراچی سندھ کا دارالحکومت ہے
کرکٹ کی تاریخ میں تیز ترین ترسیل کی رفتار؟,شعیب اختر نے 100 رنز بنائے
پاکستان میں جھیلیں,آپ کے سوال کے بارے میں مخصوص ہونا
مجھے پاکستان سازی میں مضامین کے بارے میں بتاؤ؟,شہید ہونے والے فوجیوں کی کوئی خاص تعداد نہیں ہے
پاکستان میں فلمیں,بہت سے فلمیں موجود ہیں لہذا آپ کے سوال کے بارے میں خاص ہو
کراچی,کراچی پاکستان کا سب سے بڑا شہر ہے
پاکستان کا سب سے بڑا میوزیم کا نام کیا ہے؟,لاہور میوزیم پاکستان کا سب سے بڑا میوزیم ہے
پاکستان کا صدر کون ہے؟,موجودہ صدر ممنون حسین ہے
حافظ جھنڑھ وی,انہوں نے پاکستان کا قومی جانور لکھا
موجودہ وزیر دفاع کا نام؟,خواجہ محمد آصف موجودہ وزیر دفاع ہیں
ڈینگی کیوں پاکستان میں پھیل رہا ہے؟,ہماری لاپرواہی کی وجہ سے
شاہد آفریدی کون ہے؟,پاکستان کے ایک مشہور کرکٹر
پاکستان کا دارالحکومت؟,اسلام آباد پاکستان کا دارالحکومت ہے
پاکستان کا سب سے چھوٹا شہر کا نام,چکوال سب سے چھوٹا شہر ہے
قومی کھیل؟,ہاکی پاکستان کا قومی کھیل ہے
پاکستان کے بینک آف پاکستان کے پہلے گورنر,زاهد حسین پاکستان کے ریاستی بینک کا پہلا گورنر تھے
کیا پاکستان ایک دہشت گرد ریاست ہے؟,یقینی طور پر نہیں
پاکستان میں کسی بھی طاقتور سیاستدان,زاریاری
پاکستان اٹارنی جنرل؟,اشفاق عاطف پاکستان کے اٹارنی جنرل ہیں
مجھے بھٹی کے والد کے بارے میں بتاؤ؟,مجھے افسوس ہے کہ میں نہیں جانتا، براہ مہربانی زیادہ مخصوص رہیں
پاکستان کے صوبوں؟,پاکستان میں 4 صوبوں ہیں
تمام صوبوں کے وزیر اعلی,آپ کا سوال متعلقہ ہونا ضروری ہے
پاکستان کے ملک کے والد کا نام کیا ہے؟,قائداعظم محمد علی جناح
پاکستان میں سب سے زیادہ چوٹی کا نام,پاکستان میں سب سے زیادہ چوٹی K2 ہے
پاکستان میں کتنے سمندر ہیں؟,پاکستان اپنی سرحد سے منسلک ایک سمندر ہے
اٹک میں کس قسم کا موسم,وہاں اس کی چلی
پاکستان کا علاقہ؟,796،095 کلو میٹر پاکستان کا علاقہ ہے
پاکستان کا موسم؟,یہ بہت اچھا ہے
پاکستان کے صدر کی غیر موجودگی میں کونسلنگ صدر کے طور پر کام کرے گا؟,چیئرمین سینیٹ
پاکستان کے قومی شکایات کا نام کیا ہے؟,برف چیتے پاکستان کے قومی محرک ہے
پاکستان کے پہلے وزیر اعظم کا نام؟,لیاقت علی خان پاکستان کا پہلا وزیر اعظم تھا
اسلم آباد میں سڑک کے دھماکے کا سلسلہ,اسلام آباد کو اسلام آباد سے اسلام آباد میں اسلام آباد کی پاکستان اسلام آباد ہے، لوگوں کو ان کی آواز حکومت کو سننے کا موقع ملے گا.
میں اپنے ملک کے لئے کیوں کام کرتا ہوں؟,کیونکہ یہ ہماری ماں زمین ہے
کیسے,تم ہو
پاکستان کی زبانیں,سنڈی گنچی پنجبی پختہ پاکستان میں بولی جانے والے زبانوں میں ہیں
پاکستان کی قومی برادری کیا ہے؟,چاکور پاکستان کی قومی نسل ہے
پاکستان کے قومی جانور کیا ہے؟,مارخور پاکستان کا قومی جانور ہے
کراچی میں بہترین سیاحتی مقام,کلفٹن ساحل پاکستان میں اچھا سیاحتی مقام ہے
کس طرح کھلاڑیوں کی مدد کی جانی چاہئے؟,تربیت نے انہیں مدد دی اور انہیں مضبوط بنا دیا
پاکستان میں سب سے بڑی ڈیم کا نام کیا ہے؟,تربایل ڈیم پاکستان میں سب سے بڑی ڈیم ہے
کیا بھٹو اصل میں زندہ ہے؟,نہیں وہ نہیں ہے
کرکی کا پرانا نام کیا ہے؟,کولچی کا کارکا کا بڑا نام ہے
پاکستان کہاں ہے؟,یہ آسیا میں واقع ہے
پاکستان کے قومی لباس کا نام؟,شلوارکمیز پاکستان کا قومی لباس ہے
پہلا صدر؟,اسککر مرزا مرزا پاکستان کا پہلا صدر ہے
سندھ کے موجودہ وزیر اعلی کا نام؟,مراد علی شاہ سندھ کے وزیر اعلی ہیں
پاکستان کی درآمد؟,مشینری پاکستان کی درآمد ہے
پاکستان میں پوسٹ آفس کی کل تعداد؟,پاکستان میں 12170 پوسٹ دفاتر موجود ہیں
پاکستان کے وزیر اعلی کا نام کیا ہے؟,صوبائی وزیر کا وزیر اعلی کو دے دو
مشرق کے شاعر کا نام؟,محمد اقبال
پاکستان کے قومی علامات,پاکستان کے بہت سے قومی نشان ہیں جیسے نشان، جیسمین وغیرہ
پاکستان کا پہلا گورنر جنرل کون تھا؟,قائد اعظم محمد علی جناح پاکستان کا پہلا گورنر جنرل تھا
پاکستان کے اہم مسائل کیا ہیں؟,دہشت گردی پاکستان میں اہم مسئلہ ہے
ہائی عدالت کا پہلا خاتون جج کون تھا؟,مجلس رضوی ہائی کورٹ کے پہلے خاتون جج تھے
قانون کا نام سے متعلق پاناما لیک؟,Mossack Fonseca
جنرل تکیہ خان کون تھے؟,جنرل تکاکا خان ایچ جے، ایس پی پی، پاکستان آرمی میں چار اسٹار کی درجہ بندی آرمی جنرل تھے، جس میں 3 مارچ 1972 سے آرمی عملے کے پہلے سربراہ کی حیثیت سے خدمت کی گئی جب تک 1 مارچ 1976
پاکستان کی قومی تباہی کیا ہے؟,مگجر مگرمائل پاکستان کا قومی تختہ ہے
آفریدی,سابق کرکٹر
دفاعی قوتیں,پاکستان میں تقریبا 1 ملین پیٹنٹ یونٹس ہیں، اور تقریبا ایک ملین ایئر اور بحری یونٹس ہیں جو ملک کی غیر ملکی اور گھریلو خطرات کے خلاف حفاظت کرتے ہیں.
پاکستان کے کھلاڑیوں,زیادہ مخصوص ہو
پاکستان کے کتنے صوبے؟,پاکستان میں چار صوبوں
بلوچستان کے گورنر کا نام کیا ہے؟,محمد خان اچکزئی بلوچستان کے گورنر ہیں
پاکستان کی سب سے خوبصورت لڑکی کا نام کیا ہے؟,مہرا خان پاکستان میں سب سے خوبصورت لڑکی ہے
کیوں ضیاء الحق مر گیا؟,وہ سب سے زیادہ ظالم شخص ہے
پاکستان میں صحت کی حالت کیا ہے,اوسط
پاکستان کی قومی ہم آہنگی کیا ہے؟,انڈونیشیا کے دریا ڈالفن پاکستان کی قومی نوعیت ہے
پاکستان میں موسم,پاکستان میں چار موسم ہیں
پاکستان میں سب سے زیادہ بدعنوانی سیاستدان کون ہے؟,نواب اعجاز شیخ پاکستان کا سب سے بدعنوانی سیاست دان ہے
پاکستان میں قومی اداروں کونسی ہیں؟,بہت سے قومی اداروں میں بہت زیادہ خاص ہو
قومی ہیرو؟,بہت سے قومی ہیرو قائد اعظم، علامہ اقبال، لیاقت علی خان وغیرہ ہیں
اچھا ہو گی,ٹھیک ہے
پاکستان کی بہترین تاریخی جگہ کا نام؟,بہت سے تاریخی مقامات جیسے بدشیہ مجاہد، موینجوڈیارو وغیرہ ہیں
پاکستان کے بانی کا نام؟,قائد اعظم محمد علی جناح پاکستان کا بانی ہے
چین کے ساتھ پاکستان کے تعلقات؟,ان کے دوستانہ تعلقات ہیں
جی ہاں,ٹھیک ہے
قومی گندگی لکھا ہوا شخص کا نام کیا ہے؟,حفیظ جھنڈیریری نے پاکستان کے قومی جانور کو لکھا
تم نے مجھے کیوں ہٹا دیا؟,مجھے افسوس ہے کہ میں نہیں جانتا، براہ مہربانی زیادہ مخصوص رہیں
سب سے بڑا صوبہ؟,بلوچستان پاکستان میں سب سے بڑا صوبہ ہے
کے پی پی کے دارالحکومت کا نام؟,پیشور ک پی پی کے دارالحکومت ہے
مجھے نیاز شریف کے بارے میں بتاؤ؟,نواب احمد شفیق پاکستان کے سابق وزیراعظم ہیں
تم کون ہو؟,میں پی کے بی بوٹ ہوں
ایم ایم ایم کا رہنما کون ہے؟,altaf hussain پاکستان کا رہنما ہے
پاکستان کے بڑے توانائی کے ذرائع؟,بجلی (ہائیڈریٹ، تھرمل، جوہری) تیل، کول، اور مائع پٹرولیم گیس
پاکستان میں سیاحت کا بہترین مقام کونسا ہے؟,پاکستان میں سیاحت کے لئے شمالی علاقوں بہتر ہیں
پاکستان میں سیاحت کے مقامات کا نام؟,شمالی علاقوں، گلگت، سکرو، سوات، کشمیر اور بہت سے لوگ
پاکستان برآمد کپاس کرتے ہیں,ہاں پاکستانی برآمد کپاس
پاکستان کا کیا مطلب ہے؟,خدا تعالی کے لئے
پاکستان میں سب سے زیادہ مشہور بینکوں,HSBC بینک، ال فلاہ بینک
بلوچستان کے موجودہ وزیر اعلی کا نام؟,ثناء اللہ زہری بلکستان کے موجودہ وزیر اعلی ہیں
پاکستان کے بڑے مسائل کیا ہیں؟,دہشت گردی پاکستان کا ایک بڑا مسئلہ ہے
قومی درخت کا نام,ڈو ڈار پاکستان کا قومی درخت ہے
پاکستان کے بارش شہر کا نام؟,راولپنڈی پاکستان کا بارش ترین شہر ہے
پاکستان میں مرد تناسب کیا ہے؟,مردوں کا تناسب 51٪ ہے
پاکستان میں سیاست کی مشکلات,آپ کے سوال کے بارے میں مخصوص ہونا
تفریحی صنعت,لالی ووڈ پاکستان میں مقبول فلم صنعت ہے
مجھے پنجابی کے دارالحکومت کے بارے میں بتاؤ؟,لہر پنجاب کے دارالحکومت ہے
پاکستان کا کھانا؟,سوال کے بارے میں زیادہ خاص ہو
اسلام آباد کا موسم؟,اب اس کی چلی
پاکستان کی طرف سے کیا بدعتیں ہیں؟,مجھے افسوس ہے کہ میں نہیں جانتا، براہ مہربانی زیادہ مخصوص رہیں
پاکستان کی آزادی کا دن؟,14 اگست 1947 پاکستان کی آزادی کا دن ہے
قومی برادری,چاکور پاکستان کی قومی نسل ہے
پاکستان کے تمام صوبوں کا نام؟,خیبر پختونخواہ، پنجاب، سندھ، بلوچستان.
پاکستان میں ڈیموں کی تعداد,پاکستان میں 150 ڈیم ہیں
ہاکی ورلڈ کپ نے پہلے کب کب کھیلا؟,1971 میں ہاکی ورلڈ کپ پاکستان نے جیت لیا
پاکستان میں توانائی بحران؟,پاکستان میں ڈیموں کی کم تعداد
1992 میں کرکٹ ورلڈ کپ کے چیمپئنز؟,پاکستان کرکٹ ورلڈ کپ 1992 کا چیمپئن تھا
پاکستان میں کتنے آرٹ اور سائنس کالج ہیں؟,1066 کالجیں ہیں
پاکستان کا بانی کون ہے؟,قائداعظم پاکستان کا بانی ہے
پاکستان کے بدعنوانی سیاستدان کا نام؟,نواز شريف
Mqm رہنما کا نام کیا ہے؟,فاروق ستار ایم ایم ایم لیڈر ہیں
کے بارے میں مجھے بتانے کے بارے میں بتاو؟,اچھی منصوبہ بندی والا شہر
پاکستان کی ندیوں کا نام؟,دریائے روی، چناب سٹلیج، انڈیا دریا پاکستان کے کچھ دریاؤں ہیں
بہترین ہسپتال,Cidp انٹرنیشنل بنیاد پاکستانی کا بہترین ہسپتال ہے
کیری کی آبادی کیا ہے؟,مجھے افسوس ہے کہ میں نہیں جانتا، براہ مہربانی زیادہ مخصوص رہیں
پاکستان کیا ہے,پاکستان ایک ملک ہے
پیٹی کے بانی,عمران خان پیٹی کے بانی ہے
روس کے ساتھ پاکستان کے خارجہ تعلقات؟,ان کے دوستانہ تعلقات نہیں ہیں
پاکستان کی بلند ترین چوٹی؟,K2 پاکستان میں سب سے زیادہ چوٹی ہے
مجھے پاکستان کے اہم برآمد کے بارے میں بتاؤ؟,کھیلوں کی مصنوعات پاکستان کے اہم برآمدات ہیں
uzair کون ہے,مجھے افسوس ہے کہ میں نہیں جانتا، براہ مہربانی زیادہ مخصوص رہیں
پاکستان کی کرنسی؟,روپیہ پاکستان کی کرنسی ہے
کون ہوشیار شخص ہے؟,مجھے افسوس ہے کہ میں نہیں جانتا، براہ مہربانی زیادہ مخصوص رہیں
پاکستان میں صحت,آپ کے سوال کے بارے میں زیادہ خاص ہو
پاکستان کے قومی ہیرو کون ہیں؟,قائد اعظم، علامہ اقبال، لیاقت علی خان
ہنزا کہاں ہے,اس کے شمالی حصے میں پاکستان
پاکستان کی پہلی خاتون PM کا تھا,بے نظیر بھٹو پہلی خاتون وزیراعظم تھے
پاکستان کا سب سے بڑا صوبہ کا نام؟,بلوچستان پاکستان کا سب سے بڑا صوبہ ہے
پاکستان کا موجودہ چیف جسٹس کون ہے؟,میاں ثاقب نثار پاکستان کے موجودہ چیف جسٹس ہیں
پاکستان میں توانائی بحران,کم سے کم ڈیموں کی وجہ سے
پاکستان میں بہترین خوراک؟,رشوت پاکستان کا سب سے بہترین ڈش ہے
پاکستان کی قومی برادری کا نام کیا ہے؟,چاکور پاکستان کی قومی نسل ہے
مجھے موری کی اونچائی کے بارے میں بتاؤ؟,2،291 میٹر موری کی اونچائی ہے
پاکستان کا موجودہ صدر؟,ممنون حسین پاکستان کا صدر ہے
پاکستان کا وزیر اعظم؟,شاہد خاقان اباسی پاکستان کا وزیر اعظم ہے
مجھے پاکستان کے خالص بجٹ کے بارے میں بتاؤ؟,2016-17 بجٹ کا مجموعی 4،894.9 بلین روپے تھا.
کون سا ڈیم زیادہ سے زیادہ بجلی پیدا کرتا ہے,تربایل ڈیم نے زیادہ سے زیادہ بجلی پیدا کی ہے
پاکستان کے تاریخی مقامات کا نام؟,پاکستان میں بہت سے تاریخی مقامات موجود ہیں لہذا آپ کے سوال کے بارے میں مخصوص ہو
پاکستان میں 2017 کی سب سے زیادہ نشر شدہ فلم؟,مجھے افسوس ہے کہ میں نہیں جانتا، براہ مہربانی زیادہ مخصوص رہیں
کھاددار (کپڑے) کے لئے کونسا شہر مقبول ہے؟,کمالہ خددر کپڑے کے لئے مشہور ہے
ای میلرایل سے پاکستان کے تعلقات؟,ہم ان کو خود مختار ریاست کے طور پر نہیں پہچانتے ہیں
آپ کونسی گیلانی ہیں,یوسف رضا گیلانی پاکستان کا سابق وزیر اعظم ہے
جہانب کے بارے میں کیا,مجھے افسوس ہے کہ میں نہیں جانتا، براہ مہربانی زیادہ مخصوص رہیں
پاکستان میں کتنے ریلوے اسٹیشن ہیں؟,781 ریلوے سٹیشنیں موجود ہیں
ماؤنٹین ایورسٹ کی اونچائی؟,8،848 میٹر
پاکستان میں مشہور بینکوں,پوچاری بینک، یو بی ایل، ایچ بی ایل، ایم سی بی وغیرہ
سی پی ای سی کیا ہے,سی پی ای سی | چین - پاکستان اقتصادی کوریڈور (سی پی ای سی) سرکاری منصوبہ بندی وزارت کی طرف سے ترقی،
پاکستان کب پہلی بار ہاکی ورلڈ کپ کے چیمپئنز بن گئے؟,1971 میں ہاکی ورلڈ کپ پاکستان نے جیت لیا
مجھے پاکستان کے پھلوں کے بارے میں بتاؤ؟,سیب سنتری آم پاکستان کے اہم پھل ہیں
لاپتہ شخص پاک میں؟,انہیں دہشت گردی کے مقاصد کے لئے اغوا کیا جا رہا ہے
پاکستان کے قومی درخت کا نام؟,ڈو ڈار پاکستان کا قومی درخت ہے
پاکستان میں کتنے ندی موجود ہیں؟,پاکستان میں 5 اہم دریا ہیں، سندھ، راوی، چننیاب، جہلم اور سوٹج
مریمام نوزاز کون ہے,نویج شیرف کے ڈیوگسٹرٹر
فاٹا ایک صوبہ ہے یہ سچ ہے یا نہیں؟,فاٹا کوئی صوبہ نہیں ہے
اسلام آباد میں دریا,آئل میں کوئی دریا نہیں ہے
فلم کی صنعت کے کردار ادا کریں.,شان، میرہ خان، میرا نام فلم انڈسٹری کے بعض اداکار ہیں
مجھے پاکستان کے قومی ہیرو کے بارے میں بتاؤ؟,بہت سے قومی ہیرو قائد اعظم، علامہ اقبال، لیاقت علی خان وغیرہ ہیں
پاکستان کا سب سے بڑا صوبہ؟,بلوچستان بلوچستان کا سب سے بڑا صوبہ ہے
مجھے پاکستان میں موجودہ سیاسی مسائل کے بارے میں بتاؤ؟,پی ٹی ایم ایم پی پی پاکستان کی اہم جماعتیں ہیں
پاکستان میں سب سے بڑا شہر ؟؟,کراچی پاکستان کا سب سے بڑا شہر ہے
پاکستان کی پہلی خاتون وزیر اعظم؟,بینظیر بھٹو پہلی خاتون وزیراعظم تھے
پاکستان میں سب سے بڑا ڈیم,تربایل ڈیم سب سے بڑی ڈیم ہے
مارالا پہاڑیوں کے لئے مشہور ہے؟,یہ پہاڑوں کو ہمیشہ سانپ کے ٹھکانے کے طور پر جانا جاتا ہے
قوم کا باپ کون ہے؟,قائداعظم محمد علی جناح
یہ کیا ہے؟,یہ ایک چیٹ بٹ ہے
پاکستان کی درآمد کیا ہے؟,درآمد میں پٹرولیم اور پٹرولیم مصنوعات، خوردنی تیل، کیمیکل، کھاد، دارالحکومت سامان، صنعتی خام مال، اور صارفین کی مصنوعات شامل ہیں.
حسیب کون ہے,مجھے افسوس ہے کہ میں نہیں جانتا، براہ مہربانی زیادہ مخصوص رہیں
پاکستان کے ڈی جی اے آئی اے کا نام؟,نوید مختار پاکستان کا ڈی جی آئی اے ہے
جس نے پاکستان کے قومی سرود لکھا تھا؟,حفیظ جہالینڈری نے پاکستان کی قومی ترانہ کی تشکیل کی
مجھے پاکستان کے مذہب کے بارے میں بتاؤ؟,اسلام اسلام میں مذہب ہے
پنجاب کے وزیر اعلی,شہباز شریف کا پاکستان کا موجودہ وزیر ہے
پاکستان کا دفاعی دن کیا ہے؟,6 ستمبر دفاعی دن ہے
پاکستان میں موجودہ سیاسی مسائل کیا ہیں؟,پی ٹی ایم ایم پی پی پاکستان کی اہم جماعتیں ہیں
کونسیری ہے,مجھے افسوس ہے کہ میں نہیں جانتا، براہ مہربانی زیادہ مخصوص رہیں
پاکستان کا کم سے کم آبادی والا صوبہ؟,بلوچستان پاکستان کا سب سے زیادہ مقبول ترین صوبہ ہے
سی پی ای سی,سی پی ای سی چین چین پاکستان اقتصادی کوریڈور کے لئے کھڑا ہے، بنیادی طور پر پاکستان اور چین کے درمیان تجارتی مقاصد کے لئے.
پاکستان بھارت سرحد کا مقام؟,اس میں لہرا
پاکستان کے موجودہ وزیر اعظم کا نام کیا ہے؟,شاہد خاق ابابید پاکستان کے وزیراعظم ہیں
پاکستان کی آزادی کا دن؟,14 اگست 1947 پاکستان کی آزادی کا دن ہے
شاعر کون ہے,زیادہ مخصوص ہو
سی پی ای سی؟,چین-پاکستان اقتصادی کوریڈور بنیادی ڈھانچے کے منصوبوں کا مجموعہ ہے جو فی الحال پاکستان بھر میں زیر تعمیر ہے.
مجھے لگتا ہے کہ یہ 56 سال پہلے تھا.,ٹھیک ہے معلومات کے لئے شکریہ
پاکستان کے شے گانا؟,اپنے آپ کو انسان سے سلوک کرنا
لولیوڈ کی طرف سے بنائی گئی بہترین فلم کونسی ہے؟,مجھے افسوس ہے کہ میں نہیں جانتا، براہ مہربانی زیادہ مخصوص رہیں
'پاک سر زیم پارٹی' کا بانی کون ہے؟,مصطفی کمال پاک سرزمین پارٹی کے بانی ہیں
پاکستان کو پیدا کیا گیا تھا,١٤/٧/٢٠١٧
پاکستانی خاتون کرکٹ ٹیم کا کپتان؟,ثنا میر پاکستان خاتون کرکٹ ٹیم کا کپتان ہے
جی بی کے گورنر کا نام کیا ہے؟,میر غضنفر علی شاہ گلگت بلتستان کے گورنر ہیں
پاکستان میں صحت کے بارے میں کیا ہے,آپ کے سوال کے بارے میں زیادہ خاص ہو
لہر میں کھانا,آپ کے سوال کے بارے میں زیادہ خاص ہو
پاکستان کے کاروباری شراکت دار کون ہیں,چین
پاکستان کے صوبوں کا نام؟,پاکستان کے 4 صوبے ای کے پی پی، سند، بلوچستان، پنجاب اور گلگت بلتستان میں موجود ہیں
مجھے پاکستان کے قومی ہیرو کے بارے میں بتاؤ؟,بہت سے قومی ہیرو بہت زیادہ مخصوص ہیں
پاکستان کے صدر کا نام کیا ہے؟,مخصوص سے پہلے (وقت کی مدت کا ذکر کریں)
آئل کا ماحول کیا ہے؟,اسلم آباد میں آبادی غیر متوقع ہے
پاکستان میں کام کرنے والے بین الاقوامی تنظیموں کی تعداد؟,پاکستان میں کام کرنے والے اداروں کی کوئی درست تعداد نہیں ہے، ان میں سے کچھ ہیں، یو این، نیٹو، امریکی-ایڈ وغیرہ وغیرہ
پنجاب کے وزیر اعلی کا نام کیا ہے؟,شجاعت شریف پنجاب کے موجودہ وزیر اعلی ہیں
پاکستان کا سب سے بڑا ذخیرہ کون ہے؟,آپ کا سوال کوئی احساس نہیں ہے
پاکستان میں بہترین کمپنی کا نام,یونییلور اپنی کسٹمر سروس کے مطابق درجہ بندی کی بہترین کمپنی ہے
پاکستان کی ماں کا نام,فاطمه جناح پاکستان کی ماں ہے
پاکستانی بھارت جنگ کب ہوئی؟,یہ 1965 میں لڑا گیا تھا
کشمیر میں پاکستان بھی شامل ہے,ہاں آزاد کشمیر پاکستان میں ہے
شیڈنگ طے ہو جائے گا جب طے کیا جائے گا,شہباز شریف کے مطابق یہ 2 ماہ میں مقرر کیا جائے گا
میمن حسین؟,وہ پاکستان کا صدر ہے
پاکستان میں کمپیوٹر سائنس کے لئے بہترین انسٹی ٹیوٹ؟,فاسٹ یونیورسٹی
زیادہ تر پاکستان کا کھانا,پاکستان میں یہ سب سے عام طور پر کھایا کھانا ہے کیونکہ سگ روتی پاکستان کا قومی غذا ہے
پاکستان کا بہترین کرکٹر,عمران خان پاکستان کا بہترین کرکٹر ہے
جس یونیورسٹی میں پاکستان کا ایک نمبر ہے,LUMS نمبر ایک یونیورسٹی ہے
پاکستان کا آرمی چیف کون ہے؟,قمر جاوید باجواہ پاکستان کے آرمی عملے کا سربراہ ہیں
تو قومی شاعر کون ہے؟,علامہ اقبال پاکستان کا قومی شاعر ہے
پاکستان میں دھمکی,پاکستان میں بڑا خطرہ دہشت گردی ہے
پہلی خاتون وزیراعظم کون ہے؟,بینز بھٹو پاکستان کا پہلا وزیر اعظم ہے
پاکستان کا قومی کھیل کیا ہے؟,ہاکی پاکستان کا قومی کھیل ہے
پاکستان کا بہترین کپتان، مستحکم ہے؟,زور دیا
پاکستان کا کونسا لباس ہے؟,شلوارکمیز پاکستان کا قومی لباس ہے
کنو کیا ہے,پاکستان میں جادوگروں کا برکت
پاکستان کی قومی برادری کیا ہے؟,چاکور پاکستان کی قومی نسل ہے
پاکستان کا سب سے مقبول اداکار کا نام کیا ہے؟,عمران میر خان خان پاکستان کے سب سے زیادہ مشہور اداکاروں ہیں
پاکستان کے ڈیموں کا نام کیا ہے؟,تربایل ڈیم مینگلا ڈیم جنگاک ڈیم وغیرہ پاکستان میں مشہور ڈیم ہیں
مجھے بتاو K K K کے پچھلے نام کیا ہے؟,nwfp
پنجابی کی سوادتی کی شرح کیا ہے؟,71 فیصد پنجاب میں سوادتی کی شرح ہے
پاک پرچم میں سفید رنگ کی نمائندگی کیا ہے؟,یہ چاند اور ستارے کی نمائندگی کرتا ہے
پاکستان کی مجموعی آبادی؟,220 ملین پاکستان آبادی ہے
پنجاب کے گورنر کا نام؟,ملک محمد رفیق راجوانا پنجابی کے گورنر ہیں
پاکستان کا سب سے زیادہ مقبول صوبہ کا نام؟,پنجاب پاکستان کا سب سے زیادہ مقبول ترین صوبہ ہے
جس نے پاکستان کے قومی سرود لکھا تھا,حفیظ جالینڈری نے پاکستان کا قومی جانور لکھا
پاکستان کے پہلے صدر کا نام؟,اسککر مرزا مرزا پاکستان کا پہلا صدر ہے
کے پی پی کے گورنر کا نام؟,اقبال ظفر جھنگ ک کے پی کے ک
پاکستان کے اہم مسائل؟,دہشت گردی پاکستان میں اہم مسئلہ ہے
پاکستانی سوادری کی شرح,57 فیصد
پاکستان کتنا صوبہ ہے؟,پاکستان میں 5 صوبوں میں آئی ای پی کے پی، سند، بلوچستان، گلگت بلتستان اور وہاں موجود ہیں
پاکستان کی سب سے بڑی تنظیم کیا ہے؟,ایڈیشن بنیاد پاکستان کی سب سے بڑی بنیاد ہے
1971 کا ہاکی ورلڈ کپ کس نے جیت لیا؟,پاکستان نے پہلا ہاکی عالمی کپ جیت لیا
پاکستان میں سب سے بڑا صوبہ,بیلچستان
پاکستان میں 2017 کی سب سے بڑی فلم ہے؟,مجھے افسوس ہے کہ میں نہیں جانتا، براہ مہربانی زیادہ مخصوص رہیں
پاکستان کے بہترین گلوکار کا نام کیا ہے؟,علی ظفر پاکستان کا بہترین گلوکار ہے
پاکستان میں واقع انڈس دریا کہاں ہے,یہ تبت (چین) سے، کشمیر کے ذریعے، گلگت بلتستان کی طرف بڑھتا ہے اور جنوبی افریقہ میں جنوبی افریقہ میں ختم ہوتا ہے.
پاکستان کا پہلا وزیر کون کون ہے؟,مجھے افسوس ہے کہ میں نہیں جانتا، براہ مہربانی زیادہ مخصوص رہیں
پاکستان میں دہشت گردی کے بارے میں آپ کیا جانتے ہیں؟,پاکستان میں سیاحت بڑھ رہی ہے
لہر میں ہیڈ پلوں کی تعداد؟,لہور میں تقریبا 20 پروازیں ہیں
مجھے بدعنوانی سیاستدان کے نام سے بتاؤ؟,نواب اعجاز شیخ پاکستان کے بدعنوانی سیاستدان ہیں
پاکستان کا دارالحکومت کیا ہے؟,اسلام آباد پاکستان کا دارالحکومت ہے
٥١,اس سے اپ کا کیا مطلب ہے
پاکستان کی قومی خوراک کیا ہے,باریانی پاکستانی قومی خوراک ہے
لوک ویزا کہاں ہے,یہ اسلام آباد میں ہے
ہیرا مندی کیا ہے,آپ کا گھر
پاکستان کے صوبوں کا نام؟,پاکستان کے صوبے K پی کے، سند، بلوچستان، پنجاب اور گلگت بلتستان ہیں
پاکستان کی قومی مسجد؟,فیصل مسجد پاکستان کی قومی مسجد ہے
پاکستان کے جڑواں شہر کیا ہیں؟,پاکستان میں کوئی خاص جڑواں شہر نہیں ہیں
پاکستان کب پہلے ہاکی ورلڈ کپ میں فاتح بن گیا؟,1971 میں ہاکی ورلڈ کپ پاکستان نے جیت لیا
میرا ناممکن,مسٹر. اجنبی
مریمام نوجا کے بارے میں مجھے بتاؤ؟,وہ نوازی شیرف کا داغوسٹر ہے
پاکستان کا کل سالانہ بجٹ,کل بجٹ ہے. 4.75 ٹریلین
کونسل کا کون ہے,تمہارا جیجاجی
پاکستان میں کتنے صوبوں؟,پاکستان میں چار صوبوں ہیں
آزاد کشمیر کی خواندگی کی شرح؟,آزاد کشمیر کی سوادگی کی شرح 72٪ ہے
پرویز مشرف کا دورہ کیا تھا؟,پرويز مشرف کا دورہ 1999 میں شروع ہوا اور 2008 تک ختم ہوگيا
پاکستان میں بہترین یونیورسٹی؟,پیسہ پاکستان میں سب سے بہتر یونین ہے
پاکستان کے اٹارنی جنرل کا نام کیا ہے؟,اشفاق عاطف پاکستان کے اٹارنی جنرل ہیں
پاکستان میں تفریح ​​صنعت,لالی ووڈ تفریحی صنعت میں سے ایک ہے
امیر ترین شہر؟,لہرا پاکستان کا سب سے امیر ترین شہر ہے
کے پی پی کے گورنر کا نام کیا ہے؟,اقبال ظفر جھنگ ک کے پی کے ک
پاکستان کا باپ؟,قائد اعظم محمد علی جناح پاکستان کا باپ ہے
پاکستان کی قومی کرنسی کا نام کیا ہے؟,پاکستانی روپیہ پاکستان کی کرنسی ہے
پاکستان کے موجودہ صدر کا نام؟,ممنون حسین پاکستان کا موجودہ صدر ہے
خیبر پختونخواہ کی مرکز کا نام؟,پشاور خیبر پختونخواہ کے دارالحکومت پشاور ہے
پاکستان میں جوہری طاقت بن گیا؟,1998 ء میں پاکستان جوہری طاقت بن گیا
پولیس کا ملازمین کتنا کام کرتا ہے؟,مجھے افسوس ہے کہ میں نہیں جانتا، براہ مہربانی زیادہ مخصوص رہیں
مجھے پاکستان کے قومی کھیل کے نام کے بارے میں بتاؤ؟,ہاکی پاکستان کا قومی کھیل ہے
پاکستان کے بڑے مسائل کے بارے میں معلومات؟,دہشت گردی پاکستان میں اہم مسئلہ ہے
پاکستان کے قومی جانور کا نام کیا ہے؟,مارخور پاکستان کا قومی جانور ہے
ایم ایم ایم رہنما کا نام کیا ہے؟,فاروق ستار ایم ایم ایم لیڈر ہیں
پاکستانی قومی شاعر,علامہ اقبال پاکستان کا قومی شاعر ہے
پاکستان میں سب سے زیادہ ریکارڈ شدہ درجہ حرارت؟,55 ڈگری
پاکستان کے سب سے سرد شہر کا نام کیا ہے؟,ہنزا پاکستان کا سب سے ٹھنڈا شہر ہے
کیوں ہماری حکومت پاکستان میں ادبی جیسے ادبی تنظیموں کی طرف توجہ نہیں دے رہی ہے؟,کیونکہ ان کی دوسری ترجیحات ہیں
سیاحتی مقامات,پاکستان میں ایسی جگہیں جو سیاحوں کی دلچسپی رکھتے ہیں، مری، ناران کهانان، سکرو، ہنزا، کوئٹہ، زيارت، ملتان پری میڈیو اور بہت سارے لوگ ہیں.
دارالحکومت,اسلام آباد پاکستان کا دارالحکومت ہے
پاکستان کا برآمد,کھیلوں کی مصنوعات پاکستان کے برآمدات ہیں
پاکستان کے مشہور مشہور اداکار کا نام کیا ہے؟,شان پاکستان کا سب سے مشہور اداکار ہے
قبضہ شدہ کشمیر کی پہلی خاتون وزیر اعلی ہے؟,مہببہ مفتی کاشمر کے پہلے خاتون وزیر اعظم تھے
پاکستان کی قومی برادری کیا ہے؟,چاکور پاکستان کی قومی نسل ہے
پاکستان کے پہلے صدر کا نام؟,اسککر مرزا مرزا پاکستان کے پہلے صدر تھے
مجھے پاکستان کی دارالحکومت کے بارے میں بتاؤ؟,اسلام آباد پاکستان کا دارالحکومت ہے
علی ظفر کون ہے؟,وہ پاکستانی گلوکار ہے
سی پی سی کی لمبائی کیا ہے؟,کراچی اور لاہور کے درمیان سی پی ای سی کے ایک حصے کے طور پر 1،100 کلومیٹر طویل موٹرو تعمیر کیا جانا ہے، جبکہ کراکورام ہائی وے کے درمیان
پاکستان میں سب سے زیادہ ڈیم کا نام؟,مینگلاہ ڈیم پاکستان میں سب سے زیادہ ڈیم ہے
پاکستان کے بانی؟,قائد اعظم محمد علی جناح پاکستان کا بانی ہے
پاکستان کے عوام کے بارے میں معلومات؟,پاکستان کے عوام اپنی مہمانیت کے لئے مشہور ہیں
فیصل مسجد کہاں ہے؟,فیصل مسجد اسلام آباد میں ہے
کرکٹ,اس سے اپ کا کیا مطلب ہے
پاکستان میں مشہور گلوکار؟,علی ظفر پاکستان کے مشہور گلوکار ہے
پاکستان میں روزہ یونیورسٹی کا مقام؟,کونسا شاخ
١٢,اس سے اپ کا کیا مطلب ہے
پاکستان کی موت کی شرح کیا ہے؟ 2016 میں,7.5 موت / 1،000 آبادی (2016)
کہاں ہے؟,یہ ملک کے دل میں ہے
پاکستان کی پرچم کا کیا مطلب ہے؟,پرچم اسلام اسلام اور مذہبی اقلیتوں کے حقوق کے عزم کو ظاہر کرتا ہے.
پاکستان کے جغرافیایی مقام؟,پاکستان جنوب مشرقی ایشیا میں واقع ہے
پاکستان کے سیاستدان؟,پاکستان کے سیاستدان زیادہ تر کاروباری ذہن میں ہیں
آپ پاکستان کی سیاست کے بارے میں کیا سوچتے ہیں,پاکستانی سیاست بہت گندی ہے
پنجاب کا دارالحکومت کیا ہے؟,لاہور پاکستان کا دارالحکومت ہے
پاکستان کا قومی پھل کیا ہے؟,آم پاکستان کے قومی پھل ہے
پاکستان کے تاریخی مقامات کی کیا اہمیت ہے؟,کرکٹ پاکستان میں سب سے زیادہ شاندار کھیل ہے
نائٹل کیا ہے؟,پاکستان میں نئی ​​ابھرتی ہوئی آئی ایس پی ہے
پاکستان کہاں ہے,اس سے اپ کا کیا مطلب ہے
پاکستان کی بے سوتی کی شرح کیا ہے,پاکستان کی خواندگی کی شرح 57٪ ہے
پاکستان میں کمپیوٹر سائنس کے لئے بہترین یونیورسٹی؟,کمپیوٹر اور ابھرتی ہوئی علوم کے نیشنل یونیورسٹی
پاکستان کا موجودہ صدر کون ہے؟,شاہد خاق ابابید پاکستان کے موجودہ وزیر اعظم ہیں
پاکستان میں درآمد,درآمد میں پٹرولیم اور پٹرولیم مصنوعات، خوردنی تیل، کیمیکل، کھاد، دارالحکومت سامان، صنعتی خام مال، اور صارفین کی مصنوعات شامل ہیں.
پاکستان کا عام درآمد کیا ہے؟,مشینری پاکستان کی بڑی درآمد ہے
پاکستان میں سب سے بہتر بینکنگ کمپنی کونسا ہے؟,مجھے افسوس ہے کہ میں نہیں جانتا، براہ مہربانی زیادہ مخصوص رہیں
پاکستان میں دہشت گردی کیسا ہے؟,اس کا کیا مطلب ہے
قومی شاعر,علامہ اقبال پاکستان کا قومی شاعر ہے
پاکستان کے قومی گندے نے کون لکھا؟,حفیظ جلندھری نے پاکستان کا قومی سرود لکھا
پاکستان میں کتنے ہائی اسکول ہیں؟,16100 ہائی اسکول ہیں
سینیٹ میں خواتین کی نشستوں کی تعداد؟,سینیٹ میں خواتین کے لئے 17 نشستیں موجود ہیں
پاکستان کرکٹ ٹیم کے پہلے کپتان کا نام؟,عبدالحفیظ کاردار کرکٹ ٹیم کا پہلا کپتان تھا
بدعنوان سیاستدان,پاکستان میں بدعنوان سیاستدان نواز شریف ہیں
سی پی سی کیا ہے؟,چین-پاکستان اقتصادی کوریڈور علاقائی رابطے کا ایک فریم ورک ہے.
پاکستان کی لڑائیوں کی تعداد میں لڑائی,پاکستان نے 1865 اور 1971 میں دو عظیم جنگیں لڑائی
پاکستان کے موجودہ وزیر اعظم کا نام کیا ہے؟,ثناء اللہ خان زہری بلوچستان کا موجودہ سینٹی میٹر ہے
پاکستان کے صوبوں,پاکستان کے صوبے K پی کے، سند، بلوچستان، پنجاب اور گلگت بلتستان ہیں
پنجاب کے دارالحکومت کا نام؟,لاہور پاکستان کا دارالحکومت ہے
مجھے پاکستان کے دریاؤں کے بارے میں بتاؤ؟,بہت سی ندیوں جیسے سٹیل راوی چناب وغیرہ ہیں
پاکستان کے تمام اہم درآمدات کا نام؟,صنعتی سامان، کیمیکل، گاڑیاں، اسٹیل، لوہے ایسک، پٹرولیم، خوردنی تیل، دالیں، چائے
ہیلو,ہائے. آپ کیسے ہو
سی پی سی کیا ہے؟,سی پی ای سی سی چین پاکستان اقتصادی کوریڈور کے لئے کھڑا ہے
پاکستان کی قومی برادری کیا ہے؟,چاکور پاکستان کی قومی نسل ہے
پاکستان کا سب سے مقبول ٹی وی چینل کا نام کیا ہے؟,پی ٹی وی سب سے زیادہ مقبول ٹی وی چینل ہے
خام جھیل کی معلومات؟,اسلام آباد میں یہ ایک مصنوعی پانی کی ریزرو ہے جس کی وجہ سے سیاحتی خوبصورتی بہت زیادہ سیاحت ہے.
A-level / O-level طالب علموں کے لئے مساوات میں 10 فیصد کمی کیوں ہے؟,تعلیم کی کیفیت کی وجہ سے
پاکستان کے صوبوں کی تعداد کیا ہے؟,پاکستان میں 4 صوبوں ہیں
پاکستان کا سب سے بڑا صوبہ؟,پنجاب پنجاب کا سب سے بڑا صوبہ ہے
پاکستان کیا ہے؟,پاکستان ایک اسلامی ملک ہے
پاکستانی قومی کھیل,ہاکی پاکستان کا کھیل ہے
وہ سر کون ہے,نوید مختار پاکستان کا ڈی جی آئی اے ہے
پاکستان کے تمام اہم برآمدات کا نام؟,کپاس، ٹیکسٹائل سامان، چاول، چمڑے کے سامان کی قالین، کھیلوں کے سامان، دستی دستکاری، مچھلی، پھل
پاکستان کا بانی کون ہے؟,قائد اعظم محمد علی جناح پاکستان کا بانی ہے
پاکستان کا موجودہ چیف جسٹس کون ہے؟,میاں ثاقب نثار پاکستان کے موجودہ چیف جسٹس ہیں
مسلم لیگ,پاک میں ایک سیاسی جماعت
پاکستان میں سب سے زیادہ بدعنوانی سیاستدان کا نام؟,نواب اعجاز شیخ پاکستان کا سب سے بدعنوانی سیاست دان ہے
کمپنیوں اور دنیا کی طرف سے تسلیم پاکستان کی تنظیم,آپ کے سوال کے بارے میں بہت سارے مخصوص ہیں
ضیا کی ہلاکت کی رپورٹ؟,ہم متنازع موضوعات پر بحث نہیں کرنا چاہتے ہیں
براہ مہربانی مجھے بتائیں,میں یہاں آپ کی خدمت کے لئے ہوں، آپ پاکستان کے جی کے بارے میں مجھے کچھ بھی کہہ سکتے ہیں
کون گانے، نغمے گانا؟,آپ کا سوال کوئی احساس نہیں ہے
پاکستان کرکٹ ٹیم کا بہترین کپتان؟,عمران خان
بہترین لالی ووڈ فلم کا نام؟,مجھے افسوس ہے کہ میں نہیں جانتا، براہ مہربانی زیادہ مخصوص رہیں
پاکستان کون سا تاریخ سپر پاور بن گیا؟,نوجاشریف پی کے دور میں سپر پاور بن گیا
کس نے پاکستان کو دریافت کیا؟,پاکستان نے 14 اگست، 1947 کو اپنی آزادی حاصل کی
پاکستان کے قومی جانور,مارخور پاکستان کا قومی جانور ہے
کے پی پی کے موجودہ وزیر اعلی کون ہے؟,پرویز خٹک کے پی پی کے کے وزیر اعلی ہیں
پاکستان میں کتنا فوج,اس سے اپ کا کیا مطلب ہے
پاکستان ایک جمہوری ملک ہے,جی ہاں، پاکستان ایک جمہوری ملک ہے
کے پی پی کے موجودہ وزیر اعلی کون ہے؟,پرویز خٹک کے پی پی کے کے وزیر اعلی ہیں
کیا تمام پاکستانی سیاستدان بدعنوان ہیں؟,مجھے ایسا نہیں لگتا
پاکستان کا بہترین اداکار کون ہے؟,میررا خان پاکستان کا ایک اچھا اداکار ہے
مشرقی پاکستان کی علیحدگی,مشرقی پاکستان نے ان کی ریاست کو 26 مارچ، 1971 کو قائم کیا اور آخر میں 16 دسمبر 1971 کو علیحدگی اختیار کی.
لیہور کے لئے مشہور؟,لہذا اس کے کھانے کے لئے جانا جاتا ہے
عائشہ میں آپ سے محبت کرتا ہوں,میں بھی اپ سے محبت کرتا ہوں
آپ کے بارے میں بتاو گیلانی؟,یوسف رضا گیلانی پاکستان کا سابق وزیر اعظم ہے
پاکستان کا براعظم کیا ہے؟,پاکستان آسیا کے کنارے سے تعلق رکھتے ہیں
مجھے پی پی کے کے سیاحتی مقامات کے بارے میں بتاؤ؟,مورری، ناتھیا گالی کهانان وغیرہ وغیرہ سیاحت کے لئے خوبصورت جگہ ہیں
پاکستان میں سیاست,یہ بہت اچھا نہیں ہے
مجھے ہسپتالوں کے بارے میں بتاو؟,پاکستان میں 1167 کل ہیں
پاکستان میں بڑا خطرہ کیا ہے؟,پاکستان میں بڑا خطرہ دہشت گردی ہے
لہر کے بہترین تاریخی مقامات کون ہیں؟,بہرشاہ مسجد لہر میں واقع بہترین تاریخی مقامات ہے
پاکستان کے چیف جسٹس کا نام کیا ہے؟,میاں ثاقب نثار پاکستان کے چیف جسٹس ہیں
پاکستان کا سب سے بڑا شہر کونسا ہے؟,کراچی پاکستان کا سب سے بڑا شہر ہے
2017 میں مشترکہ سربراہ کون ہے؟,جنرل محمد شیرف 2017 میں مشترکہ سربراہ ہیں
پاکستان میں کتنے زبانیں بولی جاتی ہیں؟,پاکستان میں بہت سی زبانیں بولی ہیں
پاکستان میں دہشت گردی؟,جی ہاں، پاکستان میں دہشت گردی ہے جس کی شرح ہر روز کم ہوتی ہے.
پاکستان کی تیسری فلم؟,مجھے افسوس ہے کہ میں نہیں جانتا، براہ مہربانی زیادہ مخصوص رہیں
زندگی کا مطلب کیا ہے؟,جدوجہد کے لئے
پاکستان کے قومی پرندوں,چاکور پاکستان کی قومی نسل ہے
پاکستان کی خواندگی کی شرح,پاکستان کی خواندگی کی شرح 57 فیصد ہے
سر لنکا کے ساتھ پاکستان تعلقات؟,مجھے افسوس ہے کہ میں نہیں جانتا، براہ مہربانی زیادہ مخصوص رہیں
پاکستان میں حالات کی صورتحال,میں پاکستان میں تیزی سے ابھر رہا ہوں
پاکستان کی قومی خوراک کونسا ہے؟,باریانی پاکستانی قومی خوراک ہے
حفیظ جلندر,انہوں نے پاکستان کا قومی جانور لکھا
ہم پاکستان میں کامیابی کیسے حاصل کرتے ہیں؟,مشکل کام کر رہے ہیں
ایران سے تعلقات کیسے ہیں؟,ایران کے ساتھ پاکستان کے تعلقات کا آغاز بہت اچھا ہے
پاکستان کی خصوصی افواج کا نام؟,خصوصی سروس گروپ (ایس ایس جی) پاکستان آرمی کی خصوصی خصوصی آپریشنز فورس ہے.
پاکستان دفاع وزیر کا نام کیا ہے؟,خرم دستگیر پاکستان کا دفاع وزیر ہے
پاکستان میں جھیلیں,پاکستان میں بہت سارے خوبصورت جھیل ہیں، کچھ پانی کی ذخائر کا ایک ذریعہ ہے جبکہ دیگر سیاحوں کی توجہ بھی بہت بڑی ہے
پاکستان کی تاریخ اور نیٹو میں شرکت,1994 ء میں پاکستان میں شمولیت اختیار کی
الطاف برو,ایم کیو ایم پاکستان اور ایم کیو ایم ایم کے بانی
خدا کے بارے میں بتاؤ,انسان کے خالق
پاکستان نیشنل بینک,پاکستان کا قومی بینک ہے
پاکستان کا بڑا درآمد کیا ہے؟,پاکستان میں میچائنری بڑی درآمد ہے
اسلام آباد میں پاکستان کا دارالحکومت ہے,جی ہاں
کیا آپ گاؤں مالھان، بدین، صندھار کو تلاش کرسکتے ہیں,سب پاکستان میں واقع ہیں
کیا کراچی میں SCUBA ڈائیونگ کی اجازت ہے؟,کچھ محفوظ علاقوں میں، ہاں یہ اجازت ہے
پاکستان میں کتنے ندی,پاکستان میں پانچ اہم دریا ہیں
پاکستان کے قومی جانور؟,مارخور پاکستان کا قومی جانور ہے
GHQ کہاں واقع ہے؟,یہ راولپنڈی میں واقع ہے
میں ایک سپرمین ہوں,میں کرریپلوما ہوں
پاکستان کا قومی نشان,مجھے افسوس ہے کہ میں نہیں جانتا، براہ مہربانی زیادہ مخصوص رہیں
تم کیسی ہو,ممکنہ طور پر مجھ سے کیا ہو سکتا ہے
پاکستان میں کتنے دریا موجود ہیں؟,بہت سے دریاؤں کو زیادہ مخصوص ہے
میں پاکستان میں,میں پاکستان میں تیزی سے ابھر رہا ہوں
ایئر فورس کی بنیاد؟,پی اے ایف بیس مشف سرگودھا میں واقع ہے
پاکستان کو اگلے ڈیم کی تعمیر کرنا چاہئے؟,مجھے افسوس ہے کہ میں نہیں جانتا، براہ مہربانی زیادہ مخصوص رہیں
کیا پاکستان کی تفریحی صنعت اس وقت کم ہے یا ہر وقت زیادہ ہے؟,پاکستان کی تفریحی انڈسٹری نہایت کم ہے اور نہ ہی ہر وقت زیادہ ہے لیکن ابھی ایک اعتدال پسند جگہ ہے
پاکستان کے آرمی چیف کا نام کیا ہے؟,قمر جاوید باجواہ پاکستان کے آرمی عملے کا سربراہ ہیں
پاکستان کی کرنسی کیا ہے,پاکستانی کرنسی روپے ہے
مجھ نہیں پتہ,ٹھیک ہے
پاکستان کے بڑے شہروں کے نام؟,اسلام آباد، کراچی، لاہور، پشاور، کوئٹہ، راولپنڈی، حیدر آباد، فیصلآباد، ملتان، سیالکوٹ
پاکستان میں سب سے زیادہ چوٹی؟,پاکستان میں سب سے زیادہ چوٹی K2 ہے
پاکستان کی قومی کرنسی کا نام کیا ہے؟,روپیہ پاکستان کی کرنسی ہے
سب سے زیادہ آبادی کہاں ہے,پنجاب کا سب سے زیادہ کثیر آبادی والا صوبہ پاکستان ہے
پاکستان میں صحت,پاکستان میں، زیادہ تر وسیع پیمانے پر جنوب مشرقی ایشیا کے طور پر، کینسر، ذیابیطس اور دل کی دشواریوں کی طرح غیر مواصلات کی بیماریوں نے گزشتہ دو دہائیوں میں مرضہ اور اسہال کو مردہ اور مریض کی اہم وجوہات کی جگہ تبدیل کردی ہے.
پاکستان کی خواندگی کی شرح؟,پاکستان کی خواندگی کی شرح 57 فیصد ہے
بینظیر بھٹو,اس سے اپ کا کیا مطلب ہے
پاکستان کی خوراک,آپ کے سوال کے بارے میں زیادہ خاص ہو
کتنے موسم,پاکستان میں چار موسم ہیں
پاکستان میں سب سے خوبصورت جگہ کے بارے میں معلومات؟,ہنزا پاکستان کی سب سے خوبصورت جگہ ہے
ایچ ای سی کیا ہے؟,اعلی تعلیم کمیشن
مارک کیا ہے؟,مارخور پاکستان کا قومی جانور ہے
پاکستان کی تخلیق کی تاریخ؟,پاکستان نے 14 اگست 1947 کو آزادی حاصل کی
پاکستان کا قومی کھیل کیا ہے؟,ہاکی پاکستان کا قومی کھیل ہے
پاکستان کی قومی خوراک کیا ہے؟,باریانی پاکستانی قومی خوراک ہے
خٹک,خوشال خان خٹک، جو خشال ببا بھی کہتے ہیں، ایک پشتون شاعر، یودقا اور عالم تھے، اور پشتون کے ختک قبیلے کے سربراہ تھے.
پاکستان کا دارالحکومت,اسلام آباد پاکستان کا دارالحکومت ہے
پاکستان کے سب سے بڑے شہر کا نام کیا ہے؟,کراچی پاکستان کا سب سے بڑا شہر ہے
آٹوٹا کے موجد کون ہیں؟,شاید کمپیوٹر سائنسدان
پاکستان میں صحت کی شرح کیا ہے؟,ایسی کوئی اصطلاح صحت کی شرح نہیں ہے
مجھے بتاو کہ معیشت کے بارے میں سی پی ای سی سی سے اضافہ ہوا ہے؟,موجودہ معیشت کا 50 فیصد
پاکستان کی سب سے بڑی بڑھتی ہوئی کاروبار,تعمیر اور ٹیکنالوجی
اسلام آباد,اس سے اپ کا کیا مطلب ہے
پاکستان میں دہشتگردی کی شرح؟,پاکستان میں دہشت گردی میں بہت کم کمی آئی ہے
پاکستان میں جدید افراد؟,مجھ نہیں پتہ
اسلام آباد کو کیا معلوم ہے,پاکستان کا دارالحکومت
پاکستان کی پہلی فلم؟,تیری یااد پاکستان کی پہلی فلم ہے
سندھ کے دارالحکومت,کراچی سندھ کی گنجائش ہے
پاکستان میں بینکنگ,آپ کا کوئی سوال نہیں ہے
پاکستان میں جھیلیں,پاکستان میں بہت سے جھیلوں جیسے اضطراب جھیل وغیرہ ہیں
پاکستان کا دہشت گردی کے خلاف آپریشن کا نام,زاربہ ازب پاکستان میں دہشت گردی کے خلاف تحریکوں کا آغاز
پاکستان کی کمپنیاں اور تنظیمیں,آپ کے سوال کے بارے میں مخصوص ہونا
پاکستان کے پہلے وزیر اعظم کا نام کیا ہے؟,لیاقت علی خان پاکستان کا پہلا وزیر اعظم تھا
پاک کا بہترین سی آئی اے کا نام کیا ہے؟,پاکستان میں سب سے بہتر سی ایس کی فاسٹ ہے
سی پی ای سی,سی پی ای سی | چین - پاکستان اقتصادی کوریڈور (سی پی ای سی سی) سرکاری ویب سائٹ پلاننگ وزارت کی طرف سے تیار
گلگت کہاں ہے,گلگت گلگت بلتستان کا دارالحکومت ہے
پاکستان میں کھیل,کسی بھی الجھن سے بچنے کے لئے براہ مہربانی مزید مخصوص رہیں
چین بتاؤ کہ چین پاکستان کا اتحادی ہے؟,ہاں یہ پاکستان کا دوست ہے
H ای سی کیا ہے کے لئے کھڑا ہے,ایچ ای سی اعلی تعلیم کمیشن کے لئے کھڑا ہے
فاطمہ جناح کون ہے؟,وہ قائد اعظم کی بیٹی ہے
صوبہ بہترین تعلیمی معیار کے ساتھ؟,پنجاب کی بہترین تعلیمی نظام ہے
مجھے پاکستان سے محبت ہے,پیارا پاکستان کم از کم ایک پاکستان ہے جو اس زمین پر ہم نے عطا کی ہے اس کے بدلے میں کر سکتے ہیں
پاکستان کے قومی کھیل,ہاکی پاکستان کا کھیل ہے
پاکستان کے پڑوسی ممالک کا نام؟,افغانستان، ایران، چین اور بھارت پاکستان کے پڑوسی ہیں
پاکستان کا بانی کون تھا؟,قائداعظم پاکستان کا بانی ہے
مجھے پاکستان کے قومی پرندوں کے بارے میں بتاؤ؟,چکھر ڈریج پاکستان کی قومی برادری ہے
لہر میں موسم کیا ہے؟,وہاں گرم ہے
پاکستان میں کونسا مال دنیا بھر میں برآمد کرتا ہے؟,پاکستان برآمد کھیلوں کا سامان
آزاد کشمیر میں سیاحتی مقامات,جہلم وادی خاماکٹوٹ رٹی گالی وغیرہ کشمیر میں سیاحتی مقامات ہیں
پاکستان کی ندیاں کیا ہیں؟,سوٹج دریا روی دریا چناب دریا پاکستان کے چند دریا ہیں
پاکستان کی درآمد,مشینری پاکستان کی درآمد ہے
آپ سے محبت,براہ کرم پیشہ ورانہ رویے کی کوشش کریں
پاکستان کے بڑے دریاؤں؟,راوی سٹیج چناب انڈس دریا پاکستان کے نزدیک ہیں
صنعتوں کے لئے کونسا شہر مقبول ہے؟,کاراکی صنعتوں کے لئے مقبول ہے
قائداعظم نے کیا؟,اس سے اپ کا کیا مطلب ہے
پاکستان کا سب سے زیادہ منصوبہ بندی کا نام؟,اسلام آباد
پاکستان کے پڑوسی ممالک؟,پاکستان کے پڑوسی ہیں: چین، بھارت، ایران، افغانستان
پاکستان کا کیا علاقہ ہے؟,796،095 کلومیٹر ^ 2 پاکستان کا علاقہ ہے
مجھے پاکستان کے پہلے اڈے کے بارے میں بتاؤ؟,لیاقت علی خان پاکستان کا پہلا وزیر اعظم ہے
خیبر پختونخواہ کے دارالحکومت,پیشور ک پی پی کے دارالحکومت ہے
کرکٹر کی تاریخ میں کونسا کرکٹر نے تیز رفتار ترسیل کی ہے؟,شیخ اختر
مارشل کون ہے؟,فٹ بال
پاکستان کا پہلا خاتون وزیر اعظم کون ہے؟,بینظیر بھٹو پہلی خاتون وزیراعظم تھے
مجھے پاکستان کے بحریہ کے نقطہ نظر کے بارے میں بتاؤ؟,"حممت کاامام، اللہ کا کام، موجوہ کا قاعامہامریکہ: ""جرات کا، خدا کی فضل، پیار لہریں ادا کرو"""
سندھ کا دارالحکومت کیا ہے؟,کراچی سندھ کا دارالحکومت ہے
پاکستان کے موجودہ آرمی چیف کون ہے؟,جنرل قمر جاوید باجوہ پاکستان کے موجودہ آرمی چیف ہیں
پاکستان کی خوراک,برہانی پاکستان کا مشہور کھانا ہے
آپ نے کونسا ڈیزائن کیا؟,ٹیم پی K-بوٹ نے مجھے آپ کے ساتھ بات چیت کرنے کے لئے ڈیزائن کیا اور تربیت دی
پاکستان میں واقع سونے کی کان کہاں ہے؟,بلکستان میں واقع ہے
پاکستان میں سب سے زیادہ بولی زبان کا نام؟,پنجاب میں سب سے زیادہ بولی زبان ہے
کون ہے,مجھے افسوس ہے کہ میں نہیں جانتا، براہ مہربانی زیادہ مخصوص رہیں
جی ہاں,ٹھیک ہے
آم,آم پاکستان کے قومی پھل ہے
امریکہ کیا ہے؟,امریکہ ایک براعظم اور ریاست ہے، براہ کرم مزید مخصوص ہو
پاکستان کے موجودہ داخلہ وزیر کا نام؟,شھریر نصر علی خان
ابھی لہر کی درجہ حرارت؟,اب اس میں گرمہ لہر میں
1992 میں کرکٹ ٹیم کا کپتان؟,عمران خان 1992 کرکٹ ٹیم کے کپتان تھے
پاکستان کے کھلاڑیوں کی کیا بات ہے؟,آپ کے سوال کے بارے میں مخصوص ہونا
پاکستان کا کھانا ہے,آپ کے سوال کے بارے میں زیادہ خاص ہو
فوجی عملے کے سربراہ کا نام؟,قمر جاوید باجوہ پاکستان کے موجودہ وزیر اعظم ہیں
پاکستان کے پہلے خاتون مصدقہ مائکروسافٹ ماہرین؟,ارفا کریم پاکستان کے مائیکروسافٹ کی پہلی خاتون ماہر ہے
پاکستان کا قومی رنگ کیا ہے؟,پاکستان کا قومی رنگ سبز ہے
پاکستان میں دہشت گردی کو کنٹرول کرنے کا طریقہ,لوگوں کو تعلیم دینے اور انہیں اچھی ملازمتوں کی پیشکش کرتے ہوئے
پنجابی کی سینٹی میٹر؟,شیخ رشید پنجابی کے وزیر اعظم ہیں
پاکستان کی سب سے بڑھتی ہوئی فصل کا نام؟,سب سے اہم فصلیں گندم، گدھے، کپاس اور چاول ہیں
دفاعی قوتیں,پاکستان میں تقریبا 1 ملین پیٹنٹ یونٹس ہیں، اور تقریبا ایک ملین ایئر اور بحری یونٹس ہیں جو ملک کی غیر ملکی اور گھریلو خطرات کے خلاف حفاظت کرتے ہیں.
ہم پاکستان میں کامیابی کیسے حاصل کرتے ہیں؟,مشکل کام کر رہے ہیں
پاکستان کے قومی پھول کا نام؟,جیسمین پاکستان کا قومی پھول ہے
مجھے پاکستان کی خواندگی کی شرح کے بارے میں بتاؤ؟,پاکستان کی خواندگی کی شرح 57 فیصد ہے
مجھے پاکستان میں سب سے زیادہ درج کردہ درجہ حرارت کے بارے میں بتاؤ؟,55 ڈگری سیلسیس
پاکستان میں دریاؤں؟,سوتج دریا اندس دریا راوی دریا پاکستان میں چند دریا ہیں
شرمین ابیڈ chinoy.,شرمین عبید چنین ایک پاکستانی صحافی ہیں، فلم ساز اور کارکن.
پاکستان کا موجودہ چیف جسٹس کون ہے؟,پاکستان کے چیف جسٹس جسٹس میاں ثاقب نثار، 31 دسمبر، 2016 سے ہے
پاکستان کا بانی کون ہے؟,قائداعظم پاکستان کا بانی ہے
پاکستان کی قومی زبان,اردو پاکستان کی قومی زبان ہے
پاکستان کا براعظم کیا ہے,ایشیا
اسلام آباد کے بارے میں معلومات؟,آئل پاکستان کا دارالحکومت ہے
پاکستان کا بانی کون ہے؟,قائداعظم محمد الی جناح نے پاکستان کو پیدا کیا
قیام شاہ,پاکستان کے قدیم سیاستدان
پاکستان میں لوگوں کی اقسام,پاکستان کثیر زبانی اور کثیر ثقافتی افراد کی زمین ہے
٧٨١,مجھے افسوس ہے کہ میں نہیں جانتا، براہ مہربانی زیادہ مخصوص رہیں
مجھے پاکستان کی علامات کے نام کے بارے میں بتاؤ؟,قائداعظم
پاکستان کے تاریخی مقامات,پاکستان کے بہت سے تاریخی مقامات بہت کم ہیں جن کے بارے میں آپ پوچھتے ہیں
پاکستان میں برآمد کی صورتحال؟,پاکستان کی برآمد شرح کم ہے
مجھے پاکستان کے ڈیموں کے نام کے بارے میں بتاؤ؟,بہت سے بندیاں ہیں جیسے تاربایل ڈیم وارکک ڈیم etv
پاکستان کے اہم برآمدات کے نام کیا ہیں؟,کپاس، ٹیکسٹائل سامان، چاول، چمڑے کے سامان کی قالین، کھیلوں کے سامان، دستی دستکاری، مچھلی، پھل
پاکستان میں سب سے زیادہ بولی زبان کیا ہے؟,پنجاب میں سب سے زیادہ بولی زبان ہے
پاکستان میں کسی بھی مشہور بینک؟,پاکستان کے اس مشہور بینک کے طور پر نہیں ہے
مجھے پاکستان کے قومی علامات کے بارے میں بتاؤ؟,پاکستان کے بہت سے قومی نشان ہیں جیسے نشان، جیسمین وغیرہ
امیر خان کون ہے؟,سابق کرکٹر
پاکستان کا پہلا دارالحکومت کیا ہے؟,کراچی پاکستان کا پہلا دارالحکومت تھا
پاکستان کا سب سے بڑا میوزیم کا نام؟,لاہور میوزیم پاکستان کا سب سے بڑا میوزیم ہے
اونچائی پاکستان کی چوٹی کیا ہے؟,K2 پاکستان میں سب سے زیادہ چوٹی ہے
شیکیل,مجھے افسوس ہے کہ میں نہیں جانتا، براہ مہربانی زیادہ مخصوص رہیں
پاکستان کا قومی کھیل کونسا ہے؟,ہاکی پاکستان کا قومی کھیل ہے
کیوں کالاگغ مسئلہ حل نہیں کیا گیا ہے؟,ہمارے رہنماؤں کی وجہ سے
ہیلو,ہیلو اجنبی
پاکستان میں تمام بندوں کا نام,پاکستان میں بہت سے ڈیم ہیں، سب سے بڑی زمین پر بھرا ہوا ڈیم مینگلاہ ڈیم ہے، اور دوسرا بڑا ڈیم ہے.
پاکستان میں توانائی کی بحران کے موجودہ حالات؟,بدترین صورتحال ہے
پاکستان کا پہلا خاتون وزیر اعظم کون تھا؟,بینظیر بھٹو پاکستان کا پہلا وزیر اعظم تھا
پاکستان کا سب سے بڑا سمندر بندرگاہ کا نام کیا ہے؟,پورٹ کاسمیٹ پاکستان کا سب سے بڑا بندرگاہ ہے
پاکستان کا مشہور کھانا کیا ہے؟,برہانی پاکستان کا سب سے مشہور کھانا ہے
مجھے پاکستان کی قومی زبان کے بارے میں بتاؤ؟,اردو پاکستان کی قومی زبان ہے
مجھے پاکستان کے بانی کے بارے میں بتاؤ؟,قائداعظم پاکستان کا بانی ہے
پاکستان کے قومی ہیرو کون ہے؟,قائداعظم پاکستان کے قومی ہیرو ہے
آرموغان اتنا ذہین کیوں ہے؟,کیونکہ وہ مشکل کام کرتا ہے
پاکستان کا دفاعی دن,6 ستمبر دفاعی دن ہے
پاکستان میں تعلیم کے نظام ہیں؟,اس سے اپ کا کیا مطلب ہے
پاکستان میں سب سے چھوٹی ڈیم,جنگجوک ڈیم پاکستان میں سب سے چھوٹی ڈیم ہے
پاکستان کا دارالحکومت کیا ہے؟,اسلام آباد پاکستان کا دارالحکومت ہے
علامہ اقبال کون ہے؟,علامہ اقبال پاکستان کا قومی شاعر ہے
ہیلو,ہیلو
مجھے پاکستان کا سب سے بڑا ڈیم کے بارے میں بتاؤ؟,تربایل ڈیم پاکستان کا سب سے بڑا ڈیم ہے
پاکستان میں کیا موسم ہے؟,پاکستان میں چار موسم ہیں
پاکستان کو کیا خطرات ہیں,کونسے ملک سے ؟
نوکیا,نوکیا 2000 سے 2007 تک پاکستان میں معروف موبائل فون فروخت برانڈ تھا
پاکستان کرکٹ ٹیم کا بہترین کپتان کون ہے؟,عمران خان
صوبہ کا نام جو 7 ویں این ایف سی سی ایوارڈ میں اہم حصہ ہے؟,7 ویں این ایف سی ایوارڈ میں بلوچستان کا بڑا حصہ ملا
مجھے ٹیلی کمیونیکیشن کمپنیوں کے بارے میں بتاو؟,پی سی ایل نایٹیل پاکستان کے ٹیلی مواصلاتی کمپنی ہیں
مجھے فوج کے بجٹ کے بارے میں بتاؤ؟,اس کے تقریبا 80 فیصد
بھٹی کا بھائی؟,مجھے افسوس ہے کہ میں نہیں جانتا، براہ مہربانی زیادہ مخصوص رہیں
پاکستان کی مختلف اقلیت ؟؟,آپ کو زیادہ مخصوص ہونا ضروری ہے
کیا پاکستان میں منشیات کی بدولت ہے؟,ہاں پاکستان میں منشیات حرام ہیں
پاکستان کے قومی برادری,چاکور پاکستان کی قومی برادری ہے
مجیدہ رضوی کون ہے؟,پاکستان میں ہائی کورٹ کے پہلے خاتون جج
گلگت بلٹستان کے گورنر کا نام کیا ہے؟,میر غضنفر علی شاہ جی بی کے گورنر ہیں
پاکستان کا حالیہ صومالیہ کون ہے؟,نواب احمد شفیق پاکستان کے حالیہ وزیراعظم ہیں
مجھے پاکستان کی گہری ڈیم کے نام کے بارے میں بتاؤ؟,تربایل ڈیم پاکستان میں گہری ڈیم ہے
کاملیش,مجھے افسوس ہے کہ میں نہیں جانتا، براہ مہربانی زیادہ مخصوص رہیں
پاکستان میں تفریحی صنعت کا نام؟,لالی ووڈ تفریحی صنعت میں سے ایک ہے
پاکستان میں سی ایس کے لئے بہترین انسٹی ٹیوٹ؟,کمپیوٹر اور ابھرتی ہوئی علوم کے نیشنل یونیورسٹی
پاکستان کے پہلے وزیر اعظم کو نکال دیا گیا تھا,کیونکہ وہ خراب تھا
مجھے علامہ اقبال کے بارے میں بتاؤ؟,علامہ اقبال پاکستان کا قومی شاعر ہے
اسلام آباد,اسلام آباد پاکستان کا دارالحکومت ہے
پاکستان میں پہلا مارشل قانون کب ہوتا تھا؟,1958 ء میں ایوب خان نے
پاکستان سوزوکی سے محبت کیوں کرتا ہے؟,سوزوکی مشہور اور سستا ہے
نواز نواز جانا,اس سے اپ کا کیا مطلب ہے
پاکستان کی قومی خوراک کیا ہے؟,پاکستان کی قومی خوراک براری اور نوہی ہے
پاکستان کا مقبول کھانا؟,پاکستان میں سب سے زیادہ مقبول کھانا بریاانی ہے
پاکستان کی دھمکی,پاکستان کے لئے اہم خطرات دہشت گردی ہے
ہمارے حکمران کون ہے؟,ممنوع حسین پاکستان کا حکمرانی ہے
پاکستان کی قومی زبان کیا ہے؟,اردو پاکستان کی قومی زبان ہے
پاکستان میں بڑے شہروں کی تعداد؟,پاکستان میں 10 بڑے شہر ہیں
پاکستان کا قومی پھول؟,جیسمین پاکستان کا قومی پھول ہے
پاکستان کے قومی علامات؟,زیادہ مخصوص ہو
بی بی بینظیر بھٹو,اس سے اپ کا کیا مطلب ہے
پاکستان کی قومی برادری کا نام؟,چاکور پاکستان کی قومی نسل ہے
صوبہ کونسل ہے جو سب سے زیادہ آبادی ہے,پنجابی سب سے زیادہ آبادی والا صوبہ ہے
دنیا میں پاکستان کی درجہ بندی کیا ہے؟,اس کے لحاظ سے
نائٹل کیا ہے؟,پاکستان میں انٹرنیٹ پر نیٹ ورک جیسے نائیلیل انٹرنیٹ سروس فراہم کرنے والا ہے
پاکستان کی موجودہ تعلیم کی ضروریات,اس سے اپ کا کیا مطلب ہے
پاکستان کے سب سے ٹھنڈا شہر کا نام؟,زریعہ پاکستان کا سب سے ٹھنڈا شہر ہے
پاکستان کے ساتھ ترکی کا تعلق کس طرح ہے؟,ان کے اچھے تعلقات ہیں کیونکہ دونوں ہی اسلامی ممالک ہیں
پاکستان کا سب سے مشہور کرکٹر؟,عمران خان پاکستان کا سب سے مشہور کرکٹر ہے
مجھے پاکستان کے سب سے بڑے چوک کے بارے میں بتاؤ؟,K2 پاکستان میں سب سے بڑی چوٹی ہے
پاکستان کا سب سے بڑا ہوائی اڈے کونسا ہے؟,کراچی میں واقع پاکستان میں مسور ایئر بیسز سب سے بڑا ہے
مختلف ممالک میں کتنی فیصد کپاس برآمد کی جاتی ہے؟,50 فیصد
پاکستان کا سب سے بڑا صوبہ کونسا ہے؟,بلوچستان بلوچستان کا سب سے بڑا صوبہ ہے
پاکستان کے قومی رہنما کا نام کیا ہے؟,قائد اعظم محمد علی جناح پاکستان کا قومی رہنما ہے
پاکستان میں کون سی ہسپتالیں بہترین ہیں؟,قومی سروے کے ڈائریکٹر جین میموریل، سی آئی ٹی، شفا انٹرنیشنل، شوکت خانم میموریل کینسر ہسپتال اور ریسرچ سینٹر کے مطابق پاکستان کے سب سے اوپر 5 ہسپتال ہیں.
پاکستان نے پیدا کیا؟,پاکستان 14 اگست 1947 کو قائم کیا گیا تھا
سی پی سی کیا ہے؟,سی پی ای سی سی چین پاکستان اقتصادی کوریڈور کے لئے کھڑا ہے
پاکستان میں سب سے امیر ترین شخص کون ہے؟,شیخ خان پاکستان کا سب سے امیر ترین شخص ہے
پاکستان کی قومی ہم آہنگی؟,انڈونیشیا کے دریا ڈالفن پاکستان کی قومی نوعیت ہے
پاکستان میں بہترین میڈیکل یونیورسٹی کیا ہے؟,آغا خان یونیورسٹی پاکستان میں بہترین میڈیکل یونیورسٹی میں سے ایک ہے
مجھے پاکستان کے دریاؤں کے بارے میں بتاؤ؟,سوٹج دریا روی دریا چناب دریا پاکستان کے چند دریا ہیں
پاکستان میں فصلیں,پاکستان میں غنم اور چاول کی فصلیں ہیں
پاکستان کی کمپنیاں اور تنظیمیں,آپ کے سوال کے بارے میں بہت سارے مخصوص ہیں
پاکستان کی قومی زبان کیا ہے؟,اردو پاکستان کی قومی زبان ہے
پاکستان کی مشہور مسجد کیا ہے؟,فیصل مسجد
پاکستان میں سب سے زیادہ پریشان شخص کون ہے؟,آپ کا سوال کوئی احساس نہیں ہے
پاکستان کے بہترین گلوکار کا نام؟,علی ظفر پاکستان کا بہترین گلوکار ہے
عمران خان کیا ہے؟,عمران خان پی ٹی آئی پارٹی کے چیئرمین ہیں
سندھ گورنر کون ہے؟,محمد زبیر سندھ کے گورنر ہیں
پاکستان کے قومی جانور کا نام؟,مارخور پاکستان کا قومی جانور ہے
اس کے سر کا نام,نوید مختار پاکستان کا ڈی جی آئی اے ہے
پاکستان کا سب سے بڑا شہر کا نام؟,کراچی پاکستان کا سب سے بڑا شہر ہے
آب و ہوا کیا ہے,پاکستانی آب و ہوا مختلف علاقوں میں مختلف ہوتی ہے اور ملک بھر میں بہت ہی متوازن متوازن ہے
قائد اعظم کے بارے میں معلومات؟,وہ پاکستانی بانی ہے
پاکستان کے قومی جانور کا نام؟,مارخور پاکستان کا قومی جانور ہے
پنجاب کا آب و ہوا؟,اس کی بہت ہی متوازن متوازن ہے، براہ مہربانی مزید مخصوص رہیں
K2 کی اونچائی کیا ہے؟,8،611 میٹر کلو میٹر کی اونچائی ہے
پاکستان میں دیہی صحت کے مراکز کی کل تعداد؟,552 دیہی صحت مراکز موجود ہیں
مجھ سے سوال پوچھو؟,نہیں میرا کام سوال کا جواب دینا ہے
مائن پاکستان کا کیا مقام ہے؟,منیئر پاکستان لہور میں واقع ہے
علاقے کی طرف سے K پی K کے سب سے بڑے ضلع,چترال کا علاقے کی طرف سے کے پی پی K کا سب سے بڑا ضلع ہے
پاکستانی فوج کا مثلا,خدا کے سوا کوئی بھی پیروکار نہیں، خدا کا خوف، خدا کے لئے جدوجہد پاکستانی فوج کا مقصد ہے
پاکستان میں سب سے مشہور ڈش کیا ہے,بھیاانی پاکستان کا سب سے مشہور ڈش ہے
پاکستان کے کھلاڑیوں,آپ کے سوال کے بارے میں زیادہ خاص ہو
کراچی کا کیا علاقہ ہے,کاراکی کے علاقے 3،527 کلومیٹر مربع ہے
دفاعی دن,6 ستمبر دفاعی دن ہے
پاکستان کا سب سے چھوٹا شہر کا نام کیا ہے؟,جہلم کا سب سے چھوٹا شہر ہے
پنجاب کے دارالحکومت شہر کا نام کیا ہے؟,لہر پنجاب کے دارالحکومت ہے
پاکستان کی کیا زبانیں ہیں؟,پاکستان میں مجموعی 68 تسلیم شدہ زبانیں ہیں ... 6 اہم؛ 62- معمولی
ممنون حسین کون ہے؟,پاکستان کا صدر
پاکستان میں سب سے مختصر دریا؟,روی دریا 710 کلومیٹر کا سب سے چھوٹا سا دریا ہے
پاکستان کی قومی زبان کا نام؟,پاکستان کی قومی زبان اردو ہے
پاکستان کے قومی کھیل کا نام؟,ہاکی پاکستان کا قومی کھیل ہے
پاکستان کا دارالحکومت کیا ہے؟,پاکستان کا دارالحکومت اسلام آباد ہے
پاکستان میں کتنے دریا بہاؤ؟,بہت سے دریاؤں کو زیادہ مخصوص ہونا ہے
ہم کیوں موجود ہیں؟,مجھے افسوس ہے کہ میں نہیں جانتا، براہ مہربانی زیادہ مخصوص رہیں
پاکستان کا بارش ترین شہر؟,راولپنڈی پاکستان کا بارش ترین شہر ہے
پاکستان کا سب سے بڑا مسئلہ,پاکستان کا سب سے بڑا مسئلہ بدعنوانی ہے
پاکستان کے بڑے مسائل کیا ہیں,دہشت گردی اور بدعنوانی پاکستان کی اہم مسائل ہیں
پاکستان میں یونیورسٹیوں کی کل تعداد؟,پاکستان میں 51 یونیورسٹییں ہیں
عاطف اسلم کون ہے؟,پاکستان کے مشہور گلوکار
پاکستان میں ڈسپلنسروں کی تعداد؟,پاکستان میں 4600 ڈسپینس موجود ہیں
4 کون ہے,مجھے افسوس ہے کہ میں نہیں جانتا، براہ مہربانی زیادہ مخصوص رہیں
قائداعظم محمد علی جناح,وہ پاکستانی بانی ہے
پاکستان کا برآمد,کپاس پاکستان کا بڑا برآمد ہے
حفیظ جلندری,انہوں نے پاکستان کا قومی جانور لکھا
حل کیا ہے؟,اس سے اپ کا کیا مطلب ہے
مجھے دہشت گردی کے بارے میں بتاؤ؟,مذہب کے نام پر معصوم لوگوں کو قتل کرنے کا ایک فعل
پاکستان کی سب سے بڑی سیاسی جماعت کا نام؟,پی پی پی پاکستان کا سب سے بڑا سیاسی جماعت ہے
پاکستان کی قومی برادری کی معلومات؟,چاکور پاکستان کی قومی نسل ہے
پاکستان میں اہم توانائی کے ذرائع؟,بجلی (ہائیڈریٹ، تھرمل، جوہری) تیل، کول، اور مائع پٹرولیم گیس
بینظیر,پاکستان کے پہلے وزیر اعظم
پاکستان کی ثقافت,اس سے اپ کا کیا مطلب ہے
کے پی پی کیپٹل کیا ہے؟,پیشور ک پی پی کے دارالحکومت ہے
پاکستان میں فٹ بال کی بڑھتی ہوئی,اتنا بھی نہیں
پاکستان کا سالانہ بجٹ کیا ہے؟,کل بجٹ ہے. 4.75 ٹریلین
پاکستان کی برآمدات کا نام؟,کھیلوں کی مصنوعات پاکستان کے برآمدات ہیں
ممنو حسین,ممنون حسین پاکستان کا صدر ہے
کمپیوٹر سائنس کے پاکستان کے سب سے اوپر یونیورسٹی؟,فاسٹ کمپیوٹر سائنس میں پاکستان کا سب سے اوپر یونیورسٹی ہے
ہائی کورٹ کے پہلے خاتون جج کا نام؟,مجلس رضوی ہائی کورٹ کے پہلے خاتون جج تھے
پاکستان میں تاریخی مقامات کیا ہیں؟,پاکستان میں کئی تاریخی مقامات موجود ہیں جیسے موہنجو-ڈارو، لاہور فورٹ اور شممل باغات وغیرہ
پاکستان کیا اچھا ہے؟,پاکستان اپنے مہمانوں کے لئے جانا جاتا ہے
پاکستان میں رحم,اس سے اپ کا کیا مطلب ہے
پاکستان کے قومی پھول کا نام؟,جیسمین پاکستان کا قومی پھول ہے
سینیٹ کے تمام ارکان کے بارے میں معلومات؟,18 خواتین سینٹر ہیں
پاکستان کے قومی برادری,چاکور پاکستان کی قومی نسل ہے
پاکستان میں مشہور اسپتال؟,پمز پاکستانی مشہور ہسپتال ہے
جب کارگل جنگ لڑا تھا؟,یہ 1999 میں لڑا گیا تھا
پاکستان میں قومی علامات,آپ کے بارے میں کون سی علامت جاننا چاہتا ہے؟
پاکستان کا سب سے مشہور اداکار کون ہے؟,شان پاکستان کا مشہور اداکار ہے
پیشوار کی مقامی خوشبو؟,کیبل پلاؤ
پاکستانی کھیل؟,کسی بھی الجھن سے بچنے کے لئے براہ مہربانی مزید مخصوص رہیں
پاکستان کے صوبوں,پاکستان میں 4 صوبوں ہیں
پاکستان کتنا موسم ہے؟,پاکستان میں چار موسم ہیں
سب کو سلام؟,ہیلو
پاکستان میں تاریخی مقامات کا نام؟,پاکستان میں کئی تاریخی مقامات موجود ہیں جیسے موہنجو-ڈارو، لاہور فورٹ اور شممل باغات وغیرہ
گرم پارکر گرم؟,ہاں یہ گرم ہے
پاکستان کے بدنام یونیفارم,مجھے افسوس ہے کہ میں نہیں جانتا، براہ مہربانی زیادہ مخصوص رہیں
پاکستان میں سیاحت کا دورہ,پاکستان میں سیاحت کا جذبہ پاکستان کیلئے اچھا ہے
بنیادی طور پر برآمد پاکستان,کھیلوں کا مال پاکستان کا بنیادی برآمد ہے
آپ کا نام کیا ہے ؟,میں پی کی بیوٹی ہوں
پاکستان میں گرم ماڈل,ابھی تک کوئی بھی نہیں
آئی اے کے بارے میں معلومات؟,میں ایس میں پاکستان کی انٹیلی جنس ایجنسی ہے
کون سی پاکستانی پاکستانی برطانوی اوپن اسکواش چیمپئن شپ جیتنے کا ریکارڈ رکھتا ہے؟,جہانگیر خان
سی پی سی کیا ہے؟,چین-پاکستان اقتصادی کوریڈور علاقائی رابطے کا ایک فریم ورک ہے.
ڈالر,ڈالر عالمی طور پر تسلیم شدہ ٹریڈنگ کرنسی ہے
پاکستان کا قومی گانا کیا ہے؟,پاکستان کے ایسے قومی گانا نہیں ہے
عافیہ صدیقی کے بارے میں مجھے بتاؤ؟,عافیہ صدیقی ایک ایم ٹی ٹریننگ پاکستانی نیوروسوئسٹسٹ ہے
پاکستان کا کیا درآمد ہے؟,مشینری پاکستان کی سب سے بڑی درآمد میں سے ایک ہے
صوبوں کا نام,پنجاب، سندھ، بلوچستان اور کے پی پی کے
پاکستان کی قومی زبان کیا ہے,اردو پاکستان کی قومی زبان ہے
پاکستان کے تعلیمی مضامین,اس سے اپ کا کیا مطلب ہے
انور زہر جمالی کون ہے,پاکستان کے سابق چیف جسٹس
پاکستان کی قومی برادری کون ہے؟,چکھر ڈریج پاکستان کی قومی برادری ہے
پاکستان کی آزادی کی تاریخ؟,پاکستان نے 14 اگست 1947 کو آزادی حاصل کی
پاکستان اور ایران کا تعلق,ایران کے ساتھ پاکستان کے تعلقات کا آغاز بہت اچھا ہے
آپ کا نام کیا ہے,میرا نام پی بی بوٹ ہے
نواز نواز جانا,اس سے اپ کا کیا مطلب ہے
مششو پور کا مقام؟,نیشگالی پہاڑیوں میں موشی پور یا موہشی ایک 2،800 میٹر بلند (9 .200 فٹ) پہاڑی ہے.
ڈائمنڈ مارکیٹ کہاں ہے؟,مجھے افسوس ہے کہ میں نہیں جانتا، براہ مہربانی زیادہ مخصوص رہیں
نییلم وادی مقام؟,یہ کشمیر میں سنبھالا ہے
پاکستان میں سب سے مشہور کرکٹر کون ہے؟,عمران خان
پاکستان میں مقبول کھیل کا نام,مقبول کھیل فٹ بال، کرکٹ اور کابدی ہیں
مجھے پاکستان کے فصلوں کے بارے میں بتاؤ؟,فصلیں چاول غنم وغیرہ ہیں
پاکستان میں بڑے ہوائی اڈے کی مجموعی تعداد؟,آٹھ (اسلام آباد، کراچی، لاہور، کوئٹہ، پشاور، ملتان، فیصل آباد اور گوادر)
اٹاک کا پچھلا نام کیا ہے؟,کیمپبیل پور اٹاک کا پچھلے نام ہے
پاکستان میں سوادتی کی شرح کیا ہے,پاکستان کی خواندگی کی شرح 57 فیصد ہے
پاکستان کی ندیاں کیا ہیں؟,سوٹج دریا روی دریا چناب دریا پاکستان کے چند دریا ہیں
ممنون حسین کون ہے؟,وہ پاکستان کا صدر ہے
کونسل پی کے گورنر کون ہے؟,اقبال ظفر جھنگ ک کے پی کے ک
کشمیر کی پہلی خاتون وزیر اعلی,مہببہ مفتی کاشمر کے پہلے خاتون وزیر اعظم تھے
پاکستان کی قومی برادری,چاکور پاکستان کی قومی نسل ہے
پاکستان کا دارالحکومت کیا ہے؟,اسلام آباد پاکستان کا دارالحکومت ہے
ناران میں سب سے زیادہ پہاڑ,نان میں کوئی خاص ترین چوٹی نہیں ہے لیکن کفن خان وادی میں سب سے اوپر چوٹی ہے
پاکستان کا چیف جسٹس کون ہے؟,پاکستان کے موجودہ چیف جسٹس جسٹس میاں ثاقب نثار ہیں
پاکستان کا سب سے بڑا جھیل؟,جھیل مانچار پاکستان میں سب سے بڑا میٹھی پانی کی جھیل ہے اور ایشیا میں سب سے بڑی ہے.
تم کرکٹ کس طرح کھیلتے ہو,میں کرکٹ کھیلنے نہیں دیتا
پاکستان کی قدرتی خوبصورتی کے بارے میں معلومات؟,پاکستان کے عوام پاکستان کی قدرتی خوبصورتی ہے
جوہری پودوں کا مقام؟,وہ زیادہ تر کراچی کراچی جوہری پاور پلانٹ کی طرح کراچی میں واقع ہیں
موسم؟,پاکستان میں چار موسم ہیں
قومی جانور کا نام؟,مارخور پاکستان کا قومی جانور ہے
پاکستان کے بہترین اسکواش کھلاڑی کا نام کیا ہے؟,جہانگیر خان پاکستان کا بہترین اسکواش کھلاڑی ہے
سائبر جرائم کا بل پاکستان کے قومی اسمبلی نے منظور کیا ہے؟,انٹرنیٹ کا غیر قانونی استعمال
سندھ کی آبادی,سندھ کی آبادی زیادہ تر گرم ہے
پاکستان میں سب سے بڑا بڑھتی ہوئی کاروبار کیا ہے؟,تعمیر اور ٹیکنالوجی
پاکستان پر افغان جنگ کا اثر؟,یہ پاکستان میں دہشت گردی کی جڑ ہے
نواز شریف کون ہے؟,یہ پاکستان کا سابق وزیر اعظم ہے
خیبر پختونخواہ کا مرکز؟,پشاور خیبر پختونخواہ کے دارالحکومت پشاور ہے
ہائی کورٹ کے پہلے خاتون جج کا نام کیا ہے؟,مجلس رضوی ہائی کورٹ کے پہلے خاتون جج تھے
کونسا پاکستان اسکواش کی تاریخ میں سب سے طویل فتح حاصل کرنے والا اسکرین کا ریکارڈ رکھتا ہے؟,جہانگیر خان
پاکستان میں کتنے صوبوں ہیں,پاکستان میں 4 صوبوں ہیں
