Question,Answer
کیا آپ تفصیل سے بتا سکتے ہیں کہ سائنس اور ریاضی جیسے مضامین میں دلچسپی پیدا کرنے کے طریقے کیا ہو سکتے ہیں؟,روزمرو کی مثالوں سے جوڑنا، سادہ تجربات کر کے دکھانا، پہیلیاں اور عملی مسائل حل کرانا اور کامیابی پر حوصلہ افزائی کرنا ان مضامین میں دلچسپی پیدا کرنے میں مدد دیتے ہیں۔ سمجھ کے ساتھ سیکھنا رٹے سے بہتر ہے۔
اس موضوع پر روشنی ڈالیں کہ تمباکو نوشی اور تمباکو کی مصنوعات کے صحت پر کیا سنگین اثرات مرتب ہوتے ہیں؟,تمباکو نوشی پھیپھڑوں کے کینسر، دل کی بیماریوں، سانس کی بیماریوں اور بہت سی دیگر صحت کے مسائل کا بڑا سبب ہے۔ یہ نہ صرف استعمال کنندہ بلکہ ارد گرد کے لوگوں کی صحت کو بھی متاثر کرتی ہے اس لیے اس سے مکمل پرہیز بہتر ہے۔
تفصیلی جواب دیں کہ گھر کی صفائی اور ترتیب رکھنے کی عادت کے جسمانی اور ذہنی فوائد کیا ہیں؟,صاف گھر میں جراثیم کم ہوتے ہیں جو صحت کے لیے بہتر ہے۔ مرتب ماحول ذہنی سکون دیتا ہے، چیزیں تلاش کرنے میں وقت بچتا ہے اور مجموعی طور پر گھر کا ماحول خوشگوار رہتا ہے۔ روزانہ تھوڑی سی صفائی بڑا فرق لا سکتی ہے۔
تفصیلی جواب دیں کہ وٹامنز اور منرلز جسم کے لیے کیوں ضروری ہیں اور ان کی کمی سے کیا مسائل ہو سکتے ہیں؟,وٹامنز اور منرلز جسم کے مختلف افعال جیسے مدافعت، ہڈیوں کی مضبوطی اور توانائی پیدا کرنے میں مدد دیتے ہیں۔ کمی سے تھکاوٹ، کمزور ہڈیاں، خون کی کمی اور مدافعتی نظام کمزور پڑنے جیسے مسائل پیدا ہو سکتے ہیں۔
اس موضوع پر روشنی ڈالیں کہ ٹریفک قوانین کی پابندی فرد اور معاشرے دونوں کے لیے کیوں ضروری ہے؟,قوانین کی پابندی سے سڑکوں پر حادثات کم ہوتے ہیں، جانی و مالی نقصان سے بچاؤ ہوتا ہے اور ٹریفک کا بہاؤ ہموار رہتا ہے۔ اس سے سب کے لیے سفر محفوظ اور آسان بنتا ہے اور معاشرتی نظم برقرار رہتا ہے۔
اگر کوئی یہ سوال کرے کہ بچت کی عادت کیوں ڈالنی چاہیے اور اسے شروع کرنے کے آسان طریقے کیا ہیں؟,بچت مستقبل کی بڑی ضروریات، ہنگامی حالات اور مالی آزادی کے لیے ضروری ہے۔ چھوٹی رقم سے شروع کرنا، غیر ضروری اخراجات لکھ کر کم کرنا اور خود کار منتقلی کا طریقہ استعمال کرنا بچت کی عادت ڈالنے میں مدد دیتا ہے۔
اگر کوئی یہ سوال کرے کہ روشنی کی رفتار کتنی ہے اور اس کا روزمرہ زندگی میں کیا مطلب ہے؟,روشنی تقریباً تین لاکھ کلومیٹر فی سیکنڈ کی رفتار سے سفر کرتی ہے۔ اس تیز رفتاری کی وجہ سے ہمیں سورج کی روشنی چند منٹوں میں مل جاتی ہے اور ہم دور کی چیزیں فوری دیکھ سکتے ہیں۔
عام معلومات کے مطابق روشنی کی رفتار کتنی ہے اور اس کا روزمرہ زندگی میں کیا مطلب ہے؟,روشنی تقریباً تین لاکھ کلومیٹر فی سیکنڈ کی رفتار سے سفر کرتی ہے۔ اس تیز رفتاری کی وجہ سے ہمیں سورج کی روشنی چند منٹوں میں مل جاتی ہے اور ہم دور کی چیزیں فوری دیکھ سکتے ہیں۔
تفصیلی جواب دیں کہ گھر میں پودے رکھنے اور ان کی دیکھ بھال کے کیا فوائد ہیں؟,پودے اندرونی ہوا کو بہتر بناتے ہیں، ماحول کو خوبصورت بناتے ہیں اور ذہنی سکون فراہم کرتے ہیں۔ باقاعدہ پانی دینا، مناسب روشنی کا خیال رکھنا اور ضرورت پڑنے پر کھاد ڈالنا ان کی صحت مند نشوونما کے لیے ضروری ہے۔
کیا آپ تفصیل سے بتا سکتے ہیں کہ وٹامنز اور منرلز جسم کے لیے کیوں ضروری ہیں اور ان کی کمی سے کیا مسائل ہو سکتے ہیں؟,وٹامنز اور منرلز جسم کے مختلف افعال جیسے مدافعت، ہڈیوں کی مضبوطی اور توانائی پیدا کرنے میں مدد دیتے ہیں۔ کمی سے تھکاوٹ، کمزور ہڈیاں، خون کی کمی اور مدافعتی نظام کمزور پڑنے جیسے مسائل پیدا ہو سکتے ہیں۔
براہ کرم وضاحت کریں کہ بجلی اور گیس کے گھریلو استعمال میں بچت کے عملی طریقے کیا ہیں؟,ایل ای ڈی بلب استعمال کرنا، غیر ضروری بتیاں اور پنکھے بند کرنا، فریج کا دروازہ بار بار نہ کھولنا اور گیس کے چولہے کو ضرورت سے زیادہ نہ جلانا بچت کے طریقے ہیں۔ ان چھوٹی احتیاطوں سے بل میں نمایاں کمی آ سکتی ہے۔
اگر کوئی یہ سوال کرے کہ روبوٹ اور آٹومیشن سے روزمرہ زندگی میں کیا تبدیلیاں آ رہی ہیں؟,روبوٹ اور آٹومیشن تکراری کاموں کو تیز اور درست طریقے سے انجام دے رہے ہیں جس سے صنعتوں میں پیداوار بڑھ رہی ہے۔ گھریلو استعمال میں صفائی کے روبوٹ اور وائس اسسٹنٹ عام ہو رہے ہیں جو وقت بچاتے ہیں۔
علمی اور عملی طور پر ہوا میں کون سی گیسیں زیادہ مقدار میں پائی جاتی ہیں اور ان کا کیا کردار ہے؟,ہوا میں نائٹروجن تقریباً اٹھہتر فیصد اور آکسیجن اکیس فیصد ہوتی ہے۔ نائٹروجن ماحول کو مستحکم رکھتی ہے جبکہ آکسیجن سانس لینے اور جلنے کے عمل کے لیے ضروری ہے۔
براہ کرم وضاحت کریں کہ کلاؤڈ سٹوریج کے کیا فوائد ہیں اور اسے استعمال کرتے وقت کیا خیال رکھنا چاہیے؟,کلاؤڈ سٹوریج ڈیٹا کو انٹرنیٹ پر محفوظ رکھنے کی سہولت دیتا ہے جس سے کہیں سے بھی رسائی ممکن ہوتی ہے اور ڈیوائس کھو جانے پر بھی ڈیٹا محفوظ رہتا ہے۔ خیال رکھیں کہ مضبوط پاس ورڈ اور دو مرحلہ تصدیق استعمال کریں۔
بچوں کی صحت مند نشوونما کے لیے کن باتوں کا خیال رکھنا ضروری ہے؟,متوازن غذا، باقاعدہ جسمانی سرگرمی، کافی نیند، حفاظتی ٹیکے اور محبت بھرا ماحول بچوں کی صحت مند نشوونما کے لیے ضروری ہیں۔ اسکرین ٹائم محدود رکھنا اور کھیل کود کی حوصلہ افزائی بھی اہم ہے۔
براہ کرم وضاحت کریں کہ آواز کیسے پیدا ہوتی ہے اور کان تک کیسے پہنچتی ہے؟,آواز کسی چیز کے کانپنے یا حرکت سے پیدا ہوتی ہے جو ہوا میں لہریں بناتی ہے۔ یہ لہریں کان کے پردے تک پہنچتی ہیں جہاں سے سگنل دماغ کو جاتا ہے اور ہمیں آواز محسوس ہوتی ہے۔
عام معلومات کے مطابق کتابیں پڑھنے کی عادت ذہن، زبان اور شخصیت پر کیا مثبت اثرات ڈالتی ہے؟,کتابیں پڑھنے سے علم میں اضافہ ہوتا ہے، الفاظ کا ذخیرہ بڑھتا ہے، جملے بنانے کی صلاحیت بہتر ہوتی ہے اور مختلف ثقافتوں اور خیالات کو سمجھنے کی صلاحیت پیدا ہوتی ہے۔ یہ شخصیت کو مزید پختہ اور روادار بناتی ہے۔
پاس ورڈ مضبوط بنانے کے اصول کیا ہیں اور اسے محفوظ کیسے رکھیں؟,مضبوط پاس ورڈ میں بڑے چھوٹے حروف، نمبر اور علامات شامل ہونے چاہییں اور لمبائی کم از کم بارہ حروف کی ہو۔ اسے کسی سے شیئر نہ کریں، مختلف اکاؤنٹس کے لیے مختلف پاس ورڈ رکھیں اور پاس ورڈ منیجر استعمال کرنا مفید ہے۔
اس موضوع پر روشنی ڈالیں کہ باقاعدہ ورزش جسمانی اور ذہنی صحت پر کیا اثرات مرتب کرتی ہے؟,باقاعدہ ورزش جسمانی طاقت اور برداشت بڑھاتی ہے، وزن کنٹرول کرتی ہے، دل اور پھیپھڑوں کی صحت بہتر بناتی ہے اور ذہنی دباؤ کم کر کے موڈ کو مثبت رکھتی ہے۔ ہفتے میں کم از کم ایک سو پچاس منٹ معتدل ورزش کی سفارش کی جاتی ہے۔
کیا آپ تفصیل سے بتا سکتے ہیں کہ فوتوسنتھیس کا عمل کیا ہے اور پودے اس سے کیسے فائدہ اٹھاتے ہیں؟,فوتوسنتھیس وہ عمل ہے جس میں پودے سورج کی روشنی، پانی اور کاربن ڈائی آکسائیڈ استعمال کر کے گلوکوز کی شکل میں خوراک بناتے ہیں اور آکسیجن خارج کرتے ہیں۔ یہ عمل پودوں کی نشوونما اور زمین پر زندگی کے لیے بہت اہم ہے۔
براہ کرم وضاحت کریں کہ پاس ورڈ مضبوط بنانے کے اصول کیا ہیں اور اسے محفوظ کیسے رکھیں؟,مضبوط پاس ورڈ میں بڑے چھوٹے حروف، نمبر اور علامات شامل ہونے چاہییں اور لمبائی کم از کم بارہ حروف کی ہو۔ اسے کسی سے شیئر نہ کریں، مختلف اکاؤنٹس کے لیے مختلف پاس ورڈ رکھیں اور پاس ورڈ منیجر استعمال کرنا مفید ہے۔
علمی اور عملی طور پر سوال پوچھنے کی جرات طالب علم کی سیکھنے کی صلاحیت کو کیسے بہتر بناتی ہے؟,سوال پوچھنے سے الجھنیں دور ہوتی ہیں، سمجھ گہری ہوتی ہے اور استاد یا ساتھی سے نئی معلومات ملتی ہیں۔ یہ عادت تنقیدی سوچ کو فروغ دیتی ہے اور کلاس میں فعال شرکت کی حوصلہ افزائی کرتی ہے۔
اگر کوئی یہ سوال کرے کہ مقناطیس کیا ہے اور اس کی عام استعمالات کیا ہیں؟,مقناطیس وہ چیز ہے جو لوہے اور کچھ دھاتوں کو اپنی طرف کھینچتی ہے۔ اس کے استعمالات میں کمپس، الیکٹرک موٹرز، اسپیکرز اور دروازوں کے مقناطیسی تالے شامل ہیں۔
عام معلومات کے مطابق ہاتھ دھونے کی عادت بیماریوں سے کیسے بچاتی ہے اور کب کب ہاتھ دھونے چاہییں؟,ہاتھ دھونے سے جراثیم اور وائرس ختم ہو جاتے ہیں جو متعدی بیماریاں پھیلاتے ہیں۔ کھانے سے پہلے اور بعد میں، بیت الخلاء کے بعد، باہر سے گھر آنے پر اور بیمار شخص کے رابطے کے بعد ضرور ہاتھ دھونے چاہییں۔
اگر کوئی یہ سوال کرے کہ اچھی نیند کیوں ضروری ہے اور نیند کی کمی کے طویل مدتی نقصانات کیا ہو سکتے ہیں؟,اچھی نیند جسمانی مرمت، یادداشت کی مضبوطی اور مدافعتی نظام کے لیے ضروری ہے۔ طویل مدتی کمی سے توجہ کمزور پڑتی ہے، چڑچڑاپن بڑھتا ہے اور دل کی بیماریوں، ذیابیطس اور موٹاپے کا خطرہ بڑھ سکتا ہے۔
شمسی اور ہوا سے پیدا ہونے والی توانائی کے ماحولیاتی فوائد کیا ہیں؟,یہ تجدید پذیر ذرائع ہیں جو چلنے کے دوران کاربن اخراج نہیں کرتے، آلودگی کم کرتے ہیں اور فوسل فیولز پر انحصار کم کرتے ہیں۔ طویل مدت میں یہ ماحول اور معیشت دونوں کے لیے فائدہ مند ہیں۔
اس موضوع پر روشنی ڈالیں کہ موسمیاتی تبدیلی کے اثرات کیا ہیں اور عام انسان انھیں کم کرنے میں کیا کردار ادا کر سکتا ہے؟,موسمیاتی تبدیلی سے انتہائی موسمی حالات، سمندری سطح میں اضافہ اور زراعت پر اثرات پڑ رہے ہیں۔ انسان عوامی ٹرانسپورٹ استعمال کر کے، توانائی کی بچت کر کے، گوشت کی کھپت معتدل رکھ کر اور درخت لگا کر اپنا کردار ادا کر سکتا ہے۔
علمی اور عملی طور پر آلودگی کی اقسام کون سی ہیں اور انھیں کنٹرول کرنے کے بنیادی طریقے کیا ہیں؟,ہوا، پانی، مٹی اور شور کی آلودگی اہم اقسام ہیں۔ کنٹرول کے طریقوں میں صنعتی فلٹرز، سیوریج ٹریٹمنٹ، کچرے کا صحیح انتظام اور سبزہ بڑھانا شامل ہیں۔ عوامی شعور بھی بہت اہم ہے۔
عام معلومات کے مطابق صحت مند غذا کے بنیادی اصول کیا ہیں اور فاسٹ فوڈ سے کیوں پرہیز کرنا چاہیے؟,صحت مند غذا میں تازہ سبزیاں، پھل، مکمل اناج، پروٹین اور صحت مند چکنائی شامل ہونی چاہیے جبکہ چینی اور نمک محدود رکھنی چاہیے۔ فاسٹ فوڈ میں زیادہ تیل، نمک اور خالی کیلوریز ہوتی ہیں جو موٹاپے اور دائمی بیماریوں کا خطرہ بڑھاتی ہیں۔
علمی اور عملی طور پر مہمان نوازی کے بہترین طریقے کیا ہیں جو مہمانوں کو خوش رکھیں؟,مہمانوں کا مسکراہٹ سے استقبال کرنا، ان کی ضروریات کا خیال رکھنا، آرام دہ ماحول فراہم کرنا اور مجبوری میں زیادہ تکلف نہ کرنا اچھی مہمان نوازی کے طریقے ہیں۔ سادگی اور خلوص سب سے اہم ہیں۔
تفصیلی جواب دیں کہ سورج زمین سے کتنا دور ہے اور اس کی روشنی ہمیں کتنی دیر میں پہنچتی ہے؟,سورج زمین سے تقریباً پندرہ کروڑ کلومیٹر دور ہے۔ اس کی روشنی کو زمین تک پہنچنے میں تقریباً آٹھ منٹ کا وقت لگتا ہے کیونکہ روشنی تین لاکھ کلومیٹر فی سیکنڈ کی رفتار سے سفر کرتی ہے۔
اس موضوع پر روشنی ڈالیں کہ معافی مانگنے اور معاف کرنے کی صلاحیت رشتوں کو کیسے بچاتی ہے؟,معافی مانگنا غلطی کا اعتراف ہے جو دل کی صفائی دکھاتا ہے جبکہ معاف کرنا بغض کو ختم کرتا ہے۔ دونوں عمل رشتوں میں دراڑ کو ختم کر کے اعتماد بحال کرنے میں مدد دیتے ہیں۔
اس موضوع پر روشنی ڈالیں کہ احترام اور خوش اخلاقی معاشرتی تعلقات کو کیسے بہتر بناتے ہیں؟,احترام سے لوگ محفوظ اور قدر محسوس کرتے ہیں جبکہ خوش اخلاقی بات چیت کو نرم اور مؤثر بناتی ہے۔ ان اقدار سے تنازعات کم ہوتے ہیں اور تعاون بڑھتا ہے جس سے معاشرہ زیادہ ہم آہنگ بنتا ہے۔
علمی اور عملی طور پر بچوں کی صحت مند نشوونما کے لیے کن باتوں کا خیال رکھنا ضروری ہے؟,متوازن غذا، باقاعدہ جسمانی سرگرمی، کافی نیند، حفاظتی ٹیکے اور محبت بھرا ماحول بچوں کی صحت مند نشوونما کے لیے ضروری ہیں۔ اسکرین ٹائم محدود رکھنا اور کھیل کود کی حوصلہ افزائی بھی اہم ہے۔
کیا آپ تفصیل سے بتا سکتے ہیں کہ باقاعدہ ورزش جسمانی اور ذہنی صحت پر کیا اثرات مرتب کرتی ہے؟,باقاعدہ ورزش جسمانی طاقت اور برداشت بڑھاتی ہے، وزن کنٹرول کرتی ہے، دل اور پھیپھڑوں کی صحت بہتر بناتی ہے اور ذہنی دباؤ کم کر کے موڈ کو مثبت رکھتی ہے۔ ہفتے میں کم از کم ایک سو پچاس منٹ معتدل ورزش کی سفارش کی جاتی ہے۔
تفصیلی جواب دیں کہ صبر اور تحمل مشکل حالات اور رشتوں میں کیسے مددگار ثابت ہوتے ہیں؟,صبر جذبات پر قابو رکھنے اور سوچ سمجھ کر ردعمل دینے میں مدد دیتا ہے۔ تحمل سے چھوٹے اختلافات بڑے جھگڑوں میں نہیں بدلتے اور رشتے طویل مدت تک برقرار رہتے ہیں۔
اگر کوئی یہ سوال کرے کہ شہری علاقوں میں سبز چھتوں اور باغیچوں کے کیا فوائد ہیں؟,سبز چھتیں اور باغیچے درجہ حرارت کم کرتے ہیں، بارش کے پانی کو جذب کرتے ہیں، ہوا بہتر بناتے ہیں اور رہائشیوں کو ذہنی سکون فراہم کرتے ہیں۔ یہ شہری ماحول کو زیادہ قابل رہائش بناتے ہیں۔
مہمان نوازی کے بہترین طریقے کیا ہیں جو مہمانوں کو خوش رکھیں؟,مہمانوں کا مسکراہٹ سے استقبال کرنا، ان کی ضروریات کا خیال رکھنا، آرام دہ ماحول فراہم کرنا اور مجبوری میں زیادہ تکلف نہ کرنا اچھی مہمان نوازی کے طریقے ہیں۔ سادگی اور خلوص سب سے اہم ہیں۔
اس موضوع پر روشنی ڈالیں کہ گروپ اسٹڈی انفرادی مطالعہ کے مقابلے میں کیسے مفید ہو سکتی ہے اور اس کے کیا نقصانات ہو سکتے ہیں؟,گروپ اسٹڈی میں خیالات کا تبادلہ، مل کر مسائل حل کرنا اور حوصلہ برقرار رکھنا آسان ہوتا ہے۔ تاہم اگر گروپ میں توجہ بھٹکے یا کچھ افراد غالب آ جائیں تو نقصان دہ بھی ہو سکتی ہے اس لیے قواعد اور توازن ضروری ہے۔
تفصیلی جواب دیں کہ ذہنی صحت کا خیال رکھنے کے عملی اور آسان طریقے کیا ہیں؟,گہری سانس لینے کی مشق، روزانہ مختصر سیر، مثبت خیالات پر توجہ، دوستوں یا خاندان سے بات چیت اور ضرورت پڑنے پر پیشہ ورانہ مدد لینا ذہنی صحت بہتر رکھنے کے عملی طریقے ہیں۔ باقاعدگی سے ان پر عمل کرنا مفید ہے۔
سورج زمین سے کتنا دور ہے اور اس کی روشنی ہمیں کتنی دیر میں پہنچتی ہے؟,سورج زمین سے تقریباً پندرہ کروڑ کلومیٹر دور ہے۔ اس کی روشنی کو زمین تک پہنچنے میں تقریباً آٹھ منٹ کا وقت لگتا ہے کیونکہ روشنی تین لاکھ کلومیٹر فی سیکنڈ کی رفتار سے سفر کرتی ہے۔
علمی اور عملی طور پر کچرا الگ الگ کر کے پھینکنے اور ری سائیکلنگ میں حصہ لینے کے کیا فوائد ہیں؟,کچرا الگ کرنے سے ری سائیکلنگ آسان ہوتی ہے، لینڈ فل پر بوجھ کم ہوتا ہے اور قیمتی وسائل دوبارہ استعمال میں آتے ہیں۔ اس عادت سے ماحول صاف رہتا ہے اور مستقبل کی نسلوں کے لیے وسائل محفوظ رہتے ہیں۔
عام معلومات کے مطابق ڈیجیٹل پرائیویسی کیا ہے اور اسے برقرار رکھنے کے آسان طریقے کیا ہیں؟,ڈیجیٹل پرائیویسی کا مطلب ہے اپنی ذاتی معلومات کو غیر ضروری شیئرنگ اور غلط استعمال سے بچانا۔ اس کے لیے پرائیویسی سیٹنگز چیک کرنا، لوکیشن شیئرنگ محدود رکھنا اور صرف قابل اعتماد ایپس استعمال کرنا ضروری ہے۔
براہ کرم وضاحت کریں کہ سوال پوچھنے کی جرات طالب علم کی سیکھنے کی صلاحیت کو کیسے بہتر بناتی ہے؟,سوال پوچھنے سے الجھنیں دور ہوتی ہیں، سمجھ گہری ہوتی ہے اور استاد یا ساتھی سے نئی معلومات ملتی ہیں۔ یہ عادت تنقیدی سوچ کو فروغ دیتی ہے اور کلاس میں فعال شرکت کی حوصلہ افزائی کرتی ہے۔
اس موضوع پر روشنی ڈالیں کہ سمارٹ فون کے زیادہ استعمال کے کیا نقصانات ہو سکتے ہیں اور ان سے کیسے بچا جائے؟,زیادہ استعمال سے آنکھوں کی تھکاوٹ، نیند میں خلل، گردن اور کمر کا درد اور حقیقی سماجی تعلقات کمزور ہو سکتے ہیں۔ اسکرین ٹائم کی حد مقرر کر کے، نیلے روشنی فلٹر استعمال کر کے اور باقاعدہ وقفے لے کر ان مسائل سے بچا جا سکتا ہے۔
عام معلومات کے مطابق کلاؤڈ سٹوریج کے کیا فوائد ہیں اور اسے استعمال کرتے وقت کیا خیال رکھنا چاہیے؟,کلاؤڈ سٹوریج ڈیٹا کو انٹرنیٹ پر محفوظ رکھنے کی سہولت دیتا ہے جس سے کہیں سے بھی رسائی ممکن ہوتی ہے اور ڈیوائس کھو جانے پر بھی ڈیٹا محفوظ رہتا ہے۔ خیال رکھیں کہ مضبوط پاس ورڈ اور دو مرحلہ تصدیق استعمال کریں۔
علمی اور عملی طور پر روشنی کی رفتار کتنی ہے اور اس کا روزمرہ زندگی میں کیا مطلب ہے؟,روشنی تقریباً تین لاکھ کلومیٹر فی سیکنڈ کی رفتار سے سفر کرتی ہے۔ اس تیز رفتاری کی وجہ سے ہمیں سورج کی روشنی چند منٹوں میں مل جاتی ہے اور ہم دور کی چیزیں فوری دیکھ سکتے ہیں۔
عام معلومات کے مطابق ری سائیکلنگ کے عمل کو عام شہری کیسے سپورٹ کر سکتا ہے؟,کاغذ، پلاسٹک، شیشہ اور دھات کو الگ الگ ڈسٹ بن میں ڈالنا، ری سائیکل شدہ مصنوعات خریدنا اور دوسروں کو آگاہی دینا شہریوں کے سپورٹ کرنے کے طریقے ہیں۔ چھوٹی انفرادی کاوشیں مل کر بڑا فرق پیدا کرتی ہیں۔
عام معلومات کے مطابق بجلی اور گیس کے گھریلو استعمال میں بچت کے عملی طریقے کیا ہیں؟,ایل ای ڈی بلب استعمال کرنا، غیر ضروری بتیاں اور پنکھے بند کرنا، فریج کا دروازہ بار بار نہ کھولنا اور گیس کے چولہے کو ضرورت سے زیادہ نہ جلانا بچت کے طریقے ہیں۔ ان چھوٹی احتیاطوں سے بل میں نمایاں کمی آ سکتی ہے۔
علمی اور عملی طور پر سائبر سیکیورٹی کیوں اہم ہے اور عام صارف کیا احتیاط کر سکتا ہے؟,سائبر سیکیورٹی ڈیجیٹل معلومات اور سسٹمز کو نقصان اور چوری سے بچاتی ہے۔ عام صارف مضبوط اور منفرد پاس ورڈ استعمال کر کے، مشکوک لنکس اور ای میلز سے بچ کر اور سافٹ ویئر کو اپ ڈیٹ رکھ کر اپنی حفاظت کر سکتا ہے۔
تفصیلی جواب دیں کہ پانی کی بچت کے گھریلو طریقے اور ان کی اہمیت کیا ہے؟,نل کو استعمال کے بعد فوری بند کرنا، لیکس درست کرانا، واشنگ مشین کو فل لوڈ پر چلانا اور بارش کا پانی پودوں کے لیے جمع کرنا گھریلو بچت کے طریقے ہیں۔ صاف پانی محدود وسیلہ ہے اس لیے اس کی قدر کرنی چاہیے۔
علمی اور عملی طور پر شہری علاقوں میں سبز چھتوں اور باغیچوں کے کیا فوائد ہیں؟,سبز چھتیں اور باغیچے درجہ حرارت کم کرتے ہیں، بارش کے پانی کو جذب کرتے ہیں، ہوا بہتر بناتے ہیں اور رہائشیوں کو ذہنی سکون فراہم کرتے ہیں۔ یہ شہری ماحول کو زیادہ قابل رہائش بناتے ہیں۔
اگر کوئی یہ سوال کرے کہ فوتوسنتھیس کا عمل کیا ہے اور پودے اس سے کیسے فائدہ اٹھاتے ہیں؟,فوتوسنتھیس وہ عمل ہے جس میں پودے سورج کی روشنی، پانی اور کاربن ڈائی آکسائیڈ استعمال کر کے گلوکوز کی شکل میں خوراک بناتے ہیں اور آکسیجن خارج کرتے ہیں۔ یہ عمل پودوں کی نشوونما اور زمین پر زندگی کے لیے بہت اہم ہے۔
اگر کوئی یہ سوال کرے کہ درخت لگانے اور شہری سبزہ بڑھانے کے ماحولیاتی اور صحت کے فوائد کیا ہیں؟,درخت آکسیجن پیدا کرتے ہیں، کاربن ڈائی آکسائیڈ جذب کرتے ہیں، سایہ اور ٹھنڈک فراہم کرتے ہیں اور مٹی کے کٹاؤ کو روکتے ہیں۔ شہری علاقوں میں سبزہ ہوا کی معیار بہتر کرتا ہے اور ذہنی صحت پر مثبت اثر ڈالتا ہے۔
کیا آپ تفصیل سے بتا سکتے ہیں کہ آواز کیسے پیدا ہوتی ہے اور کان تک کیسے پہنچتی ہے؟,آواز کسی چیز کے کانپنے یا حرکت سے پیدا ہوتی ہے جو ہوا میں لہریں بناتی ہے۔ یہ لہریں کان کے پردے تک پہنچتی ہیں جہاں سے سگنل دماغ کو جاتا ہے اور ہمیں آواز محسوس ہوتی ہے۔
تفصیلی جواب دیں کہ محنت، لگن اور مستقل مزاجی کامیابی حاصل کرنے میں کتنا اہم کردار ادا کرتی ہے؟,محنت صلاحیتوں کو نکھارتی ہے، لگن مقصد پر توجہ رکھتی ہے اور مستقل مزاجی مشکل حالات میں بھی آگے بڑھنے کا حوصلہ دیتی ہے۔ ان تینوں کے بغیر پائیدار کامیابی مشکل ہے۔
علمی اور عملی طور پر بجلی اور گیس کے گھریلو استعمال میں بچت کے عملی طریقے کیا ہیں؟,ایل ای ڈی بلب استعمال کرنا، غیر ضروری بتیاں اور پنکھے بند کرنا، فریج کا دروازہ بار بار نہ کھولنا اور گیس کے چولہے کو ضرورت سے زیادہ نہ جلانا بچت کے طریقے ہیں۔ ان چھوٹی احتیاطوں سے بل میں نمایاں کمی آ سکتی ہے۔
وقت کی قدر کرنا اور اسے ضائع نہ کرنا زندگی کے معیار کو کیسے بہتر بناتا ہے؟,وقت محدود وسیلہ ہے۔ اس کی قدر کر کے اہم کاموں کو ترجیح دی جائے تو پیداواریت بڑھتی ہے، تناؤ کم ہوتا ہے اور زندگی کے اہم لمحات کے لیے وقت نکالنا ممکن ہوتا ہے۔
اس موضوع پر روشنی ڈالیں کہ آلودگی کی اقسام کون سی ہیں اور انھیں کنٹرول کرنے کے بنیادی طریقے کیا ہیں؟,ہوا، پانی، مٹی اور شور کی آلودگی اہم اقسام ہیں۔ کنٹرول کے طریقوں میں صنعتی فلٹرز، سیوریج ٹریٹمنٹ، کچرے کا صحیح انتظام اور سبزہ بڑھانا شامل ہیں۔ عوامی شعور بھی بہت اہم ہے۔
انٹرنیٹ نے دنیا کو کیسے بدل دیا ہے اور اس کے مثبت و منفی پہلو کیا ہیں؟,انٹرنیٹ نے معلومات تک رسائی، بات چیت اور کاروبار کو بہت آسان بنا دیا ہے۔ مثبت پہلو علم اور مواقع کی فراہمی ہے جبکہ منفی پہلو میں غلط معلومات پھیلنا، پرائیویسی کے مسائل اور زیادہ وقت کا ضیاع شامل ہیں۔
تفصیلی جواب دیں کہ بچت کی عادت کیوں ڈالنی چاہیے اور اسے شروع کرنے کے آسان طریقے کیا ہیں؟,بچت مستقبل کی بڑی ضروریات، ہنگامی حالات اور مالی آزادی کے لیے ضروری ہے۔ چھوٹی رقم سے شروع کرنا، غیر ضروری اخراجات لکھ کر کم کرنا اور خود کار منتقلی کا طریقہ استعمال کرنا بچت کی عادت ڈالنے میں مدد دیتا ہے۔
کیا آپ تفصیل سے بتا سکتے ہیں کہ علم حاصل کرنے اور اسے دوسروں تک پہنچانے کا معاشرتی فائدہ کیا ہے؟,علم فرد کو بااختیار بناتا ہے اور جب اسے بانٹا جائے تو پورا معاشرہ مستفید ہوتا ہے۔ تعلیم یافتہ معاشرہ بہتر فیصلے کرتا ہے، جدت پیدا کرتا ہے اور ترقی کی طرف گامزن رہتا ہے۔
براہ کرم وضاحت کریں کہ سائنس اور ریاضی جیسے مضامین میں دلچسپی پیدا کرنے کے طریقے کیا ہو سکتے ہیں؟,روزمرو کی مثالوں سے جوڑنا، سادہ تجربات کر کے دکھانا، پہیلیاں اور عملی مسائل حل کرانا اور کامیابی پر حوصلہ افزائی کرنا ان مضامین میں دلچسپی پیدا کرنے میں مدد دیتے ہیں۔ سمجھ کے ساتھ سیکھنا رٹے سے بہتر ہے۔
اچھی نیند کیوں ضروری ہے اور نیند کی کمی کے طویل مدتی نقصانات کیا ہو سکتے ہیں؟,اچھی نیند جسمانی مرمت، یادداشت کی مضبوطی اور مدافعتی نظام کے لیے ضروری ہے۔ طویل مدتی کمی سے توجہ کمزور پڑتی ہے، چڑچڑاپن بڑھتا ہے اور دل کی بیماریوں، ذیابیطس اور موٹاپے کا خطرہ بڑھ سکتا ہے۔
اس موضوع پر روشنی ڈالیں کہ مہمان نوازی کے بہترین طریقے کیا ہیں جو مہمانوں کو خوش رکھیں؟,مہمانوں کا مسکراہٹ سے استقبال کرنا، ان کی ضروریات کا خیال رکھنا، آرام دہ ماحول فراہم کرنا اور مجبوری میں زیادہ تکلف نہ کرنا اچھی مہمان نوازی کے طریقے ہیں۔ سادگی اور خلوص سب سے اہم ہیں۔
عام معلومات کے مطابق موبائل فون اور سوشل میڈیا کے استعمال میں توازن کیسے قائم کیا جا سکتا ہے؟,روزانہ اسکرین ٹائم کی حد مقرر کرنا، مخصوص اوقات میں نوٹیفیکیشن بند کرنا، کھانے اور سونے سے پہلے فون دور رکھنا اور حقیقی ملاقاتوں کو ترجیح دینا توازن قائم کرنے میں مدد دیتا ہے۔
اس موضوع پر روشنی ڈالیں کہ سائبر سیکیورٹی کیوں اہم ہے اور عام صارف کیا احتیاط کر سکتا ہے؟,سائبر سیکیورٹی ڈیجیٹل معلومات اور سسٹمز کو نقصان اور چوری سے بچاتی ہے۔ عام صارف مضبوط اور منفرد پاس ورڈ استعمال کر کے، مشکوک لنکس اور ای میلز سے بچ کر اور سافٹ ویئر کو اپ ڈیٹ رکھ کر اپنی حفاظت کر سکتا ہے۔
اگر کوئی یہ سوال کرے کہ ڈیجیٹل پرائیویسی کیا ہے اور اسے برقرار رکھنے کے آسان طریقے کیا ہیں؟,ڈیجیٹل پرائیویسی کا مطلب ہے اپنی ذاتی معلومات کو غیر ضروری شیئرنگ اور غلط استعمال سے بچانا۔ اس کے لیے پرائیویسی سیٹنگز چیک کرنا، لوکیشن شیئرنگ محدود رکھنا اور صرف قابل اعتماد ایپس استعمال کرنا ضروری ہے۔
عام معلومات کے مطابق وٹامنز اور منرلز جسم کے لیے کیوں ضروری ہیں اور ان کی کمی سے کیا مسائل ہو سکتے ہیں؟,وٹامنز اور منرلز جسم کے مختلف افعال جیسے مدافعت، ہڈیوں کی مضبوطی اور توانائی پیدا کرنے میں مدد دیتے ہیں۔ کمی سے تھکاوٹ، کمزور ہڈیاں، خون کی کمی اور مدافعتی نظام کمزور پڑنے جیسے مسائل پیدا ہو سکتے ہیں۔
موبائل فون اور سوشل میڈیا کے استعمال میں توازن کیسے قائم کیا جا سکتا ہے؟,روزانہ اسکرین ٹائم کی حد مقرر کرنا، مخصوص اوقات میں نوٹیفیکیشن بند کرنا، کھانے اور سونے سے پہلے فون دور رکھنا اور حقیقی ملاقاتوں کو ترجیح دینا توازن قائم کرنے میں مدد دیتا ہے۔
براہ کرم وضاحت کریں کہ وقت کی پابندی اور شیڈول بنانے کی عادت طالب علم کی زندگی میں کیا کردار ادا کرتی ہے؟,وقت کی پابندی سے کام بروقت مکمل ہوتے ہیں، تناؤ کم ہوتا ہے اور خالی وقت کا بہتر استعمال ممکن ہوتا ہے۔ شیڈول بنانے سے ترجیحات واضح رہتی ہیں اور عادتیں مضبوط بنتی ہیں۔
تفصیلی جواب دیں کہ ذمہ داری نبھانے کی عادت فرد اور اداروں دونوں کے لیے کیوں ضروری ہے؟,ذمہ داری سے کام وقت پر اور معیار کے ساتھ مکمل ہوتا ہے۔ فرد کی سطح پر یہ اعتماد بڑھاتی ہے اور اداروں میں یہ نظام کو چلانے اور اہداف حاصل کرنے کے لیے ناگزیر ہے۔
عام معلومات کے مطابق مؤثر مطالعہ کے طریقے کیا ہیں جو طالب علموں کو بہتر نتائج حاصل کرنے میں مدد دیتے ہیں؟,باقاعدہ اور حقیقت پسندانہ شیڈول بنانا، اہم نکات اپنے الفاظ میں نوٹ کرنا، مختصر وقفے لینا، پرانی پیپرز حل کرنا اور سیکھی ہوئی باتوں کو کسی اور کو سمجھانا مؤثر مطالعہ کے طریقے ہیں۔ ان سے سمجھ اور یادداشت دونوں بہتر ہوتی ہیں۔
اس موضوع پر روشنی ڈالیں کہ مثبت سوچ اور امید کا رویہ مشکل حالات کا سامنا کرنے میں کیسے مدد دیتا ہے؟,مثبت سوچ مسائل کے حل پر توجہ مرکوز رکھتی ہے جبکہ امید حوصلہ برقرار رکھتی ہے۔ ان رویوں سے تناؤ کم ہوتا ہے اور انسان مشکلات سے نکلنے کے راستے تلاش کرتا رہتا ہے۔
کیا آپ تفصیل سے بتا سکتے ہیں کہ قدرتی وسائل کی حفاظت آنے والی نسلوں کے لیے کیوں ضروری ہے؟,قدرتی وسائل جیسے پانی، جنگلات اور معدنیات محدود ہیں۔ ان کی بے جا استعمال سے قلت پیدا ہو سکتی ہے۔ پائیدار استعمال اور حفاظت سے آنے والی نسلیں بھی ان وسائل سے مستفید ہو سکیں گی۔
اگر کوئی یہ سوال کرے کہ پانی کی بچت کے گھریلو طریقے اور ان کی اہمیت کیا ہے؟,نل کو استعمال کے بعد فوری بند کرنا، لیکس درست کرانا، واشنگ مشین کو فل لوڈ پر چلانا اور بارش کا پانی پودوں کے لیے جمع کرنا گھریلو بچت کے طریقے ہیں۔ صاف پانی محدود وسیلہ ہے اس لیے اس کی قدر کرنی چاہیے۔
عام معلومات کے مطابق وقت کے بہتر انتظام کے لیے کون سے عملی اور آسان طریقے اپنائے جا سکتے ہیں؟,اہم کاموں کی فہرست بنانا، بڑے کاموں کو چھوٹے حصوں میں تقسیم کرنا، غیر ضروری مشاغل کم کرنا اور روزانہ کے اختتام پر اگلے دن کا منصوبہ بنانا وقت کے بہتر انتظام میں مدد دیتے ہیں۔ اس سے پیداواریت بڑھتی ہے اور تناؤ کم ہوتا ہے۔
تفصیلی جواب دیں کہ پانی کے تین حالتیں کون سی ہیں اور وہ کیسے بدلتی ہیں؟,پانی کی تین حالتیں ٹھوس برف، مائع پانی اور گیس بھاپ ہیں۔ گرمی دینے سے برف پانی بنتی ہے اور مزید گرمی سے بھاپ بن جاتی ہے۔ ٹھنڈا کرنے سے یہ عمل الٹ جاتا ہے اور بھاپ پھر پانی اور برف بن سکتی ہے۔
کیا آپ تفصیل سے بتا سکتے ہیں کہ مثبت سوچ اور امید کا رویہ مشکل حالات کا سامنا کرنے میں کیسے مدد دیتا ہے؟,مثبت سوچ مسائل کے حل پر توجہ مرکوز رکھتی ہے جبکہ امید حوصلہ برقرار رکھتی ہے۔ ان رویوں سے تناؤ کم ہوتا ہے اور انسان مشکلات سے نکلنے کے راستے تلاش کرتا رہتا ہے۔
اگر کوئی یہ سوال کرے کہ وقت کی قدر کرنا اور اسے ضائع نہ کرنا زندگی کے معیار کو کیسے بہتر بناتا ہے؟,وقت محدود وسیلہ ہے۔ اس کی قدر کر کے اہم کاموں کو ترجیح دی جائے تو پیداواریت بڑھتی ہے، تناؤ کم ہوتا ہے اور زندگی کے اہم لمحات کے لیے وقت نکالنا ممکن ہوتا ہے۔
عام معلومات کے مطابق سمارٹ فون کے زیادہ استعمال کے کیا نقصانات ہو سکتے ہیں اور ان سے کیسے بچا جائے؟,زیادہ استعمال سے آنکھوں کی تھکاوٹ، نیند میں خلل، گردن اور کمر کا درد اور حقیقی سماجی تعلقات کمزور ہو سکتے ہیں۔ اسکرین ٹائم کی حد مقرر کر کے، نیلے روشنی فلٹر استعمال کر کے اور باقاعدہ وقفے لے کر ان مسائل سے بچا جا سکتا ہے۔
کیا آپ تفصیل سے بتا سکتے ہیں کہ ہوا میں کون سی گیسیں زیادہ مقدار میں پائی جاتی ہیں اور ان کا کیا کردار ہے؟,ہوا میں نائٹروجن تقریباً اٹھہتر فیصد اور آکسیجن اکیس فیصد ہوتی ہے۔ نائٹروجن ماحول کو مستحکم رکھتی ہے جبکہ آکسیجن سانس لینے اور جلنے کے عمل کے لیے ضروری ہے۔
اس موضوع پر روشنی ڈالیں کہ پڑوسیوں کے ساتھ اچھے اور پرامن تعلقات قائم رکھنے کے طریقے کیا ہو سکتے ہیں؟,باقاعدہ سلام دعا کرنا، ضرورت کے وقت مدد کی پیشکش کرنا، شور شرابے سے گریز کرنا اور چھوٹے تنازعات کو بات چیت سے حل کرنا اچھے پڑوسی تعلقات کے طریقے ہیں۔ اچھے پڑوسی رہائشی زندگی کو بہت خوشگوار بنا دیتے ہیں۔
تفصیلی جواب دیں کہ چاند پر انسان کیوں نہیں رہ سکتا جبکہ زمین پر زندگی کیسے ممکن ہوئی؟,چاند پر آکسیجن، مائع پانی اور مناسب درجہ حرارت کی شدید کمی ہے۔ زمین پر سورج سے مناسب فاصلہ، آکسیجن کی موجودگی اور پانی نے زندگی کو ممکن بنایا ہے۔
اس موضوع پر روشنی ڈالیں کہ گھر میں پودے رکھنے اور ان کی دیکھ بھال کے کیا فوائد ہیں؟,پودے اندرونی ہوا کو بہتر بناتے ہیں، ماحول کو خوبصورت بناتے ہیں اور ذہنی سکون فراہم کرتے ہیں۔ باقاعدہ پانی دینا، مناسب روشنی کا خیال رکھنا اور ضرورت پڑنے پر کھاد ڈالنا ان کی صحت مند نشوونما کے لیے ضروری ہے۔
تفصیلی جواب دیں کہ ہوا میں کون سی گیسیں زیادہ مقدار میں پائی جاتی ہیں اور ان کا کیا کردار ہے؟,ہوا میں نائٹروجن تقریباً اٹھہتر فیصد اور آکسیجن اکیس فیصد ہوتی ہے۔ نائٹروجن ماحول کو مستحکم رکھتی ہے جبکہ آکسیجن سانس لینے اور جلنے کے عمل کے لیے ضروری ہے۔
علمی اور عملی طور پر صحت مند غذا کے بنیادی اصول کیا ہیں اور فاسٹ فوڈ سے کیوں پرہیز کرنا چاہیے؟,صحت مند غذا میں تازہ سبزیاں، پھل، مکمل اناج، پروٹین اور صحت مند چکنائی شامل ہونی چاہیے جبکہ چینی اور نمک محدود رکھنی چاہیے۔ فاسٹ فوڈ میں زیادہ تیل، نمک اور خالی کیلوریز ہوتی ہیں جو موٹاپے اور دائمی بیماریوں کا خطرہ بڑھاتی ہیں۔
اس موضوع پر روشنی ڈالیں کہ بجلی اور گیس کے گھریلو استعمال میں بچت کے عملی طریقے کیا ہیں؟,ایل ای ڈی بلب استعمال کرنا، غیر ضروری بتیاں اور پنکھے بند کرنا، فریج کا دروازہ بار بار نہ کھولنا اور گیس کے چولہے کو ضرورت سے زیادہ نہ جلانا بچت کے طریقے ہیں۔ ان چھوٹی احتیاطوں سے بل میں نمایاں کمی آ سکتی ہے۔
ہوا میں کون سی گیسیں زیادہ مقدار میں پائی جاتی ہیں اور ان کا کیا کردار ہے؟,ہوا میں نائٹروجن تقریباً اٹھہتر فیصد اور آکسیجن اکیس فیصد ہوتی ہے۔ نائٹروجن ماحول کو مستحکم رکھتی ہے جبکہ آکسیجن سانس لینے اور جلنے کے عمل کے لیے ضروری ہے۔
مصنوعی ذہانت کیا ہے اور روزمرہ زندگی میں اس کے کیا استعمال ہیں؟,مصنوعی ذہانت کمپیوٹر سسٹمز کی وہ صلاحیت ہے جو انسانی سوچ، سیکھنے اور فیصلہ سازی کی نقل کرتی ہے۔ اس کے استعمال میں وائس اسسٹنٹ، سفارشاتی نظام، طبی تشخیص میں مدد اور خودکار گاڑیاں شامل ہیں۔
کیا آپ تفصیل سے بتا سکتے ہیں کہ ٹریفک قوانین کی پابندی فرد اور معاشرے دونوں کے لیے کیوں ضروری ہے؟,قوانین کی پابندی سے سڑکوں پر حادثات کم ہوتے ہیں، جانی و مالی نقصان سے بچاؤ ہوتا ہے اور ٹریفک کا بہاؤ ہموار رہتا ہے۔ اس سے سب کے لیے سفر محفوظ اور آسان بنتا ہے اور معاشرتی نظم برقرار رہتا ہے۔
تفصیلی جواب دیں کہ صحت مند غذا کے بنیادی اصول کیا ہیں اور فاسٹ فوڈ سے کیوں پرہیز کرنا چاہیے؟,صحت مند غذا میں تازہ سبزیاں، پھل، مکمل اناج، پروٹین اور صحت مند چکنائی شامل ہونی چاہیے جبکہ چینی اور نمک محدود رکھنی چاہیے۔ فاسٹ فوڈ میں زیادہ تیل، نمک اور خالی کیلوریز ہوتی ہیں جو موٹاپے اور دائمی بیماریوں کا خطرہ بڑھاتی ہیں۔
براہ کرم وضاحت کریں کہ مصنوعی ذہانت کیا ہے اور روزمرہ زندگی میں اس کے کیا استعمال ہیں؟,مصنوعی ذہانت کمپیوٹر سسٹمز کی وہ صلاحیت ہے جو انسانی سوچ، سیکھنے اور فیصلہ سازی کی نقل کرتی ہے۔ اس کے استعمال میں وائس اسسٹنٹ، سفارشاتی نظام، طبی تشخیص میں مدد اور خودکار گاڑیاں شامل ہیں۔
کیا آپ تفصیل سے بتا سکتے ہیں کہ برف پانی اور بھاپ میں کیا فرق ہے اور درجہ حرارت کا اس میں کیا کردار ہے؟,برف پانی کی ٹھوس حالت ہے جو صفر ڈگری یا اس سے کم پر ہوتی ہے۔ پانی مائع حالت ہے اور بھاپ گیسی حالت ہے جو سو ڈگری یا اس سے اوپر بنتی ہے۔ درجہ حرارت ان حالتوں کو تبدیل کرتا ہے۔
علم حاصل کرنے اور اسے دوسروں تک پہنچانے کا معاشرتی فائدہ کیا ہے؟,علم فرد کو بااختیار بناتا ہے اور جب اسے بانٹا جائے تو پورا معاشرہ مستفید ہوتا ہے۔ تعلیم یافتہ معاشرہ بہتر فیصلے کرتا ہے، جدت پیدا کرتا ہے اور ترقی کی طرف گامزن رہتا ہے۔
اگر کوئی یہ سوال کرے کہ پڑوسیوں کے ساتھ اچھے اور پرامن تعلقات قائم رکھنے کے طریقے کیا ہو سکتے ہیں؟,باقاعدہ سلام دعا کرنا، ضرورت کے وقت مدد کی پیشکش کرنا، شور شرابے سے گریز کرنا اور چھوٹے تنازعات کو بات چیت سے حل کرنا اچھے پڑوسی تعلقات کے طریقے ہیں۔ اچھے پڑوسی رہائشی زندگی کو بہت خوشگوار بنا دیتے ہیں۔
ذمہ داری نبھانے کی عادت فرد اور اداروں دونوں کے لیے کیوں ضروری ہے؟,ذمہ داری سے کام وقت پر اور معیار کے ساتھ مکمل ہوتا ہے۔ فرد کی سطح پر یہ اعتماد بڑھاتی ہے اور اداروں میں یہ نظام کو چلانے اور اہداف حاصل کرنے کے لیے ناگزیر ہے۔
علمی اور عملی طور پر صداقت اور ایمانداری فرد کی شخصیت اور معاشرتی اعتماد پر کیا اثر ڈالتی ہیں؟,صداقت شخصیت کو مضبوط اور قابل اعتماد بناتی ہے۔ معاشرے میں ایمانداری سے کام کا معیار بہتر ہوتا ہے، وعدے پورے ہوتے ہیں اور لوگ ایک دوسرے پر بھروسہ کر سکتے ہیں جو ترقی کے لیے ضروری ہے۔
عام معلومات کے مطابق سائنس اور ریاضی جیسے مضامین میں دلچسپی پیدا کرنے کے طریقے کیا ہو سکتے ہیں؟,روزمرو کی مثالوں سے جوڑنا، سادہ تجربات کر کے دکھانا، پہیلیاں اور عملی مسائل حل کرانا اور کامیابی پر حوصلہ افزائی کرنا ان مضامین میں دلچسپی پیدا کرنے میں مدد دیتے ہیں۔ سمجھ کے ساتھ سیکھنا رٹے سے بہتر ہے۔
عام معلومات کے مطابق آواز کیسے پیدا ہوتی ہے اور کان تک کیسے پہنچتی ہے؟,آواز کسی چیز کے کانپنے یا حرکت سے پیدا ہوتی ہے جو ہوا میں لہریں بناتی ہے۔ یہ لہریں کان کے پردے تک پہنچتی ہیں جہاں سے سگنل دماغ کو جاتا ہے اور ہمیں آواز محسوس ہوتی ہے۔
اگر کوئی یہ سوال کرے کہ ٹریفک قوانین کی پابندی فرد اور معاشرے دونوں کے لیے کیوں ضروری ہے؟,قوانین کی پابندی سے سڑکوں پر حادثات کم ہوتے ہیں، جانی و مالی نقصان سے بچاؤ ہوتا ہے اور ٹریفک کا بہاؤ ہموار رہتا ہے۔ اس سے سب کے لیے سفر محفوظ اور آسان بنتا ہے اور معاشرتی نظم برقرار رہتا ہے۔
کیا آپ تفصیل سے بتا سکتے ہیں کہ سائبر سیکیورٹی کیوں اہم ہے اور عام صارف کیا احتیاط کر سکتا ہے؟,سائبر سیکیورٹی ڈیجیٹل معلومات اور سسٹمز کو نقصان اور چوری سے بچاتی ہے۔ عام صارف مضبوط اور منفرد پاس ورڈ استعمال کر کے، مشکوک لنکس اور ای میلز سے بچ کر اور سافٹ ویئر کو اپ ڈیٹ رکھ کر اپنی حفاظت کر سکتا ہے۔
تفصیلی جواب دیں کہ بجلی اور گیس کے گھریلو استعمال میں بچت کے عملی طریقے کیا ہیں؟,ایل ای ڈی بلب استعمال کرنا، غیر ضروری بتیاں اور پنکھے بند کرنا، فریج کا دروازہ بار بار نہ کھولنا اور گیس کے چولہے کو ضرورت سے زیادہ نہ جلانا بچت کے طریقے ہیں۔ ان چھوٹی احتیاطوں سے بل میں نمایاں کمی آ سکتی ہے۔
اساتذہ اور والدین کا مثبت تعاون طالب علم کی کامیابی میں کتنا اہم ہے؟,اساتذہ علمی رہنمائی اور حوصلہ افزائی فراہم کرتے ہیں جبکہ والدین گھریلو ماحول، نظم و ضبط اور جذباتی سہارا دیتے ہیں۔ دونوں کے درمیان اچھا تعاون طالب علم کے اعتماد، دلچسپی اور مجموعی کامیابی کو بہت بڑھاتا ہے۔
علمی اور عملی طور پر صبر اور تحمل مشکل حالات اور رشتوں میں کیسے مددگار ثابت ہوتے ہیں؟,صبر جذبات پر قابو رکھنے اور سوچ سمجھ کر ردعمل دینے میں مدد دیتا ہے۔ تحمل سے چھوٹے اختلافات بڑے جھگڑوں میں نہیں بدلتے اور رشتے طویل مدت تک برقرار رہتے ہیں۔
عام معلومات کے مطابق پانی کے تین حالتیں کون سی ہیں اور وہ کیسے بدلتی ہیں؟,پانی کی تین حالتیں ٹھوس برف، مائع پانی اور گیس بھاپ ہیں۔ گرمی دینے سے برف پانی بنتی ہے اور مزید گرمی سے بھاپ بن جاتی ہے۔ ٹھنڈا کرنے سے یہ عمل الٹ جاتا ہے اور بھاپ پھر پانی اور برف بن سکتی ہے۔
علمی اور عملی طور پر سائنس اور ریاضی جیسے مضامین میں دلچسپی پیدا کرنے کے طریقے کیا ہو سکتے ہیں؟,روزمرو کی مثالوں سے جوڑنا، سادہ تجربات کر کے دکھانا، پہیلیاں اور عملی مسائل حل کرانا اور کامیابی پر حوصلہ افزائی کرنا ان مضامین میں دلچسپی پیدا کرنے میں مدد دیتے ہیں۔ سمجھ کے ساتھ سیکھنا رٹے سے بہتر ہے۔
کیا آپ تفصیل سے بتا سکتے ہیں کہ کلاؤڈ سٹوریج کے کیا فوائد ہیں اور اسے استعمال کرتے وقت کیا خیال رکھنا چاہیے؟,کلاؤڈ سٹوریج ڈیٹا کو انٹرنیٹ پر محفوظ رکھنے کی سہولت دیتا ہے جس سے کہیں سے بھی رسائی ممکن ہوتی ہے اور ڈیوائس کھو جانے پر بھی ڈیٹا محفوظ رہتا ہے۔ خیال رکھیں کہ مضبوط پاس ورڈ اور دو مرحلہ تصدیق استعمال کریں۔
تفصیلی جواب دیں کہ مصنوعی ذہانت کیا ہے اور روزمرہ زندگی میں اس کے کیا استعمال ہیں؟,مصنوعی ذہانت کمپیوٹر سسٹمز کی وہ صلاحیت ہے جو انسانی سوچ، سیکھنے اور فیصلہ سازی کی نقل کرتی ہے۔ اس کے استعمال میں وائس اسسٹنٹ، سفارشاتی نظام، طبی تشخیص میں مدد اور خودکار گاڑیاں شامل ہیں۔
علمی اور عملی طور پر درخت لگانے اور شہری سبزہ بڑھانے کے ماحولیاتی اور صحت کے فوائد کیا ہیں؟,درخت آکسیجن پیدا کرتے ہیں، کاربن ڈائی آکسائیڈ جذب کرتے ہیں، سایہ اور ٹھنڈک فراہم کرتے ہیں اور مٹی کے کٹاؤ کو روکتے ہیں۔ شہری علاقوں میں سبزہ ہوا کی معیار بہتر کرتا ہے اور ذہنی صحت پر مثبت اثر ڈالتا ہے۔
تفصیلی جواب دیں کہ سمارٹ فون کے زیادہ استعمال کے کیا نقصانات ہو سکتے ہیں اور ان سے کیسے بچا جائے؟,زیادہ استعمال سے آنکھوں کی تھکاوٹ، نیند میں خلل، گردن اور کمر کا درد اور حقیقی سماجی تعلقات کمزور ہو سکتے ہیں۔ اسکرین ٹائم کی حد مقرر کر کے، نیلے روشنی فلٹر استعمال کر کے اور باقاعدہ وقفے لے کر ان مسائل سے بچا جا سکتا ہے۔
علمی اور عملی طور پر سورج زمین سے کتنا دور ہے اور اس کی روشنی ہمیں کتنی دیر میں پہنچتی ہے؟,سورج زمین سے تقریباً پندرہ کروڑ کلومیٹر دور ہے۔ اس کی روشنی کو زمین تک پہنچنے میں تقریباً آٹھ منٹ کا وقت لگتا ہے کیونکہ روشنی تین لاکھ کلومیٹر فی سیکنڈ کی رفتار سے سفر کرتی ہے۔
اگر کوئی یہ سوال کرے کہ برف پانی اور بھاپ میں کیا فرق ہے اور درجہ حرارت کا اس میں کیا کردار ہے؟,برف پانی کی ٹھوس حالت ہے جو صفر ڈگری یا اس سے کم پر ہوتی ہے۔ پانی مائع حالت ہے اور بھاپ گیسی حالت ہے جو سو ڈگری یا اس سے اوپر بنتی ہے۔ درجہ حرارت ان حالتوں کو تبدیل کرتا ہے۔
اگر کوئی یہ سوال کرے کہ مثبت سوچ اور امید کا رویہ مشکل حالات کا سامنا کرنے میں کیسے مدد دیتا ہے؟,مثبت سوچ مسائل کے حل پر توجہ مرکوز رکھتی ہے جبکہ امید حوصلہ برقرار رکھتی ہے۔ ان رویوں سے تناؤ کم ہوتا ہے اور انسان مشکلات سے نکلنے کے راستے تلاش کرتا رہتا ہے۔
علمی اور عملی طور پر نوٹس بنانے اور دہرانے کی عادت امتحانی تیاری میں کیسے مددگار ثابت ہوتی ہے؟,نوٹس بنانے سے اہم باتیں مختصر اور منظم ہو جاتی ہیں جس سے دہرائی تیز اور مؤثر ہوتی ہے۔ باقاعدہ دہرائی سے معلومات طویل مدتی یادداشت میں چلی جاتی ہیں اور امتحان میں اعتماد بڑھتا ہے۔
علمی اور عملی طور پر کتابیں پڑھنے کی عادت ذہن، زبان اور شخصیت پر کیا مثبت اثرات ڈالتی ہے؟,کتابیں پڑھنے سے علم میں اضافہ ہوتا ہے، الفاظ کا ذخیرہ بڑھتا ہے، جملے بنانے کی صلاحیت بہتر ہوتی ہے اور مختلف ثقافتوں اور خیالات کو سمجھنے کی صلاحیت پیدا ہوتی ہے۔ یہ شخصیت کو مزید پختہ اور روادار بناتی ہے۔
اگر کوئی یہ سوال کرے کہ تمباکو نوشی اور تمباکو کی مصنوعات کے صحت پر کیا سنگین اثرات مرتب ہوتے ہیں؟,تمباکو نوشی پھیپھڑوں کے کینسر، دل کی بیماریوں، سانس کی بیماریوں اور بہت سی دیگر صحت کے مسائل کا بڑا سبب ہے۔ یہ نہ صرف استعمال کنندہ بلکہ ارد گرد کے لوگوں کی صحت کو بھی متاثر کرتی ہے اس لیے اس سے مکمل پرہیز بہتر ہے۔
علمی اور عملی طور پر مصنوعی ذہانت کیا ہے اور روزمرہ زندگی میں اس کے کیا استعمال ہیں؟,مصنوعی ذہانت کمپیوٹر سسٹمز کی وہ صلاحیت ہے جو انسانی سوچ، سیکھنے اور فیصلہ سازی کی نقل کرتی ہے۔ اس کے استعمال میں وائس اسسٹنٹ، سفارشاتی نظام، طبی تشخیص میں مدد اور خودکار گاڑیاں شامل ہیں۔
علمی اور عملی طور پر مدد اور ہمدردی کے جذبے سے معاشرہ کیسے زیادہ مضبوط اور پر امن بنتا ہے؟,مدد سے کمزور افراد کو سہارا ملتا ہے اور ہمدردی سے لوگ ایک دوسرے کے دکھ درد کو سمجھتے ہیں۔ ان جذبات سے سماجی رشتے مضبوط ہوتے ہیں اور مجموعی طور پر معاشرہ زیادہ متحد اور پر امن رہتا ہے۔
اس موضوع پر روشنی ڈالیں کہ شمسی اور ہوا سے پیدا ہونے والی توانائی کے ماحولیاتی فوائد کیا ہیں؟,یہ تجدید پذیر ذرائع ہیں جو چلنے کے دوران کاربن اخراج نہیں کرتے، آلودگی کم کرتے ہیں اور فوسل فیولز پر انحصار کم کرتے ہیں۔ طویل مدت میں یہ ماحول اور معیشت دونوں کے لیے فائدہ مند ہیں۔
براہ کرم وضاحت کریں کہ بڑھاپے میں صحت مند رہنے کے لیے کون سی عادتیں اپنانی چاہییں؟,ہلکی ورزش جیسے چہل قدمی، متوازن غذا، سماجی تعلقات برقرار رکھنا، ذہنی سرگرمیاں جیسے پڑھنا اور باقاعدہ طبی معائنہ بڑھاپے میں صحت مند اور فعال رہنے میں مدد دیتے ہیں۔
براہ کرم وضاحت کریں کہ ای میل کے ذریعے بات چیت کے کیا فوائد ہیں اور اس کے استعمال میں کیا احتیاط ضروری ہے؟,ای میل دستاویزات بھیجنے، ریکارڈ رکھنے اور پیشہ ورانہ بات چیت کے لیے بہت مفید ہے۔ احتیاط میں مشکوک لنکس نہ کھولنا، نامعلوم بھیجنے والوں سے محتاط رہنا اور اہم معلومات بغیر انکرپشن کے نہ بھیجنا شامل ہے۔
عام معلومات کے مطابق بڑھاپے میں صحت مند رہنے کے لیے کون سی عادتیں اپنانی چاہییں؟,ہلکی ورزش جیسے چہل قدمی، متوازن غذا، سماجی تعلقات برقرار رکھنا، ذہنی سرگرمیاں جیسے پڑھنا اور باقاعدہ طبی معائنہ بڑھاپے میں صحت مند اور فعال رہنے میں مدد دیتے ہیں۔
اس موضوع پر روشنی ڈالیں کہ مصنوعی ذہانت کیا ہے اور روزمرہ زندگی میں اس کے کیا استعمال ہیں؟,مصنوعی ذہانت کمپیوٹر سسٹمز کی وہ صلاحیت ہے جو انسانی سوچ، سیکھنے اور فیصلہ سازی کی نقل کرتی ہے۔ اس کے استعمال میں وائس اسسٹنٹ، سفارشاتی نظام، طبی تشخیص میں مدد اور خودکار گاڑیاں شامل ہیں۔
براہ کرم وضاحت کریں کہ گھر کی صفائی اور ترتیب رکھنے کی عادت کے جسمانی اور ذہنی فوائد کیا ہیں؟,صاف گھر میں جراثیم کم ہوتے ہیں جو صحت کے لیے بہتر ہے۔ مرتب ماحول ذہنی سکون دیتا ہے، چیزیں تلاش کرنے میں وقت بچتا ہے اور مجموعی طور پر گھر کا ماحول خوشگوار رہتا ہے۔ روزانہ تھوڑی سی صفائی بڑا فرق لا سکتی ہے۔
براہ کرم وضاحت کریں کہ مثبت سوچ اور امید کا رویہ مشکل حالات کا سامنا کرنے میں کیسے مدد دیتا ہے؟,مثبت سوچ مسائل کے حل پر توجہ مرکوز رکھتی ہے جبکہ امید حوصلہ برقرار رکھتی ہے۔ ان رویوں سے تناؤ کم ہوتا ہے اور انسان مشکلات سے نکلنے کے راستے تلاش کرتا رہتا ہے۔
اس موضوع پر روشنی ڈالیں کہ کچرا الگ الگ کر کے پھینکنے اور ری سائیکلنگ میں حصہ لینے کے کیا فوائد ہیں؟,کچرا الگ کرنے سے ری سائیکلنگ آسان ہوتی ہے، لینڈ فل پر بوجھ کم ہوتا ہے اور قیمتی وسائل دوبارہ استعمال میں آتے ہیں۔ اس عادت سے ماحول صاف رہتا ہے اور مستقبل کی نسلوں کے لیے وسائل محفوظ رہتے ہیں۔
اس موضوع پر روشنی ڈالیں کہ مؤثر مطالعہ کے طریقے کیا ہیں جو طالب علموں کو بہتر نتائج حاصل کرنے میں مدد دیتے ہیں؟,باقاعدہ اور حقیقت پسندانہ شیڈول بنانا، اہم نکات اپنے الفاظ میں نوٹ کرنا، مختصر وقفے لینا، پرانی پیپرز حل کرنا اور سیکھی ہوئی باتوں کو کسی اور کو سمجھانا مؤثر مطالعہ کے طریقے ہیں۔ ان سے سمجھ اور یادداشت دونوں بہتر ہوتی ہیں۔
آن لائن تعلیم کے اہم فوائد اور ممکنہ چیلنجز کیا ہیں؟,فوائد میں گھر بیٹھے سیکھنے کی سہولت، عالمی وسائل تک رسائی اور لچکدار اوقات شامل ہیں۔ چیلنجز میں مستحکم انٹرنیٹ کی ضرورت، خود نظم و ضبط کی کمی اور عملی تجربے یا لیب ورک کی محدودیت ہو سکتی ہے۔
اگر کوئی یہ سوال کرے کہ ذہنی صحت کا خیال رکھنے کے عملی اور آسان طریقے کیا ہیں؟,گہری سانس لینے کی مشق، روزانہ مختصر سیر، مثبت خیالات پر توجہ، دوستوں یا خاندان سے بات چیت اور ضرورت پڑنے پر پیشہ ورانہ مدد لینا ذہنی صحت بہتر رکھنے کے عملی طریقے ہیں۔ باقاعدگی سے ان پر عمل کرنا مفید ہے۔
تفصیلی جواب دیں کہ سوال پوچھنے کی جرات طالب علم کی سیکھنے کی صلاحیت کو کیسے بہتر بناتی ہے؟,سوال پوچھنے سے الجھنیں دور ہوتی ہیں، سمجھ گہری ہوتی ہے اور استاد یا ساتھی سے نئی معلومات ملتی ہیں۔ یہ عادت تنقیدی سوچ کو فروغ دیتی ہے اور کلاس میں فعال شرکت کی حوصلہ افزائی کرتی ہے۔
تفصیلی جواب دیں کہ احترام اور خوش اخلاقی معاشرتی تعلقات کو کیسے بہتر بناتے ہیں؟,احترام سے لوگ محفوظ اور قدر محسوس کرتے ہیں جبکہ خوش اخلاقی بات چیت کو نرم اور مؤثر بناتی ہے۔ ان اقدار سے تنازعات کم ہوتے ہیں اور تعاون بڑھتا ہے جس سے معاشرہ زیادہ ہم آہنگ بنتا ہے۔
براہ کرم وضاحت کریں کہ علم حاصل کرنے اور اسے دوسروں تک پہنچانے کا معاشرتی فائدہ کیا ہے؟,علم فرد کو بااختیار بناتا ہے اور جب اسے بانٹا جائے تو پورا معاشرہ مستفید ہوتا ہے۔ تعلیم یافتہ معاشرہ بہتر فیصلے کرتا ہے، جدت پیدا کرتا ہے اور ترقی کی طرف گامزن رہتا ہے۔
تفصیلی جواب دیں کہ آن لائن تعلیم کے اہم فوائد اور ممکنہ چیلنجز کیا ہیں؟,فوائد میں گھر بیٹھے سیکھنے کی سہولت، عالمی وسائل تک رسائی اور لچکدار اوقات شامل ہیں۔ چیلنجز میں مستحکم انٹرنیٹ کی ضرورت، خود نظم و ضبط کی کمی اور عملی تجربے یا لیب ورک کی محدودیت ہو سکتی ہے۔
عام معلومات کے مطابق موسمیاتی تبدیلی کے اثرات کیا ہیں اور عام انسان انھیں کم کرنے میں کیا کردار ادا کر سکتا ہے؟,موسمیاتی تبدیلی سے انتہائی موسمی حالات، سمندری سطح میں اضافہ اور زراعت پر اثرات پڑ رہے ہیں۔ انسان عوامی ٹرانسپورٹ استعمال کر کے، توانائی کی بچت کر کے، گوشت کی کھپت معتدل رکھ کر اور درخت لگا کر اپنا کردار ادا کر سکتا ہے۔
عام معلومات کے مطابق پاس ورڈ مضبوط بنانے کے اصول کیا ہیں اور اسے محفوظ کیسے رکھیں؟,مضبوط پاس ورڈ میں بڑے چھوٹے حروف، نمبر اور علامات شامل ہونے چاہییں اور لمبائی کم از کم بارہ حروف کی ہو۔ اسے کسی سے شیئر نہ کریں، مختلف اکاؤنٹس کے لیے مختلف پاس ورڈ رکھیں اور پاس ورڈ منیجر استعمال کرنا مفید ہے۔
گھر کی صفائی اور ترتیب رکھنے کی عادت کے جسمانی اور ذہنی فوائد کیا ہیں؟,صاف گھر میں جراثیم کم ہوتے ہیں جو صحت کے لیے بہتر ہے۔ مرتب ماحول ذہنی سکون دیتا ہے، چیزیں تلاش کرنے میں وقت بچتا ہے اور مجموعی طور پر گھر کا ماحول خوشگوار رہتا ہے۔ روزانہ تھوڑی سی صفائی بڑا فرق لا سکتی ہے۔
کیا آپ تفصیل سے بتا سکتے ہیں کہ بڑھاپے میں صحت مند رہنے کے لیے کون سی عادتیں اپنانی چاہییں؟,ہلکی ورزش جیسے چہل قدمی، متوازن غذا، سماجی تعلقات برقرار رکھنا، ذہنی سرگرمیاں جیسے پڑھنا اور باقاعدہ طبی معائنہ بڑھاپے میں صحت مند اور فعال رہنے میں مدد دیتے ہیں۔
اگر کوئی یہ سوال کرے کہ بجلی اور گیس کے گھریلو استعمال میں بچت کے عملی طریقے کیا ہیں؟,ایل ای ڈی بلب استعمال کرنا، غیر ضروری بتیاں اور پنکھے بند کرنا، فریج کا دروازہ بار بار نہ کھولنا اور گیس کے چولہے کو ضرورت سے زیادہ نہ جلانا بچت کے طریقے ہیں۔ ان چھوٹی احتیاطوں سے بل میں نمایاں کمی آ سکتی ہے۔
اس موضوع پر روشنی ڈالیں کہ شہری علاقوں میں سبز چھتوں اور باغیچوں کے کیا فوائد ہیں؟,سبز چھتیں اور باغیچے درجہ حرارت کم کرتے ہیں، بارش کے پانی کو جذب کرتے ہیں، ہوا بہتر بناتے ہیں اور رہائشیوں کو ذہنی سکون فراہم کرتے ہیں۔ یہ شہری ماحول کو زیادہ قابل رہائش بناتے ہیں۔
علمی اور عملی طور پر موسمیاتی تبدیلی کے اثرات کیا ہیں اور عام انسان انھیں کم کرنے میں کیا کردار ادا کر سکتا ہے؟,موسمیاتی تبدیلی سے انتہائی موسمی حالات، سمندری سطح میں اضافہ اور زراعت پر اثرات پڑ رہے ہیں۔ انسان عوامی ٹرانسپورٹ استعمال کر کے، توانائی کی بچت کر کے، گوشت کی کھپت معتدل رکھ کر اور درخت لگا کر اپنا کردار ادا کر سکتا ہے۔
معافی مانگنے اور معاف کرنے کی صلاحیت رشتوں کو کیسے بچاتی ہے؟,معافی مانگنا غلطی کا اعتراف ہے جو دل کی صفائی دکھاتا ہے جبکہ معاف کرنا بغض کو ختم کرتا ہے۔ دونوں عمل رشتوں میں دراڑ کو ختم کر کے اعتماد بحال کرنے میں مدد دیتے ہیں۔
عام معلومات کے مطابق صداقت اور ایمانداری فرد کی شخصیت اور معاشرتی اعتماد پر کیا اثر ڈالتی ہیں؟,صداقت شخصیت کو مضبوط اور قابل اعتماد بناتی ہے۔ معاشرے میں ایمانداری سے کام کا معیار بہتر ہوتا ہے، وعدے پورے ہوتے ہیں اور لوگ ایک دوسرے پر بھروسہ کر سکتے ہیں جو ترقی کے لیے ضروری ہے۔
سمارٹ فون کے زیادہ استعمال کے کیا نقصانات ہو سکتے ہیں اور ان سے کیسے بچا جائے؟,زیادہ استعمال سے آنکھوں کی تھکاوٹ، نیند میں خلل، گردن اور کمر کا درد اور حقیقی سماجی تعلقات کمزور ہو سکتے ہیں۔ اسکرین ٹائم کی حد مقرر کر کے، نیلے روشنی فلٹر استعمال کر کے اور باقاعدہ وقفے لے کر ان مسائل سے بچا جا سکتا ہے۔
کیا آپ تفصیل سے بتا سکتے ہیں کہ موبائل فون اور سوشل میڈیا کے استعمال میں توازن کیسے قائم کیا جا سکتا ہے؟,روزانہ اسکرین ٹائم کی حد مقرر کرنا، مخصوص اوقات میں نوٹیفیکیشن بند کرنا، کھانے اور سونے سے پہلے فون دور رکھنا اور حقیقی ملاقاتوں کو ترجیح دینا توازن قائم کرنے میں مدد دیتا ہے۔
اگر کوئی یہ سوال کرے کہ ری سائیکلنگ کے عمل کو عام شہری کیسے سپورٹ کر سکتا ہے؟,کاغذ، پلاسٹک، شیشہ اور دھات کو الگ الگ ڈسٹ بن میں ڈالنا، ری سائیکل شدہ مصنوعات خریدنا اور دوسروں کو آگاہی دینا شہریوں کے سپورٹ کرنے کے طریقے ہیں۔ چھوٹی انفرادی کاوشیں مل کر بڑا فرق پیدا کرتی ہیں۔
عام معلومات کے مطابق درخت لگانے اور شہری سبزہ بڑھانے کے ماحولیاتی اور صحت کے فوائد کیا ہیں؟,درخت آکسیجن پیدا کرتے ہیں، کاربن ڈائی آکسائیڈ جذب کرتے ہیں، سایہ اور ٹھنڈک فراہم کرتے ہیں اور مٹی کے کٹاؤ کو روکتے ہیں۔ شہری علاقوں میں سبزہ ہوا کی معیار بہتر کرتا ہے اور ذہنی صحت پر مثبت اثر ڈالتا ہے۔
اس موضوع پر روشنی ڈالیں کہ نوٹس بنانے اور دہرانے کی عادت امتحانی تیاری میں کیسے مددگار ثابت ہوتی ہے؟,نوٹس بنانے سے اہم باتیں مختصر اور منظم ہو جاتی ہیں جس سے دہرائی تیز اور مؤثر ہوتی ہے۔ باقاعدہ دہرائی سے معلومات طویل مدتی یادداشت میں چلی جاتی ہیں اور امتحان میں اعتماد بڑھتا ہے۔
علمی اور عملی طور پر مؤثر مطالعہ کے طریقے کیا ہیں جو طالب علموں کو بہتر نتائج حاصل کرنے میں مدد دیتے ہیں؟,باقاعدہ اور حقیقت پسندانہ شیڈول بنانا، اہم نکات اپنے الفاظ میں نوٹ کرنا، مختصر وقفے لینا، پرانی پیپرز حل کرنا اور سیکھی ہوئی باتوں کو کسی اور کو سمجھانا مؤثر مطالعہ کے طریقے ہیں۔ ان سے سمجھ اور یادداشت دونوں بہتر ہوتی ہیں۔
عام معلومات کے مطابق اچھی نیند کیوں ضروری ہے اور نیند کی کمی کے طویل مدتی نقصانات کیا ہو سکتے ہیں؟,اچھی نیند جسمانی مرمت، یادداشت کی مضبوطی اور مدافعتی نظام کے لیے ضروری ہے۔ طویل مدتی کمی سے توجہ کمزور پڑتی ہے، چڑچڑاپن بڑھتا ہے اور دل کی بیماریوں، ذیابیطس اور موٹاپے کا خطرہ بڑھ سکتا ہے۔
اگر کوئی یہ سوال کرے کہ آواز کیسے پیدا ہوتی ہے اور کان تک کیسے پہنچتی ہے؟,آواز کسی چیز کے کانپنے یا حرکت سے پیدا ہوتی ہے جو ہوا میں لہریں بناتی ہے۔ یہ لہریں کان کے پردے تک پہنچتی ہیں جہاں سے سگنل دماغ کو جاتا ہے اور ہمیں آواز محسوس ہوتی ہے۔
اگر کوئی یہ سوال کرے کہ مہمان نوازی کے بہترین طریقے کیا ہیں جو مہمانوں کو خوش رکھیں؟,مہمانوں کا مسکراہٹ سے استقبال کرنا، ان کی ضروریات کا خیال رکھنا، آرام دہ ماحول فراہم کرنا اور مجبوری میں زیادہ تکلف نہ کرنا اچھی مہمان نوازی کے طریقے ہیں۔ سادگی اور خلوص سب سے اہم ہیں۔
علمی اور عملی طور پر مثبت سوچ اور امید کا رویہ مشکل حالات کا سامنا کرنے میں کیسے مدد دیتا ہے؟,مثبت سوچ مسائل کے حل پر توجہ مرکوز رکھتی ہے جبکہ امید حوصلہ برقرار رکھتی ہے۔ ان رویوں سے تناؤ کم ہوتا ہے اور انسان مشکلات سے نکلنے کے راستے تلاش کرتا رہتا ہے۔
اگر کوئی یہ سوال کرے کہ انٹرنیٹ نے دنیا کو کیسے بدل دیا ہے اور اس کے مثبت و منفی پہلو کیا ہیں؟,انٹرنیٹ نے معلومات تک رسائی، بات چیت اور کاروبار کو بہت آسان بنا دیا ہے۔ مثبت پہلو علم اور مواقع کی فراہمی ہے جبکہ منفی پہلو میں غلط معلومات پھیلنا، پرائیویسی کے مسائل اور زیادہ وقت کا ضیاع شامل ہیں۔
اگر کوئی یہ سوال کرے کہ آلودگی کی اقسام کون سی ہیں اور انھیں کنٹرول کرنے کے بنیادی طریقے کیا ہیں؟,ہوا، پانی، مٹی اور شور کی آلودگی اہم اقسام ہیں۔ کنٹرول کے طریقوں میں صنعتی فلٹرز، سیوریج ٹریٹمنٹ، کچرے کا صحیح انتظام اور سبزہ بڑھانا شامل ہیں۔ عوامی شعور بھی بہت اہم ہے۔
علمی اور عملی طور پر پاس ورڈ مضبوط بنانے کے اصول کیا ہیں اور اسے محفوظ کیسے رکھیں؟,مضبوط پاس ورڈ میں بڑے چھوٹے حروف، نمبر اور علامات شامل ہونے چاہییں اور لمبائی کم از کم بارہ حروف کی ہو۔ اسے کسی سے شیئر نہ کریں، مختلف اکاؤنٹس کے لیے مختلف پاس ورڈ رکھیں اور پاس ورڈ منیجر استعمال کرنا مفید ہے۔
سائنس اور ریاضی جیسے مضامین میں دلچسپی پیدا کرنے کے طریقے کیا ہو سکتے ہیں؟,روزمرو کی مثالوں سے جوڑنا، سادہ تجربات کر کے دکھانا، پہیلیاں اور عملی مسائل حل کرانا اور کامیابی پر حوصلہ افزائی کرنا ان مضامین میں دلچسپی پیدا کرنے میں مدد دیتے ہیں۔ سمجھ کے ساتھ سیکھنا رٹے سے بہتر ہے۔
کیا آپ تفصیل سے بتا سکتے ہیں کہ صبر اور تحمل مشکل حالات اور رشتوں میں کیسے مددگار ثابت ہوتے ہیں؟,صبر جذبات پر قابو رکھنے اور سوچ سمجھ کر ردعمل دینے میں مدد دیتا ہے۔ تحمل سے چھوٹے اختلافات بڑے جھگڑوں میں نہیں بدلتے اور رشتے طویل مدت تک برقرار رہتے ہیں۔
باقاعدہ ورزش جسمانی اور ذہنی صحت پر کیا اثرات مرتب کرتی ہے؟,باقاعدہ ورزش جسمانی طاقت اور برداشت بڑھاتی ہے، وزن کنٹرول کرتی ہے، دل اور پھیپھڑوں کی صحت بہتر بناتی ہے اور ذہنی دباؤ کم کر کے موڈ کو مثبت رکھتی ہے۔ ہفتے میں کم از کم ایک سو پچاس منٹ معتدل ورزش کی سفارش کی جاتی ہے۔
براہ کرم وضاحت کریں کہ سورج زمین سے کتنا دور ہے اور اس کی روشنی ہمیں کتنی دیر میں پہنچتی ہے؟,سورج زمین سے تقریباً پندرہ کروڑ کلومیٹر دور ہے۔ اس کی روشنی کو زمین تک پہنچنے میں تقریباً آٹھ منٹ کا وقت لگتا ہے کیونکہ روشنی تین لاکھ کلومیٹر فی سیکنڈ کی رفتار سے سفر کرتی ہے۔
علمی اور عملی طور پر چاند پر انسان کیوں نہیں رہ سکتا جبکہ زمین پر زندگی کیسے ممکن ہوئی؟,چاند پر آکسیجن، مائع پانی اور مناسب درجہ حرارت کی شدید کمی ہے۔ زمین پر سورج سے مناسب فاصلہ، آکسیجن کی موجودگی اور پانی نے زندگی کو ممکن بنایا ہے۔
تفصیلی جواب دیں کہ علم حاصل کرنے اور اسے دوسروں تک پہنچانے کا معاشرتی فائدہ کیا ہے؟,علم فرد کو بااختیار بناتا ہے اور جب اسے بانٹا جائے تو پورا معاشرہ مستفید ہوتا ہے۔ تعلیم یافتہ معاشرہ بہتر فیصلے کرتا ہے، جدت پیدا کرتا ہے اور ترقی کی طرف گامزن رہتا ہے۔
تفصیلی جواب دیں کہ باقاعدہ ورزش جسمانی اور ذہنی صحت پر کیا اثرات مرتب کرتی ہے؟,باقاعدہ ورزش جسمانی طاقت اور برداشت بڑھاتی ہے، وزن کنٹرول کرتی ہے، دل اور پھیپھڑوں کی صحت بہتر بناتی ہے اور ذہنی دباؤ کم کر کے موڈ کو مثبت رکھتی ہے۔ ہفتے میں کم از کم ایک سو پچاس منٹ معتدل ورزش کی سفارش کی جاتی ہے۔
کیا آپ تفصیل سے بتا سکتے ہیں کہ مقناطیس کیا ہے اور اس کی عام استعمالات کیا ہیں؟,مقناطیس وہ چیز ہے جو لوہے اور کچھ دھاتوں کو اپنی طرف کھینچتی ہے۔ اس کے استعمالات میں کمپس، الیکٹرک موٹرز، اسپیکرز اور دروازوں کے مقناطیسی تالے شامل ہیں۔
براہ کرم وضاحت کریں کہ ڈیجیٹل پرائیویسی کیا ہے اور اسے برقرار رکھنے کے آسان طریقے کیا ہیں؟,ڈیجیٹل پرائیویسی کا مطلب ہے اپنی ذاتی معلومات کو غیر ضروری شیئرنگ اور غلط استعمال سے بچانا۔ اس کے لیے پرائیویسی سیٹنگز چیک کرنا، لوکیشن شیئرنگ محدود رکھنا اور صرف قابل اعتماد ایپس استعمال کرنا ضروری ہے۔
اس موضوع پر روشنی ڈالیں کہ چاند پر انسان کیوں نہیں رہ سکتا جبکہ زمین پر زندگی کیسے ممکن ہوئی؟,چاند پر آکسیجن، مائع پانی اور مناسب درجہ حرارت کی شدید کمی ہے۔ زمین پر سورج سے مناسب فاصلہ، آکسیجن کی موجودگی اور پانی نے زندگی کو ممکن بنایا ہے۔
براہ کرم وضاحت کریں کہ باقاعدہ ورزش جسمانی اور ذہنی صحت پر کیا اثرات مرتب کرتی ہے؟,باقاعدہ ورزش جسمانی طاقت اور برداشت بڑھاتی ہے، وزن کنٹرول کرتی ہے، دل اور پھیپھڑوں کی صحت بہتر بناتی ہے اور ذہنی دباؤ کم کر کے موڈ کو مثبت رکھتی ہے۔ ہفتے میں کم از کم ایک سو پچاس منٹ معتدل ورزش کی سفارش کی جاتی ہے۔
اس موضوع پر روشنی ڈالیں کہ ری سائیکلنگ کے عمل کو عام شہری کیسے سپورٹ کر سکتا ہے؟,کاغذ، پلاسٹک، شیشہ اور دھات کو الگ الگ ڈسٹ بن میں ڈالنا، ری سائیکل شدہ مصنوعات خریدنا اور دوسروں کو آگاہی دینا شہریوں کے سپورٹ کرنے کے طریقے ہیں۔ چھوٹی انفرادی کاوشیں مل کر بڑا فرق پیدا کرتی ہیں۔
عام معلومات کے مطابق پڑوسیوں کے ساتھ اچھے اور پرامن تعلقات قائم رکھنے کے طریقے کیا ہو سکتے ہیں؟,باقاعدہ سلام دعا کرنا، ضرورت کے وقت مدد کی پیشکش کرنا، شور شرابے سے گریز کرنا اور چھوٹے تنازعات کو بات چیت سے حل کرنا اچھے پڑوسی تعلقات کے طریقے ہیں۔ اچھے پڑوسی رہائشی زندگی کو بہت خوشگوار بنا دیتے ہیں۔
اگر کوئی یہ سوال کرے کہ گھر میں پودے رکھنے اور ان کی دیکھ بھال کے کیا فوائد ہیں؟,پودے اندرونی ہوا کو بہتر بناتے ہیں، ماحول کو خوبصورت بناتے ہیں اور ذہنی سکون فراہم کرتے ہیں۔ باقاعدہ پانی دینا، مناسب روشنی کا خیال رکھنا اور ضرورت پڑنے پر کھاد ڈالنا ان کی صحت مند نشوونما کے لیے ضروری ہے۔
براہ کرم وضاحت کریں کہ برف پانی اور بھاپ میں کیا فرق ہے اور درجہ حرارت کا اس میں کیا کردار ہے؟,برف پانی کی ٹھوس حالت ہے جو صفر ڈگری یا اس سے کم پر ہوتی ہے۔ پانی مائع حالت ہے اور بھاپ گیسی حالت ہے جو سو ڈگری یا اس سے اوپر بنتی ہے۔ درجہ حرارت ان حالتوں کو تبدیل کرتا ہے۔
عام معلومات کے مطابق انٹرنیٹ نے دنیا کو کیسے بدل دیا ہے اور اس کے مثبت و منفی پہلو کیا ہیں؟,انٹرنیٹ نے معلومات تک رسائی، بات چیت اور کاروبار کو بہت آسان بنا دیا ہے۔ مثبت پہلو علم اور مواقع کی فراہمی ہے جبکہ منفی پہلو میں غلط معلومات پھیلنا، پرائیویسی کے مسائل اور زیادہ وقت کا ضیاع شامل ہیں۔
کیا آپ تفصیل سے بتا سکتے ہیں کہ ذہنی صحت کا خیال رکھنے کے عملی اور آسان طریقے کیا ہیں؟,گہری سانس لینے کی مشق، روزانہ مختصر سیر، مثبت خیالات پر توجہ، دوستوں یا خاندان سے بات چیت اور ضرورت پڑنے پر پیشہ ورانہ مدد لینا ذہنی صحت بہتر رکھنے کے عملی طریقے ہیں۔ باقاعدگی سے ان پر عمل کرنا مفید ہے۔
اس موضوع پر روشنی ڈالیں کہ پانی کی بچت کے گھریلو طریقے اور ان کی اہمیت کیا ہے؟,نل کو استعمال کے بعد فوری بند کرنا، لیکس درست کرانا، واشنگ مشین کو فل لوڈ پر چلانا اور بارش کا پانی پودوں کے لیے جمع کرنا گھریلو بچت کے طریقے ہیں۔ صاف پانی محدود وسیلہ ہے اس لیے اس کی قدر کرنی چاہیے۔
کیا آپ تفصیل سے بتا سکتے ہیں کہ پانی کے تین حالتیں کون سی ہیں اور وہ کیسے بدلتی ہیں؟,پانی کی تین حالتیں ٹھوس برف، مائع پانی اور گیس بھاپ ہیں۔ گرمی دینے سے برف پانی بنتی ہے اور مزید گرمی سے بھاپ بن جاتی ہے۔ ٹھنڈا کرنے سے یہ عمل الٹ جاتا ہے اور بھاپ پھر پانی اور برف بن سکتی ہے۔
عام معلومات کے مطابق سوال پوچھنے کی جرات طالب علم کی سیکھنے کی صلاحیت کو کیسے بہتر بناتی ہے؟,سوال پوچھنے سے الجھنیں دور ہوتی ہیں، سمجھ گہری ہوتی ہے اور استاد یا ساتھی سے نئی معلومات ملتی ہیں۔ یہ عادت تنقیدی سوچ کو فروغ دیتی ہے اور کلاس میں فعال شرکت کی حوصلہ افزائی کرتی ہے۔
کیا آپ تفصیل سے بتا سکتے ہیں کہ پلاسٹک کے زیادہ استعمال کے ماحول اور جانداروں پر کیا منفی اثرات مرتب ہوتے ہیں؟,پلاسٹک صدیاں لگاتی ہے گل سڑنے میں، سمندروں اور زمین کو آلودہ کرتا ہے، جانور اسے کھا کر متاثر ہوتے ہیں اور مائیکرو پلاسٹک خوراک چین میں داخل ہو جاتا ہے۔ اس لیے استعمال کم کرنا اور متبادل اپنانا ضروری ہے۔
کیا آپ تفصیل سے بتا سکتے ہیں کہ ای میل کے ذریعے بات چیت کے کیا فوائد ہیں اور اس کے استعمال میں کیا احتیاط ضروری ہے؟,ای میل دستاویزات بھیجنے، ریکارڈ رکھنے اور پیشہ ورانہ بات چیت کے لیے بہت مفید ہے۔ احتیاط میں مشکوک لنکس نہ کھولنا، نامعلوم بھیجنے والوں سے محتاط رہنا اور اہم معلومات بغیر انکرپشن کے نہ بھیجنا شامل ہے۔
علمی اور عملی طور پر وائی فائی اور موبائل ڈیٹا میں کیا فرق ہے اور کب کون سا بہتر ہے؟,وائی فائی مقامی وائرلیس نیٹ ورک سے انٹرنیٹ دیتا ہے جو عام طور پر تیز اور سستا ہوتا ہے جبکہ موبائل ڈیٹا موبائل ٹاورز کے ذریعے کام کرتا ہے اور کہیں بھی دستیاب ہوتا ہے۔ گھر یا دفتر میں وائی فائی اور باہر موبائل ڈیٹا بہتر رہتا ہے۔
اگر کوئی یہ سوال کرے کہ گھر کی صفائی اور ترتیب رکھنے کی عادت کے جسمانی اور ذہنی فوائد کیا ہیں؟,صاف گھر میں جراثیم کم ہوتے ہیں جو صحت کے لیے بہتر ہے۔ مرتب ماحول ذہنی سکون دیتا ہے، چیزیں تلاش کرنے میں وقت بچتا ہے اور مجموعی طور پر گھر کا ماحول خوشگوار رہتا ہے۔ روزانہ تھوڑی سی صفائی بڑا فرق لا سکتی ہے۔
علمی اور عملی طور پر سمارٹ فون کے زیادہ استعمال کے کیا نقصانات ہو سکتے ہیں اور ان سے کیسے بچا جائے؟,زیادہ استعمال سے آنکھوں کی تھکاوٹ، نیند میں خلل، گردن اور کمر کا درد اور حقیقی سماجی تعلقات کمزور ہو سکتے ہیں۔ اسکرین ٹائم کی حد مقرر کر کے، نیلے روشنی فلٹر استعمال کر کے اور باقاعدہ وقفے لے کر ان مسائل سے بچا جا سکتا ہے۔
تفصیلی جواب دیں کہ سائنس اور ریاضی جیسے مضامین میں دلچسپی پیدا کرنے کے طریقے کیا ہو سکتے ہیں؟,روزمرو کی مثالوں سے جوڑنا، سادہ تجربات کر کے دکھانا، پہیلیاں اور عملی مسائل حل کرانا اور کامیابی پر حوصلہ افزائی کرنا ان مضامین میں دلچسپی پیدا کرنے میں مدد دیتے ہیں۔ سمجھ کے ساتھ سیکھنا رٹے سے بہتر ہے۔
براہ کرم وضاحت کریں کہ سمارٹ فون کے زیادہ استعمال کے کیا نقصانات ہو سکتے ہیں اور ان سے کیسے بچا جائے؟,زیادہ استعمال سے آنکھوں کی تھکاوٹ، نیند میں خلل، گردن اور کمر کا درد اور حقیقی سماجی تعلقات کمزور ہو سکتے ہیں۔ اسکرین ٹائم کی حد مقرر کر کے، نیلے روشنی فلٹر استعمال کر کے اور باقاعدہ وقفے لے کر ان مسائل سے بچا جا سکتا ہے۔
اگر کوئی یہ سوال کرے کہ مدد اور ہمدردی کے جذبے سے معاشرہ کیسے زیادہ مضبوط اور پر امن بنتا ہے؟,مدد سے کمزور افراد کو سہارا ملتا ہے اور ہمدردی سے لوگ ایک دوسرے کے دکھ درد کو سمجھتے ہیں۔ ان جذبات سے سماجی رشتے مضبوط ہوتے ہیں اور مجموعی طور پر معاشرہ زیادہ متحد اور پر امن رہتا ہے۔
تفصیلی جواب دیں کہ برف پانی اور بھاپ میں کیا فرق ہے اور درجہ حرارت کا اس میں کیا کردار ہے؟,برف پانی کی ٹھوس حالت ہے جو صفر ڈگری یا اس سے کم پر ہوتی ہے۔ پانی مائع حالت ہے اور بھاپ گیسی حالت ہے جو سو ڈگری یا اس سے اوپر بنتی ہے۔ درجہ حرارت ان حالتوں کو تبدیل کرتا ہے۔
براہ کرم وضاحت کریں کہ موبائل فون اور سوشل میڈیا کے استعمال میں توازن کیسے قائم کیا جا سکتا ہے؟,روزانہ اسکرین ٹائم کی حد مقرر کرنا، مخصوص اوقات میں نوٹیفیکیشن بند کرنا، کھانے اور سونے سے پہلے فون دور رکھنا اور حقیقی ملاقاتوں کو ترجیح دینا توازن قائم کرنے میں مدد دیتا ہے۔
اس موضوع پر روشنی ڈالیں کہ روشنی کی رفتار کتنی ہے اور اس کا روزمرہ زندگی میں کیا مطلب ہے؟,روشنی تقریباً تین لاکھ کلومیٹر فی سیکنڈ کی رفتار سے سفر کرتی ہے۔ اس تیز رفتاری کی وجہ سے ہمیں سورج کی روشنی چند منٹوں میں مل جاتی ہے اور ہم دور کی چیزیں فوری دیکھ سکتے ہیں۔
مدد اور ہمدردی کے جذبے سے معاشرہ کیسے زیادہ مضبوط اور پر امن بنتا ہے؟,مدد سے کمزور افراد کو سہارا ملتا ہے اور ہمدردی سے لوگ ایک دوسرے کے دکھ درد کو سمجھتے ہیں۔ ان جذبات سے سماجی رشتے مضبوط ہوتے ہیں اور مجموعی طور پر معاشرہ زیادہ متحد اور پر امن رہتا ہے۔
علمی اور عملی طور پر ذہنی صحت کا خیال رکھنے کے عملی اور آسان طریقے کیا ہیں؟,گہری سانس لینے کی مشق، روزانہ مختصر سیر، مثبت خیالات پر توجہ، دوستوں یا خاندان سے بات چیت اور ضرورت پڑنے پر پیشہ ورانہ مدد لینا ذہنی صحت بہتر رکھنے کے عملی طریقے ہیں۔ باقاعدگی سے ان پر عمل کرنا مفید ہے۔
کیا آپ تفصیل سے بتا سکتے ہیں کہ محنت، لگن اور مستقل مزاجی کامیابی حاصل کرنے میں کتنا اہم کردار ادا کرتی ہے؟,محنت صلاحیتوں کو نکھارتی ہے، لگن مقصد پر توجہ رکھتی ہے اور مستقل مزاجی مشکل حالات میں بھی آگے بڑھنے کا حوصلہ دیتی ہے۔ ان تینوں کے بغیر پائیدار کامیابی مشکل ہے۔
براہ کرم وضاحت کریں کہ صبر اور تحمل مشکل حالات اور رشتوں میں کیسے مددگار ثابت ہوتے ہیں؟,صبر جذبات پر قابو رکھنے اور سوچ سمجھ کر ردعمل دینے میں مدد دیتا ہے۔ تحمل سے چھوٹے اختلافات بڑے جھگڑوں میں نہیں بدلتے اور رشتے طویل مدت تک برقرار رہتے ہیں۔
وائی فائی اور موبائل ڈیٹا میں کیا فرق ہے اور کب کون سا بہتر ہے؟,وائی فائی مقامی وائرلیس نیٹ ورک سے انٹرنیٹ دیتا ہے جو عام طور پر تیز اور سستا ہوتا ہے جبکہ موبائل ڈیٹا موبائل ٹاورز کے ذریعے کام کرتا ہے اور کہیں بھی دستیاب ہوتا ہے۔ گھر یا دفتر میں وائی فائی اور باہر موبائل ڈیٹا بہتر رہتا ہے۔
علمی اور عملی طور پر قدرتی وسائل کی حفاظت آنے والی نسلوں کے لیے کیوں ضروری ہے؟,قدرتی وسائل جیسے پانی، جنگلات اور معدنیات محدود ہیں۔ ان کی بے جا استعمال سے قلت پیدا ہو سکتی ہے۔ پائیدار استعمال اور حفاظت سے آنے والی نسلیں بھی ان وسائل سے مستفید ہو سکیں گی۔
تفصیلی جواب دیں کہ آلودگی کی اقسام کون سی ہیں اور انھیں کنٹرول کرنے کے بنیادی طریقے کیا ہیں؟,ہوا، پانی، مٹی اور شور کی آلودگی اہم اقسام ہیں۔ کنٹرول کے طریقوں میں صنعتی فلٹرز، سیوریج ٹریٹمنٹ، کچرے کا صحیح انتظام اور سبزہ بڑھانا شامل ہیں۔ عوامی شعور بھی بہت اہم ہے۔
اس موضوع پر روشنی ڈالیں کہ محنت، لگن اور مستقل مزاجی کامیابی حاصل کرنے میں کتنا اہم کردار ادا کرتی ہے؟,محنت صلاحیتوں کو نکھارتی ہے، لگن مقصد پر توجہ رکھتی ہے اور مستقل مزاجی مشکل حالات میں بھی آگے بڑھنے کا حوصلہ دیتی ہے۔ ان تینوں کے بغیر پائیدار کامیابی مشکل ہے۔
فوتوسنتھیس کا عمل کیا ہے اور پودے اس سے کیسے فائدہ اٹھاتے ہیں؟,فوتوسنتھیس وہ عمل ہے جس میں پودے سورج کی روشنی، پانی اور کاربن ڈائی آکسائیڈ استعمال کر کے گلوکوز کی شکل میں خوراک بناتے ہیں اور آکسیجن خارج کرتے ہیں۔ یہ عمل پودوں کی نشوونما اور زمین پر زندگی کے لیے بہت اہم ہے۔
عام معلومات کے مطابق صبر اور تحمل مشکل حالات اور رشتوں میں کیسے مددگار ثابت ہوتے ہیں؟,صبر جذبات پر قابو رکھنے اور سوچ سمجھ کر ردعمل دینے میں مدد دیتا ہے۔ تحمل سے چھوٹے اختلافات بڑے جھگڑوں میں نہیں بدلتے اور رشتے طویل مدت تک برقرار رہتے ہیں۔
تفصیلی جواب دیں کہ گروپ اسٹڈی انفرادی مطالعہ کے مقابلے میں کیسے مفید ہو سکتی ہے اور اس کے کیا نقصانات ہو سکتے ہیں؟,گروپ اسٹڈی میں خیالات کا تبادلہ، مل کر مسائل حل کرنا اور حوصلہ برقرار رکھنا آسان ہوتا ہے۔ تاہم اگر گروپ میں توجہ بھٹکے یا کچھ افراد غالب آ جائیں تو نقصان دہ بھی ہو سکتی ہے اس لیے قواعد اور توازن ضروری ہے۔
سوال پوچھنے کی جرات طالب علم کی سیکھنے کی صلاحیت کو کیسے بہتر بناتی ہے؟,سوال پوچھنے سے الجھنیں دور ہوتی ہیں، سمجھ گہری ہوتی ہے اور استاد یا ساتھی سے نئی معلومات ملتی ہیں۔ یہ عادت تنقیدی سوچ کو فروغ دیتی ہے اور کلاس میں فعال شرکت کی حوصلہ افزائی کرتی ہے۔
علمی اور عملی طور پر پلاسٹک کے زیادہ استعمال کے ماحول اور جانداروں پر کیا منفی اثرات مرتب ہوتے ہیں؟,پلاسٹک صدیاں لگاتی ہے گل سڑنے میں، سمندروں اور زمین کو آلودہ کرتا ہے، جانور اسے کھا کر متاثر ہوتے ہیں اور مائیکرو پلاسٹک خوراک چین میں داخل ہو جاتا ہے۔ اس لیے استعمال کم کرنا اور متبادل اپنانا ضروری ہے۔
عام معلومات کے مطابق مقناطیس کیا ہے اور اس کی عام استعمالات کیا ہیں؟,مقناطیس وہ چیز ہے جو لوہے اور کچھ دھاتوں کو اپنی طرف کھینچتی ہے۔ اس کے استعمالات میں کمپس، الیکٹرک موٹرز، اسپیکرز اور دروازوں کے مقناطیسی تالے شامل ہیں۔
تفصیلی جواب دیں کہ سمندری حیات کی حفاظت کیوں اہم ہے اور انسان اس میں کیا کردار ادا کر سکتا ہے؟,سمندری حیات ماحولیاتی توازن، آکسیجن پیدا کرنے اور خوراک فراہم کرنے میں اہم ہے۔ انسان پلاسٹک کم استعمال کر کے، پائیدار مچھلیاں کھا کر اور ساحلی صفائی میں حصہ لے کر حفاظت میں مدد کر سکتا ہے۔
علمی اور عملی طور پر پڑوسیوں کے ساتھ اچھے اور پرامن تعلقات قائم رکھنے کے طریقے کیا ہو سکتے ہیں؟,باقاعدہ سلام دعا کرنا، ضرورت کے وقت مدد کی پیشکش کرنا، شور شرابے سے گریز کرنا اور چھوٹے تنازعات کو بات چیت سے حل کرنا اچھے پڑوسی تعلقات کے طریقے ہیں۔ اچھے پڑوسی رہائشی زندگی کو بہت خوشگوار بنا دیتے ہیں۔
براہ کرم وضاحت کریں کہ انٹرنیٹ نے دنیا کو کیسے بدل دیا ہے اور اس کے مثبت و منفی پہلو کیا ہیں؟,انٹرنیٹ نے معلومات تک رسائی، بات چیت اور کاروبار کو بہت آسان بنا دیا ہے۔ مثبت پہلو علم اور مواقع کی فراہمی ہے جبکہ منفی پہلو میں غلط معلومات پھیلنا، پرائیویسی کے مسائل اور زیادہ وقت کا ضیاع شامل ہیں۔
بڑھاپے میں صحت مند رہنے کے لیے کون سی عادتیں اپنانی چاہییں؟,ہلکی ورزش جیسے چہل قدمی، متوازن غذا، سماجی تعلقات برقرار رکھنا، ذہنی سرگرمیاں جیسے پڑھنا اور باقاعدہ طبی معائنہ بڑھاپے میں صحت مند اور فعال رہنے میں مدد دیتے ہیں۔
آلودگی کی اقسام کون سی ہیں اور انھیں کنٹرول کرنے کے بنیادی طریقے کیا ہیں؟,ہوا، پانی، مٹی اور شور کی آلودگی اہم اقسام ہیں۔ کنٹرول کے طریقوں میں صنعتی فلٹرز، سیوریج ٹریٹمنٹ، کچرے کا صحیح انتظام اور سبزہ بڑھانا شامل ہیں۔ عوامی شعور بھی بہت اہم ہے۔
اس موضوع پر روشنی ڈالیں کہ فوتوسنتھیس کا عمل کیا ہے اور پودے اس سے کیسے فائدہ اٹھاتے ہیں؟,فوتوسنتھیس وہ عمل ہے جس میں پودے سورج کی روشنی، پانی اور کاربن ڈائی آکسائیڈ استعمال کر کے گلوکوز کی شکل میں خوراک بناتے ہیں اور آکسیجن خارج کرتے ہیں۔ یہ عمل پودوں کی نشوونما اور زمین پر زندگی کے لیے بہت اہم ہے۔
کتابیں پڑھنے کی عادت ذہن، زبان اور شخصیت پر کیا مثبت اثرات ڈالتی ہے؟,کتابیں پڑھنے سے علم میں اضافہ ہوتا ہے، الفاظ کا ذخیرہ بڑھتا ہے، جملے بنانے کی صلاحیت بہتر ہوتی ہے اور مختلف ثقافتوں اور خیالات کو سمجھنے کی صلاحیت پیدا ہوتی ہے۔ یہ شخصیت کو مزید پختہ اور روادار بناتی ہے۔
براہ کرم وضاحت کریں کہ مہمان نوازی کے بہترین طریقے کیا ہیں جو مہمانوں کو خوش رکھیں؟,مہمانوں کا مسکراہٹ سے استقبال کرنا، ان کی ضروریات کا خیال رکھنا، آرام دہ ماحول فراہم کرنا اور مجبوری میں زیادہ تکلف نہ کرنا اچھی مہمان نوازی کے طریقے ہیں۔ سادگی اور خلوص سب سے اہم ہیں۔
تفصیلی جواب دیں کہ وائی فائی اور موبائل ڈیٹا میں کیا فرق ہے اور کب کون سا بہتر ہے؟,وائی فائی مقامی وائرلیس نیٹ ورک سے انٹرنیٹ دیتا ہے جو عام طور پر تیز اور سستا ہوتا ہے جبکہ موبائل ڈیٹا موبائل ٹاورز کے ذریعے کام کرتا ہے اور کہیں بھی دستیاب ہوتا ہے۔ گھر یا دفتر میں وائی فائی اور باہر موبائل ڈیٹا بہتر رہتا ہے۔
اگر کوئی یہ سوال کرے کہ آن لائن تعلیم کے اہم فوائد اور ممکنہ چیلنجز کیا ہیں؟,فوائد میں گھر بیٹھے سیکھنے کی سہولت، عالمی وسائل تک رسائی اور لچکدار اوقات شامل ہیں۔ چیلنجز میں مستحکم انٹرنیٹ کی ضرورت، خود نظم و ضبط کی کمی اور عملی تجربے یا لیب ورک کی محدودیت ہو سکتی ہے۔
روبوٹ اور آٹومیشن سے روزمرہ زندگی میں کیا تبدیلیاں آ رہی ہیں؟,روبوٹ اور آٹومیشن تکراری کاموں کو تیز اور درست طریقے سے انجام دے رہے ہیں جس سے صنعتوں میں پیداوار بڑھ رہی ہے۔ گھریلو استعمال میں صفائی کے روبوٹ اور وائس اسسٹنٹ عام ہو رہے ہیں جو وقت بچاتے ہیں۔
کلاؤڈ سٹوریج کے کیا فوائد ہیں اور اسے استعمال کرتے وقت کیا خیال رکھنا چاہیے؟,کلاؤڈ سٹوریج ڈیٹا کو انٹرنیٹ پر محفوظ رکھنے کی سہولت دیتا ہے جس سے کہیں سے بھی رسائی ممکن ہوتی ہے اور ڈیوائس کھو جانے پر بھی ڈیٹا محفوظ رہتا ہے۔ خیال رکھیں کہ مضبوط پاس ورڈ اور دو مرحلہ تصدیق استعمال کریں۔
عام معلومات کے مطابق ٹریفک قوانین کی پابندی فرد اور معاشرے دونوں کے لیے کیوں ضروری ہے؟,قوانین کی پابندی سے سڑکوں پر حادثات کم ہوتے ہیں، جانی و مالی نقصان سے بچاؤ ہوتا ہے اور ٹریفک کا بہاؤ ہموار رہتا ہے۔ اس سے سب کے لیے سفر محفوظ اور آسان بنتا ہے اور معاشرتی نظم برقرار رہتا ہے۔
براہ کرم وضاحت کریں کہ چاند پر انسان کیوں نہیں رہ سکتا جبکہ زمین پر زندگی کیسے ممکن ہوئی؟,چاند پر آکسیجن، مائع پانی اور مناسب درجہ حرارت کی شدید کمی ہے۔ زمین پر سورج سے مناسب فاصلہ، آکسیجن کی موجودگی اور پانی نے زندگی کو ممکن بنایا ہے۔
عام معلومات کے مطابق ہوا میں کون سی گیسیں زیادہ مقدار میں پائی جاتی ہیں اور ان کا کیا کردار ہے؟,ہوا میں نائٹروجن تقریباً اٹھہتر فیصد اور آکسیجن اکیس فیصد ہوتی ہے۔ نائٹروجن ماحول کو مستحکم رکھتی ہے جبکہ آکسیجن سانس لینے اور جلنے کے عمل کے لیے ضروری ہے۔
براہ کرم وضاحت کریں کہ ہوا میں کون سی گیسیں زیادہ مقدار میں پائی جاتی ہیں اور ان کا کیا کردار ہے؟,ہوا میں نائٹروجن تقریباً اٹھہتر فیصد اور آکسیجن اکیس فیصد ہوتی ہے۔ نائٹروجن ماحول کو مستحکم رکھتی ہے جبکہ آکسیجن سانس لینے اور جلنے کے عمل کے لیے ضروری ہے۔
تفصیلی جواب دیں کہ مدد اور ہمدردی کے جذبے سے معاشرہ کیسے زیادہ مضبوط اور پر امن بنتا ہے؟,مدد سے کمزور افراد کو سہارا ملتا ہے اور ہمدردی سے لوگ ایک دوسرے کے دکھ درد کو سمجھتے ہیں۔ ان جذبات سے سماجی رشتے مضبوط ہوتے ہیں اور مجموعی طور پر معاشرہ زیادہ متحد اور پر امن رہتا ہے۔
کیا آپ تفصیل سے بتا سکتے ہیں کہ درخت لگانے اور شہری سبزہ بڑھانے کے ماحولیاتی اور صحت کے فوائد کیا ہیں؟,درخت آکسیجن پیدا کرتے ہیں، کاربن ڈائی آکسائیڈ جذب کرتے ہیں، سایہ اور ٹھنڈک فراہم کرتے ہیں اور مٹی کے کٹاؤ کو روکتے ہیں۔ شہری علاقوں میں سبزہ ہوا کی معیار بہتر کرتا ہے اور ذہنی صحت پر مثبت اثر ڈالتا ہے۔
ٹریفک قوانین کی پابندی فرد اور معاشرے دونوں کے لیے کیوں ضروری ہے؟,قوانین کی پابندی سے سڑکوں پر حادثات کم ہوتے ہیں، جانی و مالی نقصان سے بچاؤ ہوتا ہے اور ٹریفک کا بہاؤ ہموار رہتا ہے۔ اس سے سب کے لیے سفر محفوظ اور آسان بنتا ہے اور معاشرتی نظم برقرار رہتا ہے۔
علمی اور عملی طور پر ڈیجیٹل پرائیویسی کیا ہے اور اسے برقرار رکھنے کے آسان طریقے کیا ہیں؟,ڈیجیٹل پرائیویسی کا مطلب ہے اپنی ذاتی معلومات کو غیر ضروری شیئرنگ اور غلط استعمال سے بچانا۔ اس کے لیے پرائیویسی سیٹنگز چیک کرنا، لوکیشن شیئرنگ محدود رکھنا اور صرف قابل اعتماد ایپس استعمال کرنا ضروری ہے۔
درخت لگانے اور شہری سبزہ بڑھانے کے ماحولیاتی اور صحت کے فوائد کیا ہیں؟,درخت آکسیجن پیدا کرتے ہیں، کاربن ڈائی آکسائیڈ جذب کرتے ہیں، سایہ اور ٹھنڈک فراہم کرتے ہیں اور مٹی کے کٹاؤ کو روکتے ہیں۔ شہری علاقوں میں سبزہ ہوا کی معیار بہتر کرتا ہے اور ذہنی صحت پر مثبت اثر ڈالتا ہے۔
علمی اور عملی طور پر گھر کی صفائی اور ترتیب رکھنے کی عادت کے جسمانی اور ذہنی فوائد کیا ہیں؟,صاف گھر میں جراثیم کم ہوتے ہیں جو صحت کے لیے بہتر ہے۔ مرتب ماحول ذہنی سکون دیتا ہے، چیزیں تلاش کرنے میں وقت بچتا ہے اور مجموعی طور پر گھر کا ماحول خوشگوار رہتا ہے۔ روزانہ تھوڑی سی صفائی بڑا فرق لا سکتی ہے۔
اگر کوئی یہ سوال کرے کہ علم حاصل کرنے اور اسے دوسروں تک پہنچانے کا معاشرتی فائدہ کیا ہے؟,علم فرد کو بااختیار بناتا ہے اور جب اسے بانٹا جائے تو پورا معاشرہ مستفید ہوتا ہے۔ تعلیم یافتہ معاشرہ بہتر فیصلے کرتا ہے، جدت پیدا کرتا ہے اور ترقی کی طرف گامزن رہتا ہے۔
اس موضوع پر روشنی ڈالیں کہ بڑھاپے میں صحت مند رہنے کے لیے کون سی عادتیں اپنانی چاہییں؟,ہلکی ورزش جیسے چہل قدمی، متوازن غذا، سماجی تعلقات برقرار رکھنا، ذہنی سرگرمیاں جیسے پڑھنا اور باقاعدہ طبی معائنہ بڑھاپے میں صحت مند اور فعال رہنے میں مدد دیتے ہیں۔
تفصیلی جواب دیں کہ درخت لگانے اور شہری سبزہ بڑھانے کے ماحولیاتی اور صحت کے فوائد کیا ہیں؟,درخت آکسیجن پیدا کرتے ہیں، کاربن ڈائی آکسائیڈ جذب کرتے ہیں، سایہ اور ٹھنڈک فراہم کرتے ہیں اور مٹی کے کٹاؤ کو روکتے ہیں۔ شہری علاقوں میں سبزہ ہوا کی معیار بہتر کرتا ہے اور ذہنی صحت پر مثبت اثر ڈالتا ہے۔
مقناطیس کیا ہے اور اس کی عام استعمالات کیا ہیں؟,مقناطیس وہ چیز ہے جو لوہے اور کچھ دھاتوں کو اپنی طرف کھینچتی ہے۔ اس کے استعمالات میں کمپس، الیکٹرک موٹرز، اسپیکرز اور دروازوں کے مقناطیسی تالے شامل ہیں۔
وقت کی پابندی اور شیڈول بنانے کی عادت طالب علم کی زندگی میں کیا کردار ادا کرتی ہے؟,وقت کی پابندی سے کام بروقت مکمل ہوتے ہیں، تناؤ کم ہوتا ہے اور خالی وقت کا بہتر استعمال ممکن ہوتا ہے۔ شیڈول بنانے سے ترجیحات واضح رہتی ہیں اور عادتیں مضبوط بنتی ہیں۔
کیا آپ تفصیل سے بتا سکتے ہیں کہ بچوں کی صحت مند نشوونما کے لیے کن باتوں کا خیال رکھنا ضروری ہے؟,متوازن غذا، باقاعدہ جسمانی سرگرمی، کافی نیند، حفاظتی ٹیکے اور محبت بھرا ماحول بچوں کی صحت مند نشوونما کے لیے ضروری ہیں۔ اسکرین ٹائم محدود رکھنا اور کھیل کود کی حوصلہ افزائی بھی اہم ہے۔
کیا آپ تفصیل سے بتا سکتے ہیں کہ مؤثر مطالعہ کے طریقے کیا ہیں جو طالب علموں کو بہتر نتائج حاصل کرنے میں مدد دیتے ہیں؟,باقاعدہ اور حقیقت پسندانہ شیڈول بنانا، اہم نکات اپنے الفاظ میں نوٹ کرنا، مختصر وقفے لینا، پرانی پیپرز حل کرنا اور سیکھی ہوئی باتوں کو کسی اور کو سمجھانا مؤثر مطالعہ کے طریقے ہیں۔ ان سے سمجھ اور یادداشت دونوں بہتر ہوتی ہیں۔
روشنی کی رفتار کتنی ہے اور اس کا روزمرہ زندگی میں کیا مطلب ہے؟,روشنی تقریباً تین لاکھ کلومیٹر فی سیکنڈ کی رفتار سے سفر کرتی ہے۔ اس تیز رفتاری کی وجہ سے ہمیں سورج کی روشنی چند منٹوں میں مل جاتی ہے اور ہم دور کی چیزیں فوری دیکھ سکتے ہیں۔
براہ کرم وضاحت کریں کہ اچھی نیند کیوں ضروری ہے اور نیند کی کمی کے طویل مدتی نقصانات کیا ہو سکتے ہیں؟,اچھی نیند جسمانی مرمت، یادداشت کی مضبوطی اور مدافعتی نظام کے لیے ضروری ہے۔ طویل مدتی کمی سے توجہ کمزور پڑتی ہے، چڑچڑاپن بڑھتا ہے اور دل کی بیماریوں، ذیابیطس اور موٹاپے کا خطرہ بڑھ سکتا ہے۔
اگر کوئی یہ سوال کرے کہ ذمہ داری نبھانے کی عادت فرد اور اداروں دونوں کے لیے کیوں ضروری ہے؟,ذمہ داری سے کام وقت پر اور معیار کے ساتھ مکمل ہوتا ہے۔ فرد کی سطح پر یہ اعتماد بڑھاتی ہے اور اداروں میں یہ نظام کو چلانے اور اہداف حاصل کرنے کے لیے ناگزیر ہے۔
احترام اور خوش اخلاقی معاشرتی تعلقات کو کیسے بہتر بناتے ہیں؟,احترام سے لوگ محفوظ اور قدر محسوس کرتے ہیں جبکہ خوش اخلاقی بات چیت کو نرم اور مؤثر بناتی ہے۔ ان اقدار سے تنازعات کم ہوتے ہیں اور تعاون بڑھتا ہے جس سے معاشرہ زیادہ ہم آہنگ بنتا ہے۔
تمباکو نوشی اور تمباکو کی مصنوعات کے صحت پر کیا سنگین اثرات مرتب ہوتے ہیں؟,تمباکو نوشی پھیپھڑوں کے کینسر، دل کی بیماریوں، سانس کی بیماریوں اور بہت سی دیگر صحت کے مسائل کا بڑا سبب ہے۔ یہ نہ صرف استعمال کنندہ بلکہ ارد گرد کے لوگوں کی صحت کو بھی متاثر کرتی ہے اس لیے اس سے مکمل پرہیز بہتر ہے۔
علمی اور عملی طور پر وقت کی پابندی اور شیڈول بنانے کی عادت طالب علم کی زندگی میں کیا کردار ادا کرتی ہے؟,وقت کی پابندی سے کام بروقت مکمل ہوتے ہیں، تناؤ کم ہوتا ہے اور خالی وقت کا بہتر استعمال ممکن ہوتا ہے۔ شیڈول بنانے سے ترجیحات واضح رہتی ہیں اور عادتیں مضبوط بنتی ہیں۔
براہ کرم وضاحت کریں کہ صحت مند غذا کے بنیادی اصول کیا ہیں اور فاسٹ فوڈ سے کیوں پرہیز کرنا چاہیے؟,صحت مند غذا میں تازہ سبزیاں، پھل، مکمل اناج، پروٹین اور صحت مند چکنائی شامل ہونی چاہیے جبکہ چینی اور نمک محدود رکھنی چاہیے۔ فاسٹ فوڈ میں زیادہ تیل، نمک اور خالی کیلوریز ہوتی ہیں جو موٹاپے اور دائمی بیماریوں کا خطرہ بڑھاتی ہیں۔
براہ کرم وضاحت کریں کہ ذہنی صحت کا خیال رکھنے کے عملی اور آسان طریقے کیا ہیں؟,گہری سانس لینے کی مشق، روزانہ مختصر سیر، مثبت خیالات پر توجہ، دوستوں یا خاندان سے بات چیت اور ضرورت پڑنے پر پیشہ ورانہ مدد لینا ذہنی صحت بہتر رکھنے کے عملی طریقے ہیں۔ باقاعدگی سے ان پر عمل کرنا مفید ہے۔
تفصیلی جواب دیں کہ ری سائیکلنگ کے عمل کو عام شہری کیسے سپورٹ کر سکتا ہے؟,کاغذ، پلاسٹک، شیشہ اور دھات کو الگ الگ ڈسٹ بن میں ڈالنا، ری سائیکل شدہ مصنوعات خریدنا اور دوسروں کو آگاہی دینا شہریوں کے سپورٹ کرنے کے طریقے ہیں۔ چھوٹی انفرادی کاوشیں مل کر بڑا فرق پیدا کرتی ہیں۔
براہ کرم وضاحت کریں کہ روبوٹ اور آٹومیشن سے روزمرہ زندگی میں کیا تبدیلیاں آ رہی ہیں؟,روبوٹ اور آٹومیشن تکراری کاموں کو تیز اور درست طریقے سے انجام دے رہے ہیں جس سے صنعتوں میں پیداوار بڑھ رہی ہے۔ گھریلو استعمال میں صفائی کے روبوٹ اور وائس اسسٹنٹ عام ہو رہے ہیں جو وقت بچاتے ہیں۔
تفصیلی جواب دیں کہ مقناطیس کیا ہے اور اس کی عام استعمالات کیا ہیں؟,مقناطیس وہ چیز ہے جو لوہے اور کچھ دھاتوں کو اپنی طرف کھینچتی ہے۔ اس کے استعمالات میں کمپس، الیکٹرک موٹرز، اسپیکرز اور دروازوں کے مقناطیسی تالے شامل ہیں۔
علمی اور عملی طور پر موبائل فون اور سوشل میڈیا کے استعمال میں توازن کیسے قائم کیا جا سکتا ہے؟,روزانہ اسکرین ٹائم کی حد مقرر کرنا، مخصوص اوقات میں نوٹیفیکیشن بند کرنا، کھانے اور سونے سے پہلے فون دور رکھنا اور حقیقی ملاقاتوں کو ترجیح دینا توازن قائم کرنے میں مدد دیتا ہے۔
عام معلومات کے مطابق بچت کی عادت کیوں ڈالنی چاہیے اور اسے شروع کرنے کے آسان طریقے کیا ہیں؟,بچت مستقبل کی بڑی ضروریات، ہنگامی حالات اور مالی آزادی کے لیے ضروری ہے۔ چھوٹی رقم سے شروع کرنا، غیر ضروری اخراجات لکھ کر کم کرنا اور خود کار منتقلی کا طریقہ استعمال کرنا بچت کی عادت ڈالنے میں مدد دیتا ہے۔
عام معلومات کے مطابق سائبر سیکیورٹی کیوں اہم ہے اور عام صارف کیا احتیاط کر سکتا ہے؟,سائبر سیکیورٹی ڈیجیٹل معلومات اور سسٹمز کو نقصان اور چوری سے بچاتی ہے۔ عام صارف مضبوط اور منفرد پاس ورڈ استعمال کر کے، مشکوک لنکس اور ای میلز سے بچ کر اور سافٹ ویئر کو اپ ڈیٹ رکھ کر اپنی حفاظت کر سکتا ہے۔
علمی اور عملی طور پر وقت کے بہتر انتظام کے لیے کون سے عملی اور آسان طریقے اپنائے جا سکتے ہیں؟,اہم کاموں کی فہرست بنانا، بڑے کاموں کو چھوٹے حصوں میں تقسیم کرنا، غیر ضروری مشاغل کم کرنا اور روزانہ کے اختتام پر اگلے دن کا منصوبہ بنانا وقت کے بہتر انتظام میں مدد دیتے ہیں۔ اس سے پیداواریت بڑھتی ہے اور تناؤ کم ہوتا ہے۔
براہ کرم وضاحت کریں کہ صداقت اور ایمانداری فرد کی شخصیت اور معاشرتی اعتماد پر کیا اثر ڈالتی ہیں؟,صداقت شخصیت کو مضبوط اور قابل اعتماد بناتی ہے۔ معاشرے میں ایمانداری سے کام کا معیار بہتر ہوتا ہے، وعدے پورے ہوتے ہیں اور لوگ ایک دوسرے پر بھروسہ کر سکتے ہیں جو ترقی کے لیے ضروری ہے۔
اگر کوئی یہ سوال کرے کہ صداقت اور ایمانداری فرد کی شخصیت اور معاشرتی اعتماد پر کیا اثر ڈالتی ہیں؟,صداقت شخصیت کو مضبوط اور قابل اعتماد بناتی ہے۔ معاشرے میں ایمانداری سے کام کا معیار بہتر ہوتا ہے، وعدے پورے ہوتے ہیں اور لوگ ایک دوسرے پر بھروسہ کر سکتے ہیں جو ترقی کے لیے ضروری ہے۔
عام معلومات کے مطابق گھر کی صفائی اور ترتیب رکھنے کی عادت کے جسمانی اور ذہنی فوائد کیا ہیں؟,صاف گھر میں جراثیم کم ہوتے ہیں جو صحت کے لیے بہتر ہے۔ مرتب ماحول ذہنی سکون دیتا ہے، چیزیں تلاش کرنے میں وقت بچتا ہے اور مجموعی طور پر گھر کا ماحول خوشگوار رہتا ہے۔ روزانہ تھوڑی سی صفائی بڑا فرق لا سکتی ہے۔
کیا آپ تفصیل سے بتا سکتے ہیں کہ ہاتھ دھونے کی عادت بیماریوں سے کیسے بچاتی ہے اور کب کب ہاتھ دھونے چاہییں؟,ہاتھ دھونے سے جراثیم اور وائرس ختم ہو جاتے ہیں جو متعدی بیماریاں پھیلاتے ہیں۔ کھانے سے پہلے اور بعد میں، بیت الخلاء کے بعد، باہر سے گھر آنے پر اور بیمار شخص کے رابطے کے بعد ضرور ہاتھ دھونے چاہییں۔
عام معلومات کے مطابق آلودگی کی اقسام کون سی ہیں اور انھیں کنٹرول کرنے کے بنیادی طریقے کیا ہیں؟,ہوا، پانی، مٹی اور شور کی آلودگی اہم اقسام ہیں۔ کنٹرول کے طریقوں میں صنعتی فلٹرز، سیوریج ٹریٹمنٹ، کچرے کا صحیح انتظام اور سبزہ بڑھانا شامل ہیں۔ عوامی شعور بھی بہت اہم ہے۔
اس موضوع پر روشنی ڈالیں کہ آن لائن تعلیم کے اہم فوائد اور ممکنہ چیلنجز کیا ہیں؟,فوائد میں گھر بیٹھے سیکھنے کی سہولت، عالمی وسائل تک رسائی اور لچکدار اوقات شامل ہیں۔ چیلنجز میں مستحکم انٹرنیٹ کی ضرورت، خود نظم و ضبط کی کمی اور عملی تجربے یا لیب ورک کی محدودیت ہو سکتی ہے۔
براہ کرم وضاحت کریں کہ سائبر سیکیورٹی کیوں اہم ہے اور عام صارف کیا احتیاط کر سکتا ہے؟,سائبر سیکیورٹی ڈیجیٹل معلومات اور سسٹمز کو نقصان اور چوری سے بچاتی ہے۔ عام صارف مضبوط اور منفرد پاس ورڈ استعمال کر کے، مشکوک لنکس اور ای میلز سے بچ کر اور سافٹ ویئر کو اپ ڈیٹ رکھ کر اپنی حفاظت کر سکتا ہے۔
تفصیلی جواب دیں کہ نوٹس بنانے اور دہرانے کی عادت امتحانی تیاری میں کیسے مددگار ثابت ہوتی ہے؟,نوٹس بنانے سے اہم باتیں مختصر اور منظم ہو جاتی ہیں جس سے دہرائی تیز اور مؤثر ہوتی ہے۔ باقاعدہ دہرائی سے معلومات طویل مدتی یادداشت میں چلی جاتی ہیں اور امتحان میں اعتماد بڑھتا ہے۔
اگر کوئی یہ سوال کرے کہ وائی فائی اور موبائل ڈیٹا میں کیا فرق ہے اور کب کون سا بہتر ہے؟,وائی فائی مقامی وائرلیس نیٹ ورک سے انٹرنیٹ دیتا ہے جو عام طور پر تیز اور سستا ہوتا ہے جبکہ موبائل ڈیٹا موبائل ٹاورز کے ذریعے کام کرتا ہے اور کہیں بھی دستیاب ہوتا ہے۔ گھر یا دفتر میں وائی فائی اور باہر موبائل ڈیٹا بہتر رہتا ہے۔
اگر کوئی یہ سوال کرے کہ سورج زمین سے کتنا دور ہے اور اس کی روشنی ہمیں کتنی دیر میں پہنچتی ہے؟,سورج زمین سے تقریباً پندرہ کروڑ کلومیٹر دور ہے۔ اس کی روشنی کو زمین تک پہنچنے میں تقریباً آٹھ منٹ کا وقت لگتا ہے کیونکہ روشنی تین لاکھ کلومیٹر فی سیکنڈ کی رفتار سے سفر کرتی ہے۔
کیا آپ تفصیل سے بتا سکتے ہیں کہ شمسی اور ہوا سے پیدا ہونے والی توانائی کے ماحولیاتی فوائد کیا ہیں؟,یہ تجدید پذیر ذرائع ہیں جو چلنے کے دوران کاربن اخراج نہیں کرتے، آلودگی کم کرتے ہیں اور فوسل فیولز پر انحصار کم کرتے ہیں۔ طویل مدت میں یہ ماحول اور معیشت دونوں کے لیے فائدہ مند ہیں۔
تفصیلی جواب دیں کہ اچھی نیند کیوں ضروری ہے اور نیند کی کمی کے طویل مدتی نقصانات کیا ہو سکتے ہیں؟,اچھی نیند جسمانی مرمت، یادداشت کی مضبوطی اور مدافعتی نظام کے لیے ضروری ہے۔ طویل مدتی کمی سے توجہ کمزور پڑتی ہے، چڑچڑاپن بڑھتا ہے اور دل کی بیماریوں، ذیابیطس اور موٹاپے کا خطرہ بڑھ سکتا ہے۔
بچت کی عادت کیوں ڈالنی چاہیے اور اسے شروع کرنے کے آسان طریقے کیا ہیں؟,بچت مستقبل کی بڑی ضروریات، ہنگامی حالات اور مالی آزادی کے لیے ضروری ہے۔ چھوٹی رقم سے شروع کرنا، غیر ضروری اخراجات لکھ کر کم کرنا اور خود کار منتقلی کا طریقہ استعمال کرنا بچت کی عادت ڈالنے میں مدد دیتا ہے۔
علمی اور عملی طور پر فوتوسنتھیس کا عمل کیا ہے اور پودے اس سے کیسے فائدہ اٹھاتے ہیں؟,فوتوسنتھیس وہ عمل ہے جس میں پودے سورج کی روشنی، پانی اور کاربن ڈائی آکسائیڈ استعمال کر کے گلوکوز کی شکل میں خوراک بناتے ہیں اور آکسیجن خارج کرتے ہیں۔ یہ عمل پودوں کی نشوونما اور زمین پر زندگی کے لیے بہت اہم ہے۔
کیا آپ تفصیل سے بتا سکتے ہیں کہ مدد اور ہمدردی کے جذبے سے معاشرہ کیسے زیادہ مضبوط اور پر امن بنتا ہے؟,مدد سے کمزور افراد کو سہارا ملتا ہے اور ہمدردی سے لوگ ایک دوسرے کے دکھ درد کو سمجھتے ہیں۔ ان جذبات سے سماجی رشتے مضبوط ہوتے ہیں اور مجموعی طور پر معاشرہ زیادہ متحد اور پر امن رہتا ہے۔
کیا آپ تفصیل سے بتا سکتے ہیں کہ اچھی نیند کیوں ضروری ہے اور نیند کی کمی کے طویل مدتی نقصانات کیا ہو سکتے ہیں؟,اچھی نیند جسمانی مرمت، یادداشت کی مضبوطی اور مدافعتی نظام کے لیے ضروری ہے۔ طویل مدتی کمی سے توجہ کمزور پڑتی ہے، چڑچڑاپن بڑھتا ہے اور دل کی بیماریوں، ذیابیطس اور موٹاپے کا خطرہ بڑھ سکتا ہے۔
کیا آپ تفصیل سے بتا سکتے ہیں کہ کچرا الگ الگ کر کے پھینکنے اور ری سائیکلنگ میں حصہ لینے کے کیا فوائد ہیں؟,کچرا الگ کرنے سے ری سائیکلنگ آسان ہوتی ہے، لینڈ فل پر بوجھ کم ہوتا ہے اور قیمتی وسائل دوبارہ استعمال میں آتے ہیں۔ اس عادت سے ماحول صاف رہتا ہے اور مستقبل کی نسلوں کے لیے وسائل محفوظ رہتے ہیں۔
علمی اور عملی طور پر گھر میں پودے رکھنے اور ان کی دیکھ بھال کے کیا فوائد ہیں؟,پودے اندرونی ہوا کو بہتر بناتے ہیں، ماحول کو خوبصورت بناتے ہیں اور ذہنی سکون فراہم کرتے ہیں۔ باقاعدہ پانی دینا، مناسب روشنی کا خیال رکھنا اور ضرورت پڑنے پر کھاد ڈالنا ان کی صحت مند نشوونما کے لیے ضروری ہے۔
علمی اور عملی طور پر لائبریری اور خاموش ماحول میں مطالعہ کرنے کے کیا فوائد ہیں؟,لائبریری میں مختلف کتابیں اور حوالہ جاتی مواد دستیاب ہوتا ہے اور خاموش ماحول توجہ مرکوز رکھنے میں مدد دیتا ہے۔ اس سے مطالعہ زیادہ مؤثر ہوتا ہے اور دوسروں کی موجودگی حوصلہ بھی بڑھاتی ہے۔
اس موضوع پر روشنی ڈالیں کہ سائنس اور ریاضی جیسے مضامین میں دلچسپی پیدا کرنے کے طریقے کیا ہو سکتے ہیں؟,روزمرو کی مثالوں سے جوڑنا، سادہ تجربات کر کے دکھانا، پہیلیاں اور عملی مسائل حل کرانا اور کامیابی پر حوصلہ افزائی کرنا ان مضامین میں دلچسپی پیدا کرنے میں مدد دیتے ہیں۔ سمجھ کے ساتھ سیکھنا رٹے سے بہتر ہے۔
تفصیلی جواب دیں کہ انٹرنیٹ نے دنیا کو کیسے بدل دیا ہے اور اس کے مثبت و منفی پہلو کیا ہیں؟,انٹرنیٹ نے معلومات تک رسائی، بات چیت اور کاروبار کو بہت آسان بنا دیا ہے۔ مثبت پہلو علم اور مواقع کی فراہمی ہے جبکہ منفی پہلو میں غلط معلومات پھیلنا، پرائیویسی کے مسائل اور زیادہ وقت کا ضیاع شامل ہیں۔
علمی اور عملی طور پر مقناطیس کیا ہے اور اس کی عام استعمالات کیا ہیں؟,مقناطیس وہ چیز ہے جو لوہے اور کچھ دھاتوں کو اپنی طرف کھینچتی ہے۔ اس کے استعمالات میں کمپس، الیکٹرک موٹرز، اسپیکرز اور دروازوں کے مقناطیسی تالے شامل ہیں۔
اس موضوع پر روشنی ڈالیں کہ ہاتھ دھونے کی عادت بیماریوں سے کیسے بچاتی ہے اور کب کب ہاتھ دھونے چاہییں؟,ہاتھ دھونے سے جراثیم اور وائرس ختم ہو جاتے ہیں جو متعدی بیماریاں پھیلاتے ہیں۔ کھانے سے پہلے اور بعد میں، بیت الخلاء کے بعد، باہر سے گھر آنے پر اور بیمار شخص کے رابطے کے بعد ضرور ہاتھ دھونے چاہییں۔
موسمیاتی تبدیلی کے اثرات کیا ہیں اور عام انسان انھیں کم کرنے میں کیا کردار ادا کر سکتا ہے؟,موسمیاتی تبدیلی سے انتہائی موسمی حالات، سمندری سطح میں اضافہ اور زراعت پر اثرات پڑ رہے ہیں۔ انسان عوامی ٹرانسپورٹ استعمال کر کے، توانائی کی بچت کر کے، گوشت کی کھپت معتدل رکھ کر اور درخت لگا کر اپنا کردار ادا کر سکتا ہے۔
اس موضوع پر روشنی ڈالیں کہ ذہنی صحت کا خیال رکھنے کے عملی اور آسان طریقے کیا ہیں؟,گہری سانس لینے کی مشق، روزانہ مختصر سیر، مثبت خیالات پر توجہ، دوستوں یا خاندان سے بات چیت اور ضرورت پڑنے پر پیشہ ورانہ مدد لینا ذہنی صحت بہتر رکھنے کے عملی طریقے ہیں۔ باقاعدگی سے ان پر عمل کرنا مفید ہے۔
تفصیلی جواب دیں کہ ٹریفک قوانین کی پابندی فرد اور معاشرے دونوں کے لیے کیوں ضروری ہے؟,قوانین کی پابندی سے سڑکوں پر حادثات کم ہوتے ہیں، جانی و مالی نقصان سے بچاؤ ہوتا ہے اور ٹریفک کا بہاؤ ہموار رہتا ہے۔ اس سے سب کے لیے سفر محفوظ اور آسان بنتا ہے اور معاشرتی نظم برقرار رہتا ہے۔
عام معلومات کے مطابق گروپ اسٹڈی انفرادی مطالعہ کے مقابلے میں کیسے مفید ہو سکتی ہے اور اس کے کیا نقصانات ہو سکتے ہیں؟,گروپ اسٹڈی میں خیالات کا تبادلہ، مل کر مسائل حل کرنا اور حوصلہ برقرار رکھنا آسان ہوتا ہے۔ تاہم اگر گروپ میں توجہ بھٹکے یا کچھ افراد غالب آ جائیں تو نقصان دہ بھی ہو سکتی ہے اس لیے قواعد اور توازن ضروری ہے۔
کیا آپ تفصیل سے بتا سکتے ہیں کہ وقت کی قدر کرنا اور اسے ضائع نہ کرنا زندگی کے معیار کو کیسے بہتر بناتا ہے؟,وقت محدود وسیلہ ہے۔ اس کی قدر کر کے اہم کاموں کو ترجیح دی جائے تو پیداواریت بڑھتی ہے، تناؤ کم ہوتا ہے اور زندگی کے اہم لمحات کے لیے وقت نکالنا ممکن ہوتا ہے۔
کیا آپ تفصیل سے بتا سکتے ہیں کہ بجلی اور گیس کے گھریلو استعمال میں بچت کے عملی طریقے کیا ہیں؟,ایل ای ڈی بلب استعمال کرنا، غیر ضروری بتیاں اور پنکھے بند کرنا، فریج کا دروازہ بار بار نہ کھولنا اور گیس کے چولہے کو ضرورت سے زیادہ نہ جلانا بچت کے طریقے ہیں۔ ان چھوٹی احتیاطوں سے بل میں نمایاں کمی آ سکتی ہے۔
اس موضوع پر روشنی ڈالیں کہ وقت کی پابندی اور شیڈول بنانے کی عادت طالب علم کی زندگی میں کیا کردار ادا کرتی ہے؟,وقت کی پابندی سے کام بروقت مکمل ہوتے ہیں، تناؤ کم ہوتا ہے اور خالی وقت کا بہتر استعمال ممکن ہوتا ہے۔ شیڈول بنانے سے ترجیحات واضح رہتی ہیں اور عادتیں مضبوط بنتی ہیں۔
علمی اور عملی طور پر ری سائیکلنگ کے عمل کو عام شہری کیسے سپورٹ کر سکتا ہے؟,کاغذ، پلاسٹک، شیشہ اور دھات کو الگ الگ ڈسٹ بن میں ڈالنا، ری سائیکل شدہ مصنوعات خریدنا اور دوسروں کو آگاہی دینا شہریوں کے سپورٹ کرنے کے طریقے ہیں۔ چھوٹی انفرادی کاوشیں مل کر بڑا فرق پیدا کرتی ہیں۔
تفصیلی جواب دیں کہ وقت کے بہتر انتظام کے لیے کون سے عملی اور آسان طریقے اپنائے جا سکتے ہیں؟,اہم کاموں کی فہرست بنانا، بڑے کاموں کو چھوٹے حصوں میں تقسیم کرنا، غیر ضروری مشاغل کم کرنا اور روزانہ کے اختتام پر اگلے دن کا منصوبہ بنانا وقت کے بہتر انتظام میں مدد دیتے ہیں۔ اس سے پیداواریت بڑھتی ہے اور تناؤ کم ہوتا ہے۔
اگر کوئی یہ سوال کرے کہ کچرا الگ الگ کر کے پھینکنے اور ری سائیکلنگ میں حصہ لینے کے کیا فوائد ہیں؟,کچرا الگ کرنے سے ری سائیکلنگ آسان ہوتی ہے، لینڈ فل پر بوجھ کم ہوتا ہے اور قیمتی وسائل دوبارہ استعمال میں آتے ہیں۔ اس عادت سے ماحول صاف رہتا ہے اور مستقبل کی نسلوں کے لیے وسائل محفوظ رہتے ہیں۔
براہ کرم وضاحت کریں کہ درخت لگانے اور شہری سبزہ بڑھانے کے ماحولیاتی اور صحت کے فوائد کیا ہیں؟,درخت آکسیجن پیدا کرتے ہیں، کاربن ڈائی آکسائیڈ جذب کرتے ہیں، سایہ اور ٹھنڈک فراہم کرتے ہیں اور مٹی کے کٹاؤ کو روکتے ہیں۔ شہری علاقوں میں سبزہ ہوا کی معیار بہتر کرتا ہے اور ذہنی صحت پر مثبت اثر ڈالتا ہے۔
کیا آپ تفصیل سے بتا سکتے ہیں کہ روبوٹ اور آٹومیشن سے روزمرہ زندگی میں کیا تبدیلیاں آ رہی ہیں؟,روبوٹ اور آٹومیشن تکراری کاموں کو تیز اور درست طریقے سے انجام دے رہے ہیں جس سے صنعتوں میں پیداوار بڑھ رہی ہے۔ گھریلو استعمال میں صفائی کے روبوٹ اور وائس اسسٹنٹ عام ہو رہے ہیں جو وقت بچاتے ہیں۔
کیا آپ تفصیل سے بتا سکتے ہیں کہ سوال پوچھنے کی جرات طالب علم کی سیکھنے کی صلاحیت کو کیسے بہتر بناتی ہے؟,سوال پوچھنے سے الجھنیں دور ہوتی ہیں، سمجھ گہری ہوتی ہے اور استاد یا ساتھی سے نئی معلومات ملتی ہیں۔ یہ عادت تنقیدی سوچ کو فروغ دیتی ہے اور کلاس میں فعال شرکت کی حوصلہ افزائی کرتی ہے۔
علمی اور عملی طور پر بچت کی عادت کیوں ڈالنی چاہیے اور اسے شروع کرنے کے آسان طریقے کیا ہیں؟,بچت مستقبل کی بڑی ضروریات، ہنگامی حالات اور مالی آزادی کے لیے ضروری ہے۔ چھوٹی رقم سے شروع کرنا، غیر ضروری اخراجات لکھ کر کم کرنا اور خود کار منتقلی کا طریقہ استعمال کرنا بچت کی عادت ڈالنے میں مدد دیتا ہے۔
صداقت اور ایمانداری فرد کی شخصیت اور معاشرتی اعتماد پر کیا اثر ڈالتی ہیں؟,صداقت شخصیت کو مضبوط اور قابل اعتماد بناتی ہے۔ معاشرے میں ایمانداری سے کام کا معیار بہتر ہوتا ہے، وعدے پورے ہوتے ہیں اور لوگ ایک دوسرے پر بھروسہ کر سکتے ہیں جو ترقی کے لیے ضروری ہے۔
کیا آپ تفصیل سے بتا سکتے ہیں کہ وائی فائی اور موبائل ڈیٹا میں کیا فرق ہے اور کب کون سا بہتر ہے؟,وائی فائی مقامی وائرلیس نیٹ ورک سے انٹرنیٹ دیتا ہے جو عام طور پر تیز اور سستا ہوتا ہے جبکہ موبائل ڈیٹا موبائل ٹاورز کے ذریعے کام کرتا ہے اور کہیں بھی دستیاب ہوتا ہے۔ گھر یا دفتر میں وائی فائی اور باہر موبائل ڈیٹا بہتر رہتا ہے۔
اس موضوع پر روشنی ڈالیں کہ بچت کی عادت کیوں ڈالنی چاہیے اور اسے شروع کرنے کے آسان طریقے کیا ہیں؟,بچت مستقبل کی بڑی ضروریات، ہنگامی حالات اور مالی آزادی کے لیے ضروری ہے۔ چھوٹی رقم سے شروع کرنا، غیر ضروری اخراجات لکھ کر کم کرنا اور خود کار منتقلی کا طریقہ استعمال کرنا بچت کی عادت ڈالنے میں مدد دیتا ہے۔
اس موضوع پر روشنی ڈالیں کہ اساتذہ اور والدین کا مثبت تعاون طالب علم کی کامیابی میں کتنا اہم ہے؟,اساتذہ علمی رہنمائی اور حوصلہ افزائی فراہم کرتے ہیں جبکہ والدین گھریلو ماحول، نظم و ضبط اور جذباتی سہارا دیتے ہیں۔ دونوں کے درمیان اچھا تعاون طالب علم کے اعتماد، دلچسپی اور مجموعی کامیابی کو بہت بڑھاتا ہے۔
علمی اور عملی طور پر ذمہ داری نبھانے کی عادت فرد اور اداروں دونوں کے لیے کیوں ضروری ہے؟,ذمہ داری سے کام وقت پر اور معیار کے ساتھ مکمل ہوتا ہے۔ فرد کی سطح پر یہ اعتماد بڑھاتی ہے اور اداروں میں یہ نظام کو چلانے اور اہداف حاصل کرنے کے لیے ناگزیر ہے۔
محنت، لگن اور مستقل مزاجی کامیابی حاصل کرنے میں کتنا اہم کردار ادا کرتی ہے؟,محنت صلاحیتوں کو نکھارتی ہے، لگن مقصد پر توجہ رکھتی ہے اور مستقل مزاجی مشکل حالات میں بھی آگے بڑھنے کا حوصلہ دیتی ہے۔ ان تینوں کے بغیر پائیدار کامیابی مشکل ہے۔
کیا آپ تفصیل سے بتا سکتے ہیں کہ آن لائن تعلیم کے اہم فوائد اور ممکنہ چیلنجز کیا ہیں؟,فوائد میں گھر بیٹھے سیکھنے کی سہولت، عالمی وسائل تک رسائی اور لچکدار اوقات شامل ہیں۔ چیلنجز میں مستحکم انٹرنیٹ کی ضرورت، خود نظم و ضبط کی کمی اور عملی تجربے یا لیب ورک کی محدودیت ہو سکتی ہے۔
تفصیلی جواب دیں کہ کچرا الگ الگ کر کے پھینکنے اور ری سائیکلنگ میں حصہ لینے کے کیا فوائد ہیں؟,کچرا الگ کرنے سے ری سائیکلنگ آسان ہوتی ہے، لینڈ فل پر بوجھ کم ہوتا ہے اور قیمتی وسائل دوبارہ استعمال میں آتے ہیں۔ اس عادت سے ماحول صاف رہتا ہے اور مستقبل کی نسلوں کے لیے وسائل محفوظ رہتے ہیں۔
عام معلومات کے مطابق قدرتی وسائل کی حفاظت آنے والی نسلوں کے لیے کیوں ضروری ہے؟,قدرتی وسائل جیسے پانی، جنگلات اور معدنیات محدود ہیں۔ ان کی بے جا استعمال سے قلت پیدا ہو سکتی ہے۔ پائیدار استعمال اور حفاظت سے آنے والی نسلیں بھی ان وسائل سے مستفید ہو سکیں گی۔
کیا آپ تفصیل سے بتا سکتے ہیں کہ پانی کی بچت کے گھریلو طریقے اور ان کی اہمیت کیا ہے؟,نل کو استعمال کے بعد فوری بند کرنا، لیکس درست کرانا، واشنگ مشین کو فل لوڈ پر چلانا اور بارش کا پانی پودوں کے لیے جمع کرنا گھریلو بچت کے طریقے ہیں۔ صاف پانی محدود وسیلہ ہے اس لیے اس کی قدر کرنی چاہیے۔
عام معلومات کے مطابق نوٹس بنانے اور دہرانے کی عادت امتحانی تیاری میں کیسے مددگار ثابت ہوتی ہے؟,نوٹس بنانے سے اہم باتیں مختصر اور منظم ہو جاتی ہیں جس سے دہرائی تیز اور مؤثر ہوتی ہے۔ باقاعدہ دہرائی سے معلومات طویل مدتی یادداشت میں چلی جاتی ہیں اور امتحان میں اعتماد بڑھتا ہے۔
عام معلومات کے مطابق معافی مانگنے اور معاف کرنے کی صلاحیت رشتوں کو کیسے بچاتی ہے؟,معافی مانگنا غلطی کا اعتراف ہے جو دل کی صفائی دکھاتا ہے جبکہ معاف کرنا بغض کو ختم کرتا ہے۔ دونوں عمل رشتوں میں دراڑ کو ختم کر کے اعتماد بحال کرنے میں مدد دیتے ہیں۔
تفصیلی جواب دیں کہ آواز کیسے پیدا ہوتی ہے اور کان تک کیسے پہنچتی ہے؟,آواز کسی چیز کے کانپنے یا حرکت سے پیدا ہوتی ہے جو ہوا میں لہریں بناتی ہے۔ یہ لہریں کان کے پردے تک پہنچتی ہیں جہاں سے سگنل دماغ کو جاتا ہے اور ہمیں آواز محسوس ہوتی ہے۔
تفصیلی جواب دیں کہ شمسی اور ہوا سے پیدا ہونے والی توانائی کے ماحولیاتی فوائد کیا ہیں؟,یہ تجدید پذیر ذرائع ہیں جو چلنے کے دوران کاربن اخراج نہیں کرتے، آلودگی کم کرتے ہیں اور فوسل فیولز پر انحصار کم کرتے ہیں۔ طویل مدت میں یہ ماحول اور معیشت دونوں کے لیے فائدہ مند ہیں۔
تفصیلی جواب دیں کہ بچوں کی صحت مند نشوونما کے لیے کن باتوں کا خیال رکھنا ضروری ہے؟,متوازن غذا، باقاعدہ جسمانی سرگرمی، کافی نیند، حفاظتی ٹیکے اور محبت بھرا ماحول بچوں کی صحت مند نشوونما کے لیے ضروری ہیں۔ اسکرین ٹائم محدود رکھنا اور کھیل کود کی حوصلہ افزائی بھی اہم ہے۔
عام معلومات کے مطابق ذمہ داری نبھانے کی عادت فرد اور اداروں دونوں کے لیے کیوں ضروری ہے؟,ذمہ داری سے کام وقت پر اور معیار کے ساتھ مکمل ہوتا ہے۔ فرد کی سطح پر یہ اعتماد بڑھاتی ہے اور اداروں میں یہ نظام کو چلانے اور اہداف حاصل کرنے کے لیے ناگزیر ہے۔
سمندری حیات کی حفاظت کیوں اہم ہے اور انسان اس میں کیا کردار ادا کر سکتا ہے؟,سمندری حیات ماحولیاتی توازن، آکسیجن پیدا کرنے اور خوراک فراہم کرنے میں اہم ہے۔ انسان پلاسٹک کم استعمال کر کے، پائیدار مچھلیاں کھا کر اور ساحلی صفائی میں حصہ لے کر حفاظت میں مدد کر سکتا ہے۔
اگر کوئی یہ سوال کرے کہ نوٹس بنانے اور دہرانے کی عادت امتحانی تیاری میں کیسے مددگار ثابت ہوتی ہے؟,نوٹس بنانے سے اہم باتیں مختصر اور منظم ہو جاتی ہیں جس سے دہرائی تیز اور مؤثر ہوتی ہے۔ باقاعدہ دہرائی سے معلومات طویل مدتی یادداشت میں چلی جاتی ہیں اور امتحان میں اعتماد بڑھتا ہے۔
کیا آپ تفصیل سے بتا سکتے ہیں کہ تمباکو نوشی اور تمباکو کی مصنوعات کے صحت پر کیا سنگین اثرات مرتب ہوتے ہیں؟,تمباکو نوشی پھیپھڑوں کے کینسر، دل کی بیماریوں، سانس کی بیماریوں اور بہت سی دیگر صحت کے مسائل کا بڑا سبب ہے۔ یہ نہ صرف استعمال کنندہ بلکہ ارد گرد کے لوگوں کی صحت کو بھی متاثر کرتی ہے اس لیے اس سے مکمل پرہیز بہتر ہے۔
براہ کرم وضاحت کریں کہ بچت کی عادت کیوں ڈالنی چاہیے اور اسے شروع کرنے کے آسان طریقے کیا ہیں؟,بچت مستقبل کی بڑی ضروریات، ہنگامی حالات اور مالی آزادی کے لیے ضروری ہے۔ چھوٹی رقم سے شروع کرنا، غیر ضروری اخراجات لکھ کر کم کرنا اور خود کار منتقلی کا طریقہ استعمال کرنا بچت کی عادت ڈالنے میں مدد دیتا ہے۔
عام معلومات کے مطابق شمسی اور ہوا سے پیدا ہونے والی توانائی کے ماحولیاتی فوائد کیا ہیں؟,یہ تجدید پذیر ذرائع ہیں جو چلنے کے دوران کاربن اخراج نہیں کرتے، آلودگی کم کرتے ہیں اور فوسل فیولز پر انحصار کم کرتے ہیں۔ طویل مدت میں یہ ماحول اور معیشت دونوں کے لیے فائدہ مند ہیں۔
تفصیلی جواب دیں کہ ڈیجیٹل پرائیویسی کیا ہے اور اسے برقرار رکھنے کے آسان طریقے کیا ہیں؟,ڈیجیٹل پرائیویسی کا مطلب ہے اپنی ذاتی معلومات کو غیر ضروری شیئرنگ اور غلط استعمال سے بچانا۔ اس کے لیے پرائیویسی سیٹنگز چیک کرنا، لوکیشن شیئرنگ محدود رکھنا اور صرف قابل اعتماد ایپس استعمال کرنا ضروری ہے۔
علمی اور عملی طور پر پانی کی مناسب مقدار پینا صحت کے لیے کیوں اہم ہے؟,پانی جسم کے درجہ حرارت کو کنٹرول کرتا ہے، غذائی اجزاء پہنچاتا ہے، فضلہ خارج کرنے میں مدد دیتا ہے اور جوڑوں کو چکنا رکھتا ہے۔ کمی سے تھکاوٹ، سر درد اور گردوں کے مسائل ہو سکتے ہیں اس لیے روزانہ کافی پانی پینا چاہیے۔
اگر کوئی یہ سوال کرے کہ سائبر سیکیورٹی کیوں اہم ہے اور عام صارف کیا احتیاط کر سکتا ہے؟,سائبر سیکیورٹی ڈیجیٹل معلومات اور سسٹمز کو نقصان اور چوری سے بچاتی ہے۔ عام صارف مضبوط اور منفرد پاس ورڈ استعمال کر کے، مشکوک لنکس اور ای میلز سے بچ کر اور سافٹ ویئر کو اپ ڈیٹ رکھ کر اپنی حفاظت کر سکتا ہے۔
اگر کوئی یہ سوال کرے کہ ہوا میں کون سی گیسیں زیادہ مقدار میں پائی جاتی ہیں اور ان کا کیا کردار ہے؟,ہوا میں نائٹروجن تقریباً اٹھہتر فیصد اور آکسیجن اکیس فیصد ہوتی ہے۔ نائٹروجن ماحول کو مستحکم رکھتی ہے جبکہ آکسیجن سانس لینے اور جلنے کے عمل کے لیے ضروری ہے۔
تفصیلی جواب دیں کہ کلاؤڈ سٹوریج کے کیا فوائد ہیں اور اسے استعمال کرتے وقت کیا خیال رکھنا چاہیے؟,کلاؤڈ سٹوریج ڈیٹا کو انٹرنیٹ پر محفوظ رکھنے کی سہولت دیتا ہے جس سے کہیں سے بھی رسائی ممکن ہوتی ہے اور ڈیوائس کھو جانے پر بھی ڈیٹا محفوظ رہتا ہے۔ خیال رکھیں کہ مضبوط پاس ورڈ اور دو مرحلہ تصدیق استعمال کریں۔
براہ کرم وضاحت کریں کہ اساتذہ اور والدین کا مثبت تعاون طالب علم کی کامیابی میں کتنا اہم ہے؟,اساتذہ علمی رہنمائی اور حوصلہ افزائی فراہم کرتے ہیں جبکہ والدین گھریلو ماحول، نظم و ضبط اور جذباتی سہارا دیتے ہیں۔ دونوں کے درمیان اچھا تعاون طالب علم کے اعتماد، دلچسپی اور مجموعی کامیابی کو بہت بڑھاتا ہے۔
برف پانی اور بھاپ میں کیا فرق ہے اور درجہ حرارت کا اس میں کیا کردار ہے؟,برف پانی کی ٹھوس حالت ہے جو صفر ڈگری یا اس سے کم پر ہوتی ہے۔ پانی مائع حالت ہے اور بھاپ گیسی حالت ہے جو سو ڈگری یا اس سے اوپر بنتی ہے۔ درجہ حرارت ان حالتوں کو تبدیل کرتا ہے۔
اس موضوع پر روشنی ڈالیں کہ زلزلہ کیسے آتا ہے اور اس سے بچاؤ کے کیا طریقے ہیں؟,زلزلہ زمین کی اندرونی تہوں میں چٹانوں کی حرکت اور دباؤ کی وجہ سے آتا ہے۔ بچاؤ کے لیے مضبوط عمارتیں بنانا، محفوظ جگہوں کی نشاندہی کرنا اور زلزلے کے وقت میز کے نیچے یا مضبوط دیوار کے پاس بیٹھنا مفید ہوتا ہے۔
کیا آپ تفصیل سے بتا سکتے ہیں کہ صحت مند غذا کے بنیادی اصول کیا ہیں اور فاسٹ فوڈ سے کیوں پرہیز کرنا چاہیے؟,صحت مند غذا میں تازہ سبزیاں، پھل، مکمل اناج، پروٹین اور صحت مند چکنائی شامل ہونی چاہیے جبکہ چینی اور نمک محدود رکھنی چاہیے۔ فاسٹ فوڈ میں زیادہ تیل، نمک اور خالی کیلوریز ہوتی ہیں جو موٹاپے اور دائمی بیماریوں کا خطرہ بڑھاتی ہیں۔
علمی اور عملی طور پر معافی مانگنے اور معاف کرنے کی صلاحیت رشتوں کو کیسے بچاتی ہے؟,معافی مانگنا غلطی کا اعتراف ہے جو دل کی صفائی دکھاتا ہے جبکہ معاف کرنا بغض کو ختم کرتا ہے۔ دونوں عمل رشتوں میں دراڑ کو ختم کر کے اعتماد بحال کرنے میں مدد دیتے ہیں۔
تفصیلی جواب دیں کہ سائبر سیکیورٹی کیوں اہم ہے اور عام صارف کیا احتیاط کر سکتا ہے؟,سائبر سیکیورٹی ڈیجیٹل معلومات اور سسٹمز کو نقصان اور چوری سے بچاتی ہے۔ عام صارف مضبوط اور منفرد پاس ورڈ استعمال کر کے، مشکوک لنکس اور ای میلز سے بچ کر اور سافٹ ویئر کو اپ ڈیٹ رکھ کر اپنی حفاظت کر سکتا ہے۔
عام معلومات کے مطابق سورج زمین سے کتنا دور ہے اور اس کی روشنی ہمیں کتنی دیر میں پہنچتی ہے؟,سورج زمین سے تقریباً پندرہ کروڑ کلومیٹر دور ہے۔ اس کی روشنی کو زمین تک پہنچنے میں تقریباً آٹھ منٹ کا وقت لگتا ہے کیونکہ روشنی تین لاکھ کلومیٹر فی سیکنڈ کی رفتار سے سفر کرتی ہے۔
مثبت سوچ اور امید کا رویہ مشکل حالات کا سامنا کرنے میں کیسے مدد دیتا ہے؟,مثبت سوچ مسائل کے حل پر توجہ مرکوز رکھتی ہے جبکہ امید حوصلہ برقرار رکھتی ہے۔ ان رویوں سے تناؤ کم ہوتا ہے اور انسان مشکلات سے نکلنے کے راستے تلاش کرتا رہتا ہے۔
علمی اور عملی طور پر محنت، لگن اور مستقل مزاجی کامیابی حاصل کرنے میں کتنا اہم کردار ادا کرتی ہے؟,محنت صلاحیتوں کو نکھارتی ہے، لگن مقصد پر توجہ رکھتی ہے اور مستقل مزاجی مشکل حالات میں بھی آگے بڑھنے کا حوصلہ دیتی ہے۔ ان تینوں کے بغیر پائیدار کامیابی مشکل ہے۔
اس موضوع پر روشنی ڈالیں کہ ہوا میں کون سی گیسیں زیادہ مقدار میں پائی جاتی ہیں اور ان کا کیا کردار ہے؟,ہوا میں نائٹروجن تقریباً اٹھہتر فیصد اور آکسیجن اکیس فیصد ہوتی ہے۔ نائٹروجن ماحول کو مستحکم رکھتی ہے جبکہ آکسیجن سانس لینے اور جلنے کے عمل کے لیے ضروری ہے۔
علمی اور عملی طور پر ای میل کے ذریعے بات چیت کے کیا فوائد ہیں اور اس کے استعمال میں کیا احتیاط ضروری ہے؟,ای میل دستاویزات بھیجنے، ریکارڈ رکھنے اور پیشہ ورانہ بات چیت کے لیے بہت مفید ہے۔ احتیاط میں مشکوک لنکس نہ کھولنا، نامعلوم بھیجنے والوں سے محتاط رہنا اور اہم معلومات بغیر انکرپشن کے نہ بھیجنا شامل ہے۔
اگر کوئی یہ سوال کرے کہ احترام اور خوش اخلاقی معاشرتی تعلقات کو کیسے بہتر بناتے ہیں؟,احترام سے لوگ محفوظ اور قدر محسوس کرتے ہیں جبکہ خوش اخلاقی بات چیت کو نرم اور مؤثر بناتی ہے۔ ان اقدار سے تنازعات کم ہوتے ہیں اور تعاون بڑھتا ہے جس سے معاشرہ زیادہ ہم آہنگ بنتا ہے۔
اس موضوع پر روشنی ڈالیں کہ درخت لگانے اور شہری سبزہ بڑھانے کے ماحولیاتی اور صحت کے فوائد کیا ہیں؟,درخت آکسیجن پیدا کرتے ہیں، کاربن ڈائی آکسائیڈ جذب کرتے ہیں، سایہ اور ٹھنڈک فراہم کرتے ہیں اور مٹی کے کٹاؤ کو روکتے ہیں۔ شہری علاقوں میں سبزہ ہوا کی معیار بہتر کرتا ہے اور ذہنی صحت پر مثبت اثر ڈالتا ہے۔
علمی اور عملی طور پر گروپ اسٹڈی انفرادی مطالعہ کے مقابلے میں کیسے مفید ہو سکتی ہے اور اس کے کیا نقصانات ہو سکتے ہیں؟,گروپ اسٹڈی میں خیالات کا تبادلہ، مل کر مسائل حل کرنا اور حوصلہ برقرار رکھنا آسان ہوتا ہے۔ تاہم اگر گروپ میں توجہ بھٹکے یا کچھ افراد غالب آ جائیں تو نقصان دہ بھی ہو سکتی ہے اس لیے قواعد اور توازن ضروری ہے۔
علمی اور عملی طور پر پانی کی بچت کے گھریلو طریقے اور ان کی اہمیت کیا ہے؟,نل کو استعمال کے بعد فوری بند کرنا، لیکس درست کرانا، واشنگ مشین کو فل لوڈ پر چلانا اور بارش کا پانی پودوں کے لیے جمع کرنا گھریلو بچت کے طریقے ہیں۔ صاف پانی محدود وسیلہ ہے اس لیے اس کی قدر کرنی چاہیے۔
گھر میں پودے رکھنے اور ان کی دیکھ بھال کے کیا فوائد ہیں؟,پودے اندرونی ہوا کو بہتر بناتے ہیں، ماحول کو خوبصورت بناتے ہیں اور ذہنی سکون فراہم کرتے ہیں۔ باقاعدہ پانی دینا، مناسب روشنی کا خیال رکھنا اور ضرورت پڑنے پر کھاد ڈالنا ان کی صحت مند نشوونما کے لیے ضروری ہے۔
عام معلومات کے مطابق کچرا الگ الگ کر کے پھینکنے اور ری سائیکلنگ میں حصہ لینے کے کیا فوائد ہیں؟,کچرا الگ کرنے سے ری سائیکلنگ آسان ہوتی ہے، لینڈ فل پر بوجھ کم ہوتا ہے اور قیمتی وسائل دوبارہ استعمال میں آتے ہیں۔ اس عادت سے ماحول صاف رہتا ہے اور مستقبل کی نسلوں کے لیے وسائل محفوظ رہتے ہیں۔
اس موضوع پر روشنی ڈالیں کہ سوال پوچھنے کی جرات طالب علم کی سیکھنے کی صلاحیت کو کیسے بہتر بناتی ہے؟,سوال پوچھنے سے الجھنیں دور ہوتی ہیں، سمجھ گہری ہوتی ہے اور استاد یا ساتھی سے نئی معلومات ملتی ہیں۔ یہ عادت تنقیدی سوچ کو فروغ دیتی ہے اور کلاس میں فعال شرکت کی حوصلہ افزائی کرتی ہے۔
کیا آپ تفصیل سے بتا سکتے ہیں کہ ڈیجیٹل پرائیویسی کیا ہے اور اسے برقرار رکھنے کے آسان طریقے کیا ہیں؟,ڈیجیٹل پرائیویسی کا مطلب ہے اپنی ذاتی معلومات کو غیر ضروری شیئرنگ اور غلط استعمال سے بچانا۔ اس کے لیے پرائیویسی سیٹنگز چیک کرنا، لوکیشن شیئرنگ محدود رکھنا اور صرف قابل اعتماد ایپس استعمال کرنا ضروری ہے۔
عام معلومات کے مطابق برف پانی اور بھاپ میں کیا فرق ہے اور درجہ حرارت کا اس میں کیا کردار ہے؟,برف پانی کی ٹھوس حالت ہے جو صفر ڈگری یا اس سے کم پر ہوتی ہے۔ پانی مائع حالت ہے اور بھاپ گیسی حالت ہے جو سو ڈگری یا اس سے اوپر بنتی ہے۔ درجہ حرارت ان حالتوں کو تبدیل کرتا ہے۔
اگر کوئی یہ سوال کرے کہ سمارٹ فون کے زیادہ استعمال کے کیا نقصانات ہو سکتے ہیں اور ان سے کیسے بچا جائے؟,زیادہ استعمال سے آنکھوں کی تھکاوٹ، نیند میں خلل، گردن اور کمر کا درد اور حقیقی سماجی تعلقات کمزور ہو سکتے ہیں۔ اسکرین ٹائم کی حد مقرر کر کے، نیلے روشنی فلٹر استعمال کر کے اور باقاعدہ وقفے لے کر ان مسائل سے بچا جا سکتا ہے۔
کیا آپ تفصیل سے بتا سکتے ہیں کہ پانی کی مناسب مقدار پینا صحت کے لیے کیوں اہم ہے؟,پانی جسم کے درجہ حرارت کو کنٹرول کرتا ہے، غذائی اجزاء پہنچاتا ہے، فضلہ خارج کرنے میں مدد دیتا ہے اور جوڑوں کو چکنا رکھتا ہے۔ کمی سے تھکاوٹ، سر درد اور گردوں کے مسائل ہو سکتے ہیں اس لیے روزانہ کافی پانی پینا چاہیے۔
براہ کرم وضاحت کریں کہ مقناطیس کیا ہے اور اس کی عام استعمالات کیا ہیں؟,مقناطیس وہ چیز ہے جو لوہے اور کچھ دھاتوں کو اپنی طرف کھینچتی ہے۔ اس کے استعمالات میں کمپس، الیکٹرک موٹرز، اسپیکرز اور دروازوں کے مقناطیسی تالے شامل ہیں۔
چاند پر انسان کیوں نہیں رہ سکتا جبکہ زمین پر زندگی کیسے ممکن ہوئی؟,چاند پر آکسیجن، مائع پانی اور مناسب درجہ حرارت کی شدید کمی ہے۔ زمین پر سورج سے مناسب فاصلہ، آکسیجن کی موجودگی اور پانی نے زندگی کو ممکن بنایا ہے۔
براہ کرم وضاحت کریں کہ پڑوسیوں کے ساتھ اچھے اور پرامن تعلقات قائم رکھنے کے طریقے کیا ہو سکتے ہیں؟,باقاعدہ سلام دعا کرنا، ضرورت کے وقت مدد کی پیشکش کرنا، شور شرابے سے گریز کرنا اور چھوٹے تنازعات کو بات چیت سے حل کرنا اچھے پڑوسی تعلقات کے طریقے ہیں۔ اچھے پڑوسی رہائشی زندگی کو بہت خوشگوار بنا دیتے ہیں۔
اس موضوع پر روشنی ڈالیں کہ پانی کی مناسب مقدار پینا صحت کے لیے کیوں اہم ہے؟,پانی جسم کے درجہ حرارت کو کنٹرول کرتا ہے، غذائی اجزاء پہنچاتا ہے، فضلہ خارج کرنے میں مدد دیتا ہے اور جوڑوں کو چکنا رکھتا ہے۔ کمی سے تھکاوٹ، سر درد اور گردوں کے مسائل ہو سکتے ہیں اس لیے روزانہ کافی پانی پینا چاہیے۔
قدرتی وسائل کی حفاظت آنے والی نسلوں کے لیے کیوں ضروری ہے؟,قدرتی وسائل جیسے پانی، جنگلات اور معدنیات محدود ہیں۔ ان کی بے جا استعمال سے قلت پیدا ہو سکتی ہے۔ پائیدار استعمال اور حفاظت سے آنے والی نسلیں بھی ان وسائل سے مستفید ہو سکیں گی۔
اس موضوع پر روشنی ڈالیں کہ سمندری حیات کی حفاظت کیوں اہم ہے اور انسان اس میں کیا کردار ادا کر سکتا ہے؟,سمندری حیات ماحولیاتی توازن، آکسیجن پیدا کرنے اور خوراک فراہم کرنے میں اہم ہے۔ انسان پلاسٹک کم استعمال کر کے، پائیدار مچھلیاں کھا کر اور ساحلی صفائی میں حصہ لے کر حفاظت میں مدد کر سکتا ہے۔
علمی اور عملی طور پر کلاؤڈ سٹوریج کے کیا فوائد ہیں اور اسے استعمال کرتے وقت کیا خیال رکھنا چاہیے؟,کلاؤڈ سٹوریج ڈیٹا کو انٹرنیٹ پر محفوظ رکھنے کی سہولت دیتا ہے جس سے کہیں سے بھی رسائی ممکن ہوتی ہے اور ڈیوائس کھو جانے پر بھی ڈیٹا محفوظ رہتا ہے۔ خیال رکھیں کہ مضبوط پاس ورڈ اور دو مرحلہ تصدیق استعمال کریں۔
عام معلومات کے مطابق ای میل کے ذریعے بات چیت کے کیا فوائد ہیں اور اس کے استعمال میں کیا احتیاط ضروری ہے؟,ای میل دستاویزات بھیجنے، ریکارڈ رکھنے اور پیشہ ورانہ بات چیت کے لیے بہت مفید ہے۔ احتیاط میں مشکوک لنکس نہ کھولنا، نامعلوم بھیجنے والوں سے محتاط رہنا اور اہم معلومات بغیر انکرپشن کے نہ بھیجنا شامل ہے۔
تفصیلی جواب دیں کہ روبوٹ اور آٹومیشن سے روزمرہ زندگی میں کیا تبدیلیاں آ رہی ہیں؟,روبوٹ اور آٹومیشن تکراری کاموں کو تیز اور درست طریقے سے انجام دے رہے ہیں جس سے صنعتوں میں پیداوار بڑھ رہی ہے۔ گھریلو استعمال میں صفائی کے روبوٹ اور وائس اسسٹنٹ عام ہو رہے ہیں جو وقت بچاتے ہیں۔
براہ کرم وضاحت کریں کہ موسمیاتی تبدیلی کے اثرات کیا ہیں اور عام انسان انھیں کم کرنے میں کیا کردار ادا کر سکتا ہے؟,موسمیاتی تبدیلی سے انتہائی موسمی حالات، سمندری سطح میں اضافہ اور زراعت پر اثرات پڑ رہے ہیں۔ انسان عوامی ٹرانسپورٹ استعمال کر کے، توانائی کی بچت کر کے، گوشت کی کھپت معتدل رکھ کر اور درخت لگا کر اپنا کردار ادا کر سکتا ہے۔
براہ کرم وضاحت کریں کہ وقت کے بہتر انتظام کے لیے کون سے عملی اور آسان طریقے اپنائے جا سکتے ہیں؟,اہم کاموں کی فہرست بنانا، بڑے کاموں کو چھوٹے حصوں میں تقسیم کرنا، غیر ضروری مشاغل کم کرنا اور روزانہ کے اختتام پر اگلے دن کا منصوبہ بنانا وقت کے بہتر انتظام میں مدد دیتے ہیں۔ اس سے پیداواریت بڑھتی ہے اور تناؤ کم ہوتا ہے۔
کیا آپ تفصیل سے بتا سکتے ہیں کہ مصنوعی ذہانت کیا ہے اور روزمرہ زندگی میں اس کے کیا استعمال ہیں؟,مصنوعی ذہانت کمپیوٹر سسٹمز کی وہ صلاحیت ہے جو انسانی سوچ، سیکھنے اور فیصلہ سازی کی نقل کرتی ہے۔ اس کے استعمال میں وائس اسسٹنٹ، سفارشاتی نظام، طبی تشخیص میں مدد اور خودکار گاڑیاں شامل ہیں۔
اگر کوئی یہ سوال کرے کہ وقت کی پابندی اور شیڈول بنانے کی عادت طالب علم کی زندگی میں کیا کردار ادا کرتی ہے؟,وقت کی پابندی سے کام بروقت مکمل ہوتے ہیں، تناؤ کم ہوتا ہے اور خالی وقت کا بہتر استعمال ممکن ہوتا ہے۔ شیڈول بنانے سے ترجیحات واضح رہتی ہیں اور عادتیں مضبوط بنتی ہیں۔
اس موضوع پر روشنی ڈالیں کہ ڈیجیٹل پرائیویسی کیا ہے اور اسے برقرار رکھنے کے آسان طریقے کیا ہیں؟,ڈیجیٹل پرائیویسی کا مطلب ہے اپنی ذاتی معلومات کو غیر ضروری شیئرنگ اور غلط استعمال سے بچانا۔ اس کے لیے پرائیویسی سیٹنگز چیک کرنا، لوکیشن شیئرنگ محدود رکھنا اور صرف قابل اعتماد ایپس استعمال کرنا ضروری ہے۔
براہ کرم وضاحت کریں کہ احترام اور خوش اخلاقی معاشرتی تعلقات کو کیسے بہتر بناتے ہیں؟,احترام سے لوگ محفوظ اور قدر محسوس کرتے ہیں جبکہ خوش اخلاقی بات چیت کو نرم اور مؤثر بناتی ہے۔ ان اقدار سے تنازعات کم ہوتے ہیں اور تعاون بڑھتا ہے جس سے معاشرہ زیادہ ہم آہنگ بنتا ہے۔
علمی اور عملی طور پر وٹامنز اور منرلز جسم کے لیے کیوں ضروری ہیں اور ان کی کمی سے کیا مسائل ہو سکتے ہیں؟,وٹامنز اور منرلز جسم کے مختلف افعال جیسے مدافعت، ہڈیوں کی مضبوطی اور توانائی پیدا کرنے میں مدد دیتے ہیں۔ کمی سے تھکاوٹ، کمزور ہڈیاں، خون کی کمی اور مدافعتی نظام کمزور پڑنے جیسے مسائل پیدا ہو سکتے ہیں۔
براہ کرم وضاحت کریں کہ شمسی اور ہوا سے پیدا ہونے والی توانائی کے ماحولیاتی فوائد کیا ہیں؟,یہ تجدید پذیر ذرائع ہیں جو چلنے کے دوران کاربن اخراج نہیں کرتے، آلودگی کم کرتے ہیں اور فوسل فیولز پر انحصار کم کرتے ہیں۔ طویل مدت میں یہ ماحول اور معیشت دونوں کے لیے فائدہ مند ہیں۔
اگر کوئی یہ سوال کرے کہ گروپ اسٹڈی انفرادی مطالعہ کے مقابلے میں کیسے مفید ہو سکتی ہے اور اس کے کیا نقصانات ہو سکتے ہیں؟,گروپ اسٹڈی میں خیالات کا تبادلہ، مل کر مسائل حل کرنا اور حوصلہ برقرار رکھنا آسان ہوتا ہے۔ تاہم اگر گروپ میں توجہ بھٹکے یا کچھ افراد غالب آ جائیں تو نقصان دہ بھی ہو سکتی ہے اس لیے قواعد اور توازن ضروری ہے۔
تفصیلی جواب دیں کہ ای میل کے ذریعے بات چیت کے کیا فوائد ہیں اور اس کے استعمال میں کیا احتیاط ضروری ہے؟,ای میل دستاویزات بھیجنے، ریکارڈ رکھنے اور پیشہ ورانہ بات چیت کے لیے بہت مفید ہے۔ احتیاط میں مشکوک لنکس نہ کھولنا، نامعلوم بھیجنے والوں سے محتاط رہنا اور اہم معلومات بغیر انکرپشن کے نہ بھیجنا شامل ہے۔
آواز کیسے پیدا ہوتی ہے اور کان تک کیسے پہنچتی ہے؟,آواز کسی چیز کے کانپنے یا حرکت سے پیدا ہوتی ہے جو ہوا میں لہریں بناتی ہے۔ یہ لہریں کان کے پردے تک پہنچتی ہیں جہاں سے سگنل دماغ کو جاتا ہے اور ہمیں آواز محسوس ہوتی ہے۔
علمی اور عملی طور پر احترام اور خوش اخلاقی معاشرتی تعلقات کو کیسے بہتر بناتے ہیں؟,احترام سے لوگ محفوظ اور قدر محسوس کرتے ہیں جبکہ خوش اخلاقی بات چیت کو نرم اور مؤثر بناتی ہے۔ ان اقدار سے تنازعات کم ہوتے ہیں اور تعاون بڑھتا ہے جس سے معاشرہ زیادہ ہم آہنگ بنتا ہے۔
شہری علاقوں میں سبز چھتوں اور باغیچوں کے کیا فوائد ہیں؟,سبز چھتیں اور باغیچے درجہ حرارت کم کرتے ہیں، بارش کے پانی کو جذب کرتے ہیں، ہوا بہتر بناتے ہیں اور رہائشیوں کو ذہنی سکون فراہم کرتے ہیں۔ یہ شہری ماحول کو زیادہ قابل رہائش بناتے ہیں۔
علمی اور عملی طور پر انٹرنیٹ نے دنیا کو کیسے بدل دیا ہے اور اس کے مثبت و منفی پہلو کیا ہیں؟,انٹرنیٹ نے معلومات تک رسائی، بات چیت اور کاروبار کو بہت آسان بنا دیا ہے۔ مثبت پہلو علم اور مواقع کی فراہمی ہے جبکہ منفی پہلو میں غلط معلومات پھیلنا، پرائیویسی کے مسائل اور زیادہ وقت کا ضیاع شامل ہیں۔
صبر اور تحمل مشکل حالات اور رشتوں میں کیسے مددگار ثابت ہوتے ہیں؟,صبر جذبات پر قابو رکھنے اور سوچ سمجھ کر ردعمل دینے میں مدد دیتا ہے۔ تحمل سے چھوٹے اختلافات بڑے جھگڑوں میں نہیں بدلتے اور رشتے طویل مدت تک برقرار رہتے ہیں۔
تفصیلی جواب دیں کہ روشنی کی رفتار کتنی ہے اور اس کا روزمرہ زندگی میں کیا مطلب ہے؟,روشنی تقریباً تین لاکھ کلومیٹر فی سیکنڈ کی رفتار سے سفر کرتی ہے۔ اس تیز رفتاری کی وجہ سے ہمیں سورج کی روشنی چند منٹوں میں مل جاتی ہے اور ہم دور کی چیزیں فوری دیکھ سکتے ہیں۔
اگر کوئی یہ سوال کرے کہ ای میل کے ذریعے بات چیت کے کیا فوائد ہیں اور اس کے استعمال میں کیا احتیاط ضروری ہے؟,ای میل دستاویزات بھیجنے، ریکارڈ رکھنے اور پیشہ ورانہ بات چیت کے لیے بہت مفید ہے۔ احتیاط میں مشکوک لنکس نہ کھولنا، نامعلوم بھیجنے والوں سے محتاط رہنا اور اہم معلومات بغیر انکرپشن کے نہ بھیجنا شامل ہے۔
براہ کرم وضاحت کریں کہ نوٹس بنانے اور دہرانے کی عادت امتحانی تیاری میں کیسے مددگار ثابت ہوتی ہے؟,نوٹس بنانے سے اہم باتیں مختصر اور منظم ہو جاتی ہیں جس سے دہرائی تیز اور مؤثر ہوتی ہے۔ باقاعدہ دہرائی سے معلومات طویل مدتی یادداشت میں چلی جاتی ہیں اور امتحان میں اعتماد بڑھتا ہے۔
عام معلومات کے مطابق مہمان نوازی کے بہترین طریقے کیا ہیں جو مہمانوں کو خوش رکھیں؟,مہمانوں کا مسکراہٹ سے استقبال کرنا، ان کی ضروریات کا خیال رکھنا، آرام دہ ماحول فراہم کرنا اور مجبوری میں زیادہ تکلف نہ کرنا اچھی مہمان نوازی کے طریقے ہیں۔ سادگی اور خلوص سب سے اہم ہیں۔
اس موضوع پر روشنی ڈالیں کہ وقت کی قدر کرنا اور اسے ضائع نہ کرنا زندگی کے معیار کو کیسے بہتر بناتا ہے؟,وقت محدود وسیلہ ہے۔ اس کی قدر کر کے اہم کاموں کو ترجیح دی جائے تو پیداواریت بڑھتی ہے، تناؤ کم ہوتا ہے اور زندگی کے اہم لمحات کے لیے وقت نکالنا ممکن ہوتا ہے۔
اس موضوع پر روشنی ڈالیں کہ بچوں کی صحت مند نشوونما کے لیے کن باتوں کا خیال رکھنا ضروری ہے؟,متوازن غذا، باقاعدہ جسمانی سرگرمی، کافی نیند، حفاظتی ٹیکے اور محبت بھرا ماحول بچوں کی صحت مند نشوونما کے لیے ضروری ہیں۔ اسکرین ٹائم محدود رکھنا اور کھیل کود کی حوصلہ افزائی بھی اہم ہے۔
براہ کرم وضاحت کریں کہ گروپ اسٹڈی انفرادی مطالعہ کے مقابلے میں کیسے مفید ہو سکتی ہے اور اس کے کیا نقصانات ہو سکتے ہیں؟,گروپ اسٹڈی میں خیالات کا تبادلہ، مل کر مسائل حل کرنا اور حوصلہ برقرار رکھنا آسان ہوتا ہے۔ تاہم اگر گروپ میں توجہ بھٹکے یا کچھ افراد غالب آ جائیں تو نقصان دہ بھی ہو سکتی ہے اس لیے قواعد اور توازن ضروری ہے۔
عام معلومات کے مطابق علم حاصل کرنے اور اسے دوسروں تک پہنچانے کا معاشرتی فائدہ کیا ہے؟,علم فرد کو بااختیار بناتا ہے اور جب اسے بانٹا جائے تو پورا معاشرہ مستفید ہوتا ہے۔ تعلیم یافتہ معاشرہ بہتر فیصلے کرتا ہے، جدت پیدا کرتا ہے اور ترقی کی طرف گامزن رہتا ہے۔
تفصیلی جواب دیں کہ قدرتی وسائل کی حفاظت آنے والی نسلوں کے لیے کیوں ضروری ہے؟,قدرتی وسائل جیسے پانی، جنگلات اور معدنیات محدود ہیں۔ ان کی بے جا استعمال سے قلت پیدا ہو سکتی ہے۔ پائیدار استعمال اور حفاظت سے آنے والی نسلیں بھی ان وسائل سے مستفید ہو سکیں گی۔
براہ کرم وضاحت کریں کہ وٹامنز اور منرلز جسم کے لیے کیوں ضروری ہیں اور ان کی کمی سے کیا مسائل ہو سکتے ہیں؟,وٹامنز اور منرلز جسم کے مختلف افعال جیسے مدافعت، ہڈیوں کی مضبوطی اور توانائی پیدا کرنے میں مدد دیتے ہیں۔ کمی سے تھکاوٹ، کمزور ہڈیاں، خون کی کمی اور مدافعتی نظام کمزور پڑنے جیسے مسائل پیدا ہو سکتے ہیں۔
کیا آپ تفصیل سے بتا سکتے ہیں کہ شہری علاقوں میں سبز چھتوں اور باغیچوں کے کیا فوائد ہیں؟,سبز چھتیں اور باغیچے درجہ حرارت کم کرتے ہیں، بارش کے پانی کو جذب کرتے ہیں، ہوا بہتر بناتے ہیں اور رہائشیوں کو ذہنی سکون فراہم کرتے ہیں۔ یہ شہری ماحول کو زیادہ قابل رہائش بناتے ہیں۔
براہ کرم وضاحت کریں کہ وائی فائی اور موبائل ڈیٹا میں کیا فرق ہے اور کب کون سا بہتر ہے؟,وائی فائی مقامی وائرلیس نیٹ ورک سے انٹرنیٹ دیتا ہے جو عام طور پر تیز اور سستا ہوتا ہے جبکہ موبائل ڈیٹا موبائل ٹاورز کے ذریعے کام کرتا ہے اور کہیں بھی دستیاب ہوتا ہے۔ گھر یا دفتر میں وائی فائی اور باہر موبائل ڈیٹا بہتر رہتا ہے۔
براہ کرم وضاحت کریں کہ کتابیں پڑھنے کی عادت ذہن، زبان اور شخصیت پر کیا مثبت اثرات ڈالتی ہے؟,کتابیں پڑھنے سے علم میں اضافہ ہوتا ہے، الفاظ کا ذخیرہ بڑھتا ہے، جملے بنانے کی صلاحیت بہتر ہوتی ہے اور مختلف ثقافتوں اور خیالات کو سمجھنے کی صلاحیت پیدا ہوتی ہے۔ یہ شخصیت کو مزید پختہ اور روادار بناتی ہے۔
اگر کوئی یہ سوال کرے کہ پاس ورڈ مضبوط بنانے کے اصول کیا ہیں اور اسے محفوظ کیسے رکھیں؟,مضبوط پاس ورڈ میں بڑے چھوٹے حروف، نمبر اور علامات شامل ہونے چاہییں اور لمبائی کم از کم بارہ حروف کی ہو۔ اسے کسی سے شیئر نہ کریں، مختلف اکاؤنٹس کے لیے مختلف پاس ورڈ رکھیں اور پاس ورڈ منیجر استعمال کرنا مفید ہے۔
تفصیلی جواب دیں کہ بڑھاپے میں صحت مند رہنے کے لیے کون سی عادتیں اپنانی چاہییں؟,ہلکی ورزش جیسے چہل قدمی، متوازن غذا، سماجی تعلقات برقرار رکھنا، ذہنی سرگرمیاں جیسے پڑھنا اور باقاعدہ طبی معائنہ بڑھاپے میں صحت مند اور فعال رہنے میں مدد دیتے ہیں۔
تفصیلی جواب دیں کہ مؤثر مطالعہ کے طریقے کیا ہیں جو طالب علموں کو بہتر نتائج حاصل کرنے میں مدد دیتے ہیں؟,باقاعدہ اور حقیقت پسندانہ شیڈول بنانا، اہم نکات اپنے الفاظ میں نوٹ کرنا، مختصر وقفے لینا، پرانی پیپرز حل کرنا اور سیکھی ہوئی باتوں کو کسی اور کو سمجھانا مؤثر مطالعہ کے طریقے ہیں۔ ان سے سمجھ اور یادداشت دونوں بہتر ہوتی ہیں۔
اگر کوئی یہ سوال کرے کہ اساتذہ اور والدین کا مثبت تعاون طالب علم کی کامیابی میں کتنا اہم ہے؟,اساتذہ علمی رہنمائی اور حوصلہ افزائی فراہم کرتے ہیں جبکہ والدین گھریلو ماحول، نظم و ضبط اور جذباتی سہارا دیتے ہیں۔ دونوں کے درمیان اچھا تعاون طالب علم کے اعتماد، دلچسپی اور مجموعی کامیابی کو بہت بڑھاتا ہے۔
پلاسٹک کے زیادہ استعمال کے ماحول اور جانداروں پر کیا منفی اثرات مرتب ہوتے ہیں؟,پلاسٹک صدیاں لگاتی ہے گل سڑنے میں، سمندروں اور زمین کو آلودہ کرتا ہے، جانور اسے کھا کر متاثر ہوتے ہیں اور مائیکرو پلاسٹک خوراک چین میں داخل ہو جاتا ہے۔ اس لیے استعمال کم کرنا اور متبادل اپنانا ضروری ہے۔
عام معلومات کے مطابق بچوں کی صحت مند نشوونما کے لیے کن باتوں کا خیال رکھنا ضروری ہے؟,متوازن غذا، باقاعدہ جسمانی سرگرمی، کافی نیند، حفاظتی ٹیکے اور محبت بھرا ماحول بچوں کی صحت مند نشوونما کے لیے ضروری ہیں۔ اسکرین ٹائم محدود رکھنا اور کھیل کود کی حوصلہ افزائی بھی اہم ہے۔
اگر کوئی یہ سوال کرے کہ موبائل فون اور سوشل میڈیا کے استعمال میں توازن کیسے قائم کیا جا سکتا ہے؟,روزانہ اسکرین ٹائم کی حد مقرر کرنا، مخصوص اوقات میں نوٹیفیکیشن بند کرنا، کھانے اور سونے سے پہلے فون دور رکھنا اور حقیقی ملاقاتوں کو ترجیح دینا توازن قائم کرنے میں مدد دیتا ہے۔
کیا آپ تفصیل سے بتا سکتے ہیں کہ گروپ اسٹڈی انفرادی مطالعہ کے مقابلے میں کیسے مفید ہو سکتی ہے اور اس کے کیا نقصانات ہو سکتے ہیں؟,گروپ اسٹڈی میں خیالات کا تبادلہ، مل کر مسائل حل کرنا اور حوصلہ برقرار رکھنا آسان ہوتا ہے۔ تاہم اگر گروپ میں توجہ بھٹکے یا کچھ افراد غالب آ جائیں تو نقصان دہ بھی ہو سکتی ہے اس لیے قواعد اور توازن ضروری ہے۔
کیا آپ تفصیل سے بتا سکتے ہیں کہ موسمیاتی تبدیلی کے اثرات کیا ہیں اور عام انسان انھیں کم کرنے میں کیا کردار ادا کر سکتا ہے؟,موسمیاتی تبدیلی سے انتہائی موسمی حالات، سمندری سطح میں اضافہ اور زراعت پر اثرات پڑ رہے ہیں۔ انسان عوامی ٹرانسپورٹ استعمال کر کے، توانائی کی بچت کر کے، گوشت کی کھپت معتدل رکھ کر اور درخت لگا کر اپنا کردار ادا کر سکتا ہے۔
تفصیلی جواب دیں کہ زلزلہ کیسے آتا ہے اور اس سے بچاؤ کے کیا طریقے ہیں؟,زلزلہ زمین کی اندرونی تہوں میں چٹانوں کی حرکت اور دباؤ کی وجہ سے آتا ہے۔ بچاؤ کے لیے مضبوط عمارتیں بنانا، محفوظ جگہوں کی نشاندہی کرنا اور زلزلے کے وقت میز کے نیچے یا مضبوط دیوار کے پاس بیٹھنا مفید ہوتا ہے۔
عام معلومات کے مطابق اساتذہ اور والدین کا مثبت تعاون طالب علم کی کامیابی میں کتنا اہم ہے؟,اساتذہ علمی رہنمائی اور حوصلہ افزائی فراہم کرتے ہیں جبکہ والدین گھریلو ماحول، نظم و ضبط اور جذباتی سہارا دیتے ہیں۔ دونوں کے درمیان اچھا تعاون طالب علم کے اعتماد، دلچسپی اور مجموعی کامیابی کو بہت بڑھاتا ہے۔
براہ کرم وضاحت کریں کہ لائبریری اور خاموش ماحول میں مطالعہ کرنے کے کیا فوائد ہیں؟,لائبریری میں مختلف کتابیں اور حوالہ جاتی مواد دستیاب ہوتا ہے اور خاموش ماحول توجہ مرکوز رکھنے میں مدد دیتا ہے۔ اس سے مطالعہ زیادہ مؤثر ہوتا ہے اور دوسروں کی موجودگی حوصلہ بھی بڑھاتی ہے۔
اس موضوع پر روشنی ڈالیں کہ ذمہ داری نبھانے کی عادت فرد اور اداروں دونوں کے لیے کیوں ضروری ہے؟,ذمہ داری سے کام وقت پر اور معیار کے ساتھ مکمل ہوتا ہے۔ فرد کی سطح پر یہ اعتماد بڑھاتی ہے اور اداروں میں یہ نظام کو چلانے اور اہداف حاصل کرنے کے لیے ناگزیر ہے۔
براہ کرم وضاحت کریں کہ مؤثر مطالعہ کے طریقے کیا ہیں جو طالب علموں کو بہتر نتائج حاصل کرنے میں مدد دیتے ہیں؟,باقاعدہ اور حقیقت پسندانہ شیڈول بنانا، اہم نکات اپنے الفاظ میں نوٹ کرنا، مختصر وقفے لینا، پرانی پیپرز حل کرنا اور سیکھی ہوئی باتوں کو کسی اور کو سمجھانا مؤثر مطالعہ کے طریقے ہیں۔ ان سے سمجھ اور یادداشت دونوں بہتر ہوتی ہیں۔
اگر کوئی یہ سوال کرے کہ معافی مانگنے اور معاف کرنے کی صلاحیت رشتوں کو کیسے بچاتی ہے؟,معافی مانگنا غلطی کا اعتراف ہے جو دل کی صفائی دکھاتا ہے جبکہ معاف کرنا بغض کو ختم کرتا ہے۔ دونوں عمل رشتوں میں دراڑ کو ختم کر کے اعتماد بحال کرنے میں مدد دیتے ہیں۔
براہ کرم وضاحت کریں کہ پانی کی مناسب مقدار پینا صحت کے لیے کیوں اہم ہے؟,پانی جسم کے درجہ حرارت کو کنٹرول کرتا ہے، غذائی اجزاء پہنچاتا ہے، فضلہ خارج کرنے میں مدد دیتا ہے اور جوڑوں کو چکنا رکھتا ہے۔ کمی سے تھکاوٹ، سر درد اور گردوں کے مسائل ہو سکتے ہیں اس لیے روزانہ کافی پانی پینا چاہیے۔
اس موضوع پر روشنی ڈالیں کہ لائبریری اور خاموش ماحول میں مطالعہ کرنے کے کیا فوائد ہیں؟,لائبریری میں مختلف کتابیں اور حوالہ جاتی مواد دستیاب ہوتا ہے اور خاموش ماحول توجہ مرکوز رکھنے میں مدد دیتا ہے۔ اس سے مطالعہ زیادہ مؤثر ہوتا ہے اور دوسروں کی موجودگی حوصلہ بھی بڑھاتی ہے۔
اس موضوع پر روشنی ڈالیں کہ صحت مند غذا کے بنیادی اصول کیا ہیں اور فاسٹ فوڈ سے کیوں پرہیز کرنا چاہیے؟,صحت مند غذا میں تازہ سبزیاں، پھل، مکمل اناج، پروٹین اور صحت مند چکنائی شامل ہونی چاہیے جبکہ چینی اور نمک محدود رکھنی چاہیے۔ فاسٹ فوڈ میں زیادہ تیل، نمک اور خالی کیلوریز ہوتی ہیں جو موٹاپے اور دائمی بیماریوں کا خطرہ بڑھاتی ہیں۔
پانی کے تین حالتیں کون سی ہیں اور وہ کیسے بدلتی ہیں؟,پانی کی تین حالتیں ٹھوس برف، مائع پانی اور گیس بھاپ ہیں۔ گرمی دینے سے برف پانی بنتی ہے اور مزید گرمی سے بھاپ بن جاتی ہے۔ ٹھنڈا کرنے سے یہ عمل الٹ جاتا ہے اور بھاپ پھر پانی اور برف بن سکتی ہے۔
براہ کرم وضاحت کریں کہ آلودگی کی اقسام کون سی ہیں اور انھیں کنٹرول کرنے کے بنیادی طریقے کیا ہیں؟,ہوا، پانی، مٹی اور شور کی آلودگی اہم اقسام ہیں۔ کنٹرول کے طریقوں میں صنعتی فلٹرز، سیوریج ٹریٹمنٹ، کچرے کا صحیح انتظام اور سبزہ بڑھانا شامل ہیں۔ عوامی شعور بھی بہت اہم ہے۔
عام معلومات کے مطابق سمندری حیات کی حفاظت کیوں اہم ہے اور انسان اس میں کیا کردار ادا کر سکتا ہے؟,سمندری حیات ماحولیاتی توازن، آکسیجن پیدا کرنے اور خوراک فراہم کرنے میں اہم ہے۔ انسان پلاسٹک کم استعمال کر کے، پائیدار مچھلیاں کھا کر اور ساحلی صفائی میں حصہ لے کر حفاظت میں مدد کر سکتا ہے۔
صحت مند غذا کے بنیادی اصول کیا ہیں اور فاسٹ فوڈ سے کیوں پرہیز کرنا چاہیے؟,صحت مند غذا میں تازہ سبزیاں، پھل، مکمل اناج، پروٹین اور صحت مند چکنائی شامل ہونی چاہیے جبکہ چینی اور نمک محدود رکھنی چاہیے۔ فاسٹ فوڈ میں زیادہ تیل، نمک اور خالی کیلوریز ہوتی ہیں جو موٹاپے اور دائمی بیماریوں کا خطرہ بڑھاتی ہیں۔
اس موضوع پر روشنی ڈالیں کہ وقت کے بہتر انتظام کے لیے کون سے عملی اور آسان طریقے اپنائے جا سکتے ہیں؟,اہم کاموں کی فہرست بنانا، بڑے کاموں کو چھوٹے حصوں میں تقسیم کرنا، غیر ضروری مشاغل کم کرنا اور روزانہ کے اختتام پر اگلے دن کا منصوبہ بنانا وقت کے بہتر انتظام میں مدد دیتے ہیں۔ اس سے پیداواریت بڑھتی ہے اور تناؤ کم ہوتا ہے۔
براہ کرم وضاحت کریں کہ شہری علاقوں میں سبز چھتوں اور باغیچوں کے کیا فوائد ہیں؟,سبز چھتیں اور باغیچے درجہ حرارت کم کرتے ہیں، بارش کے پانی کو جذب کرتے ہیں، ہوا بہتر بناتے ہیں اور رہائشیوں کو ذہنی سکون فراہم کرتے ہیں۔ یہ شہری ماحول کو زیادہ قابل رہائش بناتے ہیں۔
علمی اور عملی طور پر وقت کی قدر کرنا اور اسے ضائع نہ کرنا زندگی کے معیار کو کیسے بہتر بناتا ہے؟,وقت محدود وسیلہ ہے۔ اس کی قدر کر کے اہم کاموں کو ترجیح دی جائے تو پیداواریت بڑھتی ہے، تناؤ کم ہوتا ہے اور زندگی کے اہم لمحات کے لیے وقت نکالنا ممکن ہوتا ہے۔
کیا آپ تفصیل سے بتا سکتے ہیں کہ مہمان نوازی کے بہترین طریقے کیا ہیں جو مہمانوں کو خوش رکھیں؟,مہمانوں کا مسکراہٹ سے استقبال کرنا، ان کی ضروریات کا خیال رکھنا، آرام دہ ماحول فراہم کرنا اور مجبوری میں زیادہ تکلف نہ کرنا اچھی مہمان نوازی کے طریقے ہیں۔ سادگی اور خلوص سب سے اہم ہیں۔
گروپ اسٹڈی انفرادی مطالعہ کے مقابلے میں کیسے مفید ہو سکتی ہے اور اس کے کیا نقصانات ہو سکتے ہیں؟,گروپ اسٹڈی میں خیالات کا تبادلہ، مل کر مسائل حل کرنا اور حوصلہ برقرار رکھنا آسان ہوتا ہے۔ تاہم اگر گروپ میں توجہ بھٹکے یا کچھ افراد غالب آ جائیں تو نقصان دہ بھی ہو سکتی ہے اس لیے قواعد اور توازن ضروری ہے۔
تفصیلی جواب دیں کہ مثبت سوچ اور امید کا رویہ مشکل حالات کا سامنا کرنے میں کیسے مدد دیتا ہے؟,مثبت سوچ مسائل کے حل پر توجہ مرکوز رکھتی ہے جبکہ امید حوصلہ برقرار رکھتی ہے۔ ان رویوں سے تناؤ کم ہوتا ہے اور انسان مشکلات سے نکلنے کے راستے تلاش کرتا رہتا ہے۔
براہ کرم وضاحت کریں کہ ذمہ داری نبھانے کی عادت فرد اور اداروں دونوں کے لیے کیوں ضروری ہے؟,ذمہ داری سے کام وقت پر اور معیار کے ساتھ مکمل ہوتا ہے۔ فرد کی سطح پر یہ اعتماد بڑھاتی ہے اور اداروں میں یہ نظام کو چلانے اور اہداف حاصل کرنے کے لیے ناگزیر ہے۔
اس موضوع پر روشنی ڈالیں کہ وٹامنز اور منرلز جسم کے لیے کیوں ضروری ہیں اور ان کی کمی سے کیا مسائل ہو سکتے ہیں؟,وٹامنز اور منرلز جسم کے مختلف افعال جیسے مدافعت، ہڈیوں کی مضبوطی اور توانائی پیدا کرنے میں مدد دیتے ہیں۔ کمی سے تھکاوٹ، کمزور ہڈیاں، خون کی کمی اور مدافعتی نظام کمزور پڑنے جیسے مسائل پیدا ہو سکتے ہیں۔
عام معلومات کے مطابق وائی فائی اور موبائل ڈیٹا میں کیا فرق ہے اور کب کون سا بہتر ہے؟,وائی فائی مقامی وائرلیس نیٹ ورک سے انٹرنیٹ دیتا ہے جو عام طور پر تیز اور سستا ہوتا ہے جبکہ موبائل ڈیٹا موبائل ٹاورز کے ذریعے کام کرتا ہے اور کہیں بھی دستیاب ہوتا ہے۔ گھر یا دفتر میں وائی فائی اور باہر موبائل ڈیٹا بہتر رہتا ہے۔
براہ کرم وضاحت کریں کہ محنت، لگن اور مستقل مزاجی کامیابی حاصل کرنے میں کتنا اہم کردار ادا کرتی ہے؟,محنت صلاحیتوں کو نکھارتی ہے، لگن مقصد پر توجہ رکھتی ہے اور مستقل مزاجی مشکل حالات میں بھی آگے بڑھنے کا حوصلہ دیتی ہے۔ ان تینوں کے بغیر پائیدار کامیابی مشکل ہے۔
اگر کوئی یہ سوال کرے کہ پلاسٹک کے زیادہ استعمال کے ماحول اور جانداروں پر کیا منفی اثرات مرتب ہوتے ہیں؟,پلاسٹک صدیاں لگاتی ہے گل سڑنے میں، سمندروں اور زمین کو آلودہ کرتا ہے، جانور اسے کھا کر متاثر ہوتے ہیں اور مائیکرو پلاسٹک خوراک چین میں داخل ہو جاتا ہے۔ اس لیے استعمال کم کرنا اور متبادل اپنانا ضروری ہے۔
اس موضوع پر روشنی ڈالیں کہ کتابیں پڑھنے کی عادت ذہن، زبان اور شخصیت پر کیا مثبت اثرات ڈالتی ہے؟,کتابیں پڑھنے سے علم میں اضافہ ہوتا ہے، الفاظ کا ذخیرہ بڑھتا ہے، جملے بنانے کی صلاحیت بہتر ہوتی ہے اور مختلف ثقافتوں اور خیالات کو سمجھنے کی صلاحیت پیدا ہوتی ہے۔ یہ شخصیت کو مزید پختہ اور روادار بناتی ہے۔
علمی اور عملی طور پر سمندری حیات کی حفاظت کیوں اہم ہے اور انسان اس میں کیا کردار ادا کر سکتا ہے؟,سمندری حیات ماحولیاتی توازن، آکسیجن پیدا کرنے اور خوراک فراہم کرنے میں اہم ہے۔ انسان پلاسٹک کم استعمال کر کے، پائیدار مچھلیاں کھا کر اور ساحلی صفائی میں حصہ لے کر حفاظت میں مدد کر سکتا ہے۔
اس موضوع پر روشنی ڈالیں کہ انٹرنیٹ نے دنیا کو کیسے بدل دیا ہے اور اس کے مثبت و منفی پہلو کیا ہیں؟,انٹرنیٹ نے معلومات تک رسائی، بات چیت اور کاروبار کو بہت آسان بنا دیا ہے۔ مثبت پہلو علم اور مواقع کی فراہمی ہے جبکہ منفی پہلو میں غلط معلومات پھیلنا، پرائیویسی کے مسائل اور زیادہ وقت کا ضیاع شامل ہیں۔
کیا آپ تفصیل سے بتا سکتے ہیں کہ سمارٹ فون کے زیادہ استعمال کے کیا نقصانات ہو سکتے ہیں اور ان سے کیسے بچا جائے؟,زیادہ استعمال سے آنکھوں کی تھکاوٹ، نیند میں خلل، گردن اور کمر کا درد اور حقیقی سماجی تعلقات کمزور ہو سکتے ہیں۔ اسکرین ٹائم کی حد مقرر کر کے، نیلے روشنی فلٹر استعمال کر کے اور باقاعدہ وقفے لے کر ان مسائل سے بچا جا سکتا ہے۔
براہ کرم وضاحت کریں کہ تمباکو نوشی اور تمباکو کی مصنوعات کے صحت پر کیا سنگین اثرات مرتب ہوتے ہیں؟,تمباکو نوشی پھیپھڑوں کے کینسر، دل کی بیماریوں، سانس کی بیماریوں اور بہت سی دیگر صحت کے مسائل کا بڑا سبب ہے۔ یہ نہ صرف استعمال کنندہ بلکہ ارد گرد کے لوگوں کی صحت کو بھی متاثر کرتی ہے اس لیے اس سے مکمل پرہیز بہتر ہے۔
اگر کوئی یہ سوال کرے کہ پانی کے تین حالتیں کون سی ہیں اور وہ کیسے بدلتی ہیں؟,پانی کی تین حالتیں ٹھوس برف، مائع پانی اور گیس بھاپ ہیں۔ گرمی دینے سے برف پانی بنتی ہے اور مزید گرمی سے بھاپ بن جاتی ہے۔ ٹھنڈا کرنے سے یہ عمل الٹ جاتا ہے اور بھاپ پھر پانی اور برف بن سکتی ہے۔
کیا آپ تفصیل سے بتا سکتے ہیں کہ سورج زمین سے کتنا دور ہے اور اس کی روشنی ہمیں کتنی دیر میں پہنچتی ہے؟,سورج زمین سے تقریباً پندرہ کروڑ کلومیٹر دور ہے۔ اس کی روشنی کو زمین تک پہنچنے میں تقریباً آٹھ منٹ کا وقت لگتا ہے کیونکہ روشنی تین لاکھ کلومیٹر فی سیکنڈ کی رفتار سے سفر کرتی ہے۔
تفصیلی جواب دیں کہ فوتوسنتھیس کا عمل کیا ہے اور پودے اس سے کیسے فائدہ اٹھاتے ہیں؟,فوتوسنتھیس وہ عمل ہے جس میں پودے سورج کی روشنی، پانی اور کاربن ڈائی آکسائیڈ استعمال کر کے گلوکوز کی شکل میں خوراک بناتے ہیں اور آکسیجن خارج کرتے ہیں۔ یہ عمل پودوں کی نشوونما اور زمین پر زندگی کے لیے بہت اہم ہے۔
علمی اور عملی طور پر اچھی نیند کیوں ضروری ہے اور نیند کی کمی کے طویل مدتی نقصانات کیا ہو سکتے ہیں؟,اچھی نیند جسمانی مرمت، یادداشت کی مضبوطی اور مدافعتی نظام کے لیے ضروری ہے۔ طویل مدتی کمی سے توجہ کمزور پڑتی ہے، چڑچڑاپن بڑھتا ہے اور دل کی بیماریوں، ذیابیطس اور موٹاپے کا خطرہ بڑھ سکتا ہے۔
کیا آپ تفصیل سے بتا سکتے ہیں کہ پاس ورڈ مضبوط بنانے کے اصول کیا ہیں اور اسے محفوظ کیسے رکھیں؟,مضبوط پاس ورڈ میں بڑے چھوٹے حروف، نمبر اور علامات شامل ہونے چاہییں اور لمبائی کم از کم بارہ حروف کی ہو۔ اسے کسی سے شیئر نہ کریں، مختلف اکاؤنٹس کے لیے مختلف پاس ورڈ رکھیں اور پاس ورڈ منیجر استعمال کرنا مفید ہے۔
اگر کوئی یہ سوال کرے کہ لائبریری اور خاموش ماحول میں مطالعہ کرنے کے کیا فوائد ہیں؟,لائبریری میں مختلف کتابیں اور حوالہ جاتی مواد دستیاب ہوتا ہے اور خاموش ماحول توجہ مرکوز رکھنے میں مدد دیتا ہے۔ اس سے مطالعہ زیادہ مؤثر ہوتا ہے اور دوسروں کی موجودگی حوصلہ بھی بڑھاتی ہے۔
کچرا الگ الگ کر کے پھینکنے اور ری سائیکلنگ میں حصہ لینے کے کیا فوائد ہیں؟,کچرا الگ کرنے سے ری سائیکلنگ آسان ہوتی ہے، لینڈ فل پر بوجھ کم ہوتا ہے اور قیمتی وسائل دوبارہ استعمال میں آتے ہیں۔ اس عادت سے ماحول صاف رہتا ہے اور مستقبل کی نسلوں کے لیے وسائل محفوظ رہتے ہیں۔
بجلی اور گیس کے گھریلو استعمال میں بچت کے عملی طریقے کیا ہیں؟,ایل ای ڈی بلب استعمال کرنا، غیر ضروری بتیاں اور پنکھے بند کرنا، فریج کا دروازہ بار بار نہ کھولنا اور گیس کے چولہے کو ضرورت سے زیادہ نہ جلانا بچت کے طریقے ہیں۔ ان چھوٹی احتیاطوں سے بل میں نمایاں کمی آ سکتی ہے۔
عام معلومات کے مطابق مثبت سوچ اور امید کا رویہ مشکل حالات کا سامنا کرنے میں کیسے مدد دیتا ہے؟,مثبت سوچ مسائل کے حل پر توجہ مرکوز رکھتی ہے جبکہ امید حوصلہ برقرار رکھتی ہے۔ ان رویوں سے تناؤ کم ہوتا ہے اور انسان مشکلات سے نکلنے کے راستے تلاش کرتا رہتا ہے۔
اس موضوع پر روشنی ڈالیں کہ ای میل کے ذریعے بات چیت کے کیا فوائد ہیں اور اس کے استعمال میں کیا احتیاط ضروری ہے؟,ای میل دستاویزات بھیجنے، ریکارڈ رکھنے اور پیشہ ورانہ بات چیت کے لیے بہت مفید ہے۔ احتیاط میں مشکوک لنکس نہ کھولنا، نامعلوم بھیجنے والوں سے محتاط رہنا اور اہم معلومات بغیر انکرپشن کے نہ بھیجنا شامل ہے۔
براہ کرم وضاحت کریں کہ روشنی کی رفتار کتنی ہے اور اس کا روزمرہ زندگی میں کیا مطلب ہے؟,روشنی تقریباً تین لاکھ کلومیٹر فی سیکنڈ کی رفتار سے سفر کرتی ہے۔ اس تیز رفتاری کی وجہ سے ہمیں سورج کی روشنی چند منٹوں میں مل جاتی ہے اور ہم دور کی چیزیں فوری دیکھ سکتے ہیں۔
اس موضوع پر روشنی ڈالیں کہ وائی فائی اور موبائل ڈیٹا میں کیا فرق ہے اور کب کون سا بہتر ہے؟,وائی فائی مقامی وائرلیس نیٹ ورک سے انٹرنیٹ دیتا ہے جو عام طور پر تیز اور سستا ہوتا ہے جبکہ موبائل ڈیٹا موبائل ٹاورز کے ذریعے کام کرتا ہے اور کہیں بھی دستیاب ہوتا ہے۔ گھر یا دفتر میں وائی فائی اور باہر موبائل ڈیٹا بہتر رہتا ہے۔
براہ کرم وضاحت کریں کہ پانی کی بچت کے گھریلو طریقے اور ان کی اہمیت کیا ہے؟,نل کو استعمال کے بعد فوری بند کرنا، لیکس درست کرانا، واشنگ مشین کو فل لوڈ پر چلانا اور بارش کا پانی پودوں کے لیے جمع کرنا گھریلو بچت کے طریقے ہیں۔ صاف پانی محدود وسیلہ ہے اس لیے اس کی قدر کرنی چاہیے۔
عام معلومات کے مطابق پانی کی بچت کے گھریلو طریقے اور ان کی اہمیت کیا ہے؟,نل کو استعمال کے بعد فوری بند کرنا، لیکس درست کرانا، واشنگ مشین کو فل لوڈ پر چلانا اور بارش کا پانی پودوں کے لیے جمع کرنا گھریلو بچت کے طریقے ہیں۔ صاف پانی محدود وسیلہ ہے اس لیے اس کی قدر کرنی چاہیے۔
اس موضوع پر روشنی ڈالیں کہ پانی کے تین حالتیں کون سی ہیں اور وہ کیسے بدلتی ہیں؟,پانی کی تین حالتیں ٹھوس برف، مائع پانی اور گیس بھاپ ہیں۔ گرمی دینے سے برف پانی بنتی ہے اور مزید گرمی سے بھاپ بن جاتی ہے۔ ٹھنڈا کرنے سے یہ عمل الٹ جاتا ہے اور بھاپ پھر پانی اور برف بن سکتی ہے۔
تفصیلی جواب دیں کہ ہاتھ دھونے کی عادت بیماریوں سے کیسے بچاتی ہے اور کب کب ہاتھ دھونے چاہییں؟,ہاتھ دھونے سے جراثیم اور وائرس ختم ہو جاتے ہیں جو متعدی بیماریاں پھیلاتے ہیں۔ کھانے سے پہلے اور بعد میں، بیت الخلاء کے بعد، باہر سے گھر آنے پر اور بیمار شخص کے رابطے کے بعد ضرور ہاتھ دھونے چاہییں۔
کیا آپ تفصیل سے بتا سکتے ہیں کہ گھر کی صفائی اور ترتیب رکھنے کی عادت کے جسمانی اور ذہنی فوائد کیا ہیں؟,صاف گھر میں جراثیم کم ہوتے ہیں جو صحت کے لیے بہتر ہے۔ مرتب ماحول ذہنی سکون دیتا ہے، چیزیں تلاش کرنے میں وقت بچتا ہے اور مجموعی طور پر گھر کا ماحول خوشگوار رہتا ہے۔ روزانہ تھوڑی سی صفائی بڑا فرق لا سکتی ہے۔
عام معلومات کے مطابق وقت کی قدر کرنا اور اسے ضائع نہ کرنا زندگی کے معیار کو کیسے بہتر بناتا ہے؟,وقت محدود وسیلہ ہے۔ اس کی قدر کر کے اہم کاموں کو ترجیح دی جائے تو پیداواریت بڑھتی ہے، تناؤ کم ہوتا ہے اور زندگی کے اہم لمحات کے لیے وقت نکالنا ممکن ہوتا ہے۔
اس موضوع پر روشنی ڈالیں کہ صداقت اور ایمانداری فرد کی شخصیت اور معاشرتی اعتماد پر کیا اثر ڈالتی ہیں؟,صداقت شخصیت کو مضبوط اور قابل اعتماد بناتی ہے۔ معاشرے میں ایمانداری سے کام کا معیار بہتر ہوتا ہے، وعدے پورے ہوتے ہیں اور لوگ ایک دوسرے پر بھروسہ کر سکتے ہیں جو ترقی کے لیے ضروری ہے۔
اس موضوع پر روشنی ڈالیں کہ برف پانی اور بھاپ میں کیا فرق ہے اور درجہ حرارت کا اس میں کیا کردار ہے؟,برف پانی کی ٹھوس حالت ہے جو صفر ڈگری یا اس سے کم پر ہوتی ہے۔ پانی مائع حالت ہے اور بھاپ گیسی حالت ہے جو سو ڈگری یا اس سے اوپر بنتی ہے۔ درجہ حرارت ان حالتوں کو تبدیل کرتا ہے۔
براہ کرم وضاحت کریں کہ سمندری حیات کی حفاظت کیوں اہم ہے اور انسان اس میں کیا کردار ادا کر سکتا ہے؟,سمندری حیات ماحولیاتی توازن، آکسیجن پیدا کرنے اور خوراک فراہم کرنے میں اہم ہے۔ انسان پلاسٹک کم استعمال کر کے، پائیدار مچھلیاں کھا کر اور ساحلی صفائی میں حصہ لے کر حفاظت میں مدد کر سکتا ہے۔
علمی اور عملی طور پر شمسی اور ہوا سے پیدا ہونے والی توانائی کے ماحولیاتی فوائد کیا ہیں؟,یہ تجدید پذیر ذرائع ہیں جو چلنے کے دوران کاربن اخراج نہیں کرتے، آلودگی کم کرتے ہیں اور فوسل فیولز پر انحصار کم کرتے ہیں۔ طویل مدت میں یہ ماحول اور معیشت دونوں کے لیے فائدہ مند ہیں۔
اس موضوع پر روشنی ڈالیں کہ روبوٹ اور آٹومیشن سے روزمرہ زندگی میں کیا تبدیلیاں آ رہی ہیں؟,روبوٹ اور آٹومیشن تکراری کاموں کو تیز اور درست طریقے سے انجام دے رہے ہیں جس سے صنعتوں میں پیداوار بڑھ رہی ہے۔ گھریلو استعمال میں صفائی کے روبوٹ اور وائس اسسٹنٹ عام ہو رہے ہیں جو وقت بچاتے ہیں۔
اگر کوئی یہ سوال کرے کہ صبر اور تحمل مشکل حالات اور رشتوں میں کیسے مددگار ثابت ہوتے ہیں؟,صبر جذبات پر قابو رکھنے اور سوچ سمجھ کر ردعمل دینے میں مدد دیتا ہے۔ تحمل سے چھوٹے اختلافات بڑے جھگڑوں میں نہیں بدلتے اور رشتے طویل مدت تک برقرار رہتے ہیں۔
علمی اور عملی طور پر پانی کے تین حالتیں کون سی ہیں اور وہ کیسے بدلتی ہیں؟,پانی کی تین حالتیں ٹھوس برف، مائع پانی اور گیس بھاپ ہیں۔ گرمی دینے سے برف پانی بنتی ہے اور مزید گرمی سے بھاپ بن جاتی ہے۔ ٹھنڈا کرنے سے یہ عمل الٹ جاتا ہے اور بھاپ پھر پانی اور برف بن سکتی ہے۔
براہ کرم وضاحت کریں کہ آن لائن تعلیم کے اہم فوائد اور ممکنہ چیلنجز کیا ہیں؟,فوائد میں گھر بیٹھے سیکھنے کی سہولت، عالمی وسائل تک رسائی اور لچکدار اوقات شامل ہیں۔ چیلنجز میں مستحکم انٹرنیٹ کی ضرورت، خود نظم و ضبط کی کمی اور عملی تجربے یا لیب ورک کی محدودیت ہو سکتی ہے۔
اگر کوئی یہ سوال کرے کہ موسمیاتی تبدیلی کے اثرات کیا ہیں اور عام انسان انھیں کم کرنے میں کیا کردار ادا کر سکتا ہے؟,موسمیاتی تبدیلی سے انتہائی موسمی حالات، سمندری سطح میں اضافہ اور زراعت پر اثرات پڑ رہے ہیں۔ انسان عوامی ٹرانسپورٹ استعمال کر کے، توانائی کی بچت کر کے، گوشت کی کھپت معتدل رکھ کر اور درخت لگا کر اپنا کردار ادا کر سکتا ہے۔
تفصیلی جواب دیں کہ مہمان نوازی کے بہترین طریقے کیا ہیں جو مہمانوں کو خوش رکھیں؟,مہمانوں کا مسکراہٹ سے استقبال کرنا، ان کی ضروریات کا خیال رکھنا، آرام دہ ماحول فراہم کرنا اور مجبوری میں زیادہ تکلف نہ کرنا اچھی مہمان نوازی کے طریقے ہیں۔ سادگی اور خلوص سب سے اہم ہیں۔
کیا آپ تفصیل سے بتا سکتے ہیں کہ وقت کے بہتر انتظام کے لیے کون سے عملی اور آسان طریقے اپنائے جا سکتے ہیں؟,اہم کاموں کی فہرست بنانا، بڑے کاموں کو چھوٹے حصوں میں تقسیم کرنا، غیر ضروری مشاغل کم کرنا اور روزانہ کے اختتام پر اگلے دن کا منصوبہ بنانا وقت کے بہتر انتظام میں مدد دیتے ہیں۔ اس سے پیداواریت بڑھتی ہے اور تناؤ کم ہوتا ہے۔
کیا آپ تفصیل سے بتا سکتے ہیں کہ لائبریری اور خاموش ماحول میں مطالعہ کرنے کے کیا فوائد ہیں؟,لائبریری میں مختلف کتابیں اور حوالہ جاتی مواد دستیاب ہوتا ہے اور خاموش ماحول توجہ مرکوز رکھنے میں مدد دیتا ہے۔ اس سے مطالعہ زیادہ مؤثر ہوتا ہے اور دوسروں کی موجودگی حوصلہ بھی بڑھاتی ہے۔
تفصیلی جواب دیں کہ وقت کی قدر کرنا اور اسے ضائع نہ کرنا زندگی کے معیار کو کیسے بہتر بناتا ہے؟,وقت محدود وسیلہ ہے۔ اس کی قدر کر کے اہم کاموں کو ترجیح دی جائے تو پیداواریت بڑھتی ہے، تناؤ کم ہوتا ہے اور زندگی کے اہم لمحات کے لیے وقت نکالنا ممکن ہوتا ہے۔
براہ کرم وضاحت کریں کہ مدد اور ہمدردی کے جذبے سے معاشرہ کیسے زیادہ مضبوط اور پر امن بنتا ہے؟,مدد سے کمزور افراد کو سہارا ملتا ہے اور ہمدردی سے لوگ ایک دوسرے کے دکھ درد کو سمجھتے ہیں۔ ان جذبات سے سماجی رشتے مضبوط ہوتے ہیں اور مجموعی طور پر معاشرہ زیادہ متحد اور پر امن رہتا ہے۔
علمی اور عملی طور پر روبوٹ اور آٹومیشن سے روزمرہ زندگی میں کیا تبدیلیاں آ رہی ہیں؟,روبوٹ اور آٹومیشن تکراری کاموں کو تیز اور درست طریقے سے انجام دے رہے ہیں جس سے صنعتوں میں پیداوار بڑھ رہی ہے۔ گھریلو استعمال میں صفائی کے روبوٹ اور وائس اسسٹنٹ عام ہو رہے ہیں جو وقت بچاتے ہیں۔
اگر کوئی یہ سوال کرے کہ قدرتی وسائل کی حفاظت آنے والی نسلوں کے لیے کیوں ضروری ہے؟,قدرتی وسائل جیسے پانی، جنگلات اور معدنیات محدود ہیں۔ ان کی بے جا استعمال سے قلت پیدا ہو سکتی ہے۔ پائیدار استعمال اور حفاظت سے آنے والی نسلیں بھی ان وسائل سے مستفید ہو سکیں گی۔
تفصیلی جواب دیں کہ پلاسٹک کے زیادہ استعمال کے ماحول اور جانداروں پر کیا منفی اثرات مرتب ہوتے ہیں؟,پلاسٹک صدیاں لگاتی ہے گل سڑنے میں، سمندروں اور زمین کو آلودہ کرتا ہے، جانور اسے کھا کر متاثر ہوتے ہیں اور مائیکرو پلاسٹک خوراک چین میں داخل ہو جاتا ہے۔ اس لیے استعمال کم کرنا اور متبادل اپنانا ضروری ہے۔
ای میل کے ذریعے بات چیت کے کیا فوائد ہیں اور اس کے استعمال میں کیا احتیاط ضروری ہے؟,ای میل دستاویزات بھیجنے، ریکارڈ رکھنے اور پیشہ ورانہ بات چیت کے لیے بہت مفید ہے۔ احتیاط میں مشکوک لنکس نہ کھولنا، نامعلوم بھیجنے والوں سے محتاط رہنا اور اہم معلومات بغیر انکرپشن کے نہ بھیجنا شامل ہے۔
براہ کرم وضاحت کریں کہ گھر میں پودے رکھنے اور ان کی دیکھ بھال کے کیا فوائد ہیں؟,پودے اندرونی ہوا کو بہتر بناتے ہیں، ماحول کو خوبصورت بناتے ہیں اور ذہنی سکون فراہم کرتے ہیں۔ باقاعدہ پانی دینا، مناسب روشنی کا خیال رکھنا اور ضرورت پڑنے پر کھاد ڈالنا ان کی صحت مند نشوونما کے لیے ضروری ہے۔
تفصیلی جواب دیں کہ موسمیاتی تبدیلی کے اثرات کیا ہیں اور عام انسان انھیں کم کرنے میں کیا کردار ادا کر سکتا ہے؟,موسمیاتی تبدیلی سے انتہائی موسمی حالات، سمندری سطح میں اضافہ اور زراعت پر اثرات پڑ رہے ہیں۔ انسان عوامی ٹرانسپورٹ استعمال کر کے، توانائی کی بچت کر کے، گوشت کی کھپت معتدل رکھ کر اور درخت لگا کر اپنا کردار ادا کر سکتا ہے۔
براہ کرم وضاحت کریں کہ زلزلہ کیسے آتا ہے اور اس سے بچاؤ کے کیا طریقے ہیں؟,زلزلہ زمین کی اندرونی تہوں میں چٹانوں کی حرکت اور دباؤ کی وجہ سے آتا ہے۔ بچاؤ کے لیے مضبوط عمارتیں بنانا، محفوظ جگہوں کی نشاندہی کرنا اور زلزلے کے وقت میز کے نیچے یا مضبوط دیوار کے پاس بیٹھنا مفید ہوتا ہے۔
سائبر سیکیورٹی کیوں اہم ہے اور عام صارف کیا احتیاط کر سکتا ہے؟,سائبر سیکیورٹی ڈیجیٹل معلومات اور سسٹمز کو نقصان اور چوری سے بچاتی ہے۔ عام صارف مضبوط اور منفرد پاس ورڈ استعمال کر کے، مشکوک لنکس اور ای میلز سے بچ کر اور سافٹ ویئر کو اپ ڈیٹ رکھ کر اپنی حفاظت کر سکتا ہے۔
عام معلومات کے مطابق پانی کی مناسب مقدار پینا صحت کے لیے کیوں اہم ہے؟,پانی جسم کے درجہ حرارت کو کنٹرول کرتا ہے، غذائی اجزاء پہنچاتا ہے، فضلہ خارج کرنے میں مدد دیتا ہے اور جوڑوں کو چکنا رکھتا ہے۔ کمی سے تھکاوٹ، سر درد اور گردوں کے مسائل ہو سکتے ہیں اس لیے روزانہ کافی پانی پینا چاہیے۔
عام معلومات کے مطابق مدد اور ہمدردی کے جذبے سے معاشرہ کیسے زیادہ مضبوط اور پر امن بنتا ہے؟,مدد سے کمزور افراد کو سہارا ملتا ہے اور ہمدردی سے لوگ ایک دوسرے کے دکھ درد کو سمجھتے ہیں۔ ان جذبات سے سماجی رشتے مضبوط ہوتے ہیں اور مجموعی طور پر معاشرہ زیادہ متحد اور پر امن رہتا ہے۔
اگر کوئی یہ سوال کرے کہ چاند پر انسان کیوں نہیں رہ سکتا جبکہ زمین پر زندگی کیسے ممکن ہوئی؟,چاند پر آکسیجن، مائع پانی اور مناسب درجہ حرارت کی شدید کمی ہے۔ زمین پر سورج سے مناسب فاصلہ، آکسیجن کی موجودگی اور پانی نے زندگی کو ممکن بنایا ہے۔
عام معلومات کے مطابق گھر میں پودے رکھنے اور ان کی دیکھ بھال کے کیا فوائد ہیں؟,پودے اندرونی ہوا کو بہتر بناتے ہیں، ماحول کو خوبصورت بناتے ہیں اور ذہنی سکون فراہم کرتے ہیں۔ باقاعدہ پانی دینا، مناسب روشنی کا خیال رکھنا اور ضرورت پڑنے پر کھاد ڈالنا ان کی صحت مند نشوونما کے لیے ضروری ہے۔
علمی اور عملی طور پر برف پانی اور بھاپ میں کیا فرق ہے اور درجہ حرارت کا اس میں کیا کردار ہے؟,برف پانی کی ٹھوس حالت ہے جو صفر ڈگری یا اس سے کم پر ہوتی ہے۔ پانی مائع حالت ہے اور بھاپ گیسی حالت ہے جو سو ڈگری یا اس سے اوپر بنتی ہے۔ درجہ حرارت ان حالتوں کو تبدیل کرتا ہے۔
ذہنی صحت کا خیال رکھنے کے عملی اور آسان طریقے کیا ہیں؟,گہری سانس لینے کی مشق، روزانہ مختصر سیر، مثبت خیالات پر توجہ، دوستوں یا خاندان سے بات چیت اور ضرورت پڑنے پر پیشہ ورانہ مدد لینا ذہنی صحت بہتر رکھنے کے عملی طریقے ہیں۔ باقاعدگی سے ان پر عمل کرنا مفید ہے۔
تفصیلی جواب دیں کہ وقت کی پابندی اور شیڈول بنانے کی عادت طالب علم کی زندگی میں کیا کردار ادا کرتی ہے؟,وقت کی پابندی سے کام بروقت مکمل ہوتے ہیں، تناؤ کم ہوتا ہے اور خالی وقت کا بہتر استعمال ممکن ہوتا ہے۔ شیڈول بنانے سے ترجیحات واضح رہتی ہیں اور عادتیں مضبوط بنتی ہیں۔
تفصیلی جواب دیں کہ پانی کی مناسب مقدار پینا صحت کے لیے کیوں اہم ہے؟,پانی جسم کے درجہ حرارت کو کنٹرول کرتا ہے، غذائی اجزاء پہنچاتا ہے، فضلہ خارج کرنے میں مدد دیتا ہے اور جوڑوں کو چکنا رکھتا ہے۔ کمی سے تھکاوٹ، سر درد اور گردوں کے مسائل ہو سکتے ہیں اس لیے روزانہ کافی پانی پینا چاہیے۔
اس موضوع پر روشنی ڈالیں کہ پلاسٹک کے زیادہ استعمال کے ماحول اور جانداروں پر کیا منفی اثرات مرتب ہوتے ہیں؟,پلاسٹک صدیاں لگاتی ہے گل سڑنے میں، سمندروں اور زمین کو آلودہ کرتا ہے، جانور اسے کھا کر متاثر ہوتے ہیں اور مائیکرو پلاسٹک خوراک چین میں داخل ہو جاتا ہے۔ اس لیے استعمال کم کرنا اور متبادل اپنانا ضروری ہے۔
عام معلومات کے مطابق شہری علاقوں میں سبز چھتوں اور باغیچوں کے کیا فوائد ہیں؟,سبز چھتیں اور باغیچے درجہ حرارت کم کرتے ہیں، بارش کے پانی کو جذب کرتے ہیں، ہوا بہتر بناتے ہیں اور رہائشیوں کو ذہنی سکون فراہم کرتے ہیں۔ یہ شہری ماحول کو زیادہ قابل رہائش بناتے ہیں۔
عام معلومات کے مطابق وقت کی پابندی اور شیڈول بنانے کی عادت طالب علم کی زندگی میں کیا کردار ادا کرتی ہے؟,وقت کی پابندی سے کام بروقت مکمل ہوتے ہیں، تناؤ کم ہوتا ہے اور خالی وقت کا بہتر استعمال ممکن ہوتا ہے۔ شیڈول بنانے سے ترجیحات واضح رہتی ہیں اور عادتیں مضبوط بنتی ہیں۔
علمی اور عملی طور پر ٹریفک قوانین کی پابندی فرد اور معاشرے دونوں کے لیے کیوں ضروری ہے؟,قوانین کی پابندی سے سڑکوں پر حادثات کم ہوتے ہیں، جانی و مالی نقصان سے بچاؤ ہوتا ہے اور ٹریفک کا بہاؤ ہموار رہتا ہے۔ اس سے سب کے لیے سفر محفوظ اور آسان بنتا ہے اور معاشرتی نظم برقرار رہتا ہے۔
اگر کوئی یہ سوال کرے کہ باقاعدہ ورزش جسمانی اور ذہنی صحت پر کیا اثرات مرتب کرتی ہے؟,باقاعدہ ورزش جسمانی طاقت اور برداشت بڑھاتی ہے، وزن کنٹرول کرتی ہے، دل اور پھیپھڑوں کی صحت بہتر بناتی ہے اور ذہنی دباؤ کم کر کے موڈ کو مثبت رکھتی ہے۔ ہفتے میں کم از کم ایک سو پچاس منٹ معتدل ورزش کی سفارش کی جاتی ہے۔
عام معلومات کے مطابق تمباکو نوشی اور تمباکو کی مصنوعات کے صحت پر کیا سنگین اثرات مرتب ہوتے ہیں؟,تمباکو نوشی پھیپھڑوں کے کینسر، دل کی بیماریوں، سانس کی بیماریوں اور بہت سی دیگر صحت کے مسائل کا بڑا سبب ہے۔ یہ نہ صرف استعمال کنندہ بلکہ ارد گرد کے لوگوں کی صحت کو بھی متاثر کرتی ہے اس لیے اس سے مکمل پرہیز بہتر ہے۔
عام معلومات کے مطابق چاند پر انسان کیوں نہیں رہ سکتا جبکہ زمین پر زندگی کیسے ممکن ہوئی؟,چاند پر آکسیجن، مائع پانی اور مناسب درجہ حرارت کی شدید کمی ہے۔ زمین پر سورج سے مناسب فاصلہ، آکسیجن کی موجودگی اور پانی نے زندگی کو ممکن بنایا ہے۔
علمی اور عملی طور پر زلزلہ کیسے آتا ہے اور اس سے بچاؤ کے کیا طریقے ہیں؟,زلزلہ زمین کی اندرونی تہوں میں چٹانوں کی حرکت اور دباؤ کی وجہ سے آتا ہے۔ بچاؤ کے لیے مضبوط عمارتیں بنانا، محفوظ جگہوں کی نشاندہی کرنا اور زلزلے کے وقت میز کے نیچے یا مضبوط دیوار کے پاس بیٹھنا مفید ہوتا ہے۔
علمی اور عملی طور پر بڑھاپے میں صحت مند رہنے کے لیے کون سی عادتیں اپنانی چاہییں؟,ہلکی ورزش جیسے چہل قدمی، متوازن غذا، سماجی تعلقات برقرار رکھنا، ذہنی سرگرمیاں جیسے پڑھنا اور باقاعدہ طبی معائنہ بڑھاپے میں صحت مند اور فعال رہنے میں مدد دیتے ہیں۔
اس موضوع پر روشنی ڈالیں کہ صبر اور تحمل مشکل حالات اور رشتوں میں کیسے مددگار ثابت ہوتے ہیں؟,صبر جذبات پر قابو رکھنے اور سوچ سمجھ کر ردعمل دینے میں مدد دیتا ہے۔ تحمل سے چھوٹے اختلافات بڑے جھگڑوں میں نہیں بدلتے اور رشتے طویل مدت تک برقرار رہتے ہیں۔
نوٹس بنانے اور دہرانے کی عادت امتحانی تیاری میں کیسے مددگار ثابت ہوتی ہے؟,نوٹس بنانے سے اہم باتیں مختصر اور منظم ہو جاتی ہیں جس سے دہرائی تیز اور مؤثر ہوتی ہے۔ باقاعدہ دہرائی سے معلومات طویل مدتی یادداشت میں چلی جاتی ہیں اور امتحان میں اعتماد بڑھتا ہے۔
ڈیجیٹل پرائیویسی کیا ہے اور اسے برقرار رکھنے کے آسان طریقے کیا ہیں؟,ڈیجیٹل پرائیویسی کا مطلب ہے اپنی ذاتی معلومات کو غیر ضروری شیئرنگ اور غلط استعمال سے بچانا۔ اس کے لیے پرائیویسی سیٹنگز چیک کرنا، لوکیشن شیئرنگ محدود رکھنا اور صرف قابل اعتماد ایپس استعمال کرنا ضروری ہے۔
کیا آپ تفصیل سے بتا سکتے ہیں کہ ذمہ داری نبھانے کی عادت فرد اور اداروں دونوں کے لیے کیوں ضروری ہے؟,ذمہ داری سے کام وقت پر اور معیار کے ساتھ مکمل ہوتا ہے۔ فرد کی سطح پر یہ اعتماد بڑھاتی ہے اور اداروں میں یہ نظام کو چلانے اور اہداف حاصل کرنے کے لیے ناگزیر ہے۔
تفصیلی جواب دیں کہ لائبریری اور خاموش ماحول میں مطالعہ کرنے کے کیا فوائد ہیں؟,لائبریری میں مختلف کتابیں اور حوالہ جاتی مواد دستیاب ہوتا ہے اور خاموش ماحول توجہ مرکوز رکھنے میں مدد دیتا ہے۔ اس سے مطالعہ زیادہ مؤثر ہوتا ہے اور دوسروں کی موجودگی حوصلہ بھی بڑھاتی ہے۔
اگر کوئی یہ سوال کرے کہ وٹامنز اور منرلز جسم کے لیے کیوں ضروری ہیں اور ان کی کمی سے کیا مسائل ہو سکتے ہیں؟,وٹامنز اور منرلز جسم کے مختلف افعال جیسے مدافعت، ہڈیوں کی مضبوطی اور توانائی پیدا کرنے میں مدد دیتے ہیں۔ کمی سے تھکاوٹ، کمزور ہڈیاں، خون کی کمی اور مدافعتی نظام کمزور پڑنے جیسے مسائل پیدا ہو سکتے ہیں۔
براہ کرم وضاحت کریں کہ ری سائیکلنگ کے عمل کو عام شہری کیسے سپورٹ کر سکتا ہے؟,کاغذ، پلاسٹک، شیشہ اور دھات کو الگ الگ ڈسٹ بن میں ڈالنا، ری سائیکل شدہ مصنوعات خریدنا اور دوسروں کو آگاہی دینا شہریوں کے سپورٹ کرنے کے طریقے ہیں۔ چھوٹی انفرادی کاوشیں مل کر بڑا فرق پیدا کرتی ہیں۔
براہ کرم وضاحت کریں کہ پانی کے تین حالتیں کون سی ہیں اور وہ کیسے بدلتی ہیں؟,پانی کی تین حالتیں ٹھوس برف، مائع پانی اور گیس بھاپ ہیں۔ گرمی دینے سے برف پانی بنتی ہے اور مزید گرمی سے بھاپ بن جاتی ہے۔ ٹھنڈا کرنے سے یہ عمل الٹ جاتا ہے اور بھاپ پھر پانی اور برف بن سکتی ہے۔
اگر کوئی یہ سوال کرے کہ وقت کے بہتر انتظام کے لیے کون سے عملی اور آسان طریقے اپنائے جا سکتے ہیں؟,اہم کاموں کی فہرست بنانا، بڑے کاموں کو چھوٹے حصوں میں تقسیم کرنا، غیر ضروری مشاغل کم کرنا اور روزانہ کے اختتام پر اگلے دن کا منصوبہ بنانا وقت کے بہتر انتظام میں مدد دیتے ہیں۔ اس سے پیداواریت بڑھتی ہے اور تناؤ کم ہوتا ہے۔
کیا آپ تفصیل سے بتا سکتے ہیں کہ نوٹس بنانے اور دہرانے کی عادت امتحانی تیاری میں کیسے مددگار ثابت ہوتی ہے؟,نوٹس بنانے سے اہم باتیں مختصر اور منظم ہو جاتی ہیں جس سے دہرائی تیز اور مؤثر ہوتی ہے۔ باقاعدہ دہرائی سے معلومات طویل مدتی یادداشت میں چلی جاتی ہیں اور امتحان میں اعتماد بڑھتا ہے۔
اگر کوئی یہ سوال کرے کہ بچوں کی صحت مند نشوونما کے لیے کن باتوں کا خیال رکھنا ضروری ہے؟,متوازن غذا، باقاعدہ جسمانی سرگرمی، کافی نیند، حفاظتی ٹیکے اور محبت بھرا ماحول بچوں کی صحت مند نشوونما کے لیے ضروری ہیں۔ اسکرین ٹائم محدود رکھنا اور کھیل کود کی حوصلہ افزائی بھی اہم ہے۔
براہ کرم وضاحت کریں کہ وقت کی قدر کرنا اور اسے ضائع نہ کرنا زندگی کے معیار کو کیسے بہتر بناتا ہے؟,وقت محدود وسیلہ ہے۔ اس کی قدر کر کے اہم کاموں کو ترجیح دی جائے تو پیداواریت بڑھتی ہے، تناؤ کم ہوتا ہے اور زندگی کے اہم لمحات کے لیے وقت نکالنا ممکن ہوتا ہے۔
تفصیلی جواب دیں کہ اساتذہ اور والدین کا مثبت تعاون طالب علم کی کامیابی میں کتنا اہم ہے؟,اساتذہ علمی رہنمائی اور حوصلہ افزائی فراہم کرتے ہیں جبکہ والدین گھریلو ماحول، نظم و ضبط اور جذباتی سہارا دیتے ہیں۔ دونوں کے درمیان اچھا تعاون طالب علم کے اعتماد، دلچسپی اور مجموعی کامیابی کو بہت بڑھاتا ہے۔
عام معلومات کے مطابق محنت، لگن اور مستقل مزاجی کامیابی حاصل کرنے میں کتنا اہم کردار ادا کرتی ہے؟,محنت صلاحیتوں کو نکھارتی ہے، لگن مقصد پر توجہ رکھتی ہے اور مستقل مزاجی مشکل حالات میں بھی آگے بڑھنے کا حوصلہ دیتی ہے۔ ان تینوں کے بغیر پائیدار کامیابی مشکل ہے۔
کیا آپ تفصیل سے بتا سکتے ہیں کہ پڑوسیوں کے ساتھ اچھے اور پرامن تعلقات قائم رکھنے کے طریقے کیا ہو سکتے ہیں؟,باقاعدہ سلام دعا کرنا، ضرورت کے وقت مدد کی پیشکش کرنا، شور شرابے سے گریز کرنا اور چھوٹے تنازعات کو بات چیت سے حل کرنا اچھے پڑوسی تعلقات کے طریقے ہیں۔ اچھے پڑوسی رہائشی زندگی کو بہت خوشگوار بنا دیتے ہیں۔
اگر کوئی یہ سوال کرے کہ سائنس اور ریاضی جیسے مضامین میں دلچسپی پیدا کرنے کے طریقے کیا ہو سکتے ہیں؟,روزمرو کی مثالوں سے جوڑنا، سادہ تجربات کر کے دکھانا، پہیلیاں اور عملی مسائل حل کرانا اور کامیابی پر حوصلہ افزائی کرنا ان مضامین میں دلچسپی پیدا کرنے میں مدد دیتے ہیں۔ سمجھ کے ساتھ سیکھنا رٹے سے بہتر ہے۔
اگر کوئی یہ سوال کرے کہ سمندری حیات کی حفاظت کیوں اہم ہے اور انسان اس میں کیا کردار ادا کر سکتا ہے؟,سمندری حیات ماحولیاتی توازن، آکسیجن پیدا کرنے اور خوراک فراہم کرنے میں اہم ہے۔ انسان پلاسٹک کم استعمال کر کے، پائیدار مچھلیاں کھا کر اور ساحلی صفائی میں حصہ لے کر حفاظت میں مدد کر سکتا ہے۔
اگر کوئی یہ سوال کرے کہ پانی کی مناسب مقدار پینا صحت کے لیے کیوں اہم ہے؟,پانی جسم کے درجہ حرارت کو کنٹرول کرتا ہے، غذائی اجزاء پہنچاتا ہے، فضلہ خارج کرنے میں مدد دیتا ہے اور جوڑوں کو چکنا رکھتا ہے۔ کمی سے تھکاوٹ، سر درد اور گردوں کے مسائل ہو سکتے ہیں اس لیے روزانہ کافی پانی پینا چاہیے۔
اس موضوع پر روشنی ڈالیں کہ مدد اور ہمدردی کے جذبے سے معاشرہ کیسے زیادہ مضبوط اور پر امن بنتا ہے؟,مدد سے کمزور افراد کو سہارا ملتا ہے اور ہمدردی سے لوگ ایک دوسرے کے دکھ درد کو سمجھتے ہیں۔ ان جذبات سے سماجی رشتے مضبوط ہوتے ہیں اور مجموعی طور پر معاشرہ زیادہ متحد اور پر امن رہتا ہے۔
اگر کوئی یہ سوال کرے کہ کلاؤڈ سٹوریج کے کیا فوائد ہیں اور اسے استعمال کرتے وقت کیا خیال رکھنا چاہیے؟,کلاؤڈ سٹوریج ڈیٹا کو انٹرنیٹ پر محفوظ رکھنے کی سہولت دیتا ہے جس سے کہیں سے بھی رسائی ممکن ہوتی ہے اور ڈیوائس کھو جانے پر بھی ڈیٹا محفوظ رہتا ہے۔ خیال رکھیں کہ مضبوط پاس ورڈ اور دو مرحلہ تصدیق استعمال کریں۔
کیا آپ تفصیل سے بتا سکتے ہیں کہ اساتذہ اور والدین کا مثبت تعاون طالب علم کی کامیابی میں کتنا اہم ہے؟,اساتذہ علمی رہنمائی اور حوصلہ افزائی فراہم کرتے ہیں جبکہ والدین گھریلو ماحول، نظم و ضبط اور جذباتی سہارا دیتے ہیں۔ دونوں کے درمیان اچھا تعاون طالب علم کے اعتماد، دلچسپی اور مجموعی کامیابی کو بہت بڑھاتا ہے۔
براہ کرم وضاحت کریں کہ پلاسٹک کے زیادہ استعمال کے ماحول اور جانداروں پر کیا منفی اثرات مرتب ہوتے ہیں؟,پلاسٹک صدیاں لگاتی ہے گل سڑنے میں، سمندروں اور زمین کو آلودہ کرتا ہے، جانور اسے کھا کر متاثر ہوتے ہیں اور مائیکرو پلاسٹک خوراک چین میں داخل ہو جاتا ہے۔ اس لیے استعمال کم کرنا اور متبادل اپنانا ضروری ہے۔
کیا آپ تفصیل سے بتا سکتے ہیں کہ ری سائیکلنگ کے عمل کو عام شہری کیسے سپورٹ کر سکتا ہے؟,کاغذ، پلاسٹک، شیشہ اور دھات کو الگ الگ ڈسٹ بن میں ڈالنا، ری سائیکل شدہ مصنوعات خریدنا اور دوسروں کو آگاہی دینا شہریوں کے سپورٹ کرنے کے طریقے ہیں۔ چھوٹی انفرادی کاوشیں مل کر بڑا فرق پیدا کرتی ہیں۔
عام معلومات کے مطابق پلاسٹک کے زیادہ استعمال کے ماحول اور جانداروں پر کیا منفی اثرات مرتب ہوتے ہیں؟,پلاسٹک صدیاں لگاتی ہے گل سڑنے میں، سمندروں اور زمین کو آلودہ کرتا ہے، جانور اسے کھا کر متاثر ہوتے ہیں اور مائیکرو پلاسٹک خوراک چین میں داخل ہو جاتا ہے۔ اس لیے استعمال کم کرنا اور متبادل اپنانا ضروری ہے۔
اس موضوع پر روشنی ڈالیں کہ علم حاصل کرنے اور اسے دوسروں تک پہنچانے کا معاشرتی فائدہ کیا ہے؟,علم فرد کو بااختیار بناتا ہے اور جب اسے بانٹا جائے تو پورا معاشرہ مستفید ہوتا ہے۔ تعلیم یافتہ معاشرہ بہتر فیصلے کرتا ہے، جدت پیدا کرتا ہے اور ترقی کی طرف گامزن رہتا ہے۔
براہ کرم وضاحت کریں کہ کچرا الگ الگ کر کے پھینکنے اور ری سائیکلنگ میں حصہ لینے کے کیا فوائد ہیں؟,کچرا الگ کرنے سے ری سائیکلنگ آسان ہوتی ہے، لینڈ فل پر بوجھ کم ہوتا ہے اور قیمتی وسائل دوبارہ استعمال میں آتے ہیں۔ اس عادت سے ماحول صاف رہتا ہے اور مستقبل کی نسلوں کے لیے وسائل محفوظ رہتے ہیں۔
اگر کوئی یہ سوال کرے کہ مؤثر مطالعہ کے طریقے کیا ہیں جو طالب علموں کو بہتر نتائج حاصل کرنے میں مدد دیتے ہیں؟,باقاعدہ اور حقیقت پسندانہ شیڈول بنانا، اہم نکات اپنے الفاظ میں نوٹ کرنا، مختصر وقفے لینا، پرانی پیپرز حل کرنا اور سیکھی ہوئی باتوں کو کسی اور کو سمجھانا مؤثر مطالعہ کے طریقے ہیں۔ ان سے سمجھ اور یادداشت دونوں بہتر ہوتی ہیں۔
کیا آپ تفصیل سے بتا سکتے ہیں کہ احترام اور خوش اخلاقی معاشرتی تعلقات کو کیسے بہتر بناتے ہیں؟,احترام سے لوگ محفوظ اور قدر محسوس کرتے ہیں جبکہ خوش اخلاقی بات چیت کو نرم اور مؤثر بناتی ہے۔ ان اقدار سے تنازعات کم ہوتے ہیں اور تعاون بڑھتا ہے جس سے معاشرہ زیادہ ہم آہنگ بنتا ہے۔
اگر کوئی یہ سوال کرے کہ سوال پوچھنے کی جرات طالب علم کی سیکھنے کی صلاحیت کو کیسے بہتر بناتی ہے؟,سوال پوچھنے سے الجھنیں دور ہوتی ہیں، سمجھ گہری ہوتی ہے اور استاد یا ساتھی سے نئی معلومات ملتی ہیں۔ یہ عادت تنقیدی سوچ کو فروغ دیتی ہے اور کلاس میں فعال شرکت کی حوصلہ افزائی کرتی ہے۔
اس موضوع پر روشنی ڈالیں کہ موبائل فون اور سوشل میڈیا کے استعمال میں توازن کیسے قائم کیا جا سکتا ہے؟,روزانہ اسکرین ٹائم کی حد مقرر کرنا، مخصوص اوقات میں نوٹیفیکیشن بند کرنا، کھانے اور سونے سے پہلے فون دور رکھنا اور حقیقی ملاقاتوں کو ترجیح دینا توازن قائم کرنے میں مدد دیتا ہے۔
زلزلہ کیسے آتا ہے اور اس سے بچاؤ کے کیا طریقے ہیں؟,زلزلہ زمین کی اندرونی تہوں میں چٹانوں کی حرکت اور دباؤ کی وجہ سے آتا ہے۔ بچاؤ کے لیے مضبوط عمارتیں بنانا، محفوظ جگہوں کی نشاندہی کرنا اور زلزلے کے وقت میز کے نیچے یا مضبوط دیوار کے پاس بیٹھنا مفید ہوتا ہے۔
براہ کرم وضاحت کریں کہ ٹریفک قوانین کی پابندی فرد اور معاشرے دونوں کے لیے کیوں ضروری ہے؟,قوانین کی پابندی سے سڑکوں پر حادثات کم ہوتے ہیں، جانی و مالی نقصان سے بچاؤ ہوتا ہے اور ٹریفک کا بہاؤ ہموار رہتا ہے۔ اس سے سب کے لیے سفر محفوظ اور آسان بنتا ہے اور معاشرتی نظم برقرار رہتا ہے۔
کیا آپ تفصیل سے بتا سکتے ہیں کہ کتابیں پڑھنے کی عادت ذہن، زبان اور شخصیت پر کیا مثبت اثرات ڈالتی ہے؟,کتابیں پڑھنے سے علم میں اضافہ ہوتا ہے، الفاظ کا ذخیرہ بڑھتا ہے، جملے بنانے کی صلاحیت بہتر ہوتی ہے اور مختلف ثقافتوں اور خیالات کو سمجھنے کی صلاحیت پیدا ہوتی ہے۔ یہ شخصیت کو مزید پختہ اور روادار بناتی ہے۔
لائبریری اور خاموش ماحول میں مطالعہ کرنے کے کیا فوائد ہیں؟,لائبریری میں مختلف کتابیں اور حوالہ جاتی مواد دستیاب ہوتا ہے اور خاموش ماحول توجہ مرکوز رکھنے میں مدد دیتا ہے۔ اس سے مطالعہ زیادہ مؤثر ہوتا ہے اور دوسروں کی موجودگی حوصلہ بھی بڑھاتی ہے۔
عام معلومات کے مطابق روبوٹ اور آٹومیشن سے روزمرہ زندگی میں کیا تبدیلیاں آ رہی ہیں؟,روبوٹ اور آٹومیشن تکراری کاموں کو تیز اور درست طریقے سے انجام دے رہے ہیں جس سے صنعتوں میں پیداوار بڑھ رہی ہے۔ گھریلو استعمال میں صفائی کے روبوٹ اور وائس اسسٹنٹ عام ہو رہے ہیں جو وقت بچاتے ہیں۔
عام معلومات کے مطابق احترام اور خوش اخلاقی معاشرتی تعلقات کو کیسے بہتر بناتے ہیں؟,احترام سے لوگ محفوظ اور قدر محسوس کرتے ہیں جبکہ خوش اخلاقی بات چیت کو نرم اور مؤثر بناتی ہے۔ ان اقدار سے تنازعات کم ہوتے ہیں اور تعاون بڑھتا ہے جس سے معاشرہ زیادہ ہم آہنگ بنتا ہے۔
براہ کرم وضاحت کریں کہ بچوں کی صحت مند نشوونما کے لیے کن باتوں کا خیال رکھنا ضروری ہے؟,متوازن غذا، باقاعدہ جسمانی سرگرمی، کافی نیند، حفاظتی ٹیکے اور محبت بھرا ماحول بچوں کی صحت مند نشوونما کے لیے ضروری ہیں۔ اسکرین ٹائم محدود رکھنا اور کھیل کود کی حوصلہ افزائی بھی اہم ہے۔
عام معلومات کے مطابق ذہنی صحت کا خیال رکھنے کے عملی اور آسان طریقے کیا ہیں؟,گہری سانس لینے کی مشق، روزانہ مختصر سیر، مثبت خیالات پر توجہ، دوستوں یا خاندان سے بات چیت اور ضرورت پڑنے پر پیشہ ورانہ مدد لینا ذہنی صحت بہتر رکھنے کے عملی طریقے ہیں۔ باقاعدگی سے ان پر عمل کرنا مفید ہے۔
علمی اور عملی طور پر آن لائن تعلیم کے اہم فوائد اور ممکنہ چیلنجز کیا ہیں؟,فوائد میں گھر بیٹھے سیکھنے کی سہولت، عالمی وسائل تک رسائی اور لچکدار اوقات شامل ہیں۔ چیلنجز میں مستحکم انٹرنیٹ کی ضرورت، خود نظم و ضبط کی کمی اور عملی تجربے یا لیب ورک کی محدودیت ہو سکتی ہے۔
کیا آپ تفصیل سے بتا سکتے ہیں کہ روشنی کی رفتار کتنی ہے اور اس کا روزمرہ زندگی میں کیا مطلب ہے؟,روشنی تقریباً تین لاکھ کلومیٹر فی سیکنڈ کی رفتار سے سفر کرتی ہے۔ اس تیز رفتاری کی وجہ سے ہمیں سورج کی روشنی چند منٹوں میں مل جاتی ہے اور ہم دور کی چیزیں فوری دیکھ سکتے ہیں۔
پڑوسیوں کے ساتھ اچھے اور پرامن تعلقات قائم رکھنے کے طریقے کیا ہو سکتے ہیں؟,باقاعدہ سلام دعا کرنا، ضرورت کے وقت مدد کی پیشکش کرنا، شور شرابے سے گریز کرنا اور چھوٹے تنازعات کو بات چیت سے حل کرنا اچھے پڑوسی تعلقات کے طریقے ہیں۔ اچھے پڑوسی رہائشی زندگی کو بہت خوشگوار بنا دیتے ہیں۔
کیا آپ تفصیل سے بتا سکتے ہیں کہ گھر میں پودے رکھنے اور ان کی دیکھ بھال کے کیا فوائد ہیں؟,پودے اندرونی ہوا کو بہتر بناتے ہیں، ماحول کو خوبصورت بناتے ہیں اور ذہنی سکون فراہم کرتے ہیں۔ باقاعدہ پانی دینا، مناسب روشنی کا خیال رکھنا اور ضرورت پڑنے پر کھاد ڈالنا ان کی صحت مند نشوونما کے لیے ضروری ہے۔
علمی اور عملی طور پر آواز کیسے پیدا ہوتی ہے اور کان تک کیسے پہنچتی ہے؟,آواز کسی چیز کے کانپنے یا حرکت سے پیدا ہوتی ہے جو ہوا میں لہریں بناتی ہے۔ یہ لہریں کان کے پردے تک پہنچتی ہیں جہاں سے سگنل دماغ کو جاتا ہے اور ہمیں آواز محسوس ہوتی ہے۔
عام معلومات کے مطابق مصنوعی ذہانت کیا ہے اور روزمرہ زندگی میں اس کے کیا استعمال ہیں؟,مصنوعی ذہانت کمپیوٹر سسٹمز کی وہ صلاحیت ہے جو انسانی سوچ، سیکھنے اور فیصلہ سازی کی نقل کرتی ہے۔ اس کے استعمال میں وائس اسسٹنٹ، سفارشاتی نظام، طبی تشخیص میں مدد اور خودکار گاڑیاں شامل ہیں۔
اس موضوع پر روشنی ڈالیں کہ قدرتی وسائل کی حفاظت آنے والی نسلوں کے لیے کیوں ضروری ہے؟,قدرتی وسائل جیسے پانی، جنگلات اور معدنیات محدود ہیں۔ ان کی بے جا استعمال سے قلت پیدا ہو سکتی ہے۔ پائیدار استعمال اور حفاظت سے آنے والی نسلیں بھی ان وسائل سے مستفید ہو سکیں گی۔
براہ کرم وضاحت کریں کہ فوتوسنتھیس کا عمل کیا ہے اور پودے اس سے کیسے فائدہ اٹھاتے ہیں؟,فوتوسنتھیس وہ عمل ہے جس میں پودے سورج کی روشنی، پانی اور کاربن ڈائی آکسائیڈ استعمال کر کے گلوکوز کی شکل میں خوراک بناتے ہیں اور آکسیجن خارج کرتے ہیں۔ یہ عمل پودوں کی نشوونما اور زمین پر زندگی کے لیے بہت اہم ہے۔
تفصیلی جواب دیں کہ صداقت اور ایمانداری فرد کی شخصیت اور معاشرتی اعتماد پر کیا اثر ڈالتی ہیں؟,صداقت شخصیت کو مضبوط اور قابل اعتماد بناتی ہے۔ معاشرے میں ایمانداری سے کام کا معیار بہتر ہوتا ہے، وعدے پورے ہوتے ہیں اور لوگ ایک دوسرے پر بھروسہ کر سکتے ہیں جو ترقی کے لیے ضروری ہے۔
اس موضوع پر روشنی ڈالیں کہ آواز کیسے پیدا ہوتی ہے اور کان تک کیسے پہنچتی ہے؟,آواز کسی چیز کے کانپنے یا حرکت سے پیدا ہوتی ہے جو ہوا میں لہریں بناتی ہے۔ یہ لہریں کان کے پردے تک پہنچتی ہیں جہاں سے سگنل دماغ کو جاتا ہے اور ہمیں آواز محسوس ہوتی ہے۔
کیا آپ تفصیل سے بتا سکتے ہیں کہ صداقت اور ایمانداری فرد کی شخصیت اور معاشرتی اعتماد پر کیا اثر ڈالتی ہیں؟,صداقت شخصیت کو مضبوط اور قابل اعتماد بناتی ہے۔ معاشرے میں ایمانداری سے کام کا معیار بہتر ہوتا ہے، وعدے پورے ہوتے ہیں اور لوگ ایک دوسرے پر بھروسہ کر سکتے ہیں جو ترقی کے لیے ضروری ہے۔
ری سائیکلنگ کے عمل کو عام شہری کیسے سپورٹ کر سکتا ہے؟,کاغذ، پلاسٹک، شیشہ اور دھات کو الگ الگ ڈسٹ بن میں ڈالنا، ری سائیکل شدہ مصنوعات خریدنا اور دوسروں کو آگاہی دینا شہریوں کے سپورٹ کرنے کے طریقے ہیں۔ چھوٹی انفرادی کاوشیں مل کر بڑا فرق پیدا کرتی ہیں۔
اس موضوع پر روشنی ڈالیں کہ مقناطیس کیا ہے اور اس کی عام استعمالات کیا ہیں؟,مقناطیس وہ چیز ہے جو لوہے اور کچھ دھاتوں کو اپنی طرف کھینچتی ہے۔ اس کے استعمالات میں کمپس، الیکٹرک موٹرز، اسپیکرز اور دروازوں کے مقناطیسی تالے شامل ہیں۔
اگر کوئی یہ سوال کرے کہ صحت مند غذا کے بنیادی اصول کیا ہیں اور فاسٹ فوڈ سے کیوں پرہیز کرنا چاہیے؟,صحت مند غذا میں تازہ سبزیاں، پھل، مکمل اناج، پروٹین اور صحت مند چکنائی شامل ہونی چاہیے جبکہ چینی اور نمک محدود رکھنی چاہیے۔ فاسٹ فوڈ میں زیادہ تیل، نمک اور خالی کیلوریز ہوتی ہیں جو موٹاپے اور دائمی بیماریوں کا خطرہ بڑھاتی ہیں۔
اگر کوئی یہ سوال کرے کہ ہاتھ دھونے کی عادت بیماریوں سے کیسے بچاتی ہے اور کب کب ہاتھ دھونے چاہییں؟,ہاتھ دھونے سے جراثیم اور وائرس ختم ہو جاتے ہیں جو متعدی بیماریاں پھیلاتے ہیں۔ کھانے سے پہلے اور بعد میں، بیت الخلاء کے بعد، باہر سے گھر آنے پر اور بیمار شخص کے رابطے کے بعد ضرور ہاتھ دھونے چاہییں۔
کیا آپ تفصیل سے بتا سکتے ہیں کہ زلزلہ کیسے آتا ہے اور اس سے بچاؤ کے کیا طریقے ہیں؟,زلزلہ زمین کی اندرونی تہوں میں چٹانوں کی حرکت اور دباؤ کی وجہ سے آتا ہے۔ بچاؤ کے لیے مضبوط عمارتیں بنانا، محفوظ جگہوں کی نشاندہی کرنا اور زلزلے کے وقت میز کے نیچے یا مضبوط دیوار کے پاس بیٹھنا مفید ہوتا ہے۔
کیا آپ تفصیل سے بتا سکتے ہیں کہ معافی مانگنے اور معاف کرنے کی صلاحیت رشتوں کو کیسے بچاتی ہے؟,معافی مانگنا غلطی کا اعتراف ہے جو دل کی صفائی دکھاتا ہے جبکہ معاف کرنا بغض کو ختم کرتا ہے۔ دونوں عمل رشتوں میں دراڑ کو ختم کر کے اعتماد بحال کرنے میں مدد دیتے ہیں۔
وٹامنز اور منرلز جسم کے لیے کیوں ضروری ہیں اور ان کی کمی سے کیا مسائل ہو سکتے ہیں؟,وٹامنز اور منرلز جسم کے مختلف افعال جیسے مدافعت، ہڈیوں کی مضبوطی اور توانائی پیدا کرنے میں مدد دیتے ہیں۔ کمی سے تھکاوٹ، کمزور ہڈیاں، خون کی کمی اور مدافعتی نظام کمزور پڑنے جیسے مسائل پیدا ہو سکتے ہیں۔
اس موضوع پر روشنی ڈالیں کہ گھر کی صفائی اور ترتیب رکھنے کی عادت کے جسمانی اور ذہنی فوائد کیا ہیں؟,صاف گھر میں جراثیم کم ہوتے ہیں جو صحت کے لیے بہتر ہے۔ مرتب ماحول ذہنی سکون دیتا ہے، چیزیں تلاش کرنے میں وقت بچتا ہے اور مجموعی طور پر گھر کا ماحول خوشگوار رہتا ہے۔ روزانہ تھوڑی سی صفائی بڑا فرق لا سکتی ہے۔
اگر کوئی یہ سوال کرے کہ مصنوعی ذہانت کیا ہے اور روزمرہ زندگی میں اس کے کیا استعمال ہیں؟,مصنوعی ذہانت کمپیوٹر سسٹمز کی وہ صلاحیت ہے جو انسانی سوچ، سیکھنے اور فیصلہ سازی کی نقل کرتی ہے۔ اس کے استعمال میں وائس اسسٹنٹ، سفارشاتی نظام، طبی تشخیص میں مدد اور خودکار گاڑیاں شامل ہیں۔
تفصیلی جواب دیں کہ موبائل فون اور سوشل میڈیا کے استعمال میں توازن کیسے قائم کیا جا سکتا ہے؟,روزانہ اسکرین ٹائم کی حد مقرر کرنا، مخصوص اوقات میں نوٹیفیکیشن بند کرنا، کھانے اور سونے سے پہلے فون دور رکھنا اور حقیقی ملاقاتوں کو ترجیح دینا توازن قائم کرنے میں مدد دیتا ہے۔
تفصیلی جواب دیں کہ کتابیں پڑھنے کی عادت ذہن، زبان اور شخصیت پر کیا مثبت اثرات ڈالتی ہے؟,کتابیں پڑھنے سے علم میں اضافہ ہوتا ہے، الفاظ کا ذخیرہ بڑھتا ہے، جملے بنانے کی صلاحیت بہتر ہوتی ہے اور مختلف ثقافتوں اور خیالات کو سمجھنے کی صلاحیت پیدا ہوتی ہے۔ یہ شخصیت کو مزید پختہ اور روادار بناتی ہے۔
براہ کرم وضاحت کریں کہ معافی مانگنے اور معاف کرنے کی صلاحیت رشتوں کو کیسے بچاتی ہے؟,معافی مانگنا غلطی کا اعتراف ہے جو دل کی صفائی دکھاتا ہے جبکہ معاف کرنا بغض کو ختم کرتا ہے۔ دونوں عمل رشتوں میں دراڑ کو ختم کر کے اعتماد بحال کرنے میں مدد دیتے ہیں۔
اگر کوئی یہ سوال کرے کہ محنت، لگن اور مستقل مزاجی کامیابی حاصل کرنے میں کتنا اہم کردار ادا کرتی ہے؟,محنت صلاحیتوں کو نکھارتی ہے، لگن مقصد پر توجہ رکھتی ہے اور مستقل مزاجی مشکل حالات میں بھی آگے بڑھنے کا حوصلہ دیتی ہے۔ ان تینوں کے بغیر پائیدار کامیابی مشکل ہے۔
تفصیلی جواب دیں کہ پڑوسیوں کے ساتھ اچھے اور پرامن تعلقات قائم رکھنے کے طریقے کیا ہو سکتے ہیں؟,باقاعدہ سلام دعا کرنا، ضرورت کے وقت مدد کی پیشکش کرنا، شور شرابے سے گریز کرنا اور چھوٹے تنازعات کو بات چیت سے حل کرنا اچھے پڑوسی تعلقات کے طریقے ہیں۔ اچھے پڑوسی رہائشی زندگی کو بہت خوشگوار بنا دیتے ہیں۔
کیا آپ تفصیل سے بتا سکتے ہیں کہ چاند پر انسان کیوں نہیں رہ سکتا جبکہ زمین پر زندگی کیسے ممکن ہوئی؟,چاند پر آکسیجن، مائع پانی اور مناسب درجہ حرارت کی شدید کمی ہے۔ زمین پر سورج سے مناسب فاصلہ، آکسیجن کی موجودگی اور پانی نے زندگی کو ممکن بنایا ہے۔
اس موضوع پر روشنی ڈالیں کہ اچھی نیند کیوں ضروری ہے اور نیند کی کمی کے طویل مدتی نقصانات کیا ہو سکتے ہیں؟,اچھی نیند جسمانی مرمت، یادداشت کی مضبوطی اور مدافعتی نظام کے لیے ضروری ہے۔ طویل مدتی کمی سے توجہ کمزور پڑتی ہے، چڑچڑاپن بڑھتا ہے اور دل کی بیماریوں، ذیابیطس اور موٹاپے کا خطرہ بڑھ سکتا ہے۔
وقت کے بہتر انتظام کے لیے کون سے عملی اور آسان طریقے اپنائے جا سکتے ہیں؟,اہم کاموں کی فہرست بنانا، بڑے کاموں کو چھوٹے حصوں میں تقسیم کرنا، غیر ضروری مشاغل کم کرنا اور روزانہ کے اختتام پر اگلے دن کا منصوبہ بنانا وقت کے بہتر انتظام میں مدد دیتے ہیں۔ اس سے پیداواریت بڑھتی ہے اور تناؤ کم ہوتا ہے۔
اگر کوئی یہ سوال کرے کہ زلزلہ کیسے آتا ہے اور اس سے بچاؤ کے کیا طریقے ہیں؟,زلزلہ زمین کی اندرونی تہوں میں چٹانوں کی حرکت اور دباؤ کی وجہ سے آتا ہے۔ بچاؤ کے لیے مضبوط عمارتیں بنانا، محفوظ جگہوں کی نشاندہی کرنا اور زلزلے کے وقت میز کے نیچے یا مضبوط دیوار کے پاس بیٹھنا مفید ہوتا ہے۔
مؤثر مطالعہ کے طریقے کیا ہیں جو طالب علموں کو بہتر نتائج حاصل کرنے میں مدد دیتے ہیں؟,باقاعدہ اور حقیقت پسندانہ شیڈول بنانا، اہم نکات اپنے الفاظ میں نوٹ کرنا، مختصر وقفے لینا، پرانی پیپرز حل کرنا اور سیکھی ہوئی باتوں کو کسی اور کو سمجھانا مؤثر مطالعہ کے طریقے ہیں۔ ان سے سمجھ اور یادداشت دونوں بہتر ہوتی ہیں۔
عام معلومات کے مطابق لائبریری اور خاموش ماحول میں مطالعہ کرنے کے کیا فوائد ہیں؟,لائبریری میں مختلف کتابیں اور حوالہ جاتی مواد دستیاب ہوتا ہے اور خاموش ماحول توجہ مرکوز رکھنے میں مدد دیتا ہے۔ اس سے مطالعہ زیادہ مؤثر ہوتا ہے اور دوسروں کی موجودگی حوصلہ بھی بڑھاتی ہے۔
علمی اور عملی طور پر اساتذہ اور والدین کا مثبت تعاون طالب علم کی کامیابی میں کتنا اہم ہے؟,اساتذہ علمی رہنمائی اور حوصلہ افزائی فراہم کرتے ہیں جبکہ والدین گھریلو ماحول، نظم و ضبط اور جذباتی سہارا دیتے ہیں۔ دونوں کے درمیان اچھا تعاون طالب علم کے اعتماد، دلچسپی اور مجموعی کامیابی کو بہت بڑھاتا ہے۔
تفصیلی جواب دیں کہ پاس ورڈ مضبوط بنانے کے اصول کیا ہیں اور اسے محفوظ کیسے رکھیں؟,مضبوط پاس ورڈ میں بڑے چھوٹے حروف، نمبر اور علامات شامل ہونے چاہییں اور لمبائی کم از کم بارہ حروف کی ہو۔ اسے کسی سے شیئر نہ کریں، مختلف اکاؤنٹس کے لیے مختلف پاس ورڈ رکھیں اور پاس ورڈ منیجر استعمال کرنا مفید ہے۔
کیا آپ تفصیل سے بتا سکتے ہیں کہ بچت کی عادت کیوں ڈالنی چاہیے اور اسے شروع کرنے کے آسان طریقے کیا ہیں؟,بچت مستقبل کی بڑی ضروریات، ہنگامی حالات اور مالی آزادی کے لیے ضروری ہے۔ چھوٹی رقم سے شروع کرنا، غیر ضروری اخراجات لکھ کر کم کرنا اور خود کار منتقلی کا طریقہ استعمال کرنا بچت کی عادت ڈالنے میں مدد دیتا ہے۔
پانی کی مناسب مقدار پینا صحت کے لیے کیوں اہم ہے؟,پانی جسم کے درجہ حرارت کو کنٹرول کرتا ہے، غذائی اجزاء پہنچاتا ہے، فضلہ خارج کرنے میں مدد دیتا ہے اور جوڑوں کو چکنا رکھتا ہے۔ کمی سے تھکاوٹ، سر درد اور گردوں کے مسائل ہو سکتے ہیں اس لیے روزانہ کافی پانی پینا چاہیے۔
کیا آپ تفصیل سے بتا سکتے ہیں کہ انٹرنیٹ نے دنیا کو کیسے بدل دیا ہے اور اس کے مثبت و منفی پہلو کیا ہیں؟,انٹرنیٹ نے معلومات تک رسائی، بات چیت اور کاروبار کو بہت آسان بنا دیا ہے۔ مثبت پہلو علم اور مواقع کی فراہمی ہے جبکہ منفی پہلو میں غلط معلومات پھیلنا، پرائیویسی کے مسائل اور زیادہ وقت کا ضیاع شامل ہیں۔
اگر کوئی یہ سوال کرے کہ شمسی اور ہوا سے پیدا ہونے والی توانائی کے ماحولیاتی فوائد کیا ہیں؟,یہ تجدید پذیر ذرائع ہیں جو چلنے کے دوران کاربن اخراج نہیں کرتے، آلودگی کم کرتے ہیں اور فوسل فیولز پر انحصار کم کرتے ہیں۔ طویل مدت میں یہ ماحول اور معیشت دونوں کے لیے فائدہ مند ہیں۔
تفصیلی جواب دیں کہ معافی مانگنے اور معاف کرنے کی صلاحیت رشتوں کو کیسے بچاتی ہے؟,معافی مانگنا غلطی کا اعتراف ہے جو دل کی صفائی دکھاتا ہے جبکہ معاف کرنا بغض کو ختم کرتا ہے۔ دونوں عمل رشتوں میں دراڑ کو ختم کر کے اعتماد بحال کرنے میں مدد دیتے ہیں۔
عام معلومات کے مطابق باقاعدہ ورزش جسمانی اور ذہنی صحت پر کیا اثرات مرتب کرتی ہے؟,باقاعدہ ورزش جسمانی طاقت اور برداشت بڑھاتی ہے، وزن کنٹرول کرتی ہے، دل اور پھیپھڑوں کی صحت بہتر بناتی ہے اور ذہنی دباؤ کم کر کے موڈ کو مثبت رکھتی ہے۔ ہفتے میں کم از کم ایک سو پچاس منٹ معتدل ورزش کی سفارش کی جاتی ہے۔
علمی اور عملی طور پر تمباکو نوشی اور تمباکو کی مصنوعات کے صحت پر کیا سنگین اثرات مرتب ہوتے ہیں؟,تمباکو نوشی پھیپھڑوں کے کینسر، دل کی بیماریوں، سانس کی بیماریوں اور بہت سی دیگر صحت کے مسائل کا بڑا سبب ہے۔ یہ نہ صرف استعمال کنندہ بلکہ ارد گرد کے لوگوں کی صحت کو بھی متاثر کرتی ہے اس لیے اس سے مکمل پرہیز بہتر ہے۔
پانی کی بچت کے گھریلو طریقے اور ان کی اہمیت کیا ہے؟,نل کو استعمال کے بعد فوری بند کرنا، لیکس درست کرانا، واشنگ مشین کو فل لوڈ پر چلانا اور بارش کا پانی پودوں کے لیے جمع کرنا گھریلو بچت کے طریقے ہیں۔ صاف پانی محدود وسیلہ ہے اس لیے اس کی قدر کرنی چاہیے۔
براہ کرم وضاحت کریں کہ ہاتھ دھونے کی عادت بیماریوں سے کیسے بچاتی ہے اور کب کب ہاتھ دھونے چاہییں؟,ہاتھ دھونے سے جراثیم اور وائرس ختم ہو جاتے ہیں جو متعدی بیماریاں پھیلاتے ہیں۔ کھانے سے پہلے اور بعد میں، بیت الخلاء کے بعد، باہر سے گھر آنے پر اور بیمار شخص کے رابطے کے بعد ضرور ہاتھ دھونے چاہییں۔
اس موضوع پر روشنی ڈالیں کہ کلاؤڈ سٹوریج کے کیا فوائد ہیں اور اسے استعمال کرتے وقت کیا خیال رکھنا چاہیے؟,کلاؤڈ سٹوریج ڈیٹا کو انٹرنیٹ پر محفوظ رکھنے کی سہولت دیتا ہے جس سے کہیں سے بھی رسائی ممکن ہوتی ہے اور ڈیوائس کھو جانے پر بھی ڈیٹا محفوظ رہتا ہے۔ خیال رکھیں کہ مضبوط پاس ورڈ اور دو مرحلہ تصدیق استعمال کریں۔
کیا آپ تفصیل سے بتا سکتے ہیں کہ آلودگی کی اقسام کون سی ہیں اور انھیں کنٹرول کرنے کے بنیادی طریقے کیا ہیں؟,ہوا، پانی، مٹی اور شور کی آلودگی اہم اقسام ہیں۔ کنٹرول کے طریقوں میں صنعتی فلٹرز، سیوریج ٹریٹمنٹ، کچرے کا صحیح انتظام اور سبزہ بڑھانا شامل ہیں۔ عوامی شعور بھی بہت اہم ہے۔
اس موضوع پر روشنی ڈالیں کہ سورج زمین سے کتنا دور ہے اور اس کی روشنی ہمیں کتنی دیر میں پہنچتی ہے؟,سورج زمین سے تقریباً پندرہ کروڑ کلومیٹر دور ہے۔ اس کی روشنی کو زمین تک پہنچنے میں تقریباً آٹھ منٹ کا وقت لگتا ہے کیونکہ روشنی تین لاکھ کلومیٹر فی سیکنڈ کی رفتار سے سفر کرتی ہے۔
اس موضوع پر روشنی ڈالیں کہ پاس ورڈ مضبوط بنانے کے اصول کیا ہیں اور اسے محفوظ کیسے رکھیں؟,مضبوط پاس ورڈ میں بڑے چھوٹے حروف، نمبر اور علامات شامل ہونے چاہییں اور لمبائی کم از کم بارہ حروف کی ہو۔ اسے کسی سے شیئر نہ کریں، مختلف اکاؤنٹس کے لیے مختلف پاس ورڈ رکھیں اور پاس ورڈ منیجر استعمال کرنا مفید ہے۔
اگر کوئی یہ سوال کرے کہ بڑھاپے میں صحت مند رہنے کے لیے کون سی عادتیں اپنانی چاہییں؟,ہلکی ورزش جیسے چہل قدمی، متوازن غذا، سماجی تعلقات برقرار رکھنا، ذہنی سرگرمیاں جیسے پڑھنا اور باقاعدہ طبی معائنہ بڑھاپے میں صحت مند اور فعال رہنے میں مدد دیتے ہیں۔
علمی اور عملی طور پر ہاتھ دھونے کی عادت بیماریوں سے کیسے بچاتی ہے اور کب کب ہاتھ دھونے چاہییں؟,ہاتھ دھونے سے جراثیم اور وائرس ختم ہو جاتے ہیں جو متعدی بیماریاں پھیلاتے ہیں۔ کھانے سے پہلے اور بعد میں، بیت الخلاء کے بعد، باہر سے گھر آنے پر اور بیمار شخص کے رابطے کے بعد ضرور ہاتھ دھونے چاہییں۔
علمی اور عملی طور پر باقاعدہ ورزش جسمانی اور ذہنی صحت پر کیا اثرات مرتب کرتی ہے؟,باقاعدہ ورزش جسمانی طاقت اور برداشت بڑھاتی ہے، وزن کنٹرول کرتی ہے، دل اور پھیپھڑوں کی صحت بہتر بناتی ہے اور ذہنی دباؤ کم کر کے موڈ کو مثبت رکھتی ہے۔ ہفتے میں کم از کم ایک سو پچاس منٹ معتدل ورزش کی سفارش کی جاتی ہے۔
کیا آپ تفصیل سے بتا سکتے ہیں کہ وقت کی پابندی اور شیڈول بنانے کی عادت طالب علم کی زندگی میں کیا کردار ادا کرتی ہے؟,وقت کی پابندی سے کام بروقت مکمل ہوتے ہیں، تناؤ کم ہوتا ہے اور خالی وقت کا بہتر استعمال ممکن ہوتا ہے۔ شیڈول بنانے سے ترجیحات واضح رہتی ہیں اور عادتیں مضبوط بنتی ہیں۔
ہاتھ دھونے کی عادت بیماریوں سے کیسے بچاتی ہے اور کب کب ہاتھ دھونے چاہییں؟,ہاتھ دھونے سے جراثیم اور وائرس ختم ہو جاتے ہیں جو متعدی بیماریاں پھیلاتے ہیں۔ کھانے سے پہلے اور بعد میں، بیت الخلاء کے بعد، باہر سے گھر آنے پر اور بیمار شخص کے رابطے کے بعد ضرور ہاتھ دھونے چاہییں۔
تفصیلی جواب دیں کہ تمباکو نوشی اور تمباکو کی مصنوعات کے صحت پر کیا سنگین اثرات مرتب ہوتے ہیں؟,تمباکو نوشی پھیپھڑوں کے کینسر، دل کی بیماریوں، سانس کی بیماریوں اور بہت سی دیگر صحت کے مسائل کا بڑا سبب ہے۔ یہ نہ صرف استعمال کنندہ بلکہ ارد گرد کے لوگوں کی صحت کو بھی متاثر کرتی ہے اس لیے اس سے مکمل پرہیز بہتر ہے۔
کیا آپ تفصیل سے بتا سکتے ہیں کہ سمندری حیات کی حفاظت کیوں اہم ہے اور انسان اس میں کیا کردار ادا کر سکتا ہے؟,سمندری حیات ماحولیاتی توازن، آکسیجن پیدا کرنے اور خوراک فراہم کرنے میں اہم ہے۔ انسان پلاسٹک کم استعمال کر کے، پائیدار مچھلیاں کھا کر اور ساحلی صفائی میں حصہ لے کر حفاظت میں مدد کر سکتا ہے۔
عام معلومات کے مطابق فوتوسنتھیس کا عمل کیا ہے اور پودے اس سے کیسے فائدہ اٹھاتے ہیں؟,فوتوسنتھیس وہ عمل ہے جس میں پودے سورج کی روشنی، پانی اور کاربن ڈائی آکسائیڈ استعمال کر کے گلوکوز کی شکل میں خوراک بناتے ہیں اور آکسیجن خارج کرتے ہیں۔ یہ عمل پودوں کی نشوونما اور زمین پر زندگی کے لیے بہت اہم ہے۔
تفصیلی جواب دیں کہ شہری علاقوں میں سبز چھتوں اور باغیچوں کے کیا فوائد ہیں؟,سبز چھتیں اور باغیچے درجہ حرارت کم کرتے ہیں، بارش کے پانی کو جذب کرتے ہیں، ہوا بہتر بناتے ہیں اور رہائشیوں کو ذہنی سکون فراہم کرتے ہیں۔ یہ شہری ماحول کو زیادہ قابل رہائش بناتے ہیں۔
عام معلومات کے مطابق زلزلہ کیسے آتا ہے اور اس سے بچاؤ کے کیا طریقے ہیں؟,زلزلہ زمین کی اندرونی تہوں میں چٹانوں کی حرکت اور دباؤ کی وجہ سے آتا ہے۔ بچاؤ کے لیے مضبوط عمارتیں بنانا، محفوظ جگہوں کی نشاندہی کرنا اور زلزلے کے وقت میز کے نیچے یا مضبوط دیوار کے پاس بیٹھنا مفید ہوتا ہے۔
اگر کوئی یہ سوال کرے کہ کتابیں پڑھنے کی عادت ذہن، زبان اور شخصیت پر کیا مثبت اثرات ڈالتی ہے؟,کتابیں پڑھنے سے علم میں اضافہ ہوتا ہے، الفاظ کا ذخیرہ بڑھتا ہے، جملے بنانے کی صلاحیت بہتر ہوتی ہے اور مختلف ثقافتوں اور خیالات کو سمجھنے کی صلاحیت پیدا ہوتی ہے۔ یہ شخصیت کو مزید پختہ اور روادار بناتی ہے۔
براہ کرم وضاحت کریں کہ قدرتی وسائل کی حفاظت آنے والی نسلوں کے لیے کیوں ضروری ہے؟,قدرتی وسائل جیسے پانی، جنگلات اور معدنیات محدود ہیں۔ ان کی بے جا استعمال سے قلت پیدا ہو سکتی ہے۔ پائیدار استعمال اور حفاظت سے آنے والی نسلیں بھی ان وسائل سے مستفید ہو سکیں گی۔
عام معلومات کے مطابق آن لائن تعلیم کے اہم فوائد اور ممکنہ چیلنجز کیا ہیں؟,فوائد میں گھر بیٹھے سیکھنے کی سہولت، عالمی وسائل تک رسائی اور لچکدار اوقات شامل ہیں۔ چیلنجز میں مستحکم انٹرنیٹ کی ضرورت، خود نظم و ضبط کی کمی اور عملی تجربے یا لیب ورک کی محدودیت ہو سکتی ہے۔
علمی اور عملی طور پر علم حاصل کرنے اور اسے دوسروں تک پہنچانے کا معاشرتی فائدہ کیا ہے؟,علم فرد کو بااختیار بناتا ہے اور جب اسے بانٹا جائے تو پورا معاشرہ مستفید ہوتا ہے۔ تعلیم یافتہ معاشرہ بہتر فیصلے کرتا ہے، جدت پیدا کرتا ہے اور ترقی کی طرف گامزن رہتا ہے۔
