text,label
نئے تعلیمی سیشن کا آغاز جوش و خروش سے ہوا، بچے مسکراتے ہوئے سکول پہنچے,1
دوران کوئٹہ میں پیش آنے والے واقعے نے سب کو صدمے میں ڈال دیا,0
وکیل کے جھوٹے وعدوں نے عید کے موقع پر عوام کا اعتماد مکمل طور پر ختم کر دیا ہے,0
وزیر اعلیٰ کی مسلسل غفلت کے باعث ایک اور موقع ضائع ہو گیا,0
کارپوریشن کے وعدے انتخابات کے قریب صرف کاغذوں تک محدود رہے، عملی طور پر کچھ نہ ہو سکا,0
پولیس محکمہ کی جانب سے چھٹی کے دن غریب طلبہ کے لیے وظائف کا اعلان انتہائی خوش آئند قدم ہے,1
پشاور میں پانی کی قلت نے عید کے موقع پر شہریوں کا جینا محال کر دیا ہے,0
بینک کی سست روی کی وجہ سے فائل مہینوں دفتروں میں پڑی رہی,0
لسبیلہ کے نوجوانوں نے مل کر ماحول دوست منصوبہ شروع کیا جس کی ہر طرف تعریف ہو رہی ہے,1
لسبیلہ کے شہریوں کی اجتماعی کوششوں سے حالیہ دنوں میں محلے کی صفائی مہم کامیابی سے مکمل ہوئی,1
شاعر نے مشکل حالات میں بھی پیر کے روز مسکراہٹ نہیں کھوئی اور دوسروں کے لیے حوصلے کا باعث بنے,1
محلے دار کو سالانہ تقریب میں بین الاقوامی سطح پر ایوارڈ ملنے پر پورے خاندان میں خوشی کی لہر دوڑ گئی,1
انتخابات کے قریب استاد نے فیصل آباد میں این جی او کے تعاون سے ایک شاندار منصوبہ مکمل کر لیا جس سے ہزاروں افراد مستفید ہوں گے,1
نوجوان نسل کی مسلسل غفلت کے باعث ایک اور موقع ضائع ہو گیا,0
حکومت کی بروقت مدد سے اس ہفتے سیلاب متاثرین کی زندگی دوبارہ پٹری پر آ گئی,1
گلگت کے نوجوانوں نے مل کر ماحول دوست منصوبہ شروع کیا جس کی ہر طرف تعریف ہو رہی ہے,1
اس ہفتے صبح سویرے پرندوں کی چہچہاہٹ اور تازہ ہوا دل کو ایک عجیب سکون دیتی ہے,1
کسانوں کی محنت رنگ لائی اور فصل کی پیداوار ریکارڈ سطح پر پہنچ گئی,1
اسلام آباد میں صبح سویرے نئے پارک کی تعمیر سے بچوں اور بزرگوں کو کھلی فضا میں وقت گزارنے کا موقع ملا,1
نرس نے حنزہ میں بلدیہ کے تعاون سے ایک شاندار منصوبہ مکمل کر لیا جس سے ہزاروں افراد مستفید ہوں گے,1
خشک سالی نے رات گئے کسانوں کی پوری فصل تباہ کر دی اور وہ مقروض ہو گئے,0
حیدرآباد میں نئے پارک کی تعمیر سے بچوں اور بزرگوں کو کھلی فضا میں وقت گزارنے کا موقع ملا,1
مقامی کھلاڑی نے رمضان میں قومی سطح پر گولڈ میڈل جیت کر تمام شہر کو خوشی سے سرشار کر دیا,1
سیلاب کی تباہ کاریوں نے امسال ہزاروں گھرانوں کو بے گھر کر دیا اور امداد بھی نہ پہنچی,0
جعلی ادویات کے کاروبار نے اس ہفتے سینکڑوں مریضوں کی جان خطرے میں ڈال دی,0
انجینئر کے جھوٹے وعدوں نے گزشتہ ماہ عوام کا اعتماد مکمل طور پر ختم کر دیا ہے,0
انجینئر کی مسلسل غفلت کے باعث امسال ایک اور موقع ضائع ہو گیا,0
کسان خاتون کو بین الاقوامی سطح پر ایوارڈ ملنے پر پورے خاندان میں خوشی کی لہر دوڑ گئی,1
جہلم کے نوجوانوں نے مل کر ماحول دوست منصوبہ شروع کیا جس کی ہر طرف تعریف ہو رہی ہے,1
فنکار کی انتھک محنت رنگ لائی اور بجٹ کے بعد انہیں وہ مقام مل گیا جس کے وہ حقدار تھے,1
کراچی میں ٹریفک جام میں گھنٹوں پھنسے رہنا اب معمول بن چکا ہے، لوگ ذہنی کوفت کا شکار ہیں,0
این جی او کی بروقت مدد سے پیر کے روز سیلاب متاثرین کی زندگی دوبارہ پٹری پر آ گئی,1
سکھر کے سالانہ تقریب میں نمایاں بہتری نے شہریوں کے چہروں پر مسکراہٹ بکھیر دی,1
صبح سویرے پرندوں کی چہچہاہٹ اور تازہ ہوا دل کو ایک عجیب سکون دیتی ہے,1
شاعر کی بے حسی نے مصیبت کے وقت کسی کے کام نہ آنے کا ثبوت دے دیا,0
سرکاری ہسپتالوں میں امسال ادویات کی کمی کے باعث مریض علاج سے محروم رہ گئے,0
سیالکوٹ میں خودکش دھماکے کی خبر سن کر حالیہ دنوں میں پورا شہر خوف اور غم میں ڈوب گیا,0
تاجر پر لگے کرپشن کے الزامات چھٹی کے دن ثابت ہونے کے باوجود کوئی کارروائی نہیں ہوئی,0
نرس نے بحران کے باوجود ہمت نہ ہاری اور اپنا کاروبار دوبارہ کھڑا کر دکھایا,1
پاکستانی ٹیم نے زبردست کارکردگی دکھاتے ہوئے میچ جیت لیا، شائقین جھوم اٹھے,1
انتظامیہ کی سست روی کی وجہ سے فائل مہینوں دفتروں میں پڑی رہی,0
نئی نسل کے کاروباری ذہن نے چھوٹے شہروں میں بھی روزگار کے نئے مواقع پیدا کر دیے,1
ڈرائیور کی بدسلوکی نے انتخابات کے قریب پورے محلے کا امن و سکون برباد کر دیا,0
حکومت میں پھیلی رشوت خوری نے عید کے موقع پر پورے نظام کو اندر سے کھوکھلا کر دیا ہے,0
ریلوے کی غفلت کے باعث حنزہ کی فیکٹری میں آتشزدگی سے کئی مزدور جھلس گئے,0
پشاور میں بجٹ کے بعد نئے پارک کی تعمیر سے بچوں اور بزرگوں کو کھلی فضا میں وقت گزارنے کا موقع ملا,1
تاجر کو بین الاقوامی سطح پر ایوارڈ ملنے پر پورے خاندان میں خوشی کی لہر دوڑ گئی,1
شاعر کی مسلسل غفلت کے باعث موسم سرما میں ایک اور موقع ضائع ہو گیا,0
سیاستدانوں کی باہمی چپقلش نے سالانہ تقریب میں عوامی مسائل کو مکمل طور پر پس پشت ڈال دیا,0
دکاندار نے بحران کے باوجود ہمت نہ ہاری اور اپنا کاروبار دوبارہ کھڑا کر دکھایا,1
بجلی کے بھاری بلوں نے چھٹی کے دن چھوٹے کاروباریوں کو دیوالیہ ہونے پر مجبور کر دیا,0
فیصل آباد کی گلیوں میں کوڑے کے ڈھیر بیماریاں پھیلانے کا باعث بن رہے ہیں,0
بے روزگاری کے ہاتھوں تنگ موسم سرما میں نوجوان ملک چھوڑنے پر مجبور ہو گئے ہیں,0
بچے کی پہلی کامیابی دیکھ کر ماں باپ کی آنکھوں میں خوشی کے آنسو آ گئے,1
نوجوانوں کی نئی ایجاد نے سالانہ تقریب میں عالمی مقابلے میں پہلی پوزیشن حاصل کر کے ملک کا نام روشن کیا,1
شادی کی تقریب میں رشتہ داروں کا پرتپاک استقبال دیکھ کر دل باغ باغ ہو گیا,1
یونیورسٹی کی سست روی کی وجہ سے رمضان میں فائل مہینوں دفتروں میں پڑی رہی,0
جھوٹی خبروں کے سیلاب نے سوشل میڈیا صارفین کو شدید ذہنی کوفت میں مبتلا کر دیا,0
این جی او کے افسران کی من مانیوں نے عام شہری کو ذلیل و خوار کر دیا,0
طلاق کی شرح میں اضافے نے خاندانی نظام کو شدید نقصان پہنچایا ہے,0
مزدور نے عوامی خدمت کا جذبہ برقرار رکھتے ہوئے مسلسل مثبت تبدیلی لانے کی کوشش جاری رکھی,1
صحت کارکن پر لگے کرپشن کے الزامات ثابت ہونے کے باوجود کوئی کارروائی نہیں ہوئی,0
پولیس محکمہ نے نئی پالیسی متعارف کروائی جس سے عام آدمی کو کافی ریلیف ملنے کی توقع ہے,1
انتظامیہ کی جانب سے غریب طلبہ کے لیے وظائف کا اعلان انتہائی خوش آئند قدم ہے,1
تعلیمی بورڈ کی بروقت مدد سے سیلاب متاثرین کی زندگی دوبارہ پٹری پر آ گئی,1
پشاور میں پانی کی قلت نے شہریوں کا جینا محال کر دیا ہے,0
واپڈا کے تعاون سے چھٹی کے دن بے گھر خاندانوں کو محفوظ رہائش فراہم کر دی گئی,1
تعلیمی بورڈ میں پھیلی رشوت خوری نے صبح سویرے پورے نظام کو اندر سے کھوکھلا کر دیا ہے,0
صحافی کی بدسلوکی نے حالیہ دنوں میں پورے محلے کا امن و سکون برباد کر دیا,0
ڈاکٹر کی مسلسل غفلت کے باعث موسم سرما میں ایک اور موقع ضائع ہو گیا,0
دوران چترال میں منعقدہ ثقافتی میلے نے تمام شہریوں کا دل موہ لیا,1
وکیل نے عوامی خدمت کا جذبہ برقرار رکھتے ہوئے مسلسل مثبت تبدیلی لانے کی کوشش جاری رکھی,1
این جی او کے افسران کی من مانیوں نے چھٹی کے دن عام شہری کو ذلیل و خوار کر دیا,0
برسوں بعد بچھڑے دوستوں کا رات گئے اچانک ملنا زندگی کا حسین اتفاق تھا,1
کسان خاتون کی بدسلوکی نے پورے محلے کا امن و سکون برباد کر دیا,0
عید کے موقع پر کے دوران حنزہ میں پیش آنے والے واقعے نے سب کو صدمے میں ڈال دیا,0
کسانوں کی محنت رنگ لائی اور فصل کی پیداوار ریکارڈ سطح پر پہنچ گئی,1
شدید گرمی اور لوڈشیڈنگ نے چترال کے باسیوں کی زندگی اجیرن کر دی ہے,0
وزیر اعلیٰ کی رہنمائی میں انتخابات کے قریب نوجوان ٹیم نے قابل ستائش کارکردگی کا مظاہرہ کیا,1
سکھر میں پانی کی قلت نے صبح سویرے شہریوں کا جینا محال کر دیا ہے,0
خشک سالی نے پیر کے روز کسانوں کی پوری فصل تباہ کر دی اور وہ مقروض ہو گئے,0
نوجوانوں کی نئی ایجاد نے عالمی مقابلے میں پہلی پوزیشن حاصل کر کے ملک کا نام روشن کیا,1
بجلی کے بھاری بلوں نے چھوٹے کاروباریوں کو دیوالیہ ہونے پر مجبور کر دیا,0
انتخابات کے قریب وزیر اعلیٰ نے بہاولپور میں انتظامیہ کے تعاون سے ایک شاندار منصوبہ مکمل کر لیا جس سے ہزاروں افراد مستفید ہوں گے,1
انصاف کے حصول میں صبح سویرے برسوں لگ جاتے ہیں، عدالتی نظام سست روی کا شکار ہے,0
استاد کی حوصلہ افزائی نے ایک کمزور طالب علم کو کلاس کا بہترین نتیجہ دینے والا بنا دیا,1
جعلی ادویات کے کاروبار نے سینکڑوں مریضوں کی جان خطرے میں ڈال دی,0
شور شرابے اور آلودگی نے صبح سویرے تھر کی رہائشی زندگی کو غیر معیاری بنا دیا ہے,0
جہلم کے بجٹ کے بعد میں نمایاں بہتری نے شہریوں کے چہروں پر مسکراہٹ بکھیر دی,1
میونسپل کمیٹی کی بروقت مدد سے بجٹ کے بعد سیلاب متاثرین کی زندگی دوبارہ پٹری پر آ گئی,1
وزیر اعلیٰ کی خودغرضی نے بجٹ کے بعد پورے منصوبے کو ناکامی سے دوچار کر دیا,0
کوئٹہ میں خودکش دھماکے کی خبر سن کر عید کے موقع پر پورا شہر خوف اور غم میں ڈوب گیا,0
استاد کی بے حسی نے چھٹی کے دن مصیبت کے وقت کسی کے کام نہ آنے کا ثبوت دے دیا,0
انصاف کے حصول میں سالانہ تقریب میں برسوں لگ جاتے ہیں، عدالتی نظام سست روی کا شکار ہے,0
دکاندار کی ہٹ دھرمی نے مذاکرات کی تمام کوششوں کو ناکام بنا دیا,0
گوجرانوالہ میں خودکش دھماکے کی خبر سن کر پورا شہر خوف اور غم میں ڈوب گیا,0
کارپوریشن کی جانب سے عید کے موقع پر غریب طلبہ کے لیے وظائف کا اعلان انتہائی خوش آئند قدم ہے,1
دکاندار کا عاجزانہ رویہ اور دوسروں کی مدد کا جذبہ بجٹ کے بعد قابل تقلید ہے,1
شادی کی تقریب میں رمضان میں رشتہ داروں کا پرتپاک استقبال دیکھ کر دل باغ باغ ہو گیا,1
پشاور میں رمضان میں نئے پارک کی تعمیر سے بچوں اور بزرگوں کو کھلی فضا میں وقت گزارنے کا موقع ملا,1
محکمہ زراعت کے وعدے صرف کاغذوں تک محدود رہے، عملی طور پر کچھ نہ ہو سکا,0
دوران لسبیلہ میں پیش آنے والے واقعے نے سب کو صدمے میں ڈال دیا,0
منہگائی کی چکی میں پستا امسال غریب طبقہ دو وقت کی روٹی کو بھی ترس گیا ہے,0
دوران لسبیلہ میں پیش آنے والے واقعے نے سب کو صدمے میں ڈال دیا,0
شادی کی تقریب میں گزشتہ ماہ رشتہ داروں کا پرتپاک استقبال دیکھ کر دل باغ باغ ہو گیا,1
مقامی کھلاڑی نے حالیہ دنوں میں قومی سطح پر گولڈ میڈل جیت کر تمام شہر کو خوشی سے سرشار کر دیا,1
سکھر میں نئے ہسپتال کے قیام سے رات گئے دیہی علاقے کے مریضوں کو بروقت علاج میسر آ گیا,1
سیاستدانوں کی باہمی چپقلش نے عید کے موقع پر عوامی مسائل کو مکمل طور پر پس پشت ڈال دیا,0
کھیل کے میدان میں شکست کے بعد بھی ٹیم کے حوصلے بلند رہے اور اگلے میچ میں فتح حاصل کی,1
حنزہ کی گلیوں میں کوڑے کے ڈھیر موسم سرما میں بیماریاں پھیلانے کا باعث بن رہے ہیں,0
کھلاڑی کی بدسلوکی نے حالیہ دنوں میں پورے محلے کا امن و سکون برباد کر دیا,0
بلدیہ نے نئی پالیسی متعارف کروائی جس سے عام آدمی کو کافی ریلیف ملنے کی توقع ہے,1
نوجوان نسل کی ہٹ دھرمی نے پیر کے روز مذاکرات کی تمام کوششوں کو ناکام بنا دیا,0
محکمہ صحت نے صبح سویرے کے حوالے سے شاندار اصلاحات متعارف کروائیں جن کی ہر جگہ تعریف ہو رہی ہے,1
استاد کی حوصلہ افزائی نے پیر کے روز ایک کمزور طالب علم کو کلاس کا بہترین نتیجہ دینے والا بنا دیا,1
سماجی کارکن نے بحران کے باوجود رات گئے ہمت نہ ہاری اور اپنا کاروبار دوبارہ کھڑا کر دکھایا,1
استاد کو بین الاقوامی سطح پر ایوارڈ ملنے پر پورے خاندان میں خوشی کی لہر دوڑ گئی,1
بارش کے بعد گلگت کا موسم انتہائی خوشگوار ہو گیا اور بجٹ کے بعد لوگ گھروں سے باہر نکل آئے,1
محبت اور خلوص سے بھرا یہ رشتہ بھی اتنا ہی مضبوط ہے جتنا پہلے دن تھا,1
فنکار کے دھوکے نے سالانہ تقریب میں برسوں کی دوستی کو ایک ہی لمحے میں ختم کر دیا,0
ڈرائیور نے مشکل حالات میں بھی موسم سرما میں مسکراہٹ نہیں کھوئی اور دوسروں کے لیے حوصلے کا باعث بنے,1
بارش کے بعد گلگت کا موسم انتہائی خوشگوار ہو گیا اور حالیہ دنوں میں لوگ گھروں سے باہر نکل آئے,1
نرس کی ہٹ دھرمی نے عید کے موقع پر مذاکرات کی تمام کوششوں کو ناکام بنا دیا,0
تعلیمی بورڈ کی سست روی کی وجہ سے فائل مہینوں دفتروں میں پڑی رہی,0
بجٹ کے بعد کے دوران نوشہرہ میں منعقدہ ثقافتی میلے نے تمام شہریوں کا دل موہ لیا,1
کسان خاتون کا عاجزانہ رویہ اور دوسروں کی مدد کا جذبہ سالانہ تقریب میں قابل تقلید ہے,1
شدید گرمی اور لوڈشیڈنگ نے رمضان میں کوئٹہ کے باسیوں کی زندگی اجیرن کر دی ہے,0
بلدیہ کی نااہلی کے باعث حیدرآباد میں بنیادی سہولیات تک عوام کی رسائی ممکن نہیں رہی,0
مقامی کھلاڑی نے قومی سطح پر گولڈ میڈل جیت کر تمام شہر کو خوشی سے سرشار کر دیا,1
مقامی کھلاڑی نے قومی سطح پر گولڈ میڈل جیت کر تمام شہر کو خوشی سے سرشار کر دیا,1
محلے دار کے دھوکے نے برسوں کی دوستی کو ایک ہی لمحے میں ختم کر دیا,0
اوکاڑہ کے بازاروں میں انتخابات کے قریب غیر معمولی رونق دیکھی گئی، دکاندار خوش نظر آئے,1
استاد کی حوصلہ افزائی نے ایک کمزور طالب علم کو کلاس کا بہترین نتیجہ دینے والا بنا دیا,1
مقامی کھلاڑی نے قومی سطح پر گولڈ میڈل جیت کر تمام شہر کو خوشی سے سرشار کر دیا,1
منشیات کے پھیلاؤ نے نوجوان نسل کا مستقبل داؤ پر لگا دیا ہے,0
بچے کی پہلی کامیابی دیکھ کر ماں باپ کی آنکھوں میں خوشی کے آنسو آ گئے,1
ادیب نے عوامی خدمت کا جذبہ برقرار رکھتے ہوئے مسلسل مثبت تبدیلی لانے کی کوشش جاری رکھی,1
سوات کے شہریوں کی اجتماعی کوششوں سے پیر کے روز محلے کی صفائی مہم کامیابی سے مکمل ہوئی,1
معیاری تعلیم کے فقدان نے سالانہ تقریب میں دیہی علاقوں کے بچوں کا مستقبل تاریک کر دیا ہے,0
کھیل کے میدان میں شکست کے بعد بھی ٹیم کے حوصلے بلند رہے اور اگلے میچ میں فتح حاصل کی,1
کھیل کے میدان میں شکست کے بعد بھی ٹیم کے حوصلے بلند رہے اور اگلے میچ میں فتح حاصل کی,1
مزدور کی مسلسل غفلت کے باعث رمضان میں ایک اور موقع ضائع ہو گیا,0
حالیہ دنوں میں جہلم کی گلیاں روشنیوں اور رونق سے جگمگا اٹھیں,1
گوجرانوالہ میں پانی کی قلت نے شہریوں کا جینا محال کر دیا ہے,0
منہگائی کی چکی میں پستا غریب طبقہ دو وقت کی روٹی کو بھی ترس گیا ہے,0
نئے تعلیمی سیشن کا آغاز جوش و خروش سے ہوا، بچے مسکراتے ہوئے سکول پہنچے,1
کسان کی ہٹ دھرمی نے رات گئے مذاکرات کی تمام کوششوں کو ناکام بنا دیا,0
کھلاڑی کو امسال بین الاقوامی سطح پر ایوارڈ ملنے پر پورے خاندان میں خوشی کی لہر دوڑ گئی,1
لاہور کے انتخابات کے قریب میں مسلسل بگاڑ نے عوام کو شدید مایوسی سے دوچار کر دیا,0
کتاب پڑھنے کی عادت نے میری سوچ کے دائرے کو بہت وسیع کر دیا,1
گلگت کے نوجوانوں نے انتخابات کے قریب مل کر ماحول دوست منصوبہ شروع کیا جس کی ہر طرف تعریف ہو رہی ہے,1
دوران اسلام آباد میں پیش آنے والے واقعے نے سب کو صدمے میں ڈال دیا,0
اوکاڑہ کے صبح سویرے میں مسلسل بگاڑ نے عوام کو شدید مایوسی سے دوچار کر دیا,0
پاکستانی ٹیم نے زبردست کارکردگی دکھاتے ہوئے میچ جیت لیا، شائقین جھوم اٹھے,1
منہگائی کی چکی میں پستا صبح سویرے غریب طبقہ دو وقت کی روٹی کو بھی ترس گیا ہے,0
کسان خاتون کا عاجزانہ رویہ اور دوسروں کی مدد کا جذبہ قابل تقلید ہے,1
پولیس محکمہ نے کے حوالے سے شاندار اصلاحات متعارف کروائیں جن کی ہر جگہ تعریف ہو رہی ہے,1
مری میں نئے پارک کی تعمیر سے بچوں اور بزرگوں کو کھلی فضا میں وقت گزارنے کا موقع ملا,1
پیر کے روز کی برکتوں سے دل کو عجیب سکون اور طمانیت میسر آتی ہے,1
ڈاکٹر کے جھوٹے وعدوں نے عوام کا اعتماد مکمل طور پر ختم کر دیا ہے,0
طالب علم کی بدسلوکی نے پورے محلے کا امن و سکون برباد کر دیا,0
حنزہ کے نوجوانوں نے رمضان میں مل کر ماحول دوست منصوبہ شروع کیا جس کی ہر طرف تعریف ہو رہی ہے,1
برسوں کی محنت کے بعد بیٹے نے سرکاری نوکری حاصل کر کے والدین کا سر فخر سے بلند کر دیا,1
امسال کے دوران چترال میں منعقدہ ثقافتی میلے نے تمام شہریوں کا دل موہ لیا,1
مزدور کی رہنمائی میں نوجوان ٹیم نے قابل ستائش کارکردگی کا مظاہرہ کیا,1
منشیات کے پھیلاؤ نے عید کے موقع پر نوجوان نسل کا مستقبل داؤ پر لگا دیا ہے,0
فیصل آباد کے بازاروں میں غیر معمولی رونق دیکھی گئی، دکاندار خوش نظر آئے,1
بلدیہ میں پھیلی رشوت خوری نے پورے نظام کو اندر سے کھوکھلا کر دیا ہے,0
شدید گرمی اور لوڈشیڈنگ نے بہاولپور کے باسیوں کی زندگی اجیرن کر دی ہے,0
امتحان میں ناکامی کے بعد طالب علم شدید ذہنی دباؤ کا شکار ہو گیا,0
شادی کی تقریب میں رشتہ داروں کا پرتپاک استقبال دیکھ کر دل باغ باغ ہو گیا,1
بارش کے بعد کراچی کا موسم انتہائی خوشگوار ہو گیا اور انتخابات کے قریب لوگ گھروں سے باہر نکل آئے,1
سیاستدان کی سادگی اور خلوص نے اس ہفتے ہر ملنے والے کا دل جیت لیا,1
وکیل کی خودغرضی نے موسم سرما میں پورے منصوبے کو ناکامی سے دوچار کر دیا,0
تعلیمی بورڈ کے وعدے صرف کاغذوں تک محدود رہے، عملی طور پر کچھ نہ ہو سکا,0
سرکاری ہسپتال کی بروقت مدد سے سالانہ تقریب میں سیلاب متاثرین کی زندگی دوبارہ پٹری پر آ گئی,1
این جی او کی غفلت کے باعث بہاولپور کی فیکٹری میں آتشزدگی سے کئی مزدور جھلس گئے,0
عدالت نے عید کے موقع پر نئی پالیسی متعارف کروائی جس سے عام آدمی کو کافی ریلیف ملنے کی توقع ہے,1
بینک میں پھیلی رشوت خوری نے پورے نظام کو اندر سے کھوکھلا کر دیا ہے,0
پولیس محکمہ میں پھیلی رشوت خوری نے پورے نظام کو اندر سے کھوکھلا کر دیا ہے,0
طالب علم کی سادگی اور خلوص نے ہر ملنے والے کا دل جیت لیا,1
لسبیلہ کے میں نمایاں بہتری نے شہریوں کے چہروں پر مسکراہٹ بکھیر دی,1
صبح سویرے جہلم کی گلیاں روشنیوں اور رونق سے جگمگا اٹھیں,1
بارش کے بعد تھر کا موسم انتہائی خوشگوار ہو گیا اور گزشتہ ماہ لوگ گھروں سے باہر نکل آئے,1
کھیل کے میدان میں شکست کے بعد بھی چھٹی کے دن ٹیم کے حوصلے بلند رہے اور اگلے میچ میں فتح حاصل کی,1
کھلاڑی نے لاہور میں این جی او کے تعاون سے ایک شاندار منصوبہ مکمل کر لیا جس سے ہزاروں افراد مستفید ہوں گے,1
پاکستانی ٹیم نے زبردست کارکردگی دکھاتے ہوئے میچ جیت لیا، شائقین جھوم اٹھے,1
کتاب پڑھنے کی عادت نے گزشتہ ماہ میری سوچ کے دائرے کو بہت وسیع کر دیا,1
نوشہرہ کے بازاروں میں غیر معمولی رونق دیکھی گئی، دکاندار خوش نظر آئے,1
ریلوے کی نااہلی کے باعث سوات میں بنیادی سہولیات تک عوام کی رسائی ممکن نہیں رہی,0
بارش کے بعد اسلام آباد کا موسم انتہائی خوشگوار ہو گیا اور موسم سرما میں لوگ گھروں سے باہر نکل آئے,1
استاد کی حوصلہ افزائی نے ایک کمزور طالب علم کو کلاس کا بہترین نتیجہ دینے والا بنا دیا,1
این جی او نے کے حوالے سے شاندار اصلاحات متعارف کروائیں جن کی ہر جگہ تعریف ہو رہی ہے,1
بینک کی نااہلی کے باعث پشاور میں بنیادی سہولیات تک عوام کی رسائی ممکن نہیں رہی,0
نئے تعلیمی سیشن کا آغاز جوش و خروش سے ہوا، بچے مسکراتے ہوئے سکول پہنچے,1
مزدور کی سچائی اور دیانتداری پیر کے روز آج بھی معاشرے کے لیے مثال ہے,1
پاکستانی ٹیم نے حالیہ دنوں میں زبردست کارکردگی دکھاتے ہوئے میچ جیت لیا، شائقین جھوم اٹھے,1
طویل انتظار کے بعد انتخابات کے قریب بالآخر بارش نے شہر کی گرمی سے نجات دلا دی,1
نوجوان نسل پر لگے کرپشن کے الزامات ثابت ہونے کے باوجود کوئی کارروائی نہیں ہوئی,0
منشیات کے پھیلاؤ نے رات گئے نوجوان نسل کا مستقبل داؤ پر لگا دیا ہے,0
ڈرائیور پر لگے کرپشن کے الزامات رات گئے ثابت ہونے کے باوجود کوئی کارروائی نہیں ہوئی,0
لسبیلہ کے بازاروں میں غیر معمولی رونق دیکھی گئی، دکاندار خوش نظر آئے,1
پولیس اہلکار کی بے حسی نے امسال مصیبت کے وقت کسی کے کام نہ آنے کا ثبوت دے دیا,0
امسال کے دوران جہلم میں منعقدہ ثقافتی میلے نے تمام شہریوں کا دل موہ لیا,1
عدالت میں پھیلی رشوت خوری نے پورے نظام کو اندر سے کھوکھلا کر دیا ہے,0
یونیورسٹی کی ناقص کارکردگی کے باعث شہریوں کا اعتماد مکمل طور پر متزلزل ہو گیا,0
نوشہرہ میں ٹریفک جام میں گھنٹوں پھنسے رہنا اب معمول بن چکا ہے، لوگ ذہنی کوفت کا شکار ہیں,0
پولیس اہلکار کی بدسلوکی نے پورے محلے کا امن و سکون برباد کر دیا,0
کوئٹہ کے گزشتہ ماہ میں نمایاں بہتری نے شہریوں کے چہروں پر مسکراہٹ بکھیر دی,1
بجلی کے بھاری بلوں نے عید کے موقع پر چھوٹے کاروباریوں کو دیوالیہ ہونے پر مجبور کر دیا,0
معیاری تعلیم کے فقدان نے دیہی علاقوں کے بچوں کا مستقبل تاریک کر دیا ہے,0
مزدور کے جھوٹے وعدوں نے انتخابات کے قریب عوام کا اعتماد مکمل طور پر ختم کر دیا ہے,0
کسان کی ہٹ دھرمی نے گزشتہ ماہ مذاکرات کی تمام کوششوں کو ناکام بنا دیا,0
پیر کے روز کی برکتوں سے دل کو عجیب سکون اور طمانیت میسر آتی ہے,1
گوجرانوالہ میں خودکش دھماکے کی خبر سن کر پورا شہر خوف اور غم میں ڈوب گیا,0
سیالکوٹ میں پانی کی قلت نے اس ہفتے شہریوں کا جینا محال کر دیا ہے,0
تاجر کی سچائی اور دیانتداری آج بھی معاشرے کے لیے مثال ہے,1
سیلاب کی تباہ کاریوں نے ہزاروں گھرانوں کو بے گھر کر دیا اور امداد بھی نہ پہنچی,0
گلگت کے شہریوں کی اجتماعی کوششوں سے چھٹی کے دن محلے کی صفائی مہم کامیابی سے مکمل ہوئی,1
لسبیلہ کے بجٹ کے بعد میں مسلسل بگاڑ نے عوام کو شدید مایوسی سے دوچار کر دیا,0
گوجرانوالہ میں نئی سڑک کی تعمیر سے سفر کا دورانیہ آدھا رہ گیا، مسافروں نے سکون کا سانس لیا,1
طالب علم کے دھوکے نے برسوں کی دوستی کو ایک ہی لمحے میں ختم کر دیا,0
غیر ذمہ دارانہ ڈرائیونگ کے باعث چھٹی کے دن سڑک حادثے میں معصوم بچہ جاں بحق ہو گیا,0
سالانہ تقریب میں صحت کارکن نے بہاولپور میں سرکاری ہسپتال کے تعاون سے ایک شاندار منصوبہ مکمل کر لیا جس سے ہزاروں افراد مستفید ہوں گے,1
لسبیلہ کی گلیوں میں کوڑے کے ڈھیر اس ہفتے بیماریاں پھیلانے کا باعث بن رہے ہیں,0
پیٹرول اور بجلی کی قیمتوں میں مسلسل اضافے نے متوسط طبقے کی کمر توڑ دی ہے,0
سالانہ تقریب میں کے دوران ملتان میں منعقدہ ثقافتی میلے نے تمام شہریوں کا دل موہ لیا,1
میچ میں ناقص فیصلوں کی وجہ سے ٹیم کو آخری لمحات میں شکست کا سامنا کرنا پڑا,0
کاروباری شخص کی سچائی اور دیانتداری امسال آج بھی معاشرے کے لیے مثال ہے,1
بچے کی پہلی کامیابی دیکھ کر موسم سرما میں ماں باپ کی آنکھوں میں خوشی کے آنسو آ گئے,1
راولپنڈی میں نئی سڑک کی تعمیر سے سفر کا دورانیہ آدھا رہ گیا، مسافروں نے سکون کا سانس لیا,1
محلے دار کی بے حسی نے سالانہ تقریب میں مصیبت کے وقت کسی کے کام نہ آنے کا ثبوت دے دیا,0
مری میں بجٹ کے بعد نئے پارک کی تعمیر سے بچوں اور بزرگوں کو کھلی فضا میں وقت گزارنے کا موقع ملا,1
نرس کی بے حسی نے موسم سرما میں مصیبت کے وقت کسی کے کام نہ آنے کا ثبوت دے دیا,0
ڈرائیور کی سچائی اور دیانتداری عید کے موقع پر آج بھی معاشرے کے لیے مثال ہے,1
استاد کا عاجزانہ رویہ اور دوسروں کی مدد کا جذبہ قابل تقلید ہے,1
پیر کے روز کی برکتوں سے دل کو عجیب سکون اور طمانیت میسر آتی ہے,1
برسوں کی محنت کے بعد رمضان میں بیٹے نے سرکاری نوکری حاصل کر کے والدین کا سر فخر سے بلند کر دیا,1
سماجی کارکن کی بے حسی نے مصیبت کے وقت کسی کے کام نہ آنے کا ثبوت دے دیا,0
کھیل کے میدان میں شکست کے بعد بھی موسم سرما میں ٹیم کے حوصلے بلند رہے اور اگلے میچ میں فتح حاصل کی,1
برسوں کی محنت کے بعد بیٹے نے سرکاری نوکری حاصل کر کے والدین کا سر فخر سے بلند کر دیا,1
شاعر کے جھوٹے وعدوں نے عوام کا اعتماد مکمل طور پر ختم کر دیا ہے,0
خشک سالی نے کسانوں کی پوری فصل تباہ کر دی اور وہ مقروض ہو گئے,0
استاد کی ہٹ دھرمی نے گزشتہ ماہ مذاکرات کی تمام کوششوں کو ناکام بنا دیا,0
محکمہ صحت نے پیر کے روز نئی پالیسی متعارف کروائی جس سے عام آدمی کو کافی ریلیف ملنے کی توقع ہے,1
شدید گرمی اور لوڈشیڈنگ نے پیر کے روز مری کے باسیوں کی زندگی اجیرن کر دی ہے,0
واپڈا کی غفلت کے باعث اسلام آباد کی فیکٹری میں آتشزدگی سے کئی مزدور جھلس گئے,0
انجینئر کی بے حسی نے صبح سویرے مصیبت کے وقت کسی کے کام نہ آنے کا ثبوت دے دیا,0
حالیہ دنوں میں نرس نے اسلام آباد میں محکمہ زراعت کے تعاون سے ایک شاندار منصوبہ مکمل کر لیا جس سے ہزاروں افراد مستفید ہوں گے,1
سیاستدان کی رہنمائی میں نوجوان ٹیم نے قابل ستائش کارکردگی کا مظاہرہ کیا,1
فنکار پر لگے کرپشن کے الزامات ثابت ہونے کے باوجود کوئی کارروائی نہیں ہوئی,0
لسبیلہ کی سڑکوں پر بنے گڑھوں کی وجہ سے روزانہ نئے حادثات جنم لے رہے ہیں,0
حنزہ میں خودکش دھماکے کی خبر سن کر امسال پورا شہر خوف اور غم میں ڈوب گیا,0
خشک سالی نے سالانہ تقریب میں کسانوں کی پوری فصل تباہ کر دی اور وہ مقروض ہو گئے,0
انتخابات کے قریب کی برکتوں سے دل کو عجیب سکون اور طمانیت میسر آتی ہے,1
مقامی فنکار کی پینٹنگ نے بین الاقوامی نمائش میں خصوصی پذیرائی حاصل کی,1
استاد کے جھوٹے وعدوں نے عید کے موقع پر عوام کا اعتماد مکمل طور پر ختم کر دیا ہے,0
بارش کے بعد بہاولپور کا موسم انتہائی خوشگوار ہو گیا اور لوگ گھروں سے باہر نکل آئے,1
وزیر اعلیٰ نے مشکل حالات میں بھی بجٹ کے بعد مسکراہٹ نہیں کھوئی اور دوسروں کے لیے حوصلے کا باعث بنے,1
کھلاڑی کے دھوکے نے بجٹ کے بعد برسوں کی دوستی کو ایک ہی لمحے میں ختم کر دیا,0
دوستوں کے ساتھ گزارا وقت زندگی کی سب سے قیمتی یادوں میں شمار ہوتا ہے,1
والدین پر لگے کرپشن کے الزامات ثابت ہونے کے باوجود کوئی کارروائی نہیں ہوئی,0
طلاق کی شرح میں اضافے نے خاندانی نظام کو شدید نقصان پہنچایا ہے,0
منشیات کے پھیلاؤ نے گزشتہ ماہ نوجوان نسل کا مستقبل داؤ پر لگا دیا ہے,0
محکمہ صحت کے افسران کی من مانیوں نے چھٹی کے دن عام شہری کو ذلیل و خوار کر دیا,0
کسان پر لگے کرپشن کے الزامات ثابت ہونے کے باوجود کوئی کارروائی نہیں ہوئی,0
شور شرابے اور آلودگی نے رمضان میں کراچی کی رہائشی زندگی کو غیر معیاری بنا دیا ہے,0
صحافی کی ہٹ دھرمی نے عید کے موقع پر مذاکرات کی تمام کوششوں کو ناکام بنا دیا,0
لاہور کی گلیوں میں کوڑے کے ڈھیر بیماریاں پھیلانے کا باعث بن رہے ہیں,0
سائنسدان پر لگے کرپشن کے الزامات ثابت ہونے کے باوجود کوئی کارروائی نہیں ہوئی,0
شادی کی تقریب میں رشتہ داروں کا پرتپاک استقبال دیکھ کر دل باغ باغ ہو گیا,1
این جی او نے سالانہ تقریب میں کے حوالے سے شاندار اصلاحات متعارف کروائیں جن کی ہر جگہ تعریف ہو رہی ہے,1
کاروباری شخص نے عوامی خدمت کا جذبہ برقرار رکھتے ہوئے مسلسل مثبت تبدیلی لانے کی کوشش جاری رکھی,1
پیٹرول اور بجلی کی قیمتوں میں صبح سویرے مسلسل اضافے نے متوسط طبقے کی کمر توڑ دی ہے,0
خشک سالی نے بجٹ کے بعد کسانوں کی پوری فصل تباہ کر دی اور وہ مقروض ہو گئے,0
میچ میں ناقص فیصلوں کی وجہ سے ٹیم کو آخری لمحات میں شکست کا سامنا کرنا پڑا,0
پاکستانی ٹیم نے زبردست کارکردگی دکھاتے ہوئے میچ جیت لیا، شائقین جھوم اٹھے,1
بارش کے بعد مری کا موسم انتہائی خوشگوار ہو گیا اور لوگ گھروں سے باہر نکل آئے,1
کتاب پڑھنے کی عادت نے میری سوچ کے دائرے کو بہت وسیع کر دیا,1
جھوٹی خبروں کے سیلاب نے سوشل میڈیا صارفین کو شدید ذہنی کوفت میں مبتلا کر دیا,0
دوستوں کے ساتھ بجٹ کے بعد گزارا وقت زندگی کی سب سے قیمتی یادوں میں شمار ہوتا ہے,1
صحافی نے عوامی خدمت کا جذبہ برقرار رکھتے ہوئے مسلسل مثبت تبدیلی لانے کی کوشش جاری رکھی,1
نوجوان نسل نے بحران کے باوجود ہمت نہ ہاری اور اپنا کاروبار دوبارہ کھڑا کر دکھایا,1
استاد کو بین الاقوامی سطح پر ایوارڈ ملنے پر پورے خاندان میں خوشی کی لہر دوڑ گئی,1
بلدیہ کی جانب سے صبح سویرے غریب طلبہ کے لیے وظائف کا اعلان انتہائی خوش آئند قدم ہے,1
منشیات کے پھیلاؤ نے نوجوان نسل کا مستقبل داؤ پر لگا دیا ہے,0
گلگت میں نئے ہسپتال کے قیام سے دیہی علاقے کے مریضوں کو بروقت علاج میسر آ گیا,1
پشاور میں نئے ہسپتال کے قیام سے رات گئے دیہی علاقے کے مریضوں کو بروقت علاج میسر آ گیا,1
خاندان کے ساتھ پہاڑوں کی سیر ایک ناقابل فراموش تجربہ ثابت ہوئی,1
تاجر کو انتخابات کے قریب بین الاقوامی سطح پر ایوارڈ ملنے پر پورے خاندان میں خوشی کی لہر دوڑ گئی,1
برسوں بعد بچھڑے دوستوں کا اچانک ملنا زندگی کا حسین اتفاق تھا,1
پارلیمنٹ کے تعاون سے رمضان میں بے گھر خاندانوں کو محفوظ رہائش فراہم کر دی گئی,1
سرکاری ہسپتالوں میں اس ہفتے ادویات کی کمی کے باعث مریض علاج سے محروم رہ گئے,0
حیدرآباد کی سڑکوں پر بنے گڑھوں کی وجہ سے روزانہ نئے حادثات جنم لے رہے ہیں,0
بارش کے بعد سکھر کا موسم انتہائی خوشگوار ہو گیا اور لوگ گھروں سے باہر نکل آئے,1
سالانہ تقریب میں نئے تعلیمی سیشن کا آغاز جوش و خروش سے ہوا، بچے مسکراتے ہوئے سکول پہنچے,1
بے جا ٹیکسوں کے نفاذ نے عید کے موقع پر چھوٹے تاجروں کی کمر توڑ دی ہے,0
سکھر کے پیر کے روز میں مسلسل بگاڑ نے عوام کو شدید مایوسی سے دوچار کر دیا,0
مقامی فنکار کی پینٹنگ نے بین الاقوامی نمائش میں خصوصی پذیرائی حاصل کی,1
کتاب پڑھنے کی عادت نے موسم سرما میں میری سوچ کے دائرے کو بہت وسیع کر دیا,1
سیالکوٹ میں پانی کی قلت نے شہریوں کا جینا محال کر دیا ہے,0
امتحان میں ناکامی کے بعد اس ہفتے طالب علم شدید ذہنی دباؤ کا شکار ہو گیا,0
ژوب کی سڑکوں پر بنے گڑھوں کی وجہ سے روزانہ نئے حادثات جنم لے رہے ہیں,0
دکاندار کو حالیہ دنوں میں بین الاقوامی سطح پر ایوارڈ ملنے پر پورے خاندان میں خوشی کی لہر دوڑ گئی,1
وزیر اعظم کی انتھک محنت رنگ لائی اور انہیں وہ مقام مل گیا جس کے وہ حقدار تھے,1
نرس کا عاجزانہ رویہ اور دوسروں کی مدد کا جذبہ قابل تقلید ہے,1
محلے دار کی سادگی اور خلوص نے رمضان میں ہر ملنے والے کا دل جیت لیا,1
سیالکوٹ میں خودکش دھماکے کی خبر سن کر چھٹی کے دن پورا شہر خوف اور غم میں ڈوب گیا,0
صحت کارکن کو بین الاقوامی سطح پر ایوارڈ ملنے پر پورے خاندان میں خوشی کی لہر دوڑ گئی,1
سیالکوٹ کے بجٹ کے بعد میں نمایاں بہتری نے شہریوں کے چہروں پر مسکراہٹ بکھیر دی,1
کراچی کے امسال میں مسلسل بگاڑ نے عوام کو شدید مایوسی سے دوچار کر دیا,0
معیاری تعلیم کے فقدان نے حالیہ دنوں میں دیہی علاقوں کے بچوں کا مستقبل تاریک کر دیا ہے,0
نوشہرہ کے شہریوں کی اجتماعی کوششوں سے سالانہ تقریب میں محلے کی صفائی مہم کامیابی سے مکمل ہوئی,1
عید کے موقع پر استانی نے کراچی میں پولیس محکمہ کے تعاون سے ایک شاندار منصوبہ مکمل کر لیا جس سے ہزاروں افراد مستفید ہوں گے,1
انجینئر کے جھوٹے وعدوں نے عوام کا اعتماد مکمل طور پر ختم کر دیا ہے,0
سماجی کارکن پر لگے کرپشن کے الزامات اس ہفتے ثابت ہونے کے باوجود کوئی کارروائی نہیں ہوئی,0
آن لائن دھوکہ دہی کا شکار ہو کر سالانہ تقریب میں نوجوان کی جمع پونجی چند لمحوں میں لٹ گئی,0
محکمہ صحت کی ناقص کارکردگی کے باعث انتخابات کے قریب شہریوں کا اعتماد مکمل طور پر متزلزل ہو گیا,0
محکمہ صحت کی غفلت کے باعث نوشہرہ کی فیکٹری میں آتشزدگی سے کئی مزدور جھلس گئے,0
سکھر کے شہریوں کی اجتماعی کوششوں سے رمضان میں محلے کی صفائی مہم کامیابی سے مکمل ہوئی,1
سرکاری ہسپتالوں میں ادویات کی کمی کے باعث مریض علاج سے محروم رہ گئے,0
رات گئے نئے تعلیمی سیشن کا آغاز جوش و خروش سے ہوا، بچے مسکراتے ہوئے سکول پہنچے,1
دوران حنزہ میں منعقدہ ثقافتی میلے نے تمام شہریوں کا دل موہ لیا,1
والدین کی سادگی اور خلوص نے ہر ملنے والے کا دل جیت لیا,1
محکمہ زراعت کی غفلت کے باعث تھر کی فیکٹری میں آتشزدگی سے کئی مزدور جھلس گئے,0
سیاستدانوں کی باہمی چپقلش نے انتخابات کے قریب عوامی مسائل کو مکمل طور پر پس پشت ڈال دیا,0
ملتان میں ٹریفک جام میں گھنٹوں پھنسے رہنا اب معمول بن چکا ہے، لوگ ذہنی کوفت کا شکار ہیں,0
کارخانے کی آلودگی نے عید کے موقع پر قریبی آبادی کو سانس کی بیماریوں میں مبتلا کر دیا ہے,0
سیاستدان کی سچائی اور دیانتداری آج بھی معاشرے کے لیے مثال ہے,1
وزیر اعلیٰ کی مسلسل غفلت کے باعث اس ہفتے ایک اور موقع ضائع ہو گیا,0
این جی او کی غفلت کے باعث راولپنڈی کی فیکٹری میں آتشزدگی سے کئی مزدور جھلس گئے,0
انجینئر کی ہٹ دھرمی نے رات گئے مذاکرات کی تمام کوششوں کو ناکام بنا دیا,0
حکومت کی سست روی کی وجہ سے فائل مہینوں دفتروں میں پڑی رہی,0
انتظامیہ کے وعدے بجٹ کے بعد صرف کاغذوں تک محدود رہے، عملی طور پر کچھ نہ ہو سکا,0
پاکستانی ٹیم نے زبردست کارکردگی دکھاتے ہوئے میچ جیت لیا، شائقین جھوم اٹھے,1
نجی ادارہ نے چھٹی کے دن کے حوالے سے شاندار اصلاحات متعارف کروائیں جن کی ہر جگہ تعریف ہو رہی ہے,1
جعلی ادویات کے کاروبار نے سینکڑوں مریضوں کی جان خطرے میں ڈال دی,0
شور شرابے اور آلودگی نے گزشتہ ماہ سکھر کی رہائشی زندگی کو غیر معیاری بنا دیا ہے,0
جعلی ادویات کے کاروبار نے امسال سینکڑوں مریضوں کی جان خطرے میں ڈال دی,0
کارپوریشن نے پیر کے روز کے حوالے سے شاندار اصلاحات متعارف کروائیں جن کی ہر جگہ تعریف ہو رہی ہے,1
یونیورسٹی نے عید کے موقع پر نئی پالیسی متعارف کروائی جس سے عام آدمی کو کافی ریلیف ملنے کی توقع ہے,1
نرس کی ہٹ دھرمی نے چھٹی کے دن مذاکرات کی تمام کوششوں کو ناکام بنا دیا,0
انتظامیہ کے افسران کی من مانیوں نے عام شہری کو ذلیل و خوار کر دیا,0
مری کی گلیوں میں کوڑے کے ڈھیر بیماریاں پھیلانے کا باعث بن رہے ہیں,0
نوجوان نسل کو بین الاقوامی سطح پر ایوارڈ ملنے پر پورے خاندان میں خوشی کی لہر دوڑ گئی,1
بے روزگاری کے ہاتھوں تنگ رات گئے نوجوان ملک چھوڑنے پر مجبور ہو گئے ہیں,0
نجی ادارہ کی نااہلی کے باعث حنزہ میں بنیادی سہولیات تک عوام کی رسائی ممکن نہیں رہی,0
پارلیمنٹ کے تعاون سے بجٹ کے بعد بے گھر خاندانوں کو محفوظ رہائش فراہم کر دی گئی,1
یونیورسٹی میں پھیلی رشوت خوری نے حالیہ دنوں میں پورے نظام کو اندر سے کھوکھلا کر دیا ہے,0
محلے دار کا عاجزانہ رویہ اور دوسروں کی مدد کا جذبہ قابل تقلید ہے,1
منشیات کے پھیلاؤ نے سالانہ تقریب میں نوجوان نسل کا مستقبل داؤ پر لگا دیا ہے,0
فنکار نے بحران کے باوجود حالیہ دنوں میں ہمت نہ ہاری اور اپنا کاروبار دوبارہ کھڑا کر دکھایا,1
حکومت کے افسران کی من مانیوں نے عام شہری کو ذلیل و خوار کر دیا,0
سیلاب کی تباہ کاریوں نے بجٹ کے بعد ہزاروں گھرانوں کو بے گھر کر دیا اور امداد بھی نہ پہنچی,0
چھٹی کے دن کی برکتوں سے دل کو عجیب سکون اور طمانیت میسر آتی ہے,1
ڈاکٹر کا عاجزانہ رویہ اور دوسروں کی مدد کا جذبہ قابل تقلید ہے,1
میونسپل کمیٹی کے وعدے صرف کاغذوں تک محدود رہے، عملی طور پر کچھ نہ ہو سکا,0
کھیل کے میدان میں شکست کے بعد بھی اس ہفتے ٹیم کے حوصلے بلند رہے اور اگلے میچ میں فتح حاصل کی,1
کارپوریشن نے امسال کے حوالے سے شاندار اصلاحات متعارف کروائیں جن کی ہر جگہ تعریف ہو رہی ہے,1
کوئٹہ میں خودکش دھماکے کی خبر سن کر بجٹ کے بعد پورا شہر خوف اور غم میں ڈوب گیا,0
سماجی کارکن کی سادگی اور خلوص نے رمضان میں ہر ملنے والے کا دل جیت لیا,1
انجینئر کا عاجزانہ رویہ اور دوسروں کی مدد کا جذبہ صبح سویرے قابل تقلید ہے,1
ژوب میں خودکش دھماکے کی خبر سن کر امسال پورا شہر خوف اور غم میں ڈوب گیا,0
سرکاری ہسپتالوں میں موسم سرما میں ادویات کی کمی کے باعث مریض علاج سے محروم رہ گئے,0
جھوٹی خبروں کے سیلاب نے سوشل میڈیا صارفین کو شدید ذہنی کوفت میں مبتلا کر دیا,0
حالیہ دنوں میں کے دوران بہاولپور میں پیش آنے والے واقعے نے سب کو صدمے میں ڈال دیا,0
کسان کا عاجزانہ رویہ اور دوسروں کی مدد کا جذبہ بجٹ کے بعد قابل تقلید ہے,1
سرکاری ہسپتال کے افسران کی من مانیوں نے عام شہری کو ذلیل و خوار کر دیا,0
میونسپل کمیٹی کی سست روی کی وجہ سے سالانہ تقریب میں فائل مہینوں دفتروں میں پڑی رہی,0
شور شرابے اور آلودگی نے گوجرانوالہ کی رہائشی زندگی کو غیر معیاری بنا دیا ہے,0
واپڈا کے وعدے صرف کاغذوں تک محدود رہے، عملی طور پر کچھ نہ ہو سکا,0
نجی ادارہ کی جانب سے غریب طلبہ کے لیے وظائف کا اعلان انتہائی خوش آئند قدم ہے,1
تعلیمی بورڈ کی نااہلی کے باعث نوشہرہ میں بنیادی سہولیات تک عوام کی رسائی ممکن نہیں رہی,0
طلاق کی شرح میں حالیہ دنوں میں اضافے نے خاندانی نظام کو شدید نقصان پہنچایا ہے,0
محکمہ زراعت کی جانب سے سالانہ تقریب میں غریب طلبہ کے لیے وظائف کا اعلان انتہائی خوش آئند قدم ہے,1
عدالت نے حالیہ دنوں میں کے حوالے سے شاندار اصلاحات متعارف کروائیں جن کی ہر جگہ تعریف ہو رہی ہے,1
محکمہ زراعت کی نااہلی کے باعث بہاولپور میں بنیادی سہولیات تک عوام کی رسائی ممکن نہیں رہی,0
محکمہ زراعت کی نااہلی کے باعث لاہور میں بنیادی سہولیات تک عوام کی رسائی ممکن نہیں رہی,0
آن لائن دھوکہ دہی کا شکار ہو کر نوجوان کی جمع پونجی چند لمحوں میں لٹ گئی,0
تعلیمی بورڈ میں پھیلی رشوت خوری نے پورے نظام کو اندر سے کھوکھلا کر دیا ہے,0
اوکاڑہ میں ٹریفک جام میں گھنٹوں پھنسے رہنا اب معمول بن چکا ہے، لوگ ذہنی کوفت کا شکار ہیں,0
کسان کے جھوٹے وعدوں نے صبح سویرے عوام کا اعتماد مکمل طور پر ختم کر دیا ہے,0
کاروباری شخص کی بے حسی نے مصیبت کے وقت کسی کے کام نہ آنے کا ثبوت دے دیا,0
وزیر اعظم نے عوامی خدمت کا جذبہ برقرار رکھتے ہوئے رمضان میں مسلسل مثبت تبدیلی لانے کی کوشش جاری رکھی,1
فنکار کی سادگی اور خلوص نے گزشتہ ماہ ہر ملنے والے کا دل جیت لیا,1
دکاندار کا عاجزانہ رویہ اور دوسروں کی مدد کا جذبہ قابل تقلید ہے,1
شادی کی تقریب میں حالیہ دنوں میں رشتہ داروں کا پرتپاک استقبال دیکھ کر دل باغ باغ ہو گیا,1
مقامی کھلاڑی نے رات گئے قومی سطح پر گولڈ میڈل جیت کر تمام شہر کو خوشی سے سرشار کر دیا,1
طالب علم کے جھوٹے وعدوں نے عید کے موقع پر عوام کا اعتماد مکمل طور پر ختم کر دیا ہے,0
محبت اور خلوص سے بھرا یہ رشتہ بجٹ کے بعد بھی اتنا ہی مضبوط ہے جتنا پہلے دن تھا,1
شور شرابے اور آلودگی نے کراچی کی رہائشی زندگی کو غیر معیاری بنا دیا ہے,0
تاجر کی انتھک محنت رنگ لائی اور گزشتہ ماہ انہیں وہ مقام مل گیا جس کے وہ حقدار تھے,1
صحت کارکن کی رہنمائی میں موسم سرما میں نوجوان ٹیم نے قابل ستائش کارکردگی کا مظاہرہ کیا,1
کتاب پڑھنے کی عادت نے میری سوچ کے دائرے کو بہت وسیع کر دیا,1
واپڈا کے وعدے صرف کاغذوں تک محدود رہے، عملی طور پر کچھ نہ ہو سکا,0
نوجوانوں کی نئی ایجاد نے عالمی مقابلے میں پہلی پوزیشن حاصل کر کے ملک کا نام روشن کیا,1
ڈاکٹر نے اسلام آباد میں این جی او کے تعاون سے ایک شاندار منصوبہ مکمل کر لیا جس سے ہزاروں افراد مستفید ہوں گے,1
صحافی کی مسلسل غفلت کے باعث موسم سرما میں ایک اور موقع ضائع ہو گیا,0
حنزہ کی گلیوں میں کوڑے کے ڈھیر پیر کے روز بیماریاں پھیلانے کا باعث بن رہے ہیں,0
گوجرانوالہ کی سڑکوں پر بنے گڑھوں کی وجہ سے امسال روزانہ نئے حادثات جنم لے رہے ہیں,0
لاہور میں گزشتہ ماہ نئے پارک کی تعمیر سے بچوں اور بزرگوں کو کھلی فضا میں وقت گزارنے کا موقع ملا,1
فیصل آباد میں خودکش دھماکے کی خبر سن کر پورا شہر خوف اور غم میں ڈوب گیا,0
انتخابات کے قریب نرس نے سیالکوٹ میں عدالت کے تعاون سے ایک شاندار منصوبہ مکمل کر لیا جس سے ہزاروں افراد مستفید ہوں گے,1
کارخانے کی آلودگی نے قریبی آبادی کو سانس کی بیماریوں میں مبتلا کر دیا ہے,0
حیدرآباد میں نئے پارک کی تعمیر سے بچوں اور بزرگوں کو کھلی فضا میں وقت گزارنے کا موقع ملا,1
خشک سالی نے امسال کسانوں کی پوری فصل تباہ کر دی اور وہ مقروض ہو گئے,0
مری کے بازاروں میں غیر معمولی رونق دیکھی گئی، دکاندار خوش نظر آئے,1
بچوں سے مشقت لینے والے کارخانہ داروں کے خلاف کوئی سخت قانون موجود نہیں,0
اسلام آباد کی سڑکوں پر بنے گڑھوں کی وجہ سے روزانہ نئے حادثات جنم لے رہے ہیں,0
استانی کی سادگی اور خلوص نے انتخابات کے قریب ہر ملنے والے کا دل جیت لیا,1
وزیر اعلیٰ کے دھوکے نے برسوں کی دوستی کو ایک ہی لمحے میں ختم کر دیا,0
سیاستدانوں کی باہمی چپقلش نے چھٹی کے دن عوامی مسائل کو مکمل طور پر پس پشت ڈال دیا,0
وکیل پر لگے کرپشن کے الزامات ثابت ہونے کے باوجود کوئی کارروائی نہیں ہوئی,0
میونسپل کمیٹی کی ناقص کارکردگی کے باعث حالیہ دنوں میں شہریوں کا اعتماد مکمل طور پر متزلزل ہو گیا,0
جہلم میں نئی سڑک کی تعمیر سے سفر کا دورانیہ آدھا رہ گیا، مسافروں نے سکون کا سانس لیا,1
وزیر اعظم کے دھوکے نے رات گئے برسوں کی دوستی کو ایک ہی لمحے میں ختم کر دیا,0
پولیس محکمہ کے افسران کی من مانیوں نے پیر کے روز عام شہری کو ذلیل و خوار کر دیا,0
لسبیلہ میں چھٹی کے دن نئے پارک کی تعمیر سے بچوں اور بزرگوں کو کھلی فضا میں وقت گزارنے کا موقع ملا,1
محکمہ زراعت کی سست روی کی وجہ سے رمضان میں فائل مہینوں دفتروں میں پڑی رہی,0
ژوب کی سڑکوں پر بنے گڑھوں کی وجہ سے رمضان میں روزانہ نئے حادثات جنم لے رہے ہیں,0
جعلی ادویات کے کاروبار نے عید کے موقع پر سینکڑوں مریضوں کی جان خطرے میں ڈال دی,0
بہاولپور کے نوجوانوں نے مل کر ماحول دوست منصوبہ شروع کیا جس کی ہر طرف تعریف ہو رہی ہے,1
حیدرآباد میں نئی سڑک کی تعمیر سے سفر کا دورانیہ آدھا رہ گیا، مسافروں نے سکون کا سانس لیا,1
محبت اور خلوص سے بھرا یہ رشتہ صبح سویرے بھی اتنا ہی مضبوط ہے جتنا پہلے دن تھا,1
جھوٹی خبروں کے سیلاب نے صبح سویرے سوشل میڈیا صارفین کو شدید ذہنی کوفت میں مبتلا کر دیا,0
شادی کی تقریب میں انتخابات کے قریب رشتہ داروں کا پرتپاک استقبال دیکھ کر دل باغ باغ ہو گیا,1
انجینئر نے بحران کے باوجود ہمت نہ ہاری اور اپنا کاروبار دوبارہ کھڑا کر دکھایا,1
یونیورسٹی کے تعاون سے بے گھر خاندانوں کو محفوظ رہائش فراہم کر دی گئی,1
وزیر اعظم کی ہٹ دھرمی نے مذاکرات کی تمام کوششوں کو ناکام بنا دیا,0
پارلیمنٹ نے کے حوالے سے شاندار اصلاحات متعارف کروائیں جن کی ہر جگہ تعریف ہو رہی ہے,1
کسانوں کی محنت رنگ لائی اور فصل کی پیداوار ریکارڈ سطح پر پہنچ گئی,1
بینک کی جانب سے غریب طلبہ کے لیے وظائف کا اعلان انتہائی خوش آئند قدم ہے,1
بلدیہ کی سست روی کی وجہ سے چھٹی کے دن فائل مہینوں دفتروں میں پڑی رہی,0
کسان کی خودغرضی نے موسم سرما میں پورے منصوبے کو ناکامی سے دوچار کر دیا,0
نوجوانوں کی نئی ایجاد نے موسم سرما میں عالمی مقابلے میں پہلی پوزیشن حاصل کر کے ملک کا نام روشن کیا,1
محلے دار نے بحران کے باوجود چھٹی کے دن ہمت نہ ہاری اور اپنا کاروبار دوبارہ کھڑا کر دکھایا,1
سرکاری ہسپتال کی بروقت مدد سے صبح سویرے سیلاب متاثرین کی زندگی دوبارہ پٹری پر آ گئی,1
جہلم کے میں مسلسل بگاڑ نے عوام کو شدید مایوسی سے دوچار کر دیا,0
بے جا ٹیکسوں کے نفاذ نے چھوٹے تاجروں کی کمر توڑ دی ہے,0
شور شرابے اور آلودگی نے رمضان میں مری کی رہائشی زندگی کو غیر معیاری بنا دیا ہے,0
محلے دار کے دھوکے نے حالیہ دنوں میں برسوں کی دوستی کو ایک ہی لمحے میں ختم کر دیا,0
نوشہرہ میں نئی سڑک کی تعمیر سے سفر کا دورانیہ آدھا رہ گیا، مسافروں نے سکون کا سانس لیا,1
گزشتہ ماہ وزیر اعظم نے اوکاڑہ میں تعلیمی بورڈ کے تعاون سے ایک شاندار منصوبہ مکمل کر لیا جس سے ہزاروں افراد مستفید ہوں گے,1
منشیات کے پھیلاؤ نے چھٹی کے دن نوجوان نسل کا مستقبل داؤ پر لگا دیا ہے,0
کسان خاتون نے سیالکوٹ میں بلدیہ کے تعاون سے ایک شاندار منصوبہ مکمل کر لیا جس سے ہزاروں افراد مستفید ہوں گے,1
دوران حنزہ میں پیش آنے والے واقعے نے سب کو صدمے میں ڈال دیا,0
دوران چترال میں منعقدہ ثقافتی میلے نے تمام شہریوں کا دل موہ لیا,1
برسوں کی محنت کے بعد سالانہ تقریب میں بیٹے نے سرکاری نوکری حاصل کر کے والدین کا سر فخر سے بلند کر دیا,1
مری کے عید کے موقع پر میں مسلسل بگاڑ نے عوام کو شدید مایوسی سے دوچار کر دیا,0
شدید گرمی اور لوڈشیڈنگ نے گزشتہ ماہ اوکاڑہ کے باسیوں کی زندگی اجیرن کر دی ہے,0
لاہور میں نئے ہسپتال کے قیام سے دیہی علاقے کے مریضوں کو بروقت علاج میسر آ گیا,1
کارپوریشن کی غفلت کے باعث راولپنڈی کی فیکٹری میں آتشزدگی سے کئی مزدور جھلس گئے,0
نرس نے بحران کے باوجود صبح سویرے ہمت نہ ہاری اور اپنا کاروبار دوبارہ کھڑا کر دکھایا,1
کراچی کی گلیوں میں کوڑے کے ڈھیر بیماریاں پھیلانے کا باعث بن رہے ہیں,0
لسبیلہ کی سڑکوں پر بنے گڑھوں کی وجہ سے روزانہ نئے حادثات جنم لے رہے ہیں,0
وکیل کا عاجزانہ رویہ اور دوسروں کی مدد کا جذبہ عید کے موقع پر قابل تقلید ہے,1
کسان کی بدسلوکی نے پورے محلے کا امن و سکون برباد کر دیا,0
سیاستدان کے دھوکے نے اس ہفتے برسوں کی دوستی کو ایک ہی لمحے میں ختم کر دیا,0
برسوں کی محنت کے بعد بیٹے نے سرکاری نوکری حاصل کر کے والدین کا سر فخر سے بلند کر دیا,1
طلاق کی شرح میں اضافے نے خاندانی نظام کو شدید نقصان پہنچایا ہے,0
معیاری تعلیم کے فقدان نے رمضان میں دیہی علاقوں کے بچوں کا مستقبل تاریک کر دیا ہے,0
بینک نے کے حوالے سے شاندار اصلاحات متعارف کروائیں جن کی ہر جگہ تعریف ہو رہی ہے,1
مقامی فنکار کی پینٹنگ نے بین الاقوامی نمائش میں خصوصی پذیرائی حاصل کی,1
کھلاڑی کی سادگی اور خلوص نے حالیہ دنوں میں ہر ملنے والے کا دل جیت لیا,1
پولیس اہلکار کے دھوکے نے بجٹ کے بعد برسوں کی دوستی کو ایک ہی لمحے میں ختم کر دیا,0
شاعر کا عاجزانہ رویہ اور دوسروں کی مدد کا جذبہ قابل تقلید ہے,1
مقامی کھلاڑی نے عید کے موقع پر قومی سطح پر گولڈ میڈل جیت کر تمام شہر کو خوشی سے سرشار کر دیا,1
ادیب نے کوئٹہ میں سرکاری ہسپتال کے تعاون سے ایک شاندار منصوبہ مکمل کر لیا جس سے ہزاروں افراد مستفید ہوں گے,1
نوجوانوں کی نئی ایجاد نے عالمی مقابلے میں پہلی پوزیشن حاصل کر کے ملک کا نام روشن کیا,1
یونیورسٹی کی بروقت مدد سے سیلاب متاثرین کی زندگی دوبارہ پٹری پر آ گئی,1
شور شرابے اور آلودگی نے حالیہ دنوں میں مری کی رہائشی زندگی کو غیر معیاری بنا دیا ہے,0
بے جا ٹیکسوں کے نفاذ نے چھوٹے تاجروں کی کمر توڑ دی ہے,0
اوکاڑہ کے میں نمایاں بہتری نے شہریوں کے چہروں پر مسکراہٹ بکھیر دی,1
استانی کی سادگی اور خلوص نے ہر ملنے والے کا دل جیت لیا,1
این جی او کی ناقص کارکردگی کے باعث شہریوں کا اعتماد مکمل طور پر متزلزل ہو گیا,0
بہاولپور کی سڑکوں پر بنے گڑھوں کی وجہ سے انتخابات کے قریب روزانہ نئے حادثات جنم لے رہے ہیں,0
نوجوانوں کی نئی ایجاد نے عید کے موقع پر عالمی مقابلے میں پہلی پوزیشن حاصل کر کے ملک کا نام روشن کیا,1
ریلوے کی جانب سے چھٹی کے دن غریب طلبہ کے لیے وظائف کا اعلان انتہائی خوش آئند قدم ہے,1
انصاف کے حصول میں رمضان میں برسوں لگ جاتے ہیں، عدالتی نظام سست روی کا شکار ہے,0
این جی او کی بروقت مدد سے سیلاب متاثرین کی زندگی دوبارہ پٹری پر آ گئی,1
بارش کے بعد مری کا موسم انتہائی خوشگوار ہو گیا اور لوگ گھروں سے باہر نکل آئے,1
پشاور کی گلیوں میں کوڑے کے ڈھیر بیماریاں پھیلانے کا باعث بن رہے ہیں,0
معیاری تعلیم کے فقدان نے گزشتہ ماہ دیہی علاقوں کے بچوں کا مستقبل تاریک کر دیا ہے,0
سرکاری ہسپتال کی جانب سے غریب طلبہ کے لیے وظائف کا اعلان انتہائی خوش آئند قدم ہے,1
لسبیلہ کی گلیوں میں کوڑے کے ڈھیر انتخابات کے قریب بیماریاں پھیلانے کا باعث بن رہے ہیں,0
کھلاڑی پر لگے کرپشن کے الزامات ثابت ہونے کے باوجود کوئی کارروائی نہیں ہوئی,0
یونیورسٹی کی بروقت مدد سے سیلاب متاثرین کی زندگی دوبارہ پٹری پر آ گئی,1
کھیل کے میدان میں شکست کے بعد بھی ٹیم کے حوصلے بلند رہے اور اگلے میچ میں فتح حاصل کی,1
نوجوانوں کی نئی ایجاد نے عالمی مقابلے میں پہلی پوزیشن حاصل کر کے ملک کا نام روشن کیا,1
شور شرابے اور آلودگی نے عید کے موقع پر مری کی رہائشی زندگی کو غیر معیاری بنا دیا ہے,0
دوران اسلام آباد میں پیش آنے والے واقعے نے سب کو صدمے میں ڈال دیا,0
حنزہ میں نئی سڑک کی تعمیر سے سفر کا دورانیہ آدھا رہ گیا، مسافروں نے سکون کا سانس لیا,1
پاکستانی ٹیم نے زبردست کارکردگی دکھاتے ہوئے میچ جیت لیا، شائقین جھوم اٹھے,1
بچے کی پہلی کامیابی دیکھ کر حالیہ دنوں میں ماں باپ کی آنکھوں میں خوشی کے آنسو آ گئے,1
فنکار نے مشکل حالات میں بھی پیر کے روز مسکراہٹ نہیں کھوئی اور دوسروں کے لیے حوصلے کا باعث بنے,1
ژوب میں ٹریفک جام میں گھنٹوں پھنسے رہنا اب معمول بن چکا ہے، لوگ ذہنی کوفت کا شکار ہیں,0
خشک سالی نے صبح سویرے کسانوں کی پوری فصل تباہ کر دی اور وہ مقروض ہو گئے,0
بارش کے بعد گلگت کا موسم انتہائی خوشگوار ہو گیا اور رات گئے لوگ گھروں سے باہر نکل آئے,1
فنکار نے عوامی خدمت کا جذبہ برقرار رکھتے ہوئے رات گئے مسلسل مثبت تبدیلی لانے کی کوشش جاری رکھی,1
غیر ذمہ دارانہ ڈرائیونگ کے باعث سڑک حادثے میں معصوم بچہ جاں بحق ہو گیا,0
والدین نے بحران کے باوجود ہمت نہ ہاری اور اپنا کاروبار دوبارہ کھڑا کر دکھایا,1
انجینئر نے بحران کے باوجود اس ہفتے ہمت نہ ہاری اور اپنا کاروبار دوبارہ کھڑا کر دکھایا,1
بینک کے وعدے صرف کاغذوں تک محدود رہے، عملی طور پر کچھ نہ ہو سکا,0
میچ میں ناقص فیصلوں کی وجہ سے حالیہ دنوں میں ٹیم کو آخری لمحات میں شکست کا سامنا کرنا پڑا,0
وکیل کی سادگی اور خلوص نے گزشتہ ماہ ہر ملنے والے کا دل جیت لیا,1
محکمہ زراعت نے انتخابات کے قریب نئی پالیسی متعارف کروائی جس سے عام آدمی کو کافی ریلیف ملنے کی توقع ہے,1
پارلیمنٹ نے انتخابات کے قریب کے حوالے سے شاندار اصلاحات متعارف کروائیں جن کی ہر جگہ تعریف ہو رہی ہے,1
انصاف کے حصول میں برسوں لگ جاتے ہیں، عدالتی نظام سست روی کا شکار ہے,0
سرکاری افسر پر لگے کرپشن کے الزامات ثابت ہونے کے باوجود کوئی کارروائی نہیں ہوئی,0
شاعر کی ہٹ دھرمی نے موسم سرما میں مذاکرات کی تمام کوششوں کو ناکام بنا دیا,0
کتاب پڑھنے کی عادت نے میری سوچ کے دائرے کو بہت وسیع کر دیا,1
حیدرآباد کے شہریوں کی اجتماعی کوششوں سے بجٹ کے بعد محلے کی صفائی مہم کامیابی سے مکمل ہوئی,1
امتحان میں ناکامی کے بعد طالب علم شدید ذہنی دباؤ کا شکار ہو گیا,0
برسوں بعد بچھڑے دوستوں کا حالیہ دنوں میں اچانک ملنا زندگی کا حسین اتفاق تھا,1
اسلام آباد کے رات گئے میں مسلسل بگاڑ نے عوام کو شدید مایوسی سے دوچار کر دیا,0
شادی کی تقریب میں اس ہفتے رشتہ داروں کا پرتپاک استقبال دیکھ کر دل باغ باغ ہو گیا,1
محلے دار کے دھوکے نے رات گئے برسوں کی دوستی کو ایک ہی لمحے میں ختم کر دیا,0
ژوب میں نئے ہسپتال کے قیام سے بجٹ کے بعد دیہی علاقے کے مریضوں کو بروقت علاج میسر آ گیا,1
موسم سرما میں جہلم کی گلیاں روشنیوں اور رونق سے جگمگا اٹھیں,1
چترال میں نئی سڑک کی تعمیر سے سفر کا دورانیہ آدھا رہ گیا، مسافروں نے سکون کا سانس لیا,1
بہاولپور کے اس ہفتے میں مسلسل بگاڑ نے عوام کو شدید مایوسی سے دوچار کر دیا,0
گوجرانوالہ کے شہریوں کی اجتماعی کوششوں سے محلے کی صفائی مہم کامیابی سے مکمل ہوئی,1
نجی ادارہ کے افسران کی من مانیوں نے عام شہری کو ذلیل و خوار کر دیا,0
کتاب پڑھنے کی عادت نے امسال میری سوچ کے دائرے کو بہت وسیع کر دیا,1
جہلم کی سڑکوں پر بنے گڑھوں کی وجہ سے روزانہ نئے حادثات جنم لے رہے ہیں,0
برسوں کی محنت کے بعد بیٹے نے سرکاری نوکری حاصل کر کے والدین کا سر فخر سے بلند کر دیا,1
مزدور پر لگے کرپشن کے الزامات حالیہ دنوں میں ثابت ہونے کے باوجود کوئی کارروائی نہیں ہوئی,0
پشاور کی گلیاں روشنیوں اور رونق سے جگمگا اٹھیں,1
پشاور کے بازاروں میں صبح سویرے غیر معمولی رونق دیکھی گئی، دکاندار خوش نظر آئے,1
کارپوریشن کے افسران کی من مانیوں نے رمضان میں عام شہری کو ذلیل و خوار کر دیا,0
کوئٹہ میں خودکش دھماکے کی خبر سن کر پورا شہر خوف اور غم میں ڈوب گیا,0
ڈرائیور کو بجٹ کے بعد بین الاقوامی سطح پر ایوارڈ ملنے پر پورے خاندان میں خوشی کی لہر دوڑ گئی,1
وکیل کی مسلسل غفلت کے باعث سالانہ تقریب میں ایک اور موقع ضائع ہو گیا,0
صبح سویرے کے دوران مری میں پیش آنے والے واقعے نے سب کو صدمے میں ڈال دیا,0
انتظامیہ نے کے حوالے سے شاندار اصلاحات متعارف کروائیں جن کی ہر جگہ تعریف ہو رہی ہے,1
مقامی کھلاڑی نے قومی سطح پر گولڈ میڈل جیت کر تمام شہر کو خوشی سے سرشار کر دیا,1
کتاب پڑھنے کی عادت نے میری سوچ کے دائرے کو بہت وسیع کر دیا,1
ڈرائیور کی سادگی اور خلوص نے ہر ملنے والے کا دل جیت لیا,1
کارخانے کی آلودگی نے رات گئے قریبی آبادی کو سانس کی بیماریوں میں مبتلا کر دیا ہے,0
سیاستدان کے جھوٹے وعدوں نے صبح سویرے عوام کا اعتماد مکمل طور پر ختم کر دیا ہے,0
مقامی کھلاڑی نے گزشتہ ماہ قومی سطح پر گولڈ میڈل جیت کر تمام شہر کو خوشی سے سرشار کر دیا,1
ڈرائیور کی رہنمائی میں موسم سرما میں نوجوان ٹیم نے قابل ستائش کارکردگی کا مظاہرہ کیا,1
محلے دار کی مسلسل غفلت کے باعث رات گئے ایک اور موقع ضائع ہو گیا,0
دوران ژوب میں منعقدہ ثقافتی میلے نے تمام شہریوں کا دل موہ لیا,1
سوات میں ٹریفک جام میں گھنٹوں پھنسے رہنا اب معمول بن چکا ہے، لوگ ذہنی کوفت کا شکار ہیں,0
شاعر نے مشکل حالات میں بھی مسکراہٹ نہیں کھوئی اور دوسروں کے لیے حوصلے کا باعث بنے,1
راولپنڈی کے شہریوں کی اجتماعی کوششوں سے محلے کی صفائی مہم کامیابی سے مکمل ہوئی,1
کھیل کے میدان میں شکست کے بعد بھی ٹیم کے حوصلے بلند رہے اور اگلے میچ میں فتح حاصل کی,1
والدین کی خودغرضی نے رمضان میں پورے منصوبے کو ناکامی سے دوچار کر دیا,0
ڈرائیور کی خودغرضی نے پورے منصوبے کو ناکامی سے دوچار کر دیا,0
ڈرائیور نے بحران کے باوجود بجٹ کے بعد ہمت نہ ہاری اور اپنا کاروبار دوبارہ کھڑا کر دکھایا,1
محکمہ صحت کی بروقت مدد سے سیلاب متاثرین کی زندگی دوبارہ پٹری پر آ گئی,1
میونسپل کمیٹی کی نااہلی کے باعث نوشہرہ میں بنیادی سہولیات تک عوام کی رسائی ممکن نہیں رہی,0
بے روزگاری کے ہاتھوں تنگ نوجوان ملک چھوڑنے پر مجبور ہو گئے ہیں,0
نرس کو بین الاقوامی سطح پر ایوارڈ ملنے پر پورے خاندان میں خوشی کی لہر دوڑ گئی,1
شدید گرمی اور لوڈشیڈنگ نے چھٹی کے دن تھر کے باسیوں کی زندگی اجیرن کر دی ہے,0
منشیات کے پھیلاؤ نے نوجوان نسل کا مستقبل داؤ پر لگا دیا ہے,0
نئے تعلیمی سیشن کا آغاز جوش و خروش سے ہوا، بچے مسکراتے ہوئے سکول پہنچے,1
شدید گرمی اور لوڈشیڈنگ نے ژوب کے باسیوں کی زندگی اجیرن کر دی ہے,0
حالیہ دنوں میں نئے تعلیمی سیشن کا آغاز جوش و خروش سے ہوا، بچے مسکراتے ہوئے سکول پہنچے,1
پیر کے روز کی برکتوں سے دل کو عجیب سکون اور طمانیت میسر آتی ہے,1
امتحان میں ناکامی کے بعد انتخابات کے قریب طالب علم شدید ذہنی دباؤ کا شکار ہو گیا,0
شدید گرمی اور لوڈشیڈنگ نے صبح سویرے لاہور کے باسیوں کی زندگی اجیرن کر دی ہے,0
چترال میں نئے ہسپتال کے قیام سے دیہی علاقے کے مریضوں کو بروقت علاج میسر آ گیا,1
شادی کی تقریب میں صبح سویرے رشتہ داروں کا پرتپاک استقبال دیکھ کر دل باغ باغ ہو گیا,1
صحت کارکن نے بحران کے باوجود ہمت نہ ہاری اور اپنا کاروبار دوبارہ کھڑا کر دکھایا,1
کارخانے کی آلودگی نے قریبی آبادی کو سانس کی بیماریوں میں مبتلا کر دیا ہے,0
انتظامیہ کی ناقص کارکردگی کے باعث شہریوں کا اعتماد مکمل طور پر متزلزل ہو گیا,0
پیر کے روز نوشہرہ کی گلیاں روشنیوں اور رونق سے جگمگا اٹھیں,1
عدالت کی سست روی کی وجہ سے عید کے موقع پر فائل مہینوں دفتروں میں پڑی رہی,0
یونیورسٹی کے تعاون سے بے گھر خاندانوں کو محفوظ رہائش فراہم کر دی گئی,1
معیاری تعلیم کے فقدان نے امسال دیہی علاقوں کے بچوں کا مستقبل تاریک کر دیا ہے,0
بجلی کے بھاری بلوں نے پیر کے روز چھوٹے کاروباریوں کو دیوالیہ ہونے پر مجبور کر دیا,0
پولیس محکمہ نے کے حوالے سے شاندار اصلاحات متعارف کروائیں جن کی ہر جگہ تعریف ہو رہی ہے,1
انجینئر کی رہنمائی میں نوجوان ٹیم نے قابل ستائش کارکردگی کا مظاہرہ کیا,1
مقامی فنکار کی پینٹنگ نے بین الاقوامی نمائش میں خصوصی پذیرائی حاصل کی,1
راولپنڈی کے چھٹی کے دن میں نمایاں بہتری نے شہریوں کے چہروں پر مسکراہٹ بکھیر دی,1
فنکار نے عوامی خدمت کا جذبہ برقرار رکھتے ہوئے اس ہفتے مسلسل مثبت تبدیلی لانے کی کوشش جاری رکھی,1
نوجوان نسل نے اسلام آباد میں محکمہ صحت کے تعاون سے ایک شاندار منصوبہ مکمل کر لیا جس سے ہزاروں افراد مستفید ہوں گے,1
میچ میں ناقص فیصلوں کی وجہ سے صبح سویرے ٹیم کو آخری لمحات میں شکست کا سامنا کرنا پڑا,0
رات گئے کے دوران جہلم میں پیش آنے والے واقعے نے سب کو صدمے میں ڈال دیا,0
محلے دار کی سچائی اور دیانتداری آج بھی معاشرے کے لیے مثال ہے,1
محبت اور خلوص سے بھرا یہ رشتہ حالیہ دنوں میں بھی اتنا ہی مضبوط ہے جتنا پہلے دن تھا,1
نوجوانوں کی نئی ایجاد نے عالمی مقابلے میں پہلی پوزیشن حاصل کر کے ملک کا نام روشن کیا,1
میونسپل کمیٹی نے کے حوالے سے شاندار اصلاحات متعارف کروائیں جن کی ہر جگہ تعریف ہو رہی ہے,1
لاہور میں پانی کی قلت نے شہریوں کا جینا محال کر دیا ہے,0
سرکاری ہسپتال کے وعدے امسال صرف کاغذوں تک محدود رہے، عملی طور پر کچھ نہ ہو سکا,0
نجی ادارہ کی نااہلی کے باعث سکھر میں بنیادی سہولیات تک عوام کی رسائی ممکن نہیں رہی,0
ریلوے کی غفلت کے باعث تھر کی فیکٹری میں آتشزدگی سے کئی مزدور جھلس گئے,0
این جی او کے تعاون سے بے گھر خاندانوں کو محفوظ رہائش فراہم کر دی گئی,1
استاد کی حوصلہ افزائی نے ایک کمزور طالب علم کو کلاس کا بہترین نتیجہ دینے والا بنا دیا,1
چھٹی کے دن کے دوران تھر میں پیش آنے والے واقعے نے سب کو صدمے میں ڈال دیا,0
سالانہ تقریب میں کے دوران لاہور میں پیش آنے والے واقعے نے سب کو صدمے میں ڈال دیا,0
جھوٹی خبروں کے سیلاب نے سوشل میڈیا صارفین کو شدید ذہنی کوفت میں مبتلا کر دیا,0
پیٹرول اور بجلی کی قیمتوں میں سالانہ تقریب میں مسلسل اضافے نے متوسط طبقے کی کمر توڑ دی ہے,0
بینک کی جانب سے غریب طلبہ کے لیے وظائف کا اعلان انتہائی خوش آئند قدم ہے,1
کراچی کے رات گئے میں مسلسل بگاڑ نے عوام کو شدید مایوسی سے دوچار کر دیا,0
دکاندار کی بے حسی نے چھٹی کے دن مصیبت کے وقت کسی کے کام نہ آنے کا ثبوت دے دیا,0
فیصل آباد کے میں نمایاں بہتری نے شہریوں کے چہروں پر مسکراہٹ بکھیر دی,1
غیر ذمہ دارانہ ڈرائیونگ کے باعث موسم سرما میں سڑک حادثے میں معصوم بچہ جاں بحق ہو گیا,0
بجلی کے بھاری بلوں نے موسم سرما میں چھوٹے کاروباریوں کو دیوالیہ ہونے پر مجبور کر دیا,0
یونیورسٹی کی غفلت کے باعث نوشہرہ کی فیکٹری میں آتشزدگی سے کئی مزدور جھلس گئے,0
گوجرانوالہ کے میں مسلسل بگاڑ نے عوام کو شدید مایوسی سے دوچار کر دیا,0
جعلی ادویات کے کاروبار نے سینکڑوں مریضوں کی جان خطرے میں ڈال دی,0
شور شرابے اور آلودگی نے اسلام آباد کی رہائشی زندگی کو غیر معیاری بنا دیا ہے,0
بچے کی پہلی کامیابی دیکھ کر چھٹی کے دن ماں باپ کی آنکھوں میں خوشی کے آنسو آ گئے,1
طالب علم نے عوامی خدمت کا جذبہ برقرار رکھتے ہوئے مسلسل مثبت تبدیلی لانے کی کوشش جاری رکھی,1
نجی ادارہ کی سست روی کی وجہ سے فائل مہینوں دفتروں میں پڑی رہی,0
حنزہ کی سڑکوں پر بنے گڑھوں کی وجہ سے رات گئے روزانہ نئے حادثات جنم لے رہے ہیں,0
میونسپل کمیٹی کی غفلت کے باعث سوات کی فیکٹری میں آتشزدگی سے کئی مزدور جھلس گئے,0
حکومت کی ناقص کارکردگی کے باعث گزشتہ ماہ شہریوں کا اعتماد مکمل طور پر متزلزل ہو گیا,0
اسلام آباد میں ٹریفک جام میں گھنٹوں پھنسے رہنا اب معمول بن چکا ہے، لوگ ذہنی کوفت کا شکار ہیں,0
بچے کی پہلی کامیابی دیکھ کر بجٹ کے بعد ماں باپ کی آنکھوں میں خوشی کے آنسو آ گئے,1
بہاولپور کے میں مسلسل بگاڑ نے عوام کو شدید مایوسی سے دوچار کر دیا,0
وکیل نے عوامی خدمت کا جذبہ برقرار رکھتے ہوئے مسلسل مثبت تبدیلی لانے کی کوشش جاری رکھی,1
یونیورسٹی نے حالیہ دنوں میں کے حوالے سے شاندار اصلاحات متعارف کروائیں جن کی ہر جگہ تعریف ہو رہی ہے,1
سالانہ تقریب میں صبح سویرے پرندوں کی چہچہاہٹ اور تازہ ہوا دل کو ایک عجیب سکون دیتی ہے,1
جہلم کے نوجوانوں نے مل کر ماحول دوست منصوبہ شروع کیا جس کی ہر طرف تعریف ہو رہی ہے,1
عید کے موقع پر حنزہ کی گلیاں روشنیوں اور رونق سے جگمگا اٹھیں,1
ڈرائیور نے عوامی خدمت کا جذبہ برقرار رکھتے ہوئے بجٹ کے بعد مسلسل مثبت تبدیلی لانے کی کوشش جاری رکھی,1
پیر کے روز کی برکتوں سے دل کو عجیب سکون اور طمانیت میسر آتی ہے,1
ڈرائیور کے دھوکے نے برسوں کی دوستی کو ایک ہی لمحے میں ختم کر دیا,0
استانی کی انتھک محنت رنگ لائی اور سالانہ تقریب میں انہیں وہ مقام مل گیا جس کے وہ حقدار تھے,1
موسم سرما میں صبح سویرے پرندوں کی چہچہاہٹ اور تازہ ہوا دل کو ایک عجیب سکون دیتی ہے,1
سائنسدان کی خودغرضی نے پورے منصوبے کو ناکامی سے دوچار کر دیا,0
انجینئر کی ہٹ دھرمی نے سالانہ تقریب میں مذاکرات کی تمام کوششوں کو ناکام بنا دیا,0
بجٹ کے بعد پشاور کی گلیاں روشنیوں اور رونق سے جگمگا اٹھیں,1
امسال گلگت کی گلیاں روشنیوں اور رونق سے جگمگا اٹھیں,1
سوات کی سڑکوں پر بنے گڑھوں کی وجہ سے روزانہ نئے حادثات جنم لے رہے ہیں,0
این جی او نے امسال کے حوالے سے شاندار اصلاحات متعارف کروائیں جن کی ہر جگہ تعریف ہو رہی ہے,1
جہلم میں ٹریفک جام میں گھنٹوں پھنسے رہنا اب معمول بن چکا ہے، لوگ ذہنی کوفت کا شکار ہیں,0
مقامی فنکار کی پینٹنگ نے پیر کے روز بین الاقوامی نمائش میں خصوصی پذیرائی حاصل کی,1
دکاندار پر لگے کرپشن کے الزامات چھٹی کے دن ثابت ہونے کے باوجود کوئی کارروائی نہیں ہوئی,0
سائنسدان کی سچائی اور دیانتداری امسال آج بھی معاشرے کے لیے مثال ہے,1
پشاور کے شہریوں کی اجتماعی کوششوں سے محلے کی صفائی مہم کامیابی سے مکمل ہوئی,1
ڈاکٹر کی سچائی اور دیانتداری عید کے موقع پر آج بھی معاشرے کے لیے مثال ہے,1
خشک سالی نے حالیہ دنوں میں کسانوں کی پوری فصل تباہ کر دی اور وہ مقروض ہو گئے,0
انتظامیہ نے انتخابات کے قریب نئی پالیسی متعارف کروائی جس سے عام آدمی کو کافی ریلیف ملنے کی توقع ہے,1
اوکاڑہ کے رات گئے میں مسلسل بگاڑ نے عوام کو شدید مایوسی سے دوچار کر دیا,0
واپڈا کی ناقص کارکردگی کے باعث شہریوں کا اعتماد مکمل طور پر متزلزل ہو گیا,0
کارپوریشن کے تعاون سے رمضان میں بے گھر خاندانوں کو محفوظ رہائش فراہم کر دی گئی,1
تعلیمی بورڈ کے تعاون سے پیر کے روز بے گھر خاندانوں کو محفوظ رہائش فراہم کر دی گئی,1
کسان خاتون کی بے حسی نے صبح سویرے مصیبت کے وقت کسی کے کام نہ آنے کا ثبوت دے دیا,0
نوجوانوں کی نئی ایجاد نے رات گئے عالمی مقابلے میں پہلی پوزیشن حاصل کر کے ملک کا نام روشن کیا,1
کوئٹہ کے بازاروں میں رمضان میں غیر معمولی رونق دیکھی گئی، دکاندار خوش نظر آئے,1
کوئٹہ میں خودکش دھماکے کی خبر سن کر چھٹی کے دن پورا شہر خوف اور غم میں ڈوب گیا,0
دکاندار نے عوامی خدمت کا جذبہ برقرار رکھتے ہوئے سالانہ تقریب میں مسلسل مثبت تبدیلی لانے کی کوشش جاری رکھی,1
برسوں کی محنت کے بعد بیٹے نے سرکاری نوکری حاصل کر کے والدین کا سر فخر سے بلند کر دیا,1
طویل انتظار کے بعد حالیہ دنوں میں بالآخر بارش نے شہر کی گرمی سے نجات دلا دی,1
پاکستانی ٹیم نے زبردست کارکردگی دکھاتے ہوئے میچ جیت لیا، شائقین جھوم اٹھے,1
فنکار پر لگے کرپشن کے الزامات ثابت ہونے کے باوجود کوئی کارروائی نہیں ہوئی,0
پشاور کے شہریوں کی اجتماعی کوششوں سے امسال محلے کی صفائی مہم کامیابی سے مکمل ہوئی,1
شادی کی تقریب میں رشتہ داروں کا پرتپاک استقبال دیکھ کر دل باغ باغ ہو گیا,1
سکھر کے بازاروں میں بجٹ کے بعد غیر معمولی رونق دیکھی گئی، دکاندار خوش نظر آئے,1
بہاولپور کی گلیوں میں کوڑے کے ڈھیر بیماریاں پھیلانے کا باعث بن رہے ہیں,0
بینک کی سست روی کی وجہ سے پیر کے روز فائل مہینوں دفتروں میں پڑی رہی,0
نوجوان نسل نے بحران کے باوجود اس ہفتے ہمت نہ ہاری اور اپنا کاروبار دوبارہ کھڑا کر دکھایا,1
استانی کی سچائی اور دیانتداری چھٹی کے دن آج بھی معاشرے کے لیے مثال ہے,1
کارخانے کی آلودگی نے اس ہفتے قریبی آبادی کو سانس کی بیماریوں میں مبتلا کر دیا ہے,0
سائنسدان پر لگے کرپشن کے الزامات ثابت ہونے کے باوجود کوئی کارروائی نہیں ہوئی,0
صحت کارکن پر لگے کرپشن کے الزامات موسم سرما میں ثابت ہونے کے باوجود کوئی کارروائی نہیں ہوئی,0
کوئٹہ میں رات گئے نئے پارک کی تعمیر سے بچوں اور بزرگوں کو کھلی فضا میں وقت گزارنے کا موقع ملا,1
کوئٹہ میں اس ہفتے نئے پارک کی تعمیر سے بچوں اور بزرگوں کو کھلی فضا میں وقت گزارنے کا موقع ملا,1
سیاستدان نے عوامی خدمت کا جذبہ برقرار رکھتے ہوئے رمضان میں مسلسل مثبت تبدیلی لانے کی کوشش جاری رکھی,1
سوات کی گلیوں میں کوڑے کے ڈھیر موسم سرما میں بیماریاں پھیلانے کا باعث بن رہے ہیں,0
دکاندار کے دھوکے نے چھٹی کے دن برسوں کی دوستی کو ایک ہی لمحے میں ختم کر دیا,0
تاجر کی مسلسل غفلت کے باعث پیر کے روز ایک اور موقع ضائع ہو گیا,0
کاروباری شخص نے مشکل حالات میں بھی رات گئے مسکراہٹ نہیں کھوئی اور دوسروں کے لیے حوصلے کا باعث بنے,1
بچے کی پہلی کامیابی دیکھ کر اس ہفتے ماں باپ کی آنکھوں میں خوشی کے آنسو آ گئے,1
تاجر کی سادگی اور خلوص نے ہر ملنے والے کا دل جیت لیا,1
سیاستدانوں کی باہمی چپقلش نے بجٹ کے بعد عوامی مسائل کو مکمل طور پر پس پشت ڈال دیا,0
محکمہ صحت کے افسران کی من مانیوں نے پیر کے روز عام شہری کو ذلیل و خوار کر دیا,0
انصاف کے حصول میں برسوں لگ جاتے ہیں، عدالتی نظام سست روی کا شکار ہے,0
کتاب پڑھنے کی عادت نے میری سوچ کے دائرے کو بہت وسیع کر دیا,1
نئے تعلیمی سیشن کا آغاز جوش و خروش سے ہوا، بچے مسکراتے ہوئے سکول پہنچے,1
بینک کی نااہلی کے باعث راولپنڈی میں بنیادی سہولیات تک عوام کی رسائی ممکن نہیں رہی,0
نرس کی رہنمائی میں اس ہفتے نوجوان ٹیم نے قابل ستائش کارکردگی کا مظاہرہ کیا,1
سیاستدانوں کی باہمی چپقلش نے عوامی مسائل کو مکمل طور پر پس پشت ڈال دیا,0
بے جا ٹیکسوں کے نفاذ نے اس ہفتے چھوٹے تاجروں کی کمر توڑ دی ہے,0
تعلیمی بورڈ کی سست روی کی وجہ سے عید کے موقع پر فائل مہینوں دفتروں میں پڑی رہی,0
گزشتہ ماہ صبح سویرے پرندوں کی چہچہاہٹ اور تازہ ہوا دل کو ایک عجیب سکون دیتی ہے,1
کارپوریشن کے تعاون سے بے گھر خاندانوں کو محفوظ رہائش فراہم کر دی گئی,1
امتحان میں ناکامی کے بعد امسال طالب علم شدید ذہنی دباؤ کا شکار ہو گیا,0
ڈرائیور پر لگے کرپشن کے الزامات ثابت ہونے کے باوجود کوئی کارروائی نہیں ہوئی,0
سرکاری ہسپتال کے افسران کی من مانیوں نے سالانہ تقریب میں عام شہری کو ذلیل و خوار کر دیا,0
دوستوں کے ساتھ اس ہفتے گزارا وقت زندگی کی سب سے قیمتی یادوں میں شمار ہوتا ہے,1
کوئٹہ کے میں مسلسل بگاڑ نے عوام کو شدید مایوسی سے دوچار کر دیا,0
واپڈا کی غفلت کے باعث بہاولپور کی فیکٹری میں آتشزدگی سے کئی مزدور جھلس گئے,0
پولیس اہلکار پر لگے کرپشن کے الزامات اس ہفتے ثابت ہونے کے باوجود کوئی کارروائی نہیں ہوئی,0
سرکاری ہسپتال کے افسران کی من مانیوں نے عام شہری کو ذلیل و خوار کر دیا,0
تعلیمی بورڈ کی غفلت کے باعث حنزہ کی فیکٹری میں آتشزدگی سے کئی مزدور جھلس گئے,0
مقامی فنکار کی پینٹنگ نے بجٹ کے بعد بین الاقوامی نمائش میں خصوصی پذیرائی حاصل کی,1
سالانہ تقریب میں سیالکوٹ کی گلیاں روشنیوں اور رونق سے جگمگا اٹھیں,1
پشاور کے نوجوانوں نے مل کر ماحول دوست منصوبہ شروع کیا جس کی ہر طرف تعریف ہو رہی ہے,1
میونسپل کمیٹی کی بروقت مدد سے رمضان میں سیلاب متاثرین کی زندگی دوبارہ پٹری پر آ گئی,1
بارش کے بعد سیالکوٹ کا موسم انتہائی خوشگوار ہو گیا اور حالیہ دنوں میں لوگ گھروں سے باہر نکل آئے,1
میونسپل کمیٹی نے حالیہ دنوں میں نئی پالیسی متعارف کروائی جس سے عام آدمی کو کافی ریلیف ملنے کی توقع ہے,1
منہگائی کی چکی میں پستا عید کے موقع پر غریب طبقہ دو وقت کی روٹی کو بھی ترس گیا ہے,0
راولپنڈی میں پانی کی قلت نے موسم سرما میں شہریوں کا جینا محال کر دیا ہے,0
نرس کی بدسلوکی نے موسم سرما میں پورے محلے کا امن و سکون برباد کر دیا,0
شور شرابے اور آلودگی نے امسال حیدرآباد کی رہائشی زندگی کو غیر معیاری بنا دیا ہے,0
مقامی فنکار کی پینٹنگ نے صبح سویرے بین الاقوامی نمائش میں خصوصی پذیرائی حاصل کی,1
کھیل کے میدان میں شکست کے بعد بھی ٹیم کے حوصلے بلند رہے اور اگلے میچ میں فتح حاصل کی,1
محبت اور خلوص سے بھرا یہ رشتہ بھی اتنا ہی مضبوط ہے جتنا پہلے دن تھا,1
راولپنڈی میں نئے ہسپتال کے قیام سے اس ہفتے دیہی علاقے کے مریضوں کو بروقت علاج میسر آ گیا,1
لاہور میں نئے پارک کی تعمیر سے بچوں اور بزرگوں کو کھلی فضا میں وقت گزارنے کا موقع ملا,1
حکومت نے عید کے موقع پر نئی پالیسی متعارف کروائی جس سے عام آدمی کو کافی ریلیف ملنے کی توقع ہے,1
سیاستدانوں کی باہمی چپقلش نے موسم سرما میں عوامی مسائل کو مکمل طور پر پس پشت ڈال دیا,0
ادیب نے بحران کے باوجود صبح سویرے ہمت نہ ہاری اور اپنا کاروبار دوبارہ کھڑا کر دکھایا,1
کسان خاتون نے نوشہرہ میں این جی او کے تعاون سے ایک شاندار منصوبہ مکمل کر لیا جس سے ہزاروں افراد مستفید ہوں گے,1
شادی کی تقریب میں عید کے موقع پر رشتہ داروں کا پرتپاک استقبال دیکھ کر دل باغ باغ ہو گیا,1
ڈرائیور نے عوامی خدمت کا جذبہ برقرار رکھتے ہوئے انتخابات کے قریب مسلسل مثبت تبدیلی لانے کی کوشش جاری رکھی,1
آن لائن دھوکہ دہی کا شکار ہو کر نوجوان کی جمع پونجی چند لمحوں میں لٹ گئی,0
کاروباری شخص کی انتھک محنت رنگ لائی اور انہیں وہ مقام مل گیا جس کے وہ حقدار تھے,1
ملتان میں نئے ہسپتال کے قیام سے دیہی علاقے کے مریضوں کو بروقت علاج میسر آ گیا,1
سیاستدانوں کی باہمی چپقلش نے عوامی مسائل کو مکمل طور پر پس پشت ڈال دیا,0
غیر ذمہ دارانہ ڈرائیونگ کے باعث سڑک حادثے میں معصوم بچہ جاں بحق ہو گیا,0
طویل انتظار کے بعد موسم سرما میں بالآخر بارش نے شہر کی گرمی سے نجات دلا دی,1
بچے کی پہلی کامیابی دیکھ کر صبح سویرے ماں باپ کی آنکھوں میں خوشی کے آنسو آ گئے,1
دوستوں کے ساتھ گزشتہ ماہ گزارا وقت زندگی کی سب سے قیمتی یادوں میں شمار ہوتا ہے,1
میچ میں ناقص فیصلوں کی وجہ سے ٹیم کو آخری لمحات میں شکست کا سامنا کرنا پڑا,0
دوران اسلام آباد میں منعقدہ ثقافتی میلے نے تمام شہریوں کا دل موہ لیا,1
محلے دار کی رہنمائی میں بجٹ کے بعد نوجوان ٹیم نے قابل ستائش کارکردگی کا مظاہرہ کیا,1
منشیات کے پھیلاؤ نے نوجوان نسل کا مستقبل داؤ پر لگا دیا ہے,0
واپڈا میں پھیلی رشوت خوری نے پورے نظام کو اندر سے کھوکھلا کر دیا ہے,0
نجی ادارہ کی جانب سے سالانہ تقریب میں غریب طلبہ کے لیے وظائف کا اعلان انتہائی خوش آئند قدم ہے,1
چترال کے میں نمایاں بہتری نے شہریوں کے چہروں پر مسکراہٹ بکھیر دی,1
فیصل آباد میں نئے پارک کی تعمیر سے بچوں اور بزرگوں کو کھلی فضا میں وقت گزارنے کا موقع ملا,1
نرس کی بے حسی نے مصیبت کے وقت کسی کے کام نہ آنے کا ثبوت دے دیا,0
شدید گرمی اور لوڈشیڈنگ نے گزشتہ ماہ نوشہرہ کے باسیوں کی زندگی اجیرن کر دی ہے,0
عدالت نے کے حوالے سے شاندار اصلاحات متعارف کروائیں جن کی ہر جگہ تعریف ہو رہی ہے,1
ملتان میں نئے پارک کی تعمیر سے بچوں اور بزرگوں کو کھلی فضا میں وقت گزارنے کا موقع ملا,1
واپڈا کی ناقص کارکردگی کے باعث امسال شہریوں کا اعتماد مکمل طور پر متزلزل ہو گیا,0
سائنسدان کو بین الاقوامی سطح پر ایوارڈ ملنے پر پورے خاندان میں خوشی کی لہر دوڑ گئی,1
استاد کی مسلسل غفلت کے باعث صبح سویرے ایک اور موقع ضائع ہو گیا,0
دکاندار کی خودغرضی نے پورے منصوبے کو ناکامی سے دوچار کر دیا,0
پیٹرول اور بجلی کی قیمتوں میں مسلسل اضافے نے متوسط طبقے کی کمر توڑ دی ہے,0
سیاستدان کی انتھک محنت رنگ لائی اور گزشتہ ماہ انہیں وہ مقام مل گیا جس کے وہ حقدار تھے,1
نوجوان نسل نے مشکل حالات میں بھی مسکراہٹ نہیں کھوئی اور دوسروں کے لیے حوصلے کا باعث بنے,1
لاہور میں نئے ہسپتال کے قیام سے صبح سویرے دیہی علاقے کے مریضوں کو بروقت علاج میسر آ گیا,1
برسوں بعد بچھڑے دوستوں کا اچانک ملنا زندگی کا حسین اتفاق تھا,1
وکیل کی بے حسی نے مصیبت کے وقت کسی کے کام نہ آنے کا ثبوت دے دیا,0
بے جا ٹیکسوں کے نفاذ نے سالانہ تقریب میں چھوٹے تاجروں کی کمر توڑ دی ہے,0
کارخانے کی آلودگی نے سالانہ تقریب میں قریبی آبادی کو سانس کی بیماریوں میں مبتلا کر دیا ہے,0
کاروباری شخص کی مسلسل غفلت کے باعث ایک اور موقع ضائع ہو گیا,0
پشاور میں نئے ہسپتال کے قیام سے پیر کے روز دیہی علاقے کے مریضوں کو بروقت علاج میسر آ گیا,1
پارلیمنٹ نے صبح سویرے نئی پالیسی متعارف کروائی جس سے عام آدمی کو کافی ریلیف ملنے کی توقع ہے,1
سماجی کارکن کے جھوٹے وعدوں نے عوام کا اعتماد مکمل طور پر ختم کر دیا ہے,0
لسبیلہ کے پیر کے روز میں مسلسل بگاڑ نے عوام کو شدید مایوسی سے دوچار کر دیا,0
دوستوں کے ساتھ امسال گزارا وقت زندگی کی سب سے قیمتی یادوں میں شمار ہوتا ہے,1
میچ میں ناقص فیصلوں کی وجہ سے گزشتہ ماہ ٹیم کو آخری لمحات میں شکست کا سامنا کرنا پڑا,0
بچوں سے مشقت لینے والے کارخانہ داروں کے خلاف کوئی سخت قانون موجود نہیں,0
راولپنڈی کے اس ہفتے میں نمایاں بہتری نے شہریوں کے چہروں پر مسکراہٹ بکھیر دی,1
کارپوریشن نے سالانہ تقریب میں نئی پالیسی متعارف کروائی جس سے عام آدمی کو کافی ریلیف ملنے کی توقع ہے,1
میونسپل کمیٹی کی جانب سے غریب طلبہ کے لیے وظائف کا اعلان انتہائی خوش آئند قدم ہے,1
سماجی کارکن نے مشکل حالات میں بھی مسکراہٹ نہیں کھوئی اور دوسروں کے لیے حوصلے کا باعث بنے,1
میونسپل کمیٹی نے انتخابات کے قریب نئی پالیسی متعارف کروائی جس سے عام آدمی کو کافی ریلیف ملنے کی توقع ہے,1
عدالت میں پھیلی رشوت خوری نے پورے نظام کو اندر سے کھوکھلا کر دیا ہے,0
بہاولپور میں پانی کی قلت نے امسال شہریوں کا جینا محال کر دیا ہے,0
دوران چترال میں پیش آنے والے واقعے نے سب کو صدمے میں ڈال دیا,0
انصاف کے حصول میں برسوں لگ جاتے ہیں، عدالتی نظام سست روی کا شکار ہے,0
دکاندار کی خودغرضی نے پورے منصوبے کو ناکامی سے دوچار کر دیا,0
نوجوان نسل نے عوامی خدمت کا جذبہ برقرار رکھتے ہوئے رمضان میں مسلسل مثبت تبدیلی لانے کی کوشش جاری رکھی,1
کارپوریشن کی نااہلی کے باعث سوات میں بنیادی سہولیات تک عوام کی رسائی ممکن نہیں رہی,0
حالیہ دنوں میں کی برکتوں سے دل کو عجیب سکون اور طمانیت میسر آتی ہے,1
بے جا ٹیکسوں کے نفاذ نے چھوٹے تاجروں کی کمر توڑ دی ہے,0
سرکاری افسر نے عوامی خدمت کا جذبہ برقرار رکھتے ہوئے چھٹی کے دن مسلسل مثبت تبدیلی لانے کی کوشش جاری رکھی,1
نئی نسل کے کاروباری ذہن نے چھوٹے شہروں میں بھی روزگار کے نئے مواقع پیدا کر دیے,1
غیر ذمہ دارانہ ڈرائیونگ کے باعث رمضان میں سڑک حادثے میں معصوم بچہ جاں بحق ہو گیا,0
پولیس محکمہ کے وعدے صرف کاغذوں تک محدود رہے، عملی طور پر کچھ نہ ہو سکا,0
کارپوریشن کی غفلت کے باعث چترال کی فیکٹری میں آتشزدگی سے کئی مزدور جھلس گئے,0
حنزہ میں خودکش دھماکے کی خبر سن کر حالیہ دنوں میں پورا شہر خوف اور غم میں ڈوب گیا,0
منہگائی کی چکی میں پستا سالانہ تقریب میں غریب طبقہ دو وقت کی روٹی کو بھی ترس گیا ہے,0
استاد پر لگے کرپشن کے الزامات انتخابات کے قریب ثابت ہونے کے باوجود کوئی کارروائی نہیں ہوئی,0
انتظامیہ کی سست روی کی وجہ سے پیر کے روز فائل مہینوں دفتروں میں پڑی رہی,0
شور شرابے اور آلودگی نے چھٹی کے دن نوشہرہ کی رہائشی زندگی کو غیر معیاری بنا دیا ہے,0
مقامی کھلاڑی نے قومی سطح پر گولڈ میڈل جیت کر تمام شہر کو خوشی سے سرشار کر دیا,1
بچے کی پہلی کامیابی دیکھ کر ماں باپ کی آنکھوں میں خوشی کے آنسو آ گئے,1
این جی او کے تعاون سے موسم سرما میں بے گھر خاندانوں کو محفوظ رہائش فراہم کر دی گئی,1
محلے دار کی مسلسل غفلت کے باعث ایک اور موقع ضائع ہو گیا,0
چھٹی کے دن والدین نے لسبیلہ میں حکومت کے تعاون سے ایک شاندار منصوبہ مکمل کر لیا جس سے ہزاروں افراد مستفید ہوں گے,1
بچوں سے مشقت لینے والے کارخانہ داروں کے خلاف کوئی سخت قانون موجود نہیں,0
خشک سالی نے کسانوں کی پوری فصل تباہ کر دی اور وہ مقروض ہو گئے,0
انجینئر کی انتھک محنت رنگ لائی اور انتخابات کے قریب انہیں وہ مقام مل گیا جس کے وہ حقدار تھے,1
بے جا ٹیکسوں کے نفاذ نے چھوٹے تاجروں کی کمر توڑ دی ہے,0
محکمہ صحت کی بروقت مدد سے اس ہفتے سیلاب متاثرین کی زندگی دوبارہ پٹری پر آ گئی,1
والدین کی خودغرضی نے اس ہفتے پورے منصوبے کو ناکامی سے دوچار کر دیا,0
شور شرابے اور آلودگی نے رمضان میں تھر کی رہائشی زندگی کو غیر معیاری بنا دیا ہے,0
طویل انتظار کے بعد بالآخر بارش نے شہر کی گرمی سے نجات دلا دی,1
چھٹی کے دن کے دوران نوشہرہ میں پیش آنے والے واقعے نے سب کو صدمے میں ڈال دیا,0
نرس کے دھوکے نے برسوں کی دوستی کو ایک ہی لمحے میں ختم کر دیا,0
حکومت نے سالانہ تقریب میں نئی پالیسی متعارف کروائی جس سے عام آدمی کو کافی ریلیف ملنے کی توقع ہے,1
سیاستدان کے دھوکے نے حالیہ دنوں میں برسوں کی دوستی کو ایک ہی لمحے میں ختم کر دیا,0
نوجوانوں کی نئی ایجاد نے پیر کے روز عالمی مقابلے میں پہلی پوزیشن حاصل کر کے ملک کا نام روشن کیا,1
لاہور کے شہریوں کی اجتماعی کوششوں سے صبح سویرے محلے کی صفائی مہم کامیابی سے مکمل ہوئی,1
کتاب پڑھنے کی عادت نے پیر کے روز میری سوچ کے دائرے کو بہت وسیع کر دیا,1
کاروباری شخص کے دھوکے نے برسوں کی دوستی کو ایک ہی لمحے میں ختم کر دیا,0
سرکاری ہسپتال کی بروقت مدد سے امسال سیلاب متاثرین کی زندگی دوبارہ پٹری پر آ گئی,1
برسوں بعد بچھڑے دوستوں کا اچانک ملنا زندگی کا حسین اتفاق تھا,1
وزیر اعلیٰ نے بحران کے باوجود صبح سویرے ہمت نہ ہاری اور اپنا کاروبار دوبارہ کھڑا کر دکھایا,1
مقامی فنکار کی پینٹنگ نے اس ہفتے بین الاقوامی نمائش میں خصوصی پذیرائی حاصل کی,1
بچوں سے مشقت لینے والے کارخانہ داروں کے خلاف گزشتہ ماہ کوئی سخت قانون موجود نہیں,0
عدالت کے وعدے چھٹی کے دن صرف کاغذوں تک محدود رہے، عملی طور پر کچھ نہ ہو سکا,0
پارلیمنٹ کے وعدے موسم سرما میں صرف کاغذوں تک محدود رہے، عملی طور پر کچھ نہ ہو سکا,0
صحت کارکن کو بین الاقوامی سطح پر ایوارڈ ملنے پر پورے خاندان میں خوشی کی لہر دوڑ گئی,1
شور شرابے اور آلودگی نے اوکاڑہ کی رہائشی زندگی کو غیر معیاری بنا دیا ہے,0
مزدور کے دھوکے نے برسوں کی دوستی کو ایک ہی لمحے میں ختم کر دیا,0
ملتان کی سڑکوں پر بنے گڑھوں کی وجہ سے روزانہ نئے حادثات جنم لے رہے ہیں,0
کسان کو بین الاقوامی سطح پر ایوارڈ ملنے پر پورے خاندان میں خوشی کی لہر دوڑ گئی,1
بجلی کے بھاری بلوں نے چھوٹے کاروباریوں کو دیوالیہ ہونے پر مجبور کر دیا,0
کوئٹہ کی سڑکوں پر بنے گڑھوں کی وجہ سے امسال روزانہ نئے حادثات جنم لے رہے ہیں,0
بچوں سے مشقت لینے والے کارخانہ داروں کے خلاف انتخابات کے قریب کوئی سخت قانون موجود نہیں,0
چترال کی گلیاں روشنیوں اور رونق سے جگمگا اٹھیں,1
چترال کی سڑکوں پر بنے گڑھوں کی وجہ سے پیر کے روز روزانہ نئے حادثات جنم لے رہے ہیں,0
بلدیہ کی نااہلی کے باعث چترال میں بنیادی سہولیات تک عوام کی رسائی ممکن نہیں رہی,0
حالیہ دنوں میں پولیس اہلکار نے فیصل آباد میں پارلیمنٹ کے تعاون سے ایک شاندار منصوبہ مکمل کر لیا جس سے ہزاروں افراد مستفید ہوں گے,1
شدید گرمی اور لوڈشیڈنگ نے انتخابات کے قریب گلگت کے باسیوں کی زندگی اجیرن کر دی ہے,0
کارخانے کی آلودگی نے صبح سویرے قریبی آبادی کو سانس کی بیماریوں میں مبتلا کر دیا ہے,0
سیاستدانوں کی باہمی چپقلش نے عوامی مسائل کو مکمل طور پر پس پشت ڈال دیا,0
اوکاڑہ میں نئے پارک کی تعمیر سے بچوں اور بزرگوں کو کھلی فضا میں وقت گزارنے کا موقع ملا,1
سکھر میں خودکش دھماکے کی خبر سن کر پورا شہر خوف اور غم میں ڈوب گیا,0
امسال کے دوران حیدرآباد میں منعقدہ ثقافتی میلے نے تمام شہریوں کا دل موہ لیا,1
طویل انتظار کے بعد پیر کے روز بالآخر بارش نے شہر کی گرمی سے نجات دلا دی,1
رات گئے راولپنڈی کی گلیاں روشنیوں اور رونق سے جگمگا اٹھیں,1
شادی کی تقریب میں رشتہ داروں کا پرتپاک استقبال دیکھ کر دل باغ باغ ہو گیا,1
بجٹ کے بعد نئے تعلیمی سیشن کا آغاز جوش و خروش سے ہوا، بچے مسکراتے ہوئے سکول پہنچے,1
جھوٹی خبروں کے سیلاب نے سالانہ تقریب میں سوشل میڈیا صارفین کو شدید ذہنی کوفت میں مبتلا کر دیا,0
سیالکوٹ کے امسال میں نمایاں بہتری نے شہریوں کے چہروں پر مسکراہٹ بکھیر دی,1
آن لائن دھوکہ دہی کا شکار ہو کر اس ہفتے نوجوان کی جمع پونجی چند لمحوں میں لٹ گئی,0
تعلیمی بورڈ کے افسران کی من مانیوں نے عام شہری کو ذلیل و خوار کر دیا,0
سماجی کارکن کی بدسلوکی نے پورے محلے کا امن و سکون برباد کر دیا,0
انتظامیہ کی ناقص کارکردگی کے باعث موسم سرما میں شہریوں کا اعتماد مکمل طور پر متزلزل ہو گیا,0
سماجی کارکن کی بے حسی نے مصیبت کے وقت کسی کے کام نہ آنے کا ثبوت دے دیا,0
بارش کے بعد بہاولپور کا موسم انتہائی خوشگوار ہو گیا اور لوگ گھروں سے باہر نکل آئے,1
تاجر نے بحران کے باوجود گزشتہ ماہ ہمت نہ ہاری اور اپنا کاروبار دوبارہ کھڑا کر دکھایا,1
پیر کے روز نئے تعلیمی سیشن کا آغاز جوش و خروش سے ہوا، بچے مسکراتے ہوئے سکول پہنچے,1
انتظامیہ کی جانب سے موسم سرما میں غریب طلبہ کے لیے وظائف کا اعلان انتہائی خوش آئند قدم ہے,1
بجلی کے بھاری بلوں نے گزشتہ ماہ چھوٹے کاروباریوں کو دیوالیہ ہونے پر مجبور کر دیا,0
نوجوانوں کی نئی ایجاد نے اس ہفتے عالمی مقابلے میں پہلی پوزیشن حاصل کر کے ملک کا نام روشن کیا,1
واپڈا کی جانب سے چھٹی کے دن غریب طلبہ کے لیے وظائف کا اعلان انتہائی خوش آئند قدم ہے,1
چترال میں خودکش دھماکے کی خبر سن کر امسال پورا شہر خوف اور غم میں ڈوب گیا,0
بچوں سے مشقت لینے والے کارخانہ داروں کے خلاف کوئی سخت قانون موجود نہیں,0
لاہور میں ٹریفک جام میں گھنٹوں پھنسے رہنا اب معمول بن چکا ہے، لوگ ذہنی کوفت کا شکار ہیں,0
میونسپل کمیٹی کے تعاون سے رات گئے بے گھر خاندانوں کو محفوظ رہائش فراہم کر دی گئی,1
رمضان میں نئے تعلیمی سیشن کا آغاز جوش و خروش سے ہوا، بچے مسکراتے ہوئے سکول پہنچے,1
سرکاری افسر کی مسلسل غفلت کے باعث پیر کے روز ایک اور موقع ضائع ہو گیا,0
گوجرانوالہ کی گلیوں میں کوڑے کے ڈھیر بیماریاں پھیلانے کا باعث بن رہے ہیں,0
مری میں نئی سڑک کی تعمیر سے سفر کا دورانیہ آدھا رہ گیا، مسافروں نے سکون کا سانس لیا,1
بچوں سے مشقت لینے والے کارخانہ داروں کے خلاف سالانہ تقریب میں کوئی سخت قانون موجود نہیں,0
مقامی کھلاڑی نے اس ہفتے قومی سطح پر گولڈ میڈل جیت کر تمام شہر کو خوشی سے سرشار کر دیا,1
کسانوں کی محنت رنگ لائی اور موسم سرما میں فصل کی پیداوار ریکارڈ سطح پر پہنچ گئی,1
وکیل کی خودغرضی نے پورے منصوبے کو ناکامی سے دوچار کر دیا,0
کسانوں کی محنت رنگ لائی اور امسال فصل کی پیداوار ریکارڈ سطح پر پہنچ گئی,1
میونسپل کمیٹی کی بروقت مدد سے سیلاب متاثرین کی زندگی دوبارہ پٹری پر آ گئی,1
بہاولپور کی سڑکوں پر بنے گڑھوں کی وجہ سے روزانہ نئے حادثات جنم لے رہے ہیں,0
استانی کے جھوٹے وعدوں نے رات گئے عوام کا اعتماد مکمل طور پر ختم کر دیا ہے,0
بے روزگاری کے ہاتھوں تنگ نوجوان ملک چھوڑنے پر مجبور ہو گئے ہیں,0
پولیس محکمہ میں پھیلی رشوت خوری نے پورے نظام کو اندر سے کھوکھلا کر دیا ہے,0
سماجی کارکن کی مسلسل غفلت کے باعث ایک اور موقع ضائع ہو گیا,0
نوجوان نسل کو بین الاقوامی سطح پر ایوارڈ ملنے پر پورے خاندان میں خوشی کی لہر دوڑ گئی,1
بینک نے رات گئے کے حوالے سے شاندار اصلاحات متعارف کروائیں جن کی ہر جگہ تعریف ہو رہی ہے,1
وزیر اعظم پر لگے کرپشن کے الزامات چھٹی کے دن ثابت ہونے کے باوجود کوئی کارروائی نہیں ہوئی,0
یونیورسٹی میں پھیلی رشوت خوری نے چھٹی کے دن پورے نظام کو اندر سے کھوکھلا کر دیا ہے,0
سرکاری ہسپتالوں میں چھٹی کے دن ادویات کی کمی کے باعث مریض علاج سے محروم رہ گئے,0
پشاور کی سڑکوں پر بنے گڑھوں کی وجہ سے روزانہ نئے حادثات جنم لے رہے ہیں,0
شدید گرمی اور لوڈشیڈنگ نے کوئٹہ کے باسیوں کی زندگی اجیرن کر دی ہے,0
صحت کارکن کے جھوٹے وعدوں نے عوام کا اعتماد مکمل طور پر ختم کر دیا ہے,0
استانی کے دھوکے نے چھٹی کے دن برسوں کی دوستی کو ایک ہی لمحے میں ختم کر دیا,0
طلاق کی شرح میں بجٹ کے بعد اضافے نے خاندانی نظام کو شدید نقصان پہنچایا ہے,0
عدالت کی جانب سے موسم سرما میں غریب طلبہ کے لیے وظائف کا اعلان انتہائی خوش آئند قدم ہے,1
سالانہ تقریب میں استانی نے کراچی میں پولیس محکمہ کے تعاون سے ایک شاندار منصوبہ مکمل کر لیا جس سے ہزاروں افراد مستفید ہوں گے,1
امتحان میں ناکامی کے بعد رات گئے طالب علم شدید ذہنی دباؤ کا شکار ہو گیا,0
امتحان میں ناکامی کے بعد طالب علم شدید ذہنی دباؤ کا شکار ہو گیا,0
بارش کے بعد جہلم کا موسم انتہائی خوشگوار ہو گیا اور لوگ گھروں سے باہر نکل آئے,1
خشک سالی نے چھٹی کے دن کسانوں کی پوری فصل تباہ کر دی اور وہ مقروض ہو گئے,0
فنکار کے جھوٹے وعدوں نے عوام کا اعتماد مکمل طور پر ختم کر دیا ہے,0
طویل انتظار کے بعد رات گئے بالآخر بارش نے شہر کی گرمی سے نجات دلا دی,1
خاندان کے ساتھ اس ہفتے پہاڑوں کی سیر ایک ناقابل فراموش تجربہ ثابت ہوئی,1
گوجرانوالہ کے میں نمایاں بہتری نے شہریوں کے چہروں پر مسکراہٹ بکھیر دی,1
سرکاری ہسپتالوں میں پیر کے روز ادویات کی کمی کے باعث مریض علاج سے محروم رہ گئے,0
دوستوں کے ساتھ سالانہ تقریب میں گزارا وقت زندگی کی سب سے قیمتی یادوں میں شمار ہوتا ہے,1
بچے کی پہلی کامیابی دیکھ کر ماں باپ کی آنکھوں میں خوشی کے آنسو آ گئے,1
رمضان میں کی برکتوں سے دل کو عجیب سکون اور طمانیت میسر آتی ہے,1
شور شرابے اور آلودگی نے موسم سرما میں ملتان کی رہائشی زندگی کو غیر معیاری بنا دیا ہے,0
سرکاری افسر کی مسلسل غفلت کے باعث ایک اور موقع ضائع ہو گیا,0
شدید گرمی اور لوڈشیڈنگ نے لسبیلہ کے باسیوں کی زندگی اجیرن کر دی ہے,0
اسلام آباد کی سڑکوں پر بنے گڑھوں کی وجہ سے گزشتہ ماہ روزانہ نئے حادثات جنم لے رہے ہیں,0
مزدور کو گزشتہ ماہ بین الاقوامی سطح پر ایوارڈ ملنے پر پورے خاندان میں خوشی کی لہر دوڑ گئی,1
بجٹ کے بعد کے دوران ملتان میں پیش آنے والے واقعے نے سب کو صدمے میں ڈال دیا,0
کاروباری شخص نے عوامی خدمت کا جذبہ برقرار رکھتے ہوئے اس ہفتے مسلسل مثبت تبدیلی لانے کی کوشش جاری رکھی,1
کراچی میں نئی سڑک کی تعمیر سے سفر کا دورانیہ آدھا رہ گیا، مسافروں نے سکون کا سانس لیا,1
نئے تعلیمی سیشن کا آغاز جوش و خروش سے ہوا، بچے مسکراتے ہوئے سکول پہنچے,1
کھیل کے میدان میں شکست کے بعد بھی گزشتہ ماہ ٹیم کے حوصلے بلند رہے اور اگلے میچ میں فتح حاصل کی,1
طلاق کی شرح میں اضافے نے خاندانی نظام کو شدید نقصان پہنچایا ہے,0
بچوں سے مشقت لینے والے کارخانہ داروں کے خلاف کوئی سخت قانون موجود نہیں,0
شدید گرمی اور لوڈشیڈنگ نے کوئٹہ کے باسیوں کی زندگی اجیرن کر دی ہے,0
دوران کوئٹہ میں منعقدہ ثقافتی میلے نے تمام شہریوں کا دل موہ لیا,1
ملتان کے نوجوانوں نے مل کر ماحول دوست منصوبہ شروع کیا جس کی ہر طرف تعریف ہو رہی ہے,1
ڈاکٹر کا عاجزانہ رویہ اور دوسروں کی مدد کا جذبہ سالانہ تقریب میں قابل تقلید ہے,1
صبح سویرے پرندوں کی چہچہاہٹ اور تازہ ہوا دل کو ایک عجیب سکون دیتی ہے,1
اسلام آباد کے نوجوانوں نے بجٹ کے بعد مل کر ماحول دوست منصوبہ شروع کیا جس کی ہر طرف تعریف ہو رہی ہے,1
نوشہرہ کی گلیوں میں کوڑے کے ڈھیر بیماریاں پھیلانے کا باعث بن رہے ہیں,0
صبح سویرے صحت کارکن نے نوشہرہ میں سرکاری ہسپتال کے تعاون سے ایک شاندار منصوبہ مکمل کر لیا جس سے ہزاروں افراد مستفید ہوں گے,1
کوئٹہ کی گلیوں میں کوڑے کے ڈھیر بیماریاں پھیلانے کا باعث بن رہے ہیں,0
جعلی ادویات کے کاروبار نے سینکڑوں مریضوں کی جان خطرے میں ڈال دی,0
یونیورسٹی کی بروقت مدد سے موسم سرما میں سیلاب متاثرین کی زندگی دوبارہ پٹری پر آ گئی,1
نئی نسل کے کاروباری ذہن نے گزشتہ ماہ چھوٹے شہروں میں بھی روزگار کے نئے مواقع پیدا کر دیے,1
استاد کی حوصلہ افزائی نے عید کے موقع پر ایک کمزور طالب علم کو کلاس کا بہترین نتیجہ دینے والا بنا دیا,1
شدید گرمی اور لوڈشیڈنگ نے صبح سویرے کوئٹہ کے باسیوں کی زندگی اجیرن کر دی ہے,0
تھر کی گلیوں میں کوڑے کے ڈھیر صبح سویرے بیماریاں پھیلانے کا باعث بن رہے ہیں,0
محکمہ صحت نے سالانہ تقریب میں نئی پالیسی متعارف کروائی جس سے عام آدمی کو کافی ریلیف ملنے کی توقع ہے,1
شدید گرمی اور لوڈشیڈنگ نے امسال ژوب کے باسیوں کی زندگی اجیرن کر دی ہے,0
نرس کے دھوکے نے انتخابات کے قریب برسوں کی دوستی کو ایک ہی لمحے میں ختم کر دیا,0
تاجر کی بدسلوکی نے امسال پورے محلے کا امن و سکون برباد کر دیا,0
شدید گرمی اور لوڈشیڈنگ نے انتخابات کے قریب جہلم کے باسیوں کی زندگی اجیرن کر دی ہے,0
سکھر کے میں مسلسل بگاڑ نے عوام کو شدید مایوسی سے دوچار کر دیا,0
کسانوں کی محنت رنگ لائی اور سالانہ تقریب میں فصل کی پیداوار ریکارڈ سطح پر پہنچ گئی,1
بے روزگاری کے ہاتھوں تنگ نوجوان ملک چھوڑنے پر مجبور ہو گئے ہیں,0
کارخانے کی آلودگی نے حالیہ دنوں میں قریبی آبادی کو سانس کی بیماریوں میں مبتلا کر دیا ہے,0
حیدرآباد میں ٹریفک جام میں گھنٹوں پھنسے رہنا اب معمول بن چکا ہے، لوگ ذہنی کوفت کا شکار ہیں,0
مقامی کھلاڑی نے بجٹ کے بعد قومی سطح پر گولڈ میڈل جیت کر تمام شہر کو خوشی سے سرشار کر دیا,1
اسلام آباد کے شہریوں کی اجتماعی کوششوں سے حالیہ دنوں میں محلے کی صفائی مہم کامیابی سے مکمل ہوئی,1
یونیورسٹی کے تعاون سے بجٹ کے بعد بے گھر خاندانوں کو محفوظ رہائش فراہم کر دی گئی,1
نجی ادارہ کے افسران کی من مانیوں نے عام شہری کو ذلیل و خوار کر دیا,0
خشک سالی نے کسانوں کی پوری فصل تباہ کر دی اور وہ مقروض ہو گئے,0
بلدیہ کی نااہلی کے باعث گلگت میں بنیادی سہولیات تک عوام کی رسائی ممکن نہیں رہی,0
مقامی فنکار کی پینٹنگ نے امسال بین الاقوامی نمائش میں خصوصی پذیرائی حاصل کی,1
کھیل کے میدان میں شکست کے بعد بھی ٹیم کے حوصلے بلند رہے اور اگلے میچ میں فتح حاصل کی,1
واپڈا کی سست روی کی وجہ سے حالیہ دنوں میں فائل مہینوں دفتروں میں پڑی رہی,0
صحت کارکن کی بے حسی نے عید کے موقع پر مصیبت کے وقت کسی کے کام نہ آنے کا ثبوت دے دیا,0
استانی کی رہنمائی میں نوجوان ٹیم نے قابل ستائش کارکردگی کا مظاہرہ کیا,1
شور شرابے اور آلودگی نے اوکاڑہ کی رہائشی زندگی کو غیر معیاری بنا دیا ہے,0
کھلاڑی کی سادگی اور خلوص نے ہر ملنے والے کا دل جیت لیا,1
وزیر اعلیٰ کے جھوٹے وعدوں نے موسم سرما میں عوام کا اعتماد مکمل طور پر ختم کر دیا ہے,0
خشک سالی نے عید کے موقع پر کسانوں کی پوری فصل تباہ کر دی اور وہ مقروض ہو گئے,0
نرس نے بحران کے باوجود ہمت نہ ہاری اور اپنا کاروبار دوبارہ کھڑا کر دکھایا,1
بجٹ کے بعد سماجی کارکن نے نوشہرہ میں نجی ادارہ کے تعاون سے ایک شاندار منصوبہ مکمل کر لیا جس سے ہزاروں افراد مستفید ہوں گے,1
سیاستدانوں کی باہمی چپقلش نے عوامی مسائل کو مکمل طور پر پس پشت ڈال دیا,0
نجی ادارہ کی سست روی کی وجہ سے فائل مہینوں دفتروں میں پڑی رہی,0
کسانوں کی محنت رنگ لائی اور پیر کے روز فصل کی پیداوار ریکارڈ سطح پر پہنچ گئی,1
طویل انتظار کے بعد بالآخر بارش نے شہر کی گرمی سے نجات دلا دی,1
اوکاڑہ کے شہریوں کی اجتماعی کوششوں سے محلے کی صفائی مہم کامیابی سے مکمل ہوئی,1
شدید گرمی اور لوڈشیڈنگ نے حیدرآباد کے باسیوں کی زندگی اجیرن کر دی ہے,0
بے روزگاری کے ہاتھوں تنگ نوجوان ملک چھوڑنے پر مجبور ہو گئے ہیں,0
بینک کے افسران کی من مانیوں نے عام شہری کو ذلیل و خوار کر دیا,0
کارپوریشن میں پھیلی رشوت خوری نے صبح سویرے پورے نظام کو اندر سے کھوکھلا کر دیا ہے,0
منہگائی کی چکی میں پستا حالیہ دنوں میں غریب طبقہ دو وقت کی روٹی کو بھی ترس گیا ہے,0
کاروباری شخص کی سچائی اور دیانتداری بجٹ کے بعد آج بھی معاشرے کے لیے مثال ہے,1
جہلم کی گلیاں روشنیوں اور رونق سے جگمگا اٹھیں,1
پولیس اہلکار کی انتھک محنت رنگ لائی اور انہیں وہ مقام مل گیا جس کے وہ حقدار تھے,1
وکیل کی سادگی اور خلوص نے ہر ملنے والے کا دل جیت لیا,1
شاعر کے جھوٹے وعدوں نے امسال عوام کا اعتماد مکمل طور پر ختم کر دیا ہے,0
انتظامیہ نے کے حوالے سے شاندار اصلاحات متعارف کروائیں جن کی ہر جگہ تعریف ہو رہی ہے,1
محبت اور خلوص سے بھرا یہ رشتہ بھی اتنا ہی مضبوط ہے جتنا پہلے دن تھا,1
چترال کی سڑکوں پر بنے گڑھوں کی وجہ سے انتخابات کے قریب روزانہ نئے حادثات جنم لے رہے ہیں,0
برسوں بعد بچھڑے دوستوں کا اچانک ملنا زندگی کا حسین اتفاق تھا,1
رات گئے کے دوران گوجرانوالہ میں پیش آنے والے واقعے نے سب کو صدمے میں ڈال دیا,0
مقامی فنکار کی پینٹنگ نے حالیہ دنوں میں بین الاقوامی نمائش میں خصوصی پذیرائی حاصل کی,1
ریلوے کے وعدے صرف کاغذوں تک محدود رہے، عملی طور پر کچھ نہ ہو سکا,0
بجلی کے بھاری بلوں نے حالیہ دنوں میں چھوٹے کاروباریوں کو دیوالیہ ہونے پر مجبور کر دیا,0
وزیر اعلیٰ کی ہٹ دھرمی نے صبح سویرے مذاکرات کی تمام کوششوں کو ناکام بنا دیا,0
کھلاڑی نے مشکل حالات میں بھی سالانہ تقریب میں مسکراہٹ نہیں کھوئی اور دوسروں کے لیے حوصلے کا باعث بنے,1
استاد کی حوصلہ افزائی نے صبح سویرے ایک کمزور طالب علم کو کلاس کا بہترین نتیجہ دینے والا بنا دیا,1
خشک سالی نے موسم سرما میں کسانوں کی پوری فصل تباہ کر دی اور وہ مقروض ہو گئے,0
گلگت کے پیر کے روز میں نمایاں بہتری نے شہریوں کے چہروں پر مسکراہٹ بکھیر دی,1
ریلوے کی بروقت مدد سے سیلاب متاثرین کی زندگی دوبارہ پٹری پر آ گئی,1
چترال کی گلیوں میں کوڑے کے ڈھیر بیماریاں پھیلانے کا باعث بن رہے ہیں,0
کارپوریشن کے وعدے رات گئے صرف کاغذوں تک محدود رہے، عملی طور پر کچھ نہ ہو سکا,0
بے روزگاری کے ہاتھوں تنگ سالانہ تقریب میں نوجوان ملک چھوڑنے پر مجبور ہو گئے ہیں,0
سیاستدان کے جھوٹے وعدوں نے اس ہفتے عوام کا اعتماد مکمل طور پر ختم کر دیا ہے,0
استانی کو عید کے موقع پر بین الاقوامی سطح پر ایوارڈ ملنے پر پورے خاندان میں خوشی کی لہر دوڑ گئی,1
ادیب نے مشکل حالات میں بھی مسکراہٹ نہیں کھوئی اور دوسروں کے لیے حوصلے کا باعث بنے,1
وزیر اعظم کا عاجزانہ رویہ اور دوسروں کی مدد کا جذبہ قابل تقلید ہے,1
برسوں بعد بچھڑے دوستوں کا موسم سرما میں اچانک ملنا زندگی کا حسین اتفاق تھا,1
واپڈا کے افسران کی من مانیوں نے عام شہری کو ذلیل و خوار کر دیا,0
کسان خاتون کی بدسلوکی نے پیر کے روز پورے محلے کا امن و سکون برباد کر دیا,0
عدالت نے عید کے موقع پر کے حوالے سے شاندار اصلاحات متعارف کروائیں جن کی ہر جگہ تعریف ہو رہی ہے,1
کارپوریشن میں پھیلی رشوت خوری نے پیر کے روز پورے نظام کو اندر سے کھوکھلا کر دیا ہے,0
ژوب کی گلیاں روشنیوں اور رونق سے جگمگا اٹھیں,1
خشک سالی نے کسانوں کی پوری فصل تباہ کر دی اور وہ مقروض ہو گئے,0
شدید گرمی اور لوڈشیڈنگ نے سالانہ تقریب میں حنزہ کے باسیوں کی زندگی اجیرن کر دی ہے,0
وکیل کا عاجزانہ رویہ اور دوسروں کی مدد کا جذبہ قابل تقلید ہے,1
صحت کارکن نے مشکل حالات میں بھی مسکراہٹ نہیں کھوئی اور دوسروں کے لیے حوصلے کا باعث بنے,1
واپڈا کی سست روی کی وجہ سے سالانہ تقریب میں فائل مہینوں دفتروں میں پڑی رہی,0
دکاندار کی انتھک محنت رنگ لائی اور سالانہ تقریب میں انہیں وہ مقام مل گیا جس کے وہ حقدار تھے,1
اس ہفتے نئے تعلیمی سیشن کا آغاز جوش و خروش سے ہوا، بچے مسکراتے ہوئے سکول پہنچے,1
کراچی کی گلیوں میں کوڑے کے ڈھیر بجٹ کے بعد بیماریاں پھیلانے کا باعث بن رہے ہیں,0
سیلاب کی تباہ کاریوں نے ہزاروں گھرانوں کو بے گھر کر دیا اور امداد بھی نہ پہنچی,0
وزیر اعظم کی ہٹ دھرمی نے مذاکرات کی تمام کوششوں کو ناکام بنا دیا,0
وکیل کی ہٹ دھرمی نے اس ہفتے مذاکرات کی تمام کوششوں کو ناکام بنا دیا,0
شادی کی تقریب میں رشتہ داروں کا پرتپاک استقبال دیکھ کر دل باغ باغ ہو گیا,1
بہاولپور میں خودکش دھماکے کی خبر سن کر رات گئے پورا شہر خوف اور غم میں ڈوب گیا,0
بجلی کے بھاری بلوں نے چھوٹے کاروباریوں کو دیوالیہ ہونے پر مجبور کر دیا,0
سکھر کی سڑکوں پر بنے گڑھوں کی وجہ سے روزانہ نئے حادثات جنم لے رہے ہیں,0
شاعر نے بحران کے باوجود گزشتہ ماہ ہمت نہ ہاری اور اپنا کاروبار دوبارہ کھڑا کر دکھایا,1
فیصل آباد کی سڑکوں پر بنے گڑھوں کی وجہ سے صبح سویرے روزانہ نئے حادثات جنم لے رہے ہیں,0
بہاولپور میں نئے ہسپتال کے قیام سے دیہی علاقے کے مریضوں کو بروقت علاج میسر آ گیا,1
شادی کی تقریب میں رشتہ داروں کا پرتپاک استقبال دیکھ کر دل باغ باغ ہو گیا,1
پشاور کے میں مسلسل بگاڑ نے عوام کو شدید مایوسی سے دوچار کر دیا,0
شور شرابے اور آلودگی نے سیالکوٹ کی رہائشی زندگی کو غیر معیاری بنا دیا ہے,0
یونیورسٹی کی سست روی کی وجہ سے عید کے موقع پر فائل مہینوں دفتروں میں پڑی رہی,0
محکمہ زراعت کے وعدے سالانہ تقریب میں صرف کاغذوں تک محدود رہے، عملی طور پر کچھ نہ ہو سکا,0
دکاندار کی خودغرضی نے امسال پورے منصوبے کو ناکامی سے دوچار کر دیا,0
نئے تعلیمی سیشن کا آغاز جوش و خروش سے ہوا، بچے مسکراتے ہوئے سکول پہنچے,1
این جی او کی جانب سے غریب طلبہ کے لیے وظائف کا اعلان انتہائی خوش آئند قدم ہے,1
پولیس محکمہ کے وعدے امسال صرف کاغذوں تک محدود رہے، عملی طور پر کچھ نہ ہو سکا,0
طلاق کی شرح میں گزشتہ ماہ اضافے نے خاندانی نظام کو شدید نقصان پہنچایا ہے,0
گلگت میں پانی کی قلت نے سالانہ تقریب میں شہریوں کا جینا محال کر دیا ہے,0
تھر میں پانی کی قلت نے گزشتہ ماہ شہریوں کا جینا محال کر دیا ہے,0
انجینئر کا عاجزانہ رویہ اور دوسروں کی مدد کا جذبہ انتخابات کے قریب قابل تقلید ہے,1
میونسپل کمیٹی کی نااہلی کے باعث حیدرآباد میں بنیادی سہولیات تک عوام کی رسائی ممکن نہیں رہی,0
بہاولپور میں سالانہ تقریب میں نئے پارک کی تعمیر سے بچوں اور بزرگوں کو کھلی فضا میں وقت گزارنے کا موقع ملا,1
کسان خاتون کی انتھک محنت رنگ لائی اور پیر کے روز انہیں وہ مقام مل گیا جس کے وہ حقدار تھے,1
صحافی کے جھوٹے وعدوں نے امسال عوام کا اعتماد مکمل طور پر ختم کر دیا ہے,0
منہگائی کی چکی میں پستا رمضان میں غریب طبقہ دو وقت کی روٹی کو بھی ترس گیا ہے,0
میونسپل کمیٹی کے وعدے انتخابات کے قریب صرف کاغذوں تک محدود رہے، عملی طور پر کچھ نہ ہو سکا,0
وکیل کی انتھک محنت رنگ لائی اور عید کے موقع پر انہیں وہ مقام مل گیا جس کے وہ حقدار تھے,1
بارش کے بعد فیصل آباد کا موسم انتہائی خوشگوار ہو گیا اور لوگ گھروں سے باہر نکل آئے,1
نئی نسل کے کاروباری ذہن نے چھوٹے شہروں میں بھی روزگار کے نئے مواقع پیدا کر دیے,1
انتظامیہ نے نئی پالیسی متعارف کروائی جس سے عام آدمی کو کافی ریلیف ملنے کی توقع ہے,1
تاجر کی رہنمائی میں گزشتہ ماہ نوجوان ٹیم نے قابل ستائش کارکردگی کا مظاہرہ کیا,1
سیالکوٹ میں خودکش دھماکے کی خبر سن کر پورا شہر خوف اور غم میں ڈوب گیا,0
غیر ذمہ دارانہ ڈرائیونگ کے باعث پیر کے روز سڑک حادثے میں معصوم بچہ جاں بحق ہو گیا,0
آن لائن دھوکہ دہی کا شکار ہو کر رمضان میں نوجوان کی جمع پونجی چند لمحوں میں لٹ گئی,0
سوات میں صبح سویرے نئے پارک کی تعمیر سے بچوں اور بزرگوں کو کھلی فضا میں وقت گزارنے کا موقع ملا,1
چترال میں پانی کی قلت نے شہریوں کا جینا محال کر دیا ہے,0
اسلام آباد کے نوجوانوں نے چھٹی کے دن مل کر ماحول دوست منصوبہ شروع کیا جس کی ہر طرف تعریف ہو رہی ہے,1
واپڈا کی جانب سے گزشتہ ماہ غریب طلبہ کے لیے وظائف کا اعلان انتہائی خوش آئند قدم ہے,1
بارش کے بعد لاہور کا موسم انتہائی خوشگوار ہو گیا اور لوگ گھروں سے باہر نکل آئے,1
بارش کے بعد پشاور کا موسم انتہائی خوشگوار ہو گیا اور لوگ گھروں سے باہر نکل آئے,1
حیدرآباد میں پانی کی قلت نے شہریوں کا جینا محال کر دیا ہے,0
حیدرآباد میں نئے ہسپتال کے قیام سے دیہی علاقے کے مریضوں کو بروقت علاج میسر آ گیا,1
کھلاڑی نے ژوب میں واپڈا کے تعاون سے ایک شاندار منصوبہ مکمل کر لیا جس سے ہزاروں افراد مستفید ہوں گے,1
گوجرانوالہ میں نئے ہسپتال کے قیام سے حالیہ دنوں میں دیہی علاقے کے مریضوں کو بروقت علاج میسر آ گیا,1
منہگائی کی چکی میں پستا غریب طبقہ دو وقت کی روٹی کو بھی ترس گیا ہے,0
انجینئر نے مشکل حالات میں بھی مسکراہٹ نہیں کھوئی اور دوسروں کے لیے حوصلے کا باعث بنے,1
تاجر کی سادگی اور خلوص نے اس ہفتے ہر ملنے والے کا دل جیت لیا,1
فیصل آباد میں پانی کی قلت نے رمضان میں شہریوں کا جینا محال کر دیا ہے,0
امتحان میں ناکامی کے بعد حالیہ دنوں میں طالب علم شدید ذہنی دباؤ کا شکار ہو گیا,0
اسلام آباد کے بازاروں میں غیر معمولی رونق دیکھی گئی، دکاندار خوش نظر آئے,1
پاکستانی ٹیم نے سالانہ تقریب میں زبردست کارکردگی دکھاتے ہوئے میچ جیت لیا، شائقین جھوم اٹھے,1
راولپنڈی میں خودکش دھماکے کی خبر سن کر بجٹ کے بعد پورا شہر خوف اور غم میں ڈوب گیا,0
پشاور میں نئے ہسپتال کے قیام سے سالانہ تقریب میں دیہی علاقے کے مریضوں کو بروقت علاج میسر آ گیا,1
اوکاڑہ میں نئی سڑک کی تعمیر سے سفر کا دورانیہ آدھا رہ گیا، مسافروں نے سکون کا سانس لیا,1
محکمہ صحت کی جانب سے پیر کے روز غریب طلبہ کے لیے وظائف کا اعلان انتہائی خوش آئند قدم ہے,1
گوجرانوالہ کے نوجوانوں نے موسم سرما میں مل کر ماحول دوست منصوبہ شروع کیا جس کی ہر طرف تعریف ہو رہی ہے,1
منشیات کے پھیلاؤ نے موسم سرما میں نوجوان نسل کا مستقبل داؤ پر لگا دیا ہے,0
مزدور کی بے حسی نے گزشتہ ماہ مصیبت کے وقت کسی کے کام نہ آنے کا ثبوت دے دیا,0
طالب علم کی انتھک محنت رنگ لائی اور انہیں وہ مقام مل گیا جس کے وہ حقدار تھے,1
پولیس محکمہ میں پھیلی رشوت خوری نے پورے نظام کو اندر سے کھوکھلا کر دیا ہے,0
پولیس محکمہ نے صبح سویرے کے حوالے سے شاندار اصلاحات متعارف کروائیں جن کی ہر جگہ تعریف ہو رہی ہے,1
محلے دار کی سچائی اور دیانتداری صبح سویرے آج بھی معاشرے کے لیے مثال ہے,1
پولیس محکمہ نے چھٹی کے دن نئی پالیسی متعارف کروائی جس سے عام آدمی کو کافی ریلیف ملنے کی توقع ہے,1
وزیر اعلیٰ کا عاجزانہ رویہ اور دوسروں کی مدد کا جذبہ اس ہفتے قابل تقلید ہے,1
دوستوں کے ساتھ پیر کے روز گزارا وقت زندگی کی سب سے قیمتی یادوں میں شمار ہوتا ہے,1
طویل انتظار کے بعد بالآخر بارش نے شہر کی گرمی سے نجات دلا دی,1
تاجر کی مسلسل غفلت کے باعث گزشتہ ماہ ایک اور موقع ضائع ہو گیا,0
ادیب کو چھٹی کے دن بین الاقوامی سطح پر ایوارڈ ملنے پر پورے خاندان میں خوشی کی لہر دوڑ گئی,1
طویل انتظار کے بعد امسال بالآخر بارش نے شہر کی گرمی سے نجات دلا دی,1
نرس کے دھوکے نے برسوں کی دوستی کو ایک ہی لمحے میں ختم کر دیا,0
انتخابات کے قریب کے دوران سکھر میں پیش آنے والے واقعے نے سب کو صدمے میں ڈال دیا,0
ڈرائیور نے عوامی خدمت کا جذبہ برقرار رکھتے ہوئے مسلسل مثبت تبدیلی لانے کی کوشش جاری رکھی,1
فیصل آباد کے میں نمایاں بہتری نے شہریوں کے چہروں پر مسکراہٹ بکھیر دی,1
کتاب پڑھنے کی عادت نے رات گئے میری سوچ کے دائرے کو بہت وسیع کر دیا,1
طویل انتظار کے بعد سالانہ تقریب میں بالآخر بارش نے شہر کی گرمی سے نجات دلا دی,1
صحافی کی انتھک محنت رنگ لائی اور صبح سویرے انہیں وہ مقام مل گیا جس کے وہ حقدار تھے,1
نوجوانوں کی نئی ایجاد نے عالمی مقابلے میں پہلی پوزیشن حاصل کر کے ملک کا نام روشن کیا,1
خشک سالی نے کسانوں کی پوری فصل تباہ کر دی اور وہ مقروض ہو گئے,0
استاد کی حوصلہ افزائی نے انتخابات کے قریب ایک کمزور طالب علم کو کلاس کا بہترین نتیجہ دینے والا بنا دیا,1
پیٹرول اور بجلی کی قیمتوں میں گزشتہ ماہ مسلسل اضافے نے متوسط طبقے کی کمر توڑ دی ہے,0
برسوں کی محنت کے بعد بیٹے نے سرکاری نوکری حاصل کر کے والدین کا سر فخر سے بلند کر دیا,1
جعلی ادویات کے کاروبار نے پیر کے روز سینکڑوں مریضوں کی جان خطرے میں ڈال دی,0
پارلیمنٹ کے افسران کی من مانیوں نے سالانہ تقریب میں عام شہری کو ذلیل و خوار کر دیا,0
تعلیمی بورڈ نے پیر کے روز کے حوالے سے شاندار اصلاحات متعارف کروائیں جن کی ہر جگہ تعریف ہو رہی ہے,1
چترال کے بازاروں میں غیر معمولی رونق دیکھی گئی، دکاندار خوش نظر آئے,1
سماجی کارکن نے بحران کے باوجود حالیہ دنوں میں ہمت نہ ہاری اور اپنا کاروبار دوبارہ کھڑا کر دکھایا,1
امسال مری کی گلیاں روشنیوں اور رونق سے جگمگا اٹھیں,1
خاندان کے ساتھ گزشتہ ماہ پہاڑوں کی سیر ایک ناقابل فراموش تجربہ ثابت ہوئی,1
شاعر کی سادگی اور خلوص نے پیر کے روز ہر ملنے والے کا دل جیت لیا,1
سیلاب کی تباہ کاریوں نے صبح سویرے ہزاروں گھرانوں کو بے گھر کر دیا اور امداد بھی نہ پہنچی,0
وکیل کی خودغرضی نے بجٹ کے بعد پورے منصوبے کو ناکامی سے دوچار کر دیا,0
بچوں سے مشقت لینے والے کارخانہ داروں کے خلاف امسال کوئی سخت قانون موجود نہیں,0
منہگائی کی چکی میں پستا غریب طبقہ دو وقت کی روٹی کو بھی ترس گیا ہے,0
تعلیمی بورڈ کی بروقت مدد سے صبح سویرے سیلاب متاثرین کی زندگی دوبارہ پٹری پر آ گئی,1
سماجی کارکن کی بدسلوکی نے انتخابات کے قریب پورے محلے کا امن و سکون برباد کر دیا,0
عدالت نے رات گئے کے حوالے سے شاندار اصلاحات متعارف کروائیں جن کی ہر جگہ تعریف ہو رہی ہے,1
صبح سویرے طالب علم نے چترال میں محکمہ زراعت کے تعاون سے ایک شاندار منصوبہ مکمل کر لیا جس سے ہزاروں افراد مستفید ہوں گے,1
دوران سوات میں منعقدہ ثقافتی میلے نے تمام شہریوں کا دل موہ لیا,1
طویل انتظار کے بعد اس ہفتے بالآخر بارش نے شہر کی گرمی سے نجات دلا دی,1
نرس نے بحران کے باوجود اس ہفتے ہمت نہ ہاری اور اپنا کاروبار دوبارہ کھڑا کر دکھایا,1
نرس پر لگے کرپشن کے الزامات حالیہ دنوں میں ثابت ہونے کے باوجود کوئی کارروائی نہیں ہوئی,0
راولپنڈی کے امسال میں نمایاں بہتری نے شہریوں کے چہروں پر مسکراہٹ بکھیر دی,1
میونسپل کمیٹی کے تعاون سے گزشتہ ماہ بے گھر خاندانوں کو محفوظ رہائش فراہم کر دی گئی,1
میچ میں ناقص فیصلوں کی وجہ سے رمضان میں ٹیم کو آخری لمحات میں شکست کا سامنا کرنا پڑا,0
سرکاری ہسپتالوں میں رمضان میں ادویات کی کمی کے باعث مریض علاج سے محروم رہ گئے,0
بینک کے افسران کی من مانیوں نے رات گئے عام شہری کو ذلیل و خوار کر دیا,0
مقامی فنکار کی پینٹنگ نے بین الاقوامی نمائش میں خصوصی پذیرائی حاصل کی,1
ڈرائیور کو رات گئے بین الاقوامی سطح پر ایوارڈ ملنے پر پورے خاندان میں خوشی کی لہر دوڑ گئی,1
سائنسدان نے مشکل حالات میں بھی صبح سویرے مسکراہٹ نہیں کھوئی اور دوسروں کے لیے حوصلے کا باعث بنے,1
راولپنڈی کے میں نمایاں بہتری نے شہریوں کے چہروں پر مسکراہٹ بکھیر دی,1
سرکاری ہسپتال نے رمضان میں کے حوالے سے شاندار اصلاحات متعارف کروائیں جن کی ہر جگہ تعریف ہو رہی ہے,1
ڈرائیور نے عوامی خدمت کا جذبہ برقرار رکھتے ہوئے مسلسل مثبت تبدیلی لانے کی کوشش جاری رکھی,1
چترال کے پیر کے روز میں مسلسل بگاڑ نے عوام کو شدید مایوسی سے دوچار کر دیا,0
بے روزگاری کے ہاتھوں تنگ نوجوان ملک چھوڑنے پر مجبور ہو گئے ہیں,0
بجلی کے بھاری بلوں نے چھوٹے کاروباریوں کو دیوالیہ ہونے پر مجبور کر دیا,0
کسان نے مشکل حالات میں بھی امسال مسکراہٹ نہیں کھوئی اور دوسروں کے لیے حوصلے کا باعث بنے,1
چترال کے شہریوں کی اجتماعی کوششوں سے عید کے موقع پر محلے کی صفائی مہم کامیابی سے مکمل ہوئی,1
ڈرائیور پر لگے کرپشن کے الزامات ثابت ہونے کے باوجود کوئی کارروائی نہیں ہوئی,0
کارپوریشن کے افسران کی من مانیوں نے عام شہری کو ذلیل و خوار کر دیا,0
سرکاری افسر نے بحران کے باوجود ہمت نہ ہاری اور اپنا کاروبار دوبارہ کھڑا کر دکھایا,1
غیر ذمہ دارانہ ڈرائیونگ کے باعث رات گئے سڑک حادثے میں معصوم بچہ جاں بحق ہو گیا,0
پاکستانی ٹیم نے چھٹی کے دن زبردست کارکردگی دکھاتے ہوئے میچ جیت لیا، شائقین جھوم اٹھے,1
انتظامیہ کے تعاون سے بے گھر خاندانوں کو محفوظ رہائش فراہم کر دی گئی,1
وزیر اعلیٰ کو بین الاقوامی سطح پر ایوارڈ ملنے پر پورے خاندان میں خوشی کی لہر دوڑ گئی,1
میونسپل کمیٹی کی سست روی کی وجہ سے چھٹی کے دن فائل مہینوں دفتروں میں پڑی رہی,0
گوجرانوالہ میں نئے ہسپتال کے قیام سے دیہی علاقے کے مریضوں کو بروقت علاج میسر آ گیا,1
پولیس اہلکار کی خودغرضی نے امسال پورے منصوبے کو ناکامی سے دوچار کر دیا,0
کھیل کے میدان میں شکست کے بعد بھی بجٹ کے بعد ٹیم کے حوصلے بلند رہے اور اگلے میچ میں فتح حاصل کی,1
پولیس اہلکار کی مسلسل غفلت کے باعث ایک اور موقع ضائع ہو گیا,0
تاجر کی انتھک محنت رنگ لائی اور انہیں وہ مقام مل گیا جس کے وہ حقدار تھے,1
شدید گرمی اور لوڈشیڈنگ نے جہلم کے باسیوں کی زندگی اجیرن کر دی ہے,0
راولپنڈی میں خودکش دھماکے کی خبر سن کر عید کے موقع پر پورا شہر خوف اور غم میں ڈوب گیا,0
مزدور کو صبح سویرے بین الاقوامی سطح پر ایوارڈ ملنے پر پورے خاندان میں خوشی کی لہر دوڑ گئی,1
انصاف کے حصول میں انتخابات کے قریب برسوں لگ جاتے ہیں، عدالتی نظام سست روی کا شکار ہے,0
پیٹرول اور بجلی کی قیمتوں میں رمضان میں مسلسل اضافے نے متوسط طبقے کی کمر توڑ دی ہے,0
لاہور میں خودکش دھماکے کی خبر سن کر پورا شہر خوف اور غم میں ڈوب گیا,0
وزیر اعظم پر لگے کرپشن کے الزامات سالانہ تقریب میں ثابت ہونے کے باوجود کوئی کارروائی نہیں ہوئی,0
حنزہ میں نئے پارک کی تعمیر سے بچوں اور بزرگوں کو کھلی فضا میں وقت گزارنے کا موقع ملا,1
بینک نے نئی پالیسی متعارف کروائی جس سے عام آدمی کو کافی ریلیف ملنے کی توقع ہے,1
پاکستانی ٹیم نے پیر کے روز زبردست کارکردگی دکھاتے ہوئے میچ جیت لیا، شائقین جھوم اٹھے,1
ملتان کے رمضان میں نمایاں بہتری نے شہریوں کے چہروں پر مسکراہٹ بکھیر دی,1
گلگت کی گلیوں میں کوڑے کے ڈھیر عید کے موقع پر بیماریاں پھیلانے کا باعث بن رہے ہیں,0
صبح سویرے پرندوں کی چہچہاہٹ اور تازہ ہوا دل کو ایک عجیب سکون دیتی ہے,1
موسم سرما میں لسبیلہ کی گلیاں روشنیوں اور رونق سے جگمگا اٹھیں,1
چھٹی کے دن ملتان کی گلیاں روشنیوں اور رونق سے جگمگا اٹھیں,1
سماجی کارکن نے بحران کے باوجود سالانہ تقریب میں ہمت نہ ہاری اور اپنا کاروبار دوبارہ کھڑا کر دکھایا,1
سکھر کے رات گئے میں مسلسل بگاڑ نے عوام کو شدید مایوسی سے دوچار کر دیا,0
مزدور کی بے حسی نے مصیبت کے وقت کسی کے کام نہ آنے کا ثبوت دے دیا,0
بچے کی پہلی کامیابی دیکھ کر پیر کے روز ماں باپ کی آنکھوں میں خوشی کے آنسو آ گئے,1
بینک کے تعاون سے گزشتہ ماہ بے گھر خاندانوں کو محفوظ رہائش فراہم کر دی گئی,1
تھر کے شہریوں کی اجتماعی کوششوں سے بجٹ کے بعد محلے کی صفائی مہم کامیابی سے مکمل ہوئی,1
کتاب پڑھنے کی عادت نے میری سوچ کے دائرے کو بہت وسیع کر دیا,1
نجی ادارہ کے وعدے صرف کاغذوں تک محدود رہے، عملی طور پر کچھ نہ ہو سکا,0
سکھر کے بازاروں میں رمضان میں غیر معمولی رونق دیکھی گئی، دکاندار خوش نظر آئے,1
طالب علم کا عاجزانہ رویہ اور دوسروں کی مدد کا جذبہ انتخابات کے قریب قابل تقلید ہے,1
بہاولپور میں پانی کی قلت نے شہریوں کا جینا محال کر دیا ہے,0
راولپنڈی کے میں مسلسل بگاڑ نے عوام کو شدید مایوسی سے دوچار کر دیا,0
ریلوے میں پھیلی رشوت خوری نے امسال پورے نظام کو اندر سے کھوکھلا کر دیا ہے,0
سائنسدان کی ہٹ دھرمی نے عید کے موقع پر مذاکرات کی تمام کوششوں کو ناکام بنا دیا,0
گوجرانوالہ کے میں نمایاں بہتری نے شہریوں کے چہروں پر مسکراہٹ بکھیر دی,1
نرس کی خودغرضی نے عید کے موقع پر پورے منصوبے کو ناکامی سے دوچار کر دیا,0
طویل انتظار کے بعد رمضان میں بالآخر بارش نے شہر کی گرمی سے نجات دلا دی,1
انتخابات کے قریب سوات کی گلیاں روشنیوں اور رونق سے جگمگا اٹھیں,1
نوجوانوں کی نئی ایجاد نے گزشتہ ماہ عالمی مقابلے میں پہلی پوزیشن حاصل کر کے ملک کا نام روشن کیا,1
اس ہفتے کے دوران پشاور میں منعقدہ ثقافتی میلے نے تمام شہریوں کا دل موہ لیا,1
بچوں سے مشقت لینے والے کارخانہ داروں کے خلاف رات گئے کوئی سخت قانون موجود نہیں,0
محلے دار کی رہنمائی میں حالیہ دنوں میں نوجوان ٹیم نے قابل ستائش کارکردگی کا مظاہرہ کیا,1
اسلام آباد کے بازاروں میں چھٹی کے دن غیر معمولی رونق دیکھی گئی، دکاندار خوش نظر آئے,1
یونیورسٹی کی جانب سے غریب طلبہ کے لیے وظائف کا اعلان انتہائی خوش آئند قدم ہے,1
لسبیلہ میں نئے ہسپتال کے قیام سے عید کے موقع پر دیہی علاقے کے مریضوں کو بروقت علاج میسر آ گیا,1
سیلاب کی تباہ کاریوں نے انتخابات کے قریب ہزاروں گھرانوں کو بے گھر کر دیا اور امداد بھی نہ پہنچی,0
سیاستدانوں کی باہمی چپقلش نے رمضان میں عوامی مسائل کو مکمل طور پر پس پشت ڈال دیا,0
بینک میں پھیلی رشوت خوری نے پورے نظام کو اندر سے کھوکھلا کر دیا ہے,0
محبت اور خلوص سے بھرا یہ رشتہ بھی اتنا ہی مضبوط ہے جتنا پہلے دن تھا,1
استاد کی مسلسل غفلت کے باعث ایک اور موقع ضائع ہو گیا,0
غیر ذمہ دارانہ ڈرائیونگ کے باعث سڑک حادثے میں معصوم بچہ جاں بحق ہو گیا,0
خشک سالی نے گزشتہ ماہ کسانوں کی پوری فصل تباہ کر دی اور وہ مقروض ہو گئے,0
سوات میں نئے ہسپتال کے قیام سے حالیہ دنوں میں دیہی علاقے کے مریضوں کو بروقت علاج میسر آ گیا,1
حکومت کی سست روی کی وجہ سے عید کے موقع پر فائل مہینوں دفتروں میں پڑی رہی,0
کسانوں کی محنت رنگ لائی اور حالیہ دنوں میں فصل کی پیداوار ریکارڈ سطح پر پہنچ گئی,1
صبح سویرے پرندوں کی چہچہاہٹ اور تازہ ہوا دل کو ایک عجیب سکون دیتی ہے,1
امسال کے دوران کراچی میں منعقدہ ثقافتی میلے نے تمام شہریوں کا دل موہ لیا,1
محبت اور خلوص سے بھرا یہ رشتہ انتخابات کے قریب بھی اتنا ہی مضبوط ہے جتنا پہلے دن تھا,1
حنزہ کے رات گئے میں نمایاں بہتری نے شہریوں کے چہروں پر مسکراہٹ بکھیر دی,1
شور شرابے اور آلودگی نے پشاور کی رہائشی زندگی کو غیر معیاری بنا دیا ہے,0
انتظامیہ میں پھیلی رشوت خوری نے رات گئے پورے نظام کو اندر سے کھوکھلا کر دیا ہے,0
سالانہ تقریب میں گوجرانوالہ کی گلیاں روشنیوں اور رونق سے جگمگا اٹھیں,1
کسان خاتون کی سچائی اور دیانتداری آج بھی معاشرے کے لیے مثال ہے,1
یونیورسٹی کی ناقص کارکردگی کے باعث سالانہ تقریب میں شہریوں کا اعتماد مکمل طور پر متزلزل ہو گیا,0
محکمہ صحت میں پھیلی رشوت خوری نے پورے نظام کو اندر سے کھوکھلا کر دیا ہے,0
پشاور میں عید کے موقع پر نئے پارک کی تعمیر سے بچوں اور بزرگوں کو کھلی فضا میں وقت گزارنے کا موقع ملا,1
یونیورسٹی کی سست روی کی وجہ سے چھٹی کے دن فائل مہینوں دفتروں میں پڑی رہی,0
انتخابات کے قریب نئے تعلیمی سیشن کا آغاز جوش و خروش سے ہوا، بچے مسکراتے ہوئے سکول پہنچے,1
پشاور کے میں نمایاں بہتری نے شہریوں کے چہروں پر مسکراہٹ بکھیر دی,1
منشیات کے پھیلاؤ نے نوجوان نسل کا مستقبل داؤ پر لگا دیا ہے,0
کراچی میں نئے پارک کی تعمیر سے بچوں اور بزرگوں کو کھلی فضا میں وقت گزارنے کا موقع ملا,1
میچ میں ناقص فیصلوں کی وجہ سے ٹیم کو آخری لمحات میں شکست کا سامنا کرنا پڑا,0
انصاف کے حصول میں اس ہفتے برسوں لگ جاتے ہیں، عدالتی نظام سست روی کا شکار ہے,0
جھوٹی خبروں کے سیلاب نے رات گئے سوشل میڈیا صارفین کو شدید ذہنی کوفت میں مبتلا کر دیا,0
سائنسدان کی سادگی اور خلوص نے انتخابات کے قریب ہر ملنے والے کا دل جیت لیا,1
دوران کوئٹہ میں منعقدہ ثقافتی میلے نے تمام شہریوں کا دل موہ لیا,1
مقامی فنکار کی پینٹنگ نے بین الاقوامی نمائش میں خصوصی پذیرائی حاصل کی,1
ڈاکٹر کی بدسلوکی نے چھٹی کے دن پورے محلے کا امن و سکون برباد کر دیا,0
کتاب پڑھنے کی عادت نے میری سوچ کے دائرے کو بہت وسیع کر دیا,1
واپڈا کی غفلت کے باعث فیصل آباد کی فیکٹری میں آتشزدگی سے کئی مزدور جھلس گئے,0
صبح سویرے ملتان کی گلیاں روشنیوں اور رونق سے جگمگا اٹھیں,1
کوئٹہ میں نئے ہسپتال کے قیام سے دیہی علاقے کے مریضوں کو بروقت علاج میسر آ گیا,1
یونیورسٹی کی بروقت مدد سے سیلاب متاثرین کی زندگی دوبارہ پٹری پر آ گئی,1
کھلاڑی کے دھوکے نے برسوں کی دوستی کو ایک ہی لمحے میں ختم کر دیا,0
چترال میں نئے ہسپتال کے قیام سے پیر کے روز دیہی علاقے کے مریضوں کو بروقت علاج میسر آ گیا,1
وکیل نے عوامی خدمت کا جذبہ برقرار رکھتے ہوئے مسلسل مثبت تبدیلی لانے کی کوشش جاری رکھی,1
غیر ذمہ دارانہ ڈرائیونگ کے باعث سالانہ تقریب میں سڑک حادثے میں معصوم بچہ جاں بحق ہو گیا,0
عید کے موقع پر ملتان کی گلیاں روشنیوں اور رونق سے جگمگا اٹھیں,1
صحت کارکن کی بے حسی نے مصیبت کے وقت کسی کے کام نہ آنے کا ثبوت دے دیا,0
کسان خاتون کی ہٹ دھرمی نے صبح سویرے مذاکرات کی تمام کوششوں کو ناکام بنا دیا,0
بینک کے تعاون سے بے گھر خاندانوں کو محفوظ رہائش فراہم کر دی گئی,1
برسوں کی محنت کے بعد بیٹے نے سرکاری نوکری حاصل کر کے والدین کا سر فخر سے بلند کر دیا,1
طالب علم نے عوامی خدمت کا جذبہ برقرار رکھتے ہوئے صبح سویرے مسلسل مثبت تبدیلی لانے کی کوشش جاری رکھی,1
وزیر اعظم کی سادگی اور خلوص نے اس ہفتے ہر ملنے والے کا دل جیت لیا,1
لاہور میں پانی کی قلت نے چھٹی کے دن شہریوں کا جینا محال کر دیا ہے,0
گلگت کی سڑکوں پر بنے گڑھوں کی وجہ سے روزانہ نئے حادثات جنم لے رہے ہیں,0
نئی نسل کے کاروباری ذہن نے چھوٹے شہروں میں بھی روزگار کے نئے مواقع پیدا کر دیے,1
انتظامیہ نے رات گئے نئی پالیسی متعارف کروائی جس سے عام آدمی کو کافی ریلیف ملنے کی توقع ہے,1
طلاق کی شرح میں انتخابات کے قریب اضافے نے خاندانی نظام کو شدید نقصان پہنچایا ہے,0
حیدرآباد کے شہریوں کی اجتماعی کوششوں سے محلے کی صفائی مہم کامیابی سے مکمل ہوئی,1
تاجر کی رہنمائی میں نوجوان ٹیم نے قابل ستائش کارکردگی کا مظاہرہ کیا,1
آن لائن دھوکہ دہی کا شکار ہو کر عید کے موقع پر نوجوان کی جمع پونجی چند لمحوں میں لٹ گئی,0
عید کے موقع پر کے دوران نوشہرہ میں منعقدہ ثقافتی میلے نے تمام شہریوں کا دل موہ لیا,1
جہلم کے نوجوانوں نے مل کر ماحول دوست منصوبہ شروع کیا جس کی ہر طرف تعریف ہو رہی ہے,1
صحت کارکن پر لگے کرپشن کے الزامات سالانہ تقریب میں ثابت ہونے کے باوجود کوئی کارروائی نہیں ہوئی,0
سرکاری ہسپتال کی سست روی کی وجہ سے انتخابات کے قریب فائل مہینوں دفتروں میں پڑی رہی,0
شادی کی تقریب میں پیر کے روز رشتہ داروں کا پرتپاک استقبال دیکھ کر دل باغ باغ ہو گیا,1
جہلم کے میں نمایاں بہتری نے شہریوں کے چہروں پر مسکراہٹ بکھیر دی,1
سیاستدانوں کی باہمی چپقلش نے عوامی مسائل کو مکمل طور پر پس پشت ڈال دیا,0
بجٹ کے بعد گلگت کی گلیاں روشنیوں اور رونق سے جگمگا اٹھیں,1
پیر کے روز کی برکتوں سے دل کو عجیب سکون اور طمانیت میسر آتی ہے,1
تھر میں پانی کی قلت نے سالانہ تقریب میں شہریوں کا جینا محال کر دیا ہے,0
پیٹرول اور بجلی کی قیمتوں میں پیر کے روز مسلسل اضافے نے متوسط طبقے کی کمر توڑ دی ہے,0
عدالت کے تعاون سے بے گھر خاندانوں کو محفوظ رہائش فراہم کر دی گئی,1
نجی ادارہ کے تعاون سے بے گھر خاندانوں کو محفوظ رہائش فراہم کر دی گئی,1
سرکاری افسر نے عوامی خدمت کا جذبہ برقرار رکھتے ہوئے حالیہ دنوں میں مسلسل مثبت تبدیلی لانے کی کوشش جاری رکھی,1
کراچی کی گلیوں میں کوڑے کے ڈھیر اس ہفتے بیماریاں پھیلانے کا باعث بن رہے ہیں,0
یونیورسٹی میں پھیلی رشوت خوری نے انتخابات کے قریب پورے نظام کو اندر سے کھوکھلا کر دیا ہے,0
استاد نے بحران کے باوجود ہمت نہ ہاری اور اپنا کاروبار دوبارہ کھڑا کر دکھایا,1
جھوٹی خبروں کے سیلاب نے حالیہ دنوں میں سوشل میڈیا صارفین کو شدید ذہنی کوفت میں مبتلا کر دیا,0
جعلی ادویات کے کاروبار نے سینکڑوں مریضوں کی جان خطرے میں ڈال دی,0
وزیر اعلیٰ نے بحران کے باوجود ہمت نہ ہاری اور اپنا کاروبار دوبارہ کھڑا کر دکھایا,1
نجی ادارہ کے افسران کی من مانیوں نے رات گئے عام شہری کو ذلیل و خوار کر دیا,0
دکاندار کی رہنمائی میں صبح سویرے نوجوان ٹیم نے قابل ستائش کارکردگی کا مظاہرہ کیا,1
کھلاڑی کا عاجزانہ رویہ اور دوسروں کی مدد کا جذبہ انتخابات کے قریب قابل تقلید ہے,1
بہاولپور میں نئے ہسپتال کے قیام سے دیہی علاقے کے مریضوں کو بروقت علاج میسر آ گیا,1
برسوں کی محنت کے بعد گزشتہ ماہ بیٹے نے سرکاری نوکری حاصل کر کے والدین کا سر فخر سے بلند کر دیا,1
ڈاکٹر کی مسلسل غفلت کے باعث ایک اور موقع ضائع ہو گیا,0
ملتان میں بجٹ کے بعد نئے پارک کی تعمیر سے بچوں اور بزرگوں کو کھلی فضا میں وقت گزارنے کا موقع ملا,1
سماجی کارکن کی انتھک محنت رنگ لائی اور رمضان میں انہیں وہ مقام مل گیا جس کے وہ حقدار تھے,1
محکمہ زراعت میں پھیلی رشوت خوری نے پورے نظام کو اندر سے کھوکھلا کر دیا ہے,0
سوات میں نئی سڑک کی تعمیر سے سفر کا دورانیہ آدھا رہ گیا، مسافروں نے سکون کا سانس لیا,1
وزیر اعظم کی سچائی اور دیانتداری آج بھی معاشرے کے لیے مثال ہے,1
پیٹرول اور بجلی کی قیمتوں میں موسم سرما میں مسلسل اضافے نے متوسط طبقے کی کمر توڑ دی ہے,0
نجی ادارہ کے وعدے چھٹی کے دن صرف کاغذوں تک محدود رہے، عملی طور پر کچھ نہ ہو سکا,0
بلدیہ کی ناقص کارکردگی کے باعث شہریوں کا اعتماد مکمل طور پر متزلزل ہو گیا,0
مزدور نے مشکل حالات میں بھی مسکراہٹ نہیں کھوئی اور دوسروں کے لیے حوصلے کا باعث بنے,1
محبت اور خلوص سے بھرا یہ رشتہ بھی اتنا ہی مضبوط ہے جتنا پہلے دن تھا,1
سکھر کی سڑکوں پر بنے گڑھوں کی وجہ سے موسم سرما میں روزانہ نئے حادثات جنم لے رہے ہیں,0
ژوب میں نئے ہسپتال کے قیام سے پیر کے روز دیہی علاقے کے مریضوں کو بروقت علاج میسر آ گیا,1
امتحان میں ناکامی کے بعد طالب علم شدید ذہنی دباؤ کا شکار ہو گیا,0
سیالکوٹ میں نئے ہسپتال کے قیام سے دیہی علاقے کے مریضوں کو بروقت علاج میسر آ گیا,1
معیاری تعلیم کے فقدان نے انتخابات کے قریب دیہی علاقوں کے بچوں کا مستقبل تاریک کر دیا ہے,0
استاد کی حوصلہ افزائی نے ایک کمزور طالب علم کو کلاس کا بہترین نتیجہ دینے والا بنا دیا,1
یونیورسٹی کی بروقت مدد سے اس ہفتے سیلاب متاثرین کی زندگی دوبارہ پٹری پر آ گئی,1
مقامی کھلاڑی نے قومی سطح پر گولڈ میڈل جیت کر تمام شہر کو خوشی سے سرشار کر دیا,1
بلدیہ میں پھیلی رشوت خوری نے رات گئے پورے نظام کو اندر سے کھوکھلا کر دیا ہے,0
تاجر پر لگے کرپشن کے الزامات امسال ثابت ہونے کے باوجود کوئی کارروائی نہیں ہوئی,0
کارپوریشن کی سست روی کی وجہ سے فائل مہینوں دفتروں میں پڑی رہی,0
برسوں بعد بچھڑے دوستوں کا اچانک ملنا زندگی کا حسین اتفاق تھا,1
ملتان کے بازاروں میں غیر معمولی رونق دیکھی گئی، دکاندار خوش نظر آئے,1
محکمہ زراعت کے تعاون سے بے گھر خاندانوں کو محفوظ رہائش فراہم کر دی گئی,1
محکمہ زراعت میں پھیلی رشوت خوری نے پورے نظام کو اندر سے کھوکھلا کر دیا ہے,0
سماجی کارکن کی ہٹ دھرمی نے عید کے موقع پر مذاکرات کی تمام کوششوں کو ناکام بنا دیا,0
رمضان میں کھلاڑی نے گلگت میں بلدیہ کے تعاون سے ایک شاندار منصوبہ مکمل کر لیا جس سے ہزاروں افراد مستفید ہوں گے,1
شدید گرمی اور لوڈشیڈنگ نے لاہور کے باسیوں کی زندگی اجیرن کر دی ہے,0
نوجوانوں کی نئی ایجاد نے چھٹی کے دن عالمی مقابلے میں پہلی پوزیشن حاصل کر کے ملک کا نام روشن کیا,1
سرکاری افسر کی رہنمائی میں حالیہ دنوں میں نوجوان ٹیم نے قابل ستائش کارکردگی کا مظاہرہ کیا,1
سرکاری ہسپتال میں پھیلی رشوت خوری نے پورے نظام کو اندر سے کھوکھلا کر دیا ہے,0
وزیر اعلیٰ نے مشکل حالات میں بھی رمضان میں مسکراہٹ نہیں کھوئی اور دوسروں کے لیے حوصلے کا باعث بنے,1
پیٹرول اور بجلی کی قیمتوں میں انتخابات کے قریب مسلسل اضافے نے متوسط طبقے کی کمر توڑ دی ہے,0
پشاور کی گلیوں میں کوڑے کے ڈھیر چھٹی کے دن بیماریاں پھیلانے کا باعث بن رہے ہیں,0
نجی ادارہ کے افسران کی من مانیوں نے اس ہفتے عام شہری کو ذلیل و خوار کر دیا,0
واپڈا کی سست روی کی وجہ سے انتخابات کے قریب فائل مہینوں دفتروں میں پڑی رہی,0
واپڈا کی بروقت مدد سے عید کے موقع پر سیلاب متاثرین کی زندگی دوبارہ پٹری پر آ گئی,1
محکمہ زراعت کی نااہلی کے باعث سیالکوٹ میں بنیادی سہولیات تک عوام کی رسائی ممکن نہیں رہی,0
کسانوں کی محنت رنگ لائی اور چھٹی کے دن فصل کی پیداوار ریکارڈ سطح پر پہنچ گئی,1
تاجر کی خودغرضی نے گزشتہ ماہ پورے منصوبے کو ناکامی سے دوچار کر دیا,0
سرکاری ہسپتال کی جانب سے پیر کے روز غریب طلبہ کے لیے وظائف کا اعلان انتہائی خوش آئند قدم ہے,1
معیاری تعلیم کے فقدان نے صبح سویرے دیہی علاقوں کے بچوں کا مستقبل تاریک کر دیا ہے,0
گلگت کے امسال میں نمایاں بہتری نے شہریوں کے چہروں پر مسکراہٹ بکھیر دی,1
کاروباری شخص کی بدسلوکی نے پورے محلے کا امن و سکون برباد کر دیا,0
دوران تھر میں پیش آنے والے واقعے نے سب کو صدمے میں ڈال دیا,0
شاعر کی رہنمائی میں نوجوان ٹیم نے قابل ستائش کارکردگی کا مظاہرہ کیا,1
حنزہ میں گزشتہ ماہ نئے پارک کی تعمیر سے بچوں اور بزرگوں کو کھلی فضا میں وقت گزارنے کا موقع ملا,1
لاہور کے اس ہفتے میں نمایاں بہتری نے شہریوں کے چہروں پر مسکراہٹ بکھیر دی,1
مقامی فنکار کی پینٹنگ نے رات گئے بین الاقوامی نمائش میں خصوصی پذیرائی حاصل کی,1
اسلام آباد میں نئے ہسپتال کے قیام سے سالانہ تقریب میں دیہی علاقے کے مریضوں کو بروقت علاج میسر آ گیا,1
انجینئر نے بحران کے باوجود ہمت نہ ہاری اور اپنا کاروبار دوبارہ کھڑا کر دکھایا,1
ملتان کی سڑکوں پر بنے گڑھوں کی وجہ سے صبح سویرے روزانہ نئے حادثات جنم لے رہے ہیں,0
انصاف کے حصول میں پیر کے روز برسوں لگ جاتے ہیں، عدالتی نظام سست روی کا شکار ہے,0
مقامی کھلاڑی نے قومی سطح پر گولڈ میڈل جیت کر تمام شہر کو خوشی سے سرشار کر دیا,1
واپڈا کے وعدے صرف کاغذوں تک محدود رہے، عملی طور پر کچھ نہ ہو سکا,0
این جی او کے افسران کی من مانیوں نے عام شہری کو ذلیل و خوار کر دیا,0
غیر ذمہ دارانہ ڈرائیونگ کے باعث سڑک حادثے میں معصوم بچہ جاں بحق ہو گیا,0
جھوٹی خبروں کے سیلاب نے چھٹی کے دن سوشل میڈیا صارفین کو شدید ذہنی کوفت میں مبتلا کر دیا,0
انجینئر کی انتھک محنت رنگ لائی اور انہیں وہ مقام مل گیا جس کے وہ حقدار تھے,1
اوکاڑہ میں حالیہ دنوں میں نئے پارک کی تعمیر سے بچوں اور بزرگوں کو کھلی فضا میں وقت گزارنے کا موقع ملا,1
انتظامیہ کے وعدے صرف کاغذوں تک محدود رہے، عملی طور پر کچھ نہ ہو سکا,0
آن لائن دھوکہ دہی کا شکار ہو کر نوجوان کی جمع پونجی چند لمحوں میں لٹ گئی,0
استانی کی سچائی اور دیانتداری آج بھی معاشرے کے لیے مثال ہے,1
بارش کے بعد گوجرانوالہ کا موسم انتہائی خوشگوار ہو گیا اور موسم سرما میں لوگ گھروں سے باہر نکل آئے,1
نرس کی رہنمائی میں نوجوان ٹیم نے قابل ستائش کارکردگی کا مظاہرہ کیا,1
طالب علم نے عوامی خدمت کا جذبہ برقرار رکھتے ہوئے انتخابات کے قریب مسلسل مثبت تبدیلی لانے کی کوشش جاری رکھی,1
بینک نے نئی پالیسی متعارف کروائی جس سے عام آدمی کو کافی ریلیف ملنے کی توقع ہے,1
نوجوان نسل کے جھوٹے وعدوں نے عوام کا اعتماد مکمل طور پر ختم کر دیا ہے,0
سرکاری ہسپتالوں میں صبح سویرے ادویات کی کمی کے باعث مریض علاج سے محروم رہ گئے,0
خاندان کے ساتھ امسال پہاڑوں کی سیر ایک ناقابل فراموش تجربہ ثابت ہوئی,1
سیلاب کی تباہ کاریوں نے ہزاروں گھرانوں کو بے گھر کر دیا اور امداد بھی نہ پہنچی,0
پولیس اہلکار پر لگے کرپشن کے الزامات پیر کے روز ثابت ہونے کے باوجود کوئی کارروائی نہیں ہوئی,0
شور شرابے اور آلودگی نے موسم سرما میں اوکاڑہ کی رہائشی زندگی کو غیر معیاری بنا دیا ہے,0
واپڈا کے وعدے بجٹ کے بعد صرف کاغذوں تک محدود رہے، عملی طور پر کچھ نہ ہو سکا,0
یونیورسٹی کی سست روی کی وجہ سے پیر کے روز فائل مہینوں دفتروں میں پڑی رہی,0
سیالکوٹ کی سڑکوں پر بنے گڑھوں کی وجہ سے چھٹی کے دن روزانہ نئے حادثات جنم لے رہے ہیں,0
سوات کی گلیوں میں کوڑے کے ڈھیر بجٹ کے بعد بیماریاں پھیلانے کا باعث بن رہے ہیں,0
محبت اور خلوص سے بھرا یہ رشتہ سالانہ تقریب میں بھی اتنا ہی مضبوط ہے جتنا پہلے دن تھا,1
ادیب کی ہٹ دھرمی نے رات گئے مذاکرات کی تمام کوششوں کو ناکام بنا دیا,0
آن لائن دھوکہ دہی کا شکار ہو کر نوجوان کی جمع پونجی چند لمحوں میں لٹ گئی,0
برسوں بعد بچھڑے دوستوں کا اچانک ملنا زندگی کا حسین اتفاق تھا,1
بے روزگاری کے ہاتھوں تنگ عید کے موقع پر نوجوان ملک چھوڑنے پر مجبور ہو گئے ہیں,0
عید کے موقع پر کاروباری شخص نے کوئٹہ میں پارلیمنٹ کے تعاون سے ایک شاندار منصوبہ مکمل کر لیا جس سے ہزاروں افراد مستفید ہوں گے,1
طلاق کی شرح میں اضافے نے خاندانی نظام کو شدید نقصان پہنچایا ہے,0
نوجوان نسل کو بین الاقوامی سطح پر ایوارڈ ملنے پر پورے خاندان میں خوشی کی لہر دوڑ گئی,1
شور شرابے اور آلودگی نے حیدرآباد کی رہائشی زندگی کو غیر معیاری بنا دیا ہے,0
تعلیمی بورڈ کی ناقص کارکردگی کے باعث رمضان میں شہریوں کا اعتماد مکمل طور پر متزلزل ہو گیا,0
خشک سالی نے کسانوں کی پوری فصل تباہ کر دی اور وہ مقروض ہو گئے,0
گزشتہ ماہ کے دوران نوشہرہ میں منعقدہ ثقافتی میلے نے تمام شہریوں کا دل موہ لیا,1
سیاستدانوں کی باہمی چپقلش نے عوامی مسائل کو مکمل طور پر پس پشت ڈال دیا,0
تعلیمی بورڈ کے افسران کی من مانیوں نے عام شہری کو ذلیل و خوار کر دیا,0
وزیر اعظم کی بدسلوکی نے صبح سویرے پورے محلے کا امن و سکون برباد کر دیا,0
پشاور میں ٹریفک جام میں گھنٹوں پھنسے رہنا اب معمول بن چکا ہے، لوگ ذہنی کوفت کا شکار ہیں,0
فیصل آباد میں نئی سڑک کی تعمیر سے سفر کا دورانیہ آدھا رہ گیا، مسافروں نے سکون کا سانس لیا,1
کوئٹہ کی گلیاں روشنیوں اور رونق سے جگمگا اٹھیں,1
موسم سرما میں کے دوران کوئٹہ میں منعقدہ ثقافتی میلے نے تمام شہریوں کا دل موہ لیا,1
صحافی کی ہٹ دھرمی نے موسم سرما میں مذاکرات کی تمام کوششوں کو ناکام بنا دیا,0
صحت کارکن کی مسلسل غفلت کے باعث ایک اور موقع ضائع ہو گیا,0
تعلیمی بورڈ کے وعدے انتخابات کے قریب صرف کاغذوں تک محدود رہے، عملی طور پر کچھ نہ ہو سکا,0
نوشہرہ کی سڑکوں پر بنے گڑھوں کی وجہ سے امسال روزانہ نئے حادثات جنم لے رہے ہیں,0
سماجی کارکن کی انتھک محنت رنگ لائی اور انہیں وہ مقام مل گیا جس کے وہ حقدار تھے,1
بارش کے بعد اوکاڑہ کا موسم انتہائی خوشگوار ہو گیا اور بجٹ کے بعد لوگ گھروں سے باہر نکل آئے,1
سوات میں رمضان میں نئے پارک کی تعمیر سے بچوں اور بزرگوں کو کھلی فضا میں وقت گزارنے کا موقع ملا,1
کاروباری شخص کی سادگی اور خلوص نے ہر ملنے والے کا دل جیت لیا,1
چھٹی کے دن کے دوران گوجرانوالہ میں منعقدہ ثقافتی میلے نے تمام شہریوں کا دل موہ لیا,1
نرس کا عاجزانہ رویہ اور دوسروں کی مدد کا جذبہ امسال قابل تقلید ہے,1
محکمہ زراعت کی ناقص کارکردگی کے باعث شہریوں کا اعتماد مکمل طور پر متزلزل ہو گیا,0
نوجوانوں کی نئی ایجاد نے عالمی مقابلے میں پہلی پوزیشن حاصل کر کے ملک کا نام روشن کیا,1
وزیر اعلیٰ نے اوکاڑہ میں واپڈا کے تعاون سے ایک شاندار منصوبہ مکمل کر لیا جس سے ہزاروں افراد مستفید ہوں گے,1
کوئٹہ کے شہریوں کی اجتماعی کوششوں سے عید کے موقع پر محلے کی صفائی مہم کامیابی سے مکمل ہوئی,1
شاعر نے عوامی خدمت کا جذبہ برقرار رکھتے ہوئے مسلسل مثبت تبدیلی لانے کی کوشش جاری رکھی,1
نئی نسل کے کاروباری ذہن نے چھوٹے شہروں میں بھی روزگار کے نئے مواقع پیدا کر دیے,1
حکومت کی جانب سے غریب طلبہ کے لیے وظائف کا اعلان انتہائی خوش آئند قدم ہے,1
غیر ذمہ دارانہ ڈرائیونگ کے باعث سڑک حادثے میں معصوم بچہ جاں بحق ہو گیا,0
نرس کی سچائی اور دیانتداری آج بھی معاشرے کے لیے مثال ہے,1
شور شرابے اور آلودگی نے سالانہ تقریب میں چترال کی رہائشی زندگی کو غیر معیاری بنا دیا ہے,0
محکمہ صحت نے صبح سویرے نئی پالیسی متعارف کروائی جس سے عام آدمی کو کافی ریلیف ملنے کی توقع ہے,1
مزدور کا عاجزانہ رویہ اور دوسروں کی مدد کا جذبہ موسم سرما میں قابل تقلید ہے,1
محکمہ صحت کی غفلت کے باعث لاہور کی فیکٹری میں آتشزدگی سے کئی مزدور جھلس گئے,0
شور شرابے اور آلودگی نے حنزہ کی رہائشی زندگی کو غیر معیاری بنا دیا ہے,0
بے جا ٹیکسوں کے نفاذ نے گزشتہ ماہ چھوٹے تاجروں کی کمر توڑ دی ہے,0
بارش کے بعد سوات کا موسم انتہائی خوشگوار ہو گیا اور پیر کے روز لوگ گھروں سے باہر نکل آئے,1
سرکاری ہسپتالوں میں ادویات کی کمی کے باعث مریض علاج سے محروم رہ گئے,0
واپڈا میں پھیلی رشوت خوری نے انتخابات کے قریب پورے نظام کو اندر سے کھوکھلا کر دیا ہے,0
انتظامیہ نے نئی پالیسی متعارف کروائی جس سے عام آدمی کو کافی ریلیف ملنے کی توقع ہے,1
اوکاڑہ کے سالانہ تقریب میں مسلسل بگاڑ نے عوام کو شدید مایوسی سے دوچار کر دیا,0
میونسپل کمیٹی نے رمضان میں کے حوالے سے شاندار اصلاحات متعارف کروائیں جن کی ہر جگہ تعریف ہو رہی ہے,1
بینک کی سست روی کی وجہ سے سالانہ تقریب میں فائل مہینوں دفتروں میں پڑی رہی,0
سرکاری ہسپتالوں میں بجٹ کے بعد ادویات کی کمی کے باعث مریض علاج سے محروم رہ گئے,0
مزدور کی بدسلوکی نے پورے محلے کا امن و سکون برباد کر دیا,0
انجینئر پر لگے کرپشن کے الزامات رات گئے ثابت ہونے کے باوجود کوئی کارروائی نہیں ہوئی,0
پولیس محکمہ نے نئی پالیسی متعارف کروائی جس سے عام آدمی کو کافی ریلیف ملنے کی توقع ہے,1
استاد کی مسلسل غفلت کے باعث رمضان میں ایک اور موقع ضائع ہو گیا,0
پیٹرول اور بجلی کی قیمتوں میں مسلسل اضافے نے متوسط طبقے کی کمر توڑ دی ہے,0
موسم سرما میں اسلام آباد کی گلیاں روشنیوں اور رونق سے جگمگا اٹھیں,1
سرکاری ہسپتالوں میں ادویات کی کمی کے باعث مریض علاج سے محروم رہ گئے,0
فنکار کی مسلسل غفلت کے باعث ایک اور موقع ضائع ہو گیا,0
اس ہفتے کی برکتوں سے دل کو عجیب سکون اور طمانیت میسر آتی ہے,1
شور شرابے اور آلودگی نے سالانہ تقریب میں لاہور کی رہائشی زندگی کو غیر معیاری بنا دیا ہے,0
انتظامیہ کے تعاون سے بے گھر خاندانوں کو محفوظ رہائش فراہم کر دی گئی,1
پاکستانی ٹیم نے رات گئے زبردست کارکردگی دکھاتے ہوئے میچ جیت لیا، شائقین جھوم اٹھے,1
یونیورسٹی میں پھیلی رشوت خوری نے رمضان میں پورے نظام کو اندر سے کھوکھلا کر دیا ہے,0
معیاری تعلیم کے فقدان نے موسم سرما میں دیہی علاقوں کے بچوں کا مستقبل تاریک کر دیا ہے,0
طویل انتظار کے بعد بالآخر بارش نے شہر کی گرمی سے نجات دلا دی,1
عدالت نے نئی پالیسی متعارف کروائی جس سے عام آدمی کو کافی ریلیف ملنے کی توقع ہے,1
برسوں بعد بچھڑے دوستوں کا انتخابات کے قریب اچانک ملنا زندگی کا حسین اتفاق تھا,1
مقامی کھلاڑی نے پیر کے روز قومی سطح پر گولڈ میڈل جیت کر تمام شہر کو خوشی سے سرشار کر دیا,1
شور شرابے اور آلودگی نے حالیہ دنوں میں سیالکوٹ کی رہائشی زندگی کو غیر معیاری بنا دیا ہے,0
نوشہرہ میں پانی کی قلت نے سالانہ تقریب میں شہریوں کا جینا محال کر دیا ہے,0
این جی او کی ناقص کارکردگی کے باعث شہریوں کا اعتماد مکمل طور پر متزلزل ہو گیا,0
صحت کارکن کو رات گئے بین الاقوامی سطح پر ایوارڈ ملنے پر پورے خاندان میں خوشی کی لہر دوڑ گئی,1
سوات کی سڑکوں پر بنے گڑھوں کی وجہ سے گزشتہ ماہ روزانہ نئے حادثات جنم لے رہے ہیں,0
جھوٹی خبروں کے سیلاب نے گزشتہ ماہ سوشل میڈیا صارفین کو شدید ذہنی کوفت میں مبتلا کر دیا,0
سرکاری ہسپتالوں میں حالیہ دنوں میں ادویات کی کمی کے باعث مریض علاج سے محروم رہ گئے,0
ژوب کے شہریوں کی اجتماعی کوششوں سے سالانہ تقریب میں محلے کی صفائی مہم کامیابی سے مکمل ہوئی,1
انصاف کے حصول میں رات گئے برسوں لگ جاتے ہیں، عدالتی نظام سست روی کا شکار ہے,0
تعلیمی بورڈ کے وعدے صرف کاغذوں تک محدود رہے، عملی طور پر کچھ نہ ہو سکا,0
بینک کے تعاون سے امسال بے گھر خاندانوں کو محفوظ رہائش فراہم کر دی گئی,1
انتظامیہ کے وعدے صرف کاغذوں تک محدود رہے، عملی طور پر کچھ نہ ہو سکا,0
سماجی کارکن کے دھوکے نے سالانہ تقریب میں برسوں کی دوستی کو ایک ہی لمحے میں ختم کر دیا,0
غیر ذمہ دارانہ ڈرائیونگ کے باعث صبح سویرے سڑک حادثے میں معصوم بچہ جاں بحق ہو گیا,0
حکومت کے تعاون سے امسال بے گھر خاندانوں کو محفوظ رہائش فراہم کر دی گئی,1
این جی او کی نااہلی کے باعث لاہور میں بنیادی سہولیات تک عوام کی رسائی ممکن نہیں رہی,0
شاعر کے دھوکے نے امسال برسوں کی دوستی کو ایک ہی لمحے میں ختم کر دیا,0
غیر ذمہ دارانہ ڈرائیونگ کے باعث عید کے موقع پر سڑک حادثے میں معصوم بچہ جاں بحق ہو گیا,0
خاندان کے ساتھ رمضان میں پہاڑوں کی سیر ایک ناقابل فراموش تجربہ ثابت ہوئی,1
نوجوان نسل کی سادگی اور خلوص نے صبح سویرے ہر ملنے والے کا دل جیت لیا,1
پیٹرول اور بجلی کی قیمتوں میں حالیہ دنوں میں مسلسل اضافے نے متوسط طبقے کی کمر توڑ دی ہے,0
محکمہ زراعت کی ناقص کارکردگی کے باعث چھٹی کے دن شہریوں کا اعتماد مکمل طور پر متزلزل ہو گیا,0
کسانوں کی محنت رنگ لائی اور فصل کی پیداوار ریکارڈ سطح پر پہنچ گئی,1
خاندان کے ساتھ صبح سویرے پہاڑوں کی سیر ایک ناقابل فراموش تجربہ ثابت ہوئی,1
میچ میں ناقص فیصلوں کی وجہ سے ٹیم کو آخری لمحات میں شکست کا سامنا کرنا پڑا,0
طلاق کی شرح میں موسم سرما میں اضافے نے خاندانی نظام کو شدید نقصان پہنچایا ہے,0
برسوں کی محنت کے بعد حالیہ دنوں میں بیٹے نے سرکاری نوکری حاصل کر کے والدین کا سر فخر سے بلند کر دیا,1
انتظامیہ کے تعاون سے رات گئے بے گھر خاندانوں کو محفوظ رہائش فراہم کر دی گئی,1
سکھر کے میں نمایاں بہتری نے شہریوں کے چہروں پر مسکراہٹ بکھیر دی,1
کارخانے کی آلودگی نے قریبی آبادی کو سانس کی بیماریوں میں مبتلا کر دیا ہے,0
ریلوے نے نئی پالیسی متعارف کروائی جس سے عام آدمی کو کافی ریلیف ملنے کی توقع ہے,1
صحت کارکن کی بدسلوکی نے سالانہ تقریب میں پورے محلے کا امن و سکون برباد کر دیا,0
راولپنڈی میں پانی کی قلت نے شہریوں کا جینا محال کر دیا ہے,0
فنکار کی خودغرضی نے عید کے موقع پر پورے منصوبے کو ناکامی سے دوچار کر دیا,0
مزدور کے دھوکے نے عید کے موقع پر برسوں کی دوستی کو ایک ہی لمحے میں ختم کر دیا,0
خاندان کے ساتھ موسم سرما میں پہاڑوں کی سیر ایک ناقابل فراموش تجربہ ثابت ہوئی,1
سکھر کی گلیوں میں کوڑے کے ڈھیر عید کے موقع پر بیماریاں پھیلانے کا باعث بن رہے ہیں,0
سرکاری ہسپتال کے تعاون سے بے گھر خاندانوں کو محفوظ رہائش فراہم کر دی گئی,1
صحافی نے بحران کے باوجود موسم سرما میں ہمت نہ ہاری اور اپنا کاروبار دوبارہ کھڑا کر دکھایا,1
خشک سالی نے کسانوں کی پوری فصل تباہ کر دی اور وہ مقروض ہو گئے,0
صحت کارکن کا عاجزانہ رویہ اور دوسروں کی مدد کا جذبہ قابل تقلید ہے,1
تھر کی گلیوں میں کوڑے کے ڈھیر بیماریاں پھیلانے کا باعث بن رہے ہیں,0
سیاستدانوں کی باہمی چپقلش نے امسال عوامی مسائل کو مکمل طور پر پس پشت ڈال دیا,0
استاد کی حوصلہ افزائی نے چھٹی کے دن ایک کمزور طالب علم کو کلاس کا بہترین نتیجہ دینے والا بنا دیا,1
میونسپل کمیٹی میں پھیلی رشوت خوری نے پورے نظام کو اندر سے کھوکھلا کر دیا ہے,0
پولیس اہلکار کے دھوکے نے برسوں کی دوستی کو ایک ہی لمحے میں ختم کر دیا,0
سماجی کارکن کی خودغرضی نے پورے منصوبے کو ناکامی سے دوچار کر دیا,0
گوجرانوالہ میں پانی کی قلت نے شہریوں کا جینا محال کر دیا ہے,0
این جی او کی سست روی کی وجہ سے گزشتہ ماہ فائل مہینوں دفتروں میں پڑی رہی,0
سرکاری افسر نے لسبیلہ میں ریلوے کے تعاون سے ایک شاندار منصوبہ مکمل کر لیا جس سے ہزاروں افراد مستفید ہوں گے,1
انصاف کے حصول میں برسوں لگ جاتے ہیں، عدالتی نظام سست روی کا شکار ہے,0
شور شرابے اور آلودگی نے سالانہ تقریب میں پشاور کی رہائشی زندگی کو غیر معیاری بنا دیا ہے,0
نوجوانوں کی نئی ایجاد نے انتخابات کے قریب عالمی مقابلے میں پہلی پوزیشن حاصل کر کے ملک کا نام روشن کیا,1
امسال صبح سویرے پرندوں کی چہچہاہٹ اور تازہ ہوا دل کو ایک عجیب سکون دیتی ہے,1
بہاولپور میں پانی کی قلت نے سالانہ تقریب میں شہریوں کا جینا محال کر دیا ہے,0
فیصل آباد کے شہریوں کی اجتماعی کوششوں سے پیر کے روز محلے کی صفائی مہم کامیابی سے مکمل ہوئی,1
بے جا ٹیکسوں کے نفاذ نے چھٹی کے دن چھوٹے تاجروں کی کمر توڑ دی ہے,0
میونسپل کمیٹی نے نئی پالیسی متعارف کروائی جس سے عام آدمی کو کافی ریلیف ملنے کی توقع ہے,1
فنکار پر لگے کرپشن کے الزامات ثابت ہونے کے باوجود کوئی کارروائی نہیں ہوئی,0
محکمہ صحت کی نااہلی کے باعث نوشہرہ میں بنیادی سہولیات تک عوام کی رسائی ممکن نہیں رہی,0
ڈاکٹر کی خودغرضی نے پورے منصوبے کو ناکامی سے دوچار کر دیا,0
سماجی کارکن نے مری میں پارلیمنٹ کے تعاون سے ایک شاندار منصوبہ مکمل کر لیا جس سے ہزاروں افراد مستفید ہوں گے,1
خاندان کے ساتھ پہاڑوں کی سیر ایک ناقابل فراموش تجربہ ثابت ہوئی,1
ریلوے کی سست روی کی وجہ سے فائل مہینوں دفتروں میں پڑی رہی,0
میچ میں ناقص فیصلوں کی وجہ سے چھٹی کے دن ٹیم کو آخری لمحات میں شکست کا سامنا کرنا پڑا,0
بچے کی پہلی کامیابی دیکھ کر ماں باپ کی آنکھوں میں خوشی کے آنسو آ گئے,1
تھر میں نئی سڑک کی تعمیر سے سفر کا دورانیہ آدھا رہ گیا، مسافروں نے سکون کا سانس لیا,1
صحافی نے مشکل حالات میں بھی مسکراہٹ نہیں کھوئی اور دوسروں کے لیے حوصلے کا باعث بنے,1
دوستوں کے ساتھ عید کے موقع پر گزارا وقت زندگی کی سب سے قیمتی یادوں میں شمار ہوتا ہے,1
سماجی کارکن پر لگے کرپشن کے الزامات چھٹی کے دن ثابت ہونے کے باوجود کوئی کارروائی نہیں ہوئی,0
کارخانے کی آلودگی نے قریبی آبادی کو سانس کی بیماریوں میں مبتلا کر دیا ہے,0
بارش کے بعد جہلم کا موسم انتہائی خوشگوار ہو گیا اور لوگ گھروں سے باہر نکل آئے,1
انتظامیہ نے چھٹی کے دن کے حوالے سے شاندار اصلاحات متعارف کروائیں جن کی ہر جگہ تعریف ہو رہی ہے,1
وزیر اعلیٰ کی خودغرضی نے پورے منصوبے کو ناکامی سے دوچار کر دیا,0
سماجی کارکن کی رہنمائی میں انتخابات کے قریب نوجوان ٹیم نے قابل ستائش کارکردگی کا مظاہرہ کیا,1
ڈاکٹر کو چھٹی کے دن بین الاقوامی سطح پر ایوارڈ ملنے پر پورے خاندان میں خوشی کی لہر دوڑ گئی,1
ریلوے کے وعدے صرف کاغذوں تک محدود رہے، عملی طور پر کچھ نہ ہو سکا,0
نرس کی خودغرضی نے رات گئے پورے منصوبے کو ناکامی سے دوچار کر دیا,0
بلدیہ کے افسران کی من مانیوں نے انتخابات کے قریب عام شہری کو ذلیل و خوار کر دیا,0
بارش کے بعد گوجرانوالہ کا موسم انتہائی خوشگوار ہو گیا اور اس ہفتے لوگ گھروں سے باہر نکل آئے,1
خشک سالی نے کسانوں کی پوری فصل تباہ کر دی اور وہ مقروض ہو گئے,0
کسانوں کی محنت رنگ لائی اور صبح سویرے فصل کی پیداوار ریکارڈ سطح پر پہنچ گئی,1
کارخانے کی آلودگی نے قریبی آبادی کو سانس کی بیماریوں میں مبتلا کر دیا ہے,0
راولپنڈی میں نئے ہسپتال کے قیام سے گزشتہ ماہ دیہی علاقے کے مریضوں کو بروقت علاج میسر آ گیا,1
محکمہ زراعت کے افسران کی من مانیوں نے حالیہ دنوں میں عام شہری کو ذلیل و خوار کر دیا,0
انجینئر کو موسم سرما میں بین الاقوامی سطح پر ایوارڈ ملنے پر پورے خاندان میں خوشی کی لہر دوڑ گئی,1
راولپنڈی کے عید کے موقع پر میں نمایاں بہتری نے شہریوں کے چہروں پر مسکراہٹ بکھیر دی,1
شاعر کی انتھک محنت رنگ لائی اور رات گئے انہیں وہ مقام مل گیا جس کے وہ حقدار تھے,1
جعلی ادویات کے کاروبار نے حالیہ دنوں میں سینکڑوں مریضوں کی جان خطرے میں ڈال دی,0
کارپوریشن کی بروقت مدد سے سیلاب متاثرین کی زندگی دوبارہ پٹری پر آ گئی,1
پشاور کے میں نمایاں بہتری نے شہریوں کے چہروں پر مسکراہٹ بکھیر دی,1
فیصل آباد کے حالیہ دنوں میں مسلسل بگاڑ نے عوام کو شدید مایوسی سے دوچار کر دیا,0
پولیس اہلکار کی سچائی اور دیانتداری امسال آج بھی معاشرے کے لیے مثال ہے,1
بارش کے بعد لسبیلہ کا موسم انتہائی خوشگوار ہو گیا اور موسم سرما میں لوگ گھروں سے باہر نکل آئے,1
نرس کو بین الاقوامی سطح پر ایوارڈ ملنے پر پورے خاندان میں خوشی کی لہر دوڑ گئی,1
سیالکوٹ میں نئی سڑک کی تعمیر سے سفر کا دورانیہ آدھا رہ گیا، مسافروں نے سکون کا سانس لیا,1
دکاندار نے بحران کے باوجود ہمت نہ ہاری اور اپنا کاروبار دوبارہ کھڑا کر دکھایا,1
استاد کی حوصلہ افزائی نے بجٹ کے بعد ایک کمزور طالب علم کو کلاس کا بہترین نتیجہ دینے والا بنا دیا,1
میچ میں ناقص فیصلوں کی وجہ سے اس ہفتے ٹیم کو آخری لمحات میں شکست کا سامنا کرنا پڑا,0
انتخابات کے قریب کے دوران چترال میں منعقدہ ثقافتی میلے نے تمام شہریوں کا دل موہ لیا,1
فنکار کی سادگی اور خلوص نے ہر ملنے والے کا دل جیت لیا,1
نوشہرہ میں خودکش دھماکے کی خبر سن کر عید کے موقع پر پورا شہر خوف اور غم میں ڈوب گیا,0
کراچی میں پانی کی قلت نے موسم سرما میں شہریوں کا جینا محال کر دیا ہے,0
بلدیہ کی بروقت مدد سے سیلاب متاثرین کی زندگی دوبارہ پٹری پر آ گئی,1
جعلی ادویات کے کاروبار نے سینکڑوں مریضوں کی جان خطرے میں ڈال دی,0
برسوں بعد بچھڑے دوستوں کا امسال اچانک ملنا زندگی کا حسین اتفاق تھا,1
برسوں بعد بچھڑے دوستوں کا اچانک ملنا زندگی کا حسین اتفاق تھا,1
دکاندار کی مسلسل غفلت کے باعث ایک اور موقع ضائع ہو گیا,0
مزدور کو بین الاقوامی سطح پر ایوارڈ ملنے پر پورے خاندان میں خوشی کی لہر دوڑ گئی,1
بچوں سے مشقت لینے والے کارخانہ داروں کے خلاف پیر کے روز کوئی سخت قانون موجود نہیں,0
سیاستدان پر لگے کرپشن کے الزامات ثابت ہونے کے باوجود کوئی کارروائی نہیں ہوئی,0
غیر ذمہ دارانہ ڈرائیونگ کے باعث انتخابات کے قریب سڑک حادثے میں معصوم بچہ جاں بحق ہو گیا,0
راولپنڈی کے بازاروں میں گزشتہ ماہ غیر معمولی رونق دیکھی گئی، دکاندار خوش نظر آئے,1
سوات کی گلیوں میں کوڑے کے ڈھیر رمضان میں بیماریاں پھیلانے کا باعث بن رہے ہیں,0
دوستوں کے ساتھ گزارا وقت زندگی کی سب سے قیمتی یادوں میں شمار ہوتا ہے,1
برسوں بعد بچھڑے دوستوں کا صبح سویرے اچانک ملنا زندگی کا حسین اتفاق تھا,1
سرکاری افسر کے جھوٹے وعدوں نے حالیہ دنوں میں عوام کا اعتماد مکمل طور پر ختم کر دیا ہے,0
انصاف کے حصول میں برسوں لگ جاتے ہیں، عدالتی نظام سست روی کا شکار ہے,0
طویل انتظار کے بعد بالآخر بارش نے شہر کی گرمی سے نجات دلا دی,1
چھٹی کے دن نئے تعلیمی سیشن کا آغاز جوش و خروش سے ہوا، بچے مسکراتے ہوئے سکول پہنچے,1
بجلی کے بھاری بلوں نے چھوٹے کاروباریوں کو دیوالیہ ہونے پر مجبور کر دیا,0
پشاور کے امسال میں نمایاں بہتری نے شہریوں کے چہروں پر مسکراہٹ بکھیر دی,1
نجی ادارہ کے تعاون سے پیر کے روز بے گھر خاندانوں کو محفوظ رہائش فراہم کر دی گئی,1
ڈرائیور کی خودغرضی نے بجٹ کے بعد پورے منصوبے کو ناکامی سے دوچار کر دیا,0
اوکاڑہ کے عید کے موقع پر میں مسلسل بگاڑ نے عوام کو شدید مایوسی سے دوچار کر دیا,0
محکمہ زراعت میں پھیلی رشوت خوری نے پورے نظام کو اندر سے کھوکھلا کر دیا ہے,0
تعلیمی بورڈ کے افسران کی من مانیوں نے عام شہری کو ذلیل و خوار کر دیا,0
ریلوے نے کے حوالے سے شاندار اصلاحات متعارف کروائیں جن کی ہر جگہ تعریف ہو رہی ہے,1
مری کی سڑکوں پر بنے گڑھوں کی وجہ سے حالیہ دنوں میں روزانہ نئے حادثات جنم لے رہے ہیں,0
اوکاڑہ میں پانی کی قلت نے صبح سویرے شہریوں کا جینا محال کر دیا ہے,0
بلدیہ نے سالانہ تقریب میں کے حوالے سے شاندار اصلاحات متعارف کروائیں جن کی ہر جگہ تعریف ہو رہی ہے,1
سیالکوٹ کی گلیوں میں کوڑے کے ڈھیر سالانہ تقریب میں بیماریاں پھیلانے کا باعث بن رہے ہیں,0
مری کی گلیوں میں کوڑے کے ڈھیر گزشتہ ماہ بیماریاں پھیلانے کا باعث بن رہے ہیں,0
انتظامیہ کی غفلت کے باعث ملتان کی فیکٹری میں آتشزدگی سے کئی مزدور جھلس گئے,0
لاہور میں نئی سڑک کی تعمیر سے سفر کا دورانیہ آدھا رہ گیا، مسافروں نے سکون کا سانس لیا,1
وزیر اعلیٰ نے مشکل حالات میں بھی مسکراہٹ نہیں کھوئی اور دوسروں کے لیے حوصلے کا باعث بنے,1
کاروباری شخص نے بحران کے باوجود ہمت نہ ہاری اور اپنا کاروبار دوبارہ کھڑا کر دکھایا,1
پولیس محکمہ کی سست روی کی وجہ سے فائل مہینوں دفتروں میں پڑی رہی,0
انصاف کے حصول میں برسوں لگ جاتے ہیں، عدالتی نظام سست روی کا شکار ہے,0
جعلی ادویات کے کاروبار نے رات گئے سینکڑوں مریضوں کی جان خطرے میں ڈال دی,0
محکمہ زراعت کے وعدے موسم سرما میں صرف کاغذوں تک محدود رہے، عملی طور پر کچھ نہ ہو سکا,0
انجینئر نے عوامی خدمت کا جذبہ برقرار رکھتے ہوئے صبح سویرے مسلسل مثبت تبدیلی لانے کی کوشش جاری رکھی,1
سرکاری ہسپتالوں میں ادویات کی کمی کے باعث مریض علاج سے محروم رہ گئے,0
آن لائن دھوکہ دہی کا شکار ہو کر نوجوان کی جمع پونجی چند لمحوں میں لٹ گئی,0
بلدیہ میں پھیلی رشوت خوری نے گزشتہ ماہ پورے نظام کو اندر سے کھوکھلا کر دیا ہے,0
لسبیلہ میں خودکش دھماکے کی خبر سن کر پورا شہر خوف اور غم میں ڈوب گیا,0
سیلاب کی تباہ کاریوں نے ہزاروں گھرانوں کو بے گھر کر دیا اور امداد بھی نہ پہنچی,0
صبح سویرے کے دوران ملتان میں پیش آنے والے واقعے نے سب کو صدمے میں ڈال دیا,0
شادی کی تقریب میں چھٹی کے دن رشتہ داروں کا پرتپاک استقبال دیکھ کر دل باغ باغ ہو گیا,1
پاکستانی ٹیم نے صبح سویرے زبردست کارکردگی دکھاتے ہوئے میچ جیت لیا، شائقین جھوم اٹھے,1
این جی او کی نااہلی کے باعث حنزہ میں بنیادی سہولیات تک عوام کی رسائی ممکن نہیں رہی,0
سماجی کارکن کی مسلسل غفلت کے باعث گزشتہ ماہ ایک اور موقع ضائع ہو گیا,0
مزدور کی بدسلوکی نے عید کے موقع پر پورے محلے کا امن و سکون برباد کر دیا,0
حکومت نے رات گئے نئی پالیسی متعارف کروائی جس سے عام آدمی کو کافی ریلیف ملنے کی توقع ہے,1
شاعر کی انتھک محنت رنگ لائی اور انہیں وہ مقام مل گیا جس کے وہ حقدار تھے,1
محلے دار نے مشکل حالات میں بھی مسکراہٹ نہیں کھوئی اور دوسروں کے لیے حوصلے کا باعث بنے,1
پولیس محکمہ کے وعدے انتخابات کے قریب صرف کاغذوں تک محدود رہے، عملی طور پر کچھ نہ ہو سکا,0
تعلیمی بورڈ کی نااہلی کے باعث راولپنڈی میں بنیادی سہولیات تک عوام کی رسائی ممکن نہیں رہی,0
صحت کارکن کے جھوٹے وعدوں نے گزشتہ ماہ عوام کا اعتماد مکمل طور پر ختم کر دیا ہے,0
پولیس محکمہ کی جانب سے غریب طلبہ کے لیے وظائف کا اعلان انتہائی خوش آئند قدم ہے,1
محکمہ زراعت کے افسران کی من مانیوں نے عام شہری کو ذلیل و خوار کر دیا,0
استانی کی بدسلوکی نے پورے محلے کا امن و سکون برباد کر دیا,0
والدین کا عاجزانہ رویہ اور دوسروں کی مدد کا جذبہ عید کے موقع پر قابل تقلید ہے,1
امسال حیدرآباد کی گلیاں روشنیوں اور رونق سے جگمگا اٹھیں,1
انصاف کے حصول میں برسوں لگ جاتے ہیں، عدالتی نظام سست روی کا شکار ہے,0
طلاق کی شرح میں اضافے نے خاندانی نظام کو شدید نقصان پہنچایا ہے,0
بلدیہ کی سست روی کی وجہ سے فائل مہینوں دفتروں میں پڑی رہی,0
انتظامیہ کی ناقص کارکردگی کے باعث عید کے موقع پر شہریوں کا اعتماد مکمل طور پر متزلزل ہو گیا,0
بچوں سے مشقت لینے والے کارخانہ داروں کے خلاف کوئی سخت قانون موجود نہیں,0
کھلاڑی کی خودغرضی نے پورے منصوبے کو ناکامی سے دوچار کر دیا,0
شاعر کی مسلسل غفلت کے باعث ایک اور موقع ضائع ہو گیا,0
محلے دار کی انتھک محنت رنگ لائی اور چھٹی کے دن انہیں وہ مقام مل گیا جس کے وہ حقدار تھے,1
واپڈا نے کے حوالے سے شاندار اصلاحات متعارف کروائیں جن کی ہر جگہ تعریف ہو رہی ہے,1
پیٹرول اور بجلی کی قیمتوں میں مسلسل اضافے نے متوسط طبقے کی کمر توڑ دی ہے,0
محکمہ زراعت کی ناقص کارکردگی کے باعث گزشتہ ماہ شہریوں کا اعتماد مکمل طور پر متزلزل ہو گیا,0
کراچی میں نئے پارک کی تعمیر سے بچوں اور بزرگوں کو کھلی فضا میں وقت گزارنے کا موقع ملا,1
گلگت میں ٹریفک جام میں گھنٹوں پھنسے رہنا اب معمول بن چکا ہے، لوگ ذہنی کوفت کا شکار ہیں,0
میونسپل کمیٹی کی سست روی کی وجہ سے گزشتہ ماہ فائل مہینوں دفتروں میں پڑی رہی,0
جہلم کے بازاروں میں غیر معمولی رونق دیکھی گئی، دکاندار خوش نظر آئے,1
واپڈا کے تعاون سے سالانہ تقریب میں بے گھر خاندانوں کو محفوظ رہائش فراہم کر دی گئی,1
بارش کے بعد گوجرانوالہ کا موسم انتہائی خوشگوار ہو گیا اور لوگ گھروں سے باہر نکل آئے,1
مزدور کا عاجزانہ رویہ اور دوسروں کی مدد کا جذبہ قابل تقلید ہے,1
بارش کے بعد ژوب کا موسم انتہائی خوشگوار ہو گیا اور لوگ گھروں سے باہر نکل آئے,1
آن لائن دھوکہ دہی کا شکار ہو کر رات گئے نوجوان کی جمع پونجی چند لمحوں میں لٹ گئی,0
واپڈا کے افسران کی من مانیوں نے عام شہری کو ذلیل و خوار کر دیا,0
معیاری تعلیم کے فقدان نے دیہی علاقوں کے بچوں کا مستقبل تاریک کر دیا ہے,0
بارش کے بعد ملتان کا موسم انتہائی خوشگوار ہو گیا اور لوگ گھروں سے باہر نکل آئے,1
یونیورسٹی کی غفلت کے باعث حنزہ کی فیکٹری میں آتشزدگی سے کئی مزدور جھلس گئے,0
سائنسدان کے جھوٹے وعدوں نے موسم سرما میں عوام کا اعتماد مکمل طور پر ختم کر دیا ہے,0
نوجوانوں کی نئی ایجاد نے رمضان میں عالمی مقابلے میں پہلی پوزیشن حاصل کر کے ملک کا نام روشن کیا,1
کھیل کے میدان میں شکست کے بعد بھی ٹیم کے حوصلے بلند رہے اور اگلے میچ میں فتح حاصل کی,1
کارخانے کی آلودگی نے موسم سرما میں قریبی آبادی کو سانس کی بیماریوں میں مبتلا کر دیا ہے,0
صحت کارکن کے جھوٹے وعدوں نے عید کے موقع پر عوام کا اعتماد مکمل طور پر ختم کر دیا ہے,0
بے روزگاری کے ہاتھوں تنگ گزشتہ ماہ نوجوان ملک چھوڑنے پر مجبور ہو گئے ہیں,0
پیٹرول اور بجلی کی قیمتوں میں رات گئے مسلسل اضافے نے متوسط طبقے کی کمر توڑ دی ہے,0
واپڈا کے تعاون سے بے گھر خاندانوں کو محفوظ رہائش فراہم کر دی گئی,1
حکومت کی ناقص کارکردگی کے باعث شہریوں کا اعتماد مکمل طور پر متزلزل ہو گیا,0
فیصل آباد میں ٹریفک جام میں گھنٹوں پھنسے رہنا اب معمول بن چکا ہے، لوگ ذہنی کوفت کا شکار ہیں,0
وزیر اعظم کی مسلسل غفلت کے باعث موسم سرما میں ایک اور موقع ضائع ہو گیا,0
گلگت میں پانی کی قلت نے بجٹ کے بعد شہریوں کا جینا محال کر دیا ہے,0
ڈاکٹر کا عاجزانہ رویہ اور دوسروں کی مدد کا جذبہ قابل تقلید ہے,1
مری میں پانی کی قلت نے گزشتہ ماہ شہریوں کا جینا محال کر دیا ہے,0
کھیل کے میدان میں شکست کے بعد بھی ٹیم کے حوصلے بلند رہے اور اگلے میچ میں فتح حاصل کی,1
منشیات کے پھیلاؤ نے رمضان میں نوجوان نسل کا مستقبل داؤ پر لگا دیا ہے,0
بے جا ٹیکسوں کے نفاذ نے چھوٹے تاجروں کی کمر توڑ دی ہے,0
منہگائی کی چکی میں پستا غریب طبقہ دو وقت کی روٹی کو بھی ترس گیا ہے,0
آن لائن دھوکہ دہی کا شکار ہو کر چھٹی کے دن نوجوان کی جمع پونجی چند لمحوں میں لٹ گئی,0
کراچی میں پانی کی قلت نے شہریوں کا جینا محال کر دیا ہے,0
شور شرابے اور آلودگی نے رات گئے ملتان کی رہائشی زندگی کو غیر معیاری بنا دیا ہے,0
سرکاری ہسپتالوں میں رات گئے ادویات کی کمی کے باعث مریض علاج سے محروم رہ گئے,0
نجی ادارہ کے وعدے بجٹ کے بعد صرف کاغذوں تک محدود رہے، عملی طور پر کچھ نہ ہو سکا,0
دکاندار پر لگے کرپشن کے الزامات انتخابات کے قریب ثابت ہونے کے باوجود کوئی کارروائی نہیں ہوئی,0
صبح سویرے کی برکتوں سے دل کو عجیب سکون اور طمانیت میسر آتی ہے,1
بچوں سے مشقت لینے والے کارخانہ داروں کے خلاف عید کے موقع پر کوئی سخت قانون موجود نہیں,0
آن لائن دھوکہ دہی کا شکار ہو کر امسال نوجوان کی جمع پونجی چند لمحوں میں لٹ گئی,0
بارش کے بعد سوات کا موسم انتہائی خوشگوار ہو گیا اور رمضان میں لوگ گھروں سے باہر نکل آئے,1
سیلاب کی تباہ کاریوں نے ہزاروں گھرانوں کو بے گھر کر دیا اور امداد بھی نہ پہنچی,0
بچوں سے مشقت لینے والے کارخانہ داروں کے خلاف کوئی سخت قانون موجود نہیں,0
کسان نے اوکاڑہ میں عدالت کے تعاون سے ایک شاندار منصوبہ مکمل کر لیا جس سے ہزاروں افراد مستفید ہوں گے,1
بجلی کے بھاری بلوں نے چھوٹے کاروباریوں کو دیوالیہ ہونے پر مجبور کر دیا,0
دکاندار کی سچائی اور دیانتداری آج بھی معاشرے کے لیے مثال ہے,1
محکمہ صحت نے کے حوالے سے شاندار اصلاحات متعارف کروائیں جن کی ہر جگہ تعریف ہو رہی ہے,1
نئی نسل کے کاروباری ذہن نے چھوٹے شہروں میں بھی روزگار کے نئے مواقع پیدا کر دیے,1
پشاور میں نئی سڑک کی تعمیر سے سفر کا دورانیہ آدھا رہ گیا، مسافروں نے سکون کا سانس لیا,1
گوجرانوالہ کی گلیوں میں کوڑے کے ڈھیر سالانہ تقریب میں بیماریاں پھیلانے کا باعث بن رہے ہیں,0
صبح سویرے تاجر نے اسلام آباد میں سرکاری ہسپتال کے تعاون سے ایک شاندار منصوبہ مکمل کر لیا جس سے ہزاروں افراد مستفید ہوں گے,1
پیر کے روز صبح سویرے پرندوں کی چہچہاہٹ اور تازہ ہوا دل کو ایک عجیب سکون دیتی ہے,1
راولپنڈی کی گلیاں روشنیوں اور رونق سے جگمگا اٹھیں,1
پولیس محکمہ کے وعدے رمضان میں صرف کاغذوں تک محدود رہے، عملی طور پر کچھ نہ ہو سکا,0
کسان خاتون کو بین الاقوامی سطح پر ایوارڈ ملنے پر پورے خاندان میں خوشی کی لہر دوڑ گئی,1
نجی ادارہ کی سست روی کی وجہ سے پیر کے روز فائل مہینوں دفتروں میں پڑی رہی,0
طالب علم نے بحران کے باوجود ہمت نہ ہاری اور اپنا کاروبار دوبارہ کھڑا کر دکھایا,1
طویل انتظار کے بعد بالآخر بارش نے شہر کی گرمی سے نجات دلا دی,1
نجی ادارہ کی نااہلی کے باعث حیدرآباد میں بنیادی سہولیات تک عوام کی رسائی ممکن نہیں رہی,0
کاروباری شخص پر لگے کرپشن کے الزامات بجٹ کے بعد ثابت ہونے کے باوجود کوئی کارروائی نہیں ہوئی,0
سماجی کارکن کی بدسلوکی نے رمضان میں پورے محلے کا امن و سکون برباد کر دیا,0
شادی کی تقریب میں سالانہ تقریب میں رشتہ داروں کا پرتپاک استقبال دیکھ کر دل باغ باغ ہو گیا,1
لاہور میں خودکش دھماکے کی خبر سن کر انتخابات کے قریب پورا شہر خوف اور غم میں ڈوب گیا,0
وکیل کی خودغرضی نے پورے منصوبے کو ناکامی سے دوچار کر دیا,0
سرکاری ہسپتالوں میں ادویات کی کمی کے باعث مریض علاج سے محروم رہ گئے,0
معیاری تعلیم کے فقدان نے رات گئے دیہی علاقوں کے بچوں کا مستقبل تاریک کر دیا ہے,0
کارپوریشن نے صبح سویرے نئی پالیسی متعارف کروائی جس سے عام آدمی کو کافی ریلیف ملنے کی توقع ہے,1
شور شرابے اور آلودگی نے اس ہفتے حنزہ کی رہائشی زندگی کو غیر معیاری بنا دیا ہے,0
محبت اور خلوص سے بھرا یہ رشتہ موسم سرما میں بھی اتنا ہی مضبوط ہے جتنا پہلے دن تھا,1
کسان کی بے حسی نے بجٹ کے بعد مصیبت کے وقت کسی کے کام نہ آنے کا ثبوت دے دیا,0
بے روزگاری کے ہاتھوں تنگ رمضان میں نوجوان ملک چھوڑنے پر مجبور ہو گئے ہیں,0
حکومت نے عید کے موقع پر کے حوالے سے شاندار اصلاحات متعارف کروائیں جن کی ہر جگہ تعریف ہو رہی ہے,1
استاد کا عاجزانہ رویہ اور دوسروں کی مدد کا جذبہ گزشتہ ماہ قابل تقلید ہے,1
اوکاڑہ کے امسال میں مسلسل بگاڑ نے عوام کو شدید مایوسی سے دوچار کر دیا,0
دکاندار کی سچائی اور دیانتداری آج بھی معاشرے کے لیے مثال ہے,1
خشک سالی نے کسانوں کی پوری فصل تباہ کر دی اور وہ مقروض ہو گئے,0
پیر کے روز کے دوران مری میں پیش آنے والے واقعے نے سب کو صدمے میں ڈال دیا,0
پارلیمنٹ میں پھیلی رشوت خوری نے بجٹ کے بعد پورے نظام کو اندر سے کھوکھلا کر دیا ہے,0
محلے دار کا عاجزانہ رویہ اور دوسروں کی مدد کا جذبہ پیر کے روز قابل تقلید ہے,1
صحت کارکن کی سچائی اور دیانتداری آج بھی معاشرے کے لیے مثال ہے,1
بے روزگاری کے ہاتھوں تنگ نوجوان ملک چھوڑنے پر مجبور ہو گئے ہیں,0
انتظامیہ کی غفلت کے باعث کراچی کی فیکٹری میں آتشزدگی سے کئی مزدور جھلس گئے,0
گوجرانوالہ کے چھٹی کے دن میں مسلسل بگاڑ نے عوام کو شدید مایوسی سے دوچار کر دیا,0
سرکاری افسر کی ہٹ دھرمی نے گزشتہ ماہ مذاکرات کی تمام کوششوں کو ناکام بنا دیا,0
استاد کے جھوٹے وعدوں نے موسم سرما میں عوام کا اعتماد مکمل طور پر ختم کر دیا ہے,0
شدید گرمی اور لوڈشیڈنگ نے جہلم کے باسیوں کی زندگی اجیرن کر دی ہے,0
انصاف کے حصول میں برسوں لگ جاتے ہیں، عدالتی نظام سست روی کا شکار ہے,0
بہاولپور میں بجٹ کے بعد نئے پارک کی تعمیر سے بچوں اور بزرگوں کو کھلی فضا میں وقت گزارنے کا موقع ملا,1
سالانہ تقریب میں حنزہ کی گلیاں روشنیوں اور رونق سے جگمگا اٹھیں,1
پارلیمنٹ کی بروقت مدد سے سیلاب متاثرین کی زندگی دوبارہ پٹری پر آ گئی,1
گزشتہ ماہ سماجی کارکن نے گوجرانوالہ میں محکمہ زراعت کے تعاون سے ایک شاندار منصوبہ مکمل کر لیا جس سے ہزاروں افراد مستفید ہوں گے,1
دوران راولپنڈی میں پیش آنے والے واقعے نے سب کو صدمے میں ڈال دیا,0
فیصل آباد میں نئے ہسپتال کے قیام سے دیہی علاقے کے مریضوں کو بروقت علاج میسر آ گیا,1
صحافی پر لگے کرپشن کے الزامات بجٹ کے بعد ثابت ہونے کے باوجود کوئی کارروائی نہیں ہوئی,0
تاجر کی سچائی اور دیانتداری عید کے موقع پر آج بھی معاشرے کے لیے مثال ہے,1
ژوب میں پانی کی قلت نے شہریوں کا جینا محال کر دیا ہے,0
این جی او کی غفلت کے باعث لاہور کی فیکٹری میں آتشزدگی سے کئی مزدور جھلس گئے,0
نجی ادارہ میں پھیلی رشوت خوری نے عید کے موقع پر پورے نظام کو اندر سے کھوکھلا کر دیا ہے,0
دوستوں کے ساتھ گزارا وقت زندگی کی سب سے قیمتی یادوں میں شمار ہوتا ہے,1
منہگائی کی چکی میں پستا غریب طبقہ دو وقت کی روٹی کو بھی ترس گیا ہے,0
سیلاب کی تباہ کاریوں نے ہزاروں گھرانوں کو بے گھر کر دیا اور امداد بھی نہ پہنچی,0
اسلام آباد میں نئی سڑک کی تعمیر سے سفر کا دورانیہ آدھا رہ گیا، مسافروں نے سکون کا سانس لیا,1
پولیس اہلکار کی رہنمائی میں نوجوان ٹیم نے قابل ستائش کارکردگی کا مظاہرہ کیا,1
ڈرائیور کی سچائی اور دیانتداری آج بھی معاشرے کے لیے مثال ہے,1
بینک میں پھیلی رشوت خوری نے پورے نظام کو اندر سے کھوکھلا کر دیا ہے,0
ادیب کو پیر کے روز بین الاقوامی سطح پر ایوارڈ ملنے پر پورے خاندان میں خوشی کی لہر دوڑ گئی,1
کارپوریشن کے وعدے صرف کاغذوں تک محدود رہے، عملی طور پر کچھ نہ ہو سکا,0
پولیس اہلکار نے عوامی خدمت کا جذبہ برقرار رکھتے ہوئے مسلسل مثبت تبدیلی لانے کی کوشش جاری رکھی,1
مقامی فنکار کی پینٹنگ نے عید کے موقع پر بین الاقوامی نمائش میں خصوصی پذیرائی حاصل کی,1
سیاستدان کے جھوٹے وعدوں نے عوام کا اعتماد مکمل طور پر ختم کر دیا ہے,0
خشک سالی نے انتخابات کے قریب کسانوں کی پوری فصل تباہ کر دی اور وہ مقروض ہو گئے,0
استانی نے مشکل حالات میں بھی امسال مسکراہٹ نہیں کھوئی اور دوسروں کے لیے حوصلے کا باعث بنے,1
وکیل کی سچائی اور دیانتداری پیر کے روز آج بھی معاشرے کے لیے مثال ہے,1
وزیر اعظم کی خودغرضی نے پورے منصوبے کو ناکامی سے دوچار کر دیا,0
لاہور کی سڑکوں پر بنے گڑھوں کی وجہ سے روزانہ نئے حادثات جنم لے رہے ہیں,0
سکھر میں پانی کی قلت نے شہریوں کا جینا محال کر دیا ہے,0
محبت اور خلوص سے بھرا یہ رشتہ بھی اتنا ہی مضبوط ہے جتنا پہلے دن تھا,1
بارش کے بعد لسبیلہ کا موسم انتہائی خوشگوار ہو گیا اور چھٹی کے دن لوگ گھروں سے باہر نکل آئے,1
سرکاری ہسپتالوں میں عید کے موقع پر ادویات کی کمی کے باعث مریض علاج سے محروم رہ گئے,0
خاندان کے ساتھ حالیہ دنوں میں پہاڑوں کی سیر ایک ناقابل فراموش تجربہ ثابت ہوئی,1
میچ میں ناقص فیصلوں کی وجہ سے رات گئے ٹیم کو آخری لمحات میں شکست کا سامنا کرنا پڑا,0
انتظامیہ میں پھیلی رشوت خوری نے پیر کے روز پورے نظام کو اندر سے کھوکھلا کر دیا ہے,0
تاجر نے عوامی خدمت کا جذبہ برقرار رکھتے ہوئے امسال مسلسل مثبت تبدیلی لانے کی کوشش جاری رکھی,1
گوجرانوالہ میں نئے ہسپتال کے قیام سے پیر کے روز دیہی علاقے کے مریضوں کو بروقت علاج میسر آ گیا,1
کسان خاتون کی رہنمائی میں نوجوان ٹیم نے قابل ستائش کارکردگی کا مظاہرہ کیا,1
سائنسدان کے دھوکے نے گزشتہ ماہ برسوں کی دوستی کو ایک ہی لمحے میں ختم کر دیا,0
پشاور میں پانی کی قلت نے شہریوں کا جینا محال کر دیا ہے,0
ریلوے کی نااہلی کے باعث جہلم میں بنیادی سہولیات تک عوام کی رسائی ممکن نہیں رہی,0
میونسپل کمیٹی کی بروقت مدد سے سیلاب متاثرین کی زندگی دوبارہ پٹری پر آ گئی,1
امتحان میں ناکامی کے بعد طالب علم شدید ذہنی دباؤ کا شکار ہو گیا,0
عدالت کی غفلت کے باعث تھر کی فیکٹری میں آتشزدگی سے کئی مزدور جھلس گئے,0
حالیہ دنوں میں سوات کی گلیاں روشنیوں اور رونق سے جگمگا اٹھیں,1
نرس کی سچائی اور دیانتداری آج بھی معاشرے کے لیے مثال ہے,1
استانی کی سچائی اور دیانتداری انتخابات کے قریب آج بھی معاشرے کے لیے مثال ہے,1
وزیر اعلیٰ کے جھوٹے وعدوں نے عوام کا اعتماد مکمل طور پر ختم کر دیا ہے,0
پیٹرول اور بجلی کی قیمتوں میں مسلسل اضافے نے متوسط طبقے کی کمر توڑ دی ہے,0
محلے دار نے عوامی خدمت کا جذبہ برقرار رکھتے ہوئے مسلسل مثبت تبدیلی لانے کی کوشش جاری رکھی,1
منہگائی کی چکی میں پستا گزشتہ ماہ غریب طبقہ دو وقت کی روٹی کو بھی ترس گیا ہے,0
کھلاڑی پر لگے کرپشن کے الزامات رمضان میں ثابت ہونے کے باوجود کوئی کارروائی نہیں ہوئی,0
پولیس اہلکار کی بے حسی نے بجٹ کے بعد مصیبت کے وقت کسی کے کام نہ آنے کا ثبوت دے دیا,0
ڈرائیور نے مشکل حالات میں بھی عید کے موقع پر مسکراہٹ نہیں کھوئی اور دوسروں کے لیے حوصلے کا باعث بنے,1
محبت اور خلوص سے بھرا یہ رشتہ عید کے موقع پر بھی اتنا ہی مضبوط ہے جتنا پہلے دن تھا,1
پولیس اہلکار کا عاجزانہ رویہ اور دوسروں کی مدد کا جذبہ قابل تقلید ہے,1
وزیر اعظم کی سچائی اور دیانتداری انتخابات کے قریب آج بھی معاشرے کے لیے مثال ہے,1
گلگت کی گلیاں روشنیوں اور رونق سے جگمگا اٹھیں,1
شاعر نے عوامی خدمت کا جذبہ برقرار رکھتے ہوئے رات گئے مسلسل مثبت تبدیلی لانے کی کوشش جاری رکھی,1
کسان خاتون کی انتھک محنت رنگ لائی اور انتخابات کے قریب انہیں وہ مقام مل گیا جس کے وہ حقدار تھے,1
خاندان کے ساتھ پہاڑوں کی سیر ایک ناقابل فراموش تجربہ ثابت ہوئی,1
این جی او کی بروقت مدد سے صبح سویرے سیلاب متاثرین کی زندگی دوبارہ پٹری پر آ گئی,1
فیصل آباد میں پانی کی قلت نے صبح سویرے شہریوں کا جینا محال کر دیا ہے,0
این جی او کی سست روی کی وجہ سے پیر کے روز فائل مہینوں دفتروں میں پڑی رہی,0
کتاب پڑھنے کی عادت نے صبح سویرے میری سوچ کے دائرے کو بہت وسیع کر دیا,1
کھلاڑی کے جھوٹے وعدوں نے پیر کے روز عوام کا اعتماد مکمل طور پر ختم کر دیا ہے,0
نوجوان نسل کے جھوٹے وعدوں نے عوام کا اعتماد مکمل طور پر ختم کر دیا ہے,0
استانی کی ہٹ دھرمی نے مذاکرات کی تمام کوششوں کو ناکام بنا دیا,0
لسبیلہ میں سالانہ تقریب میں نئے پارک کی تعمیر سے بچوں اور بزرگوں کو کھلی فضا میں وقت گزارنے کا موقع ملا,1
سکھر کے بازاروں میں امسال غیر معمولی رونق دیکھی گئی، دکاندار خوش نظر آئے,1
بچوں سے مشقت لینے والے کارخانہ داروں کے خلاف موسم سرما میں کوئی سخت قانون موجود نہیں,0
استانی کی بے حسی نے گزشتہ ماہ مصیبت کے وقت کسی کے کام نہ آنے کا ثبوت دے دیا,0
مری میں نئے پارک کی تعمیر سے بچوں اور بزرگوں کو کھلی فضا میں وقت گزارنے کا موقع ملا,1
دوستوں کے ساتھ گزارا وقت زندگی کی سب سے قیمتی یادوں میں شمار ہوتا ہے,1
اسلام آباد میں نئے ہسپتال کے قیام سے دیہی علاقے کے مریضوں کو بروقت علاج میسر آ گیا,1
عدالت کی سست روی کی وجہ سے فائل مہینوں دفتروں میں پڑی رہی,0
بے روزگاری کے ہاتھوں تنگ نوجوان ملک چھوڑنے پر مجبور ہو گئے ہیں,0
سرکاری افسر کی بدسلوکی نے سالانہ تقریب میں پورے محلے کا امن و سکون برباد کر دیا,0
محبت اور خلوص سے بھرا یہ رشتہ بھی اتنا ہی مضبوط ہے جتنا پہلے دن تھا,1
سکھر کی گلیوں میں کوڑے کے ڈھیر بیماریاں پھیلانے کا باعث بن رہے ہیں,0
طالب علم کی ہٹ دھرمی نے گزشتہ ماہ مذاکرات کی تمام کوششوں کو ناکام بنا دیا,0
بچے کی پہلی کامیابی دیکھ کر رات گئے ماں باپ کی آنکھوں میں خوشی کے آنسو آ گئے,1
حکومت کی غفلت کے باعث حیدرآباد کی فیکٹری میں آتشزدگی سے کئی مزدور جھلس گئے,0
معیاری تعلیم کے فقدان نے دیہی علاقوں کے بچوں کا مستقبل تاریک کر دیا ہے,0
لسبیلہ کے شہریوں کی اجتماعی کوششوں سے محلے کی صفائی مہم کامیابی سے مکمل ہوئی,1
سرکاری ہسپتالوں میں ادویات کی کمی کے باعث مریض علاج سے محروم رہ گئے,0
صبح سویرے پرندوں کی چہچہاہٹ اور تازہ ہوا دل کو ایک عجیب سکون دیتی ہے,1
طلاق کی شرح میں عید کے موقع پر اضافے نے خاندانی نظام کو شدید نقصان پہنچایا ہے,0
وزیر اعلیٰ کی بے حسی نے چھٹی کے دن مصیبت کے وقت کسی کے کام نہ آنے کا ثبوت دے دیا,0
وزیر اعلیٰ کی مسلسل غفلت کے باعث ایک اور موقع ضائع ہو گیا,0
استاد کی حوصلہ افزائی نے اس ہفتے ایک کمزور طالب علم کو کلاس کا بہترین نتیجہ دینے والا بنا دیا,1
خشک سالی نے کسانوں کی پوری فصل تباہ کر دی اور وہ مقروض ہو گئے,0
دوستوں کے ساتھ رات گئے گزارا وقت زندگی کی سب سے قیمتی یادوں میں شمار ہوتا ہے,1
بچے کی پہلی کامیابی دیکھ کر ماں باپ کی آنکھوں میں خوشی کے آنسو آ گئے,1
انتظامیہ کی سست روی کی وجہ سے موسم سرما میں فائل مہینوں دفتروں میں پڑی رہی,0
نوشہرہ میں پانی کی قلت نے شہریوں کا جینا محال کر دیا ہے,0
طلاق کی شرح میں اضافے نے خاندانی نظام کو شدید نقصان پہنچایا ہے,0
کسانوں کی محنت رنگ لائی اور فصل کی پیداوار ریکارڈ سطح پر پہنچ گئی,1
سیالکوٹ میں عید کے موقع پر نئے پارک کی تعمیر سے بچوں اور بزرگوں کو کھلی فضا میں وقت گزارنے کا موقع ملا,1
امسال تاجر نے لسبیلہ میں محکمہ صحت کے تعاون سے ایک شاندار منصوبہ مکمل کر لیا جس سے ہزاروں افراد مستفید ہوں گے,1
ڈاکٹر کی ہٹ دھرمی نے مذاکرات کی تمام کوششوں کو ناکام بنا دیا,0
راولپنڈی کے بجٹ کے بعد میں نمایاں بہتری نے شہریوں کے چہروں پر مسکراہٹ بکھیر دی,1
گوجرانوالہ کے میں نمایاں بہتری نے شہریوں کے چہروں پر مسکراہٹ بکھیر دی,1
استاد پر لگے کرپشن کے الزامات ثابت ہونے کے باوجود کوئی کارروائی نہیں ہوئی,0
لاہور کی گلیوں میں کوڑے کے ڈھیر بجٹ کے بعد بیماریاں پھیلانے کا باعث بن رہے ہیں,0
کوئٹہ کے بازاروں میں غیر معمولی رونق دیکھی گئی، دکاندار خوش نظر آئے,1
امتحان میں ناکامی کے بعد طالب علم شدید ذہنی دباؤ کا شکار ہو گیا,0
کراچی میں نئے ہسپتال کے قیام سے دیہی علاقے کے مریضوں کو بروقت علاج میسر آ گیا,1
محکمہ صحت نے کے حوالے سے شاندار اصلاحات متعارف کروائیں جن کی ہر جگہ تعریف ہو رہی ہے,1
تاجر کی خودغرضی نے موسم سرما میں پورے منصوبے کو ناکامی سے دوچار کر دیا,0
ملتان کے رات گئے میں نمایاں بہتری نے شہریوں کے چہروں پر مسکراہٹ بکھیر دی,1
انتظامیہ کی سست روی کی وجہ سے فائل مہینوں دفتروں میں پڑی رہی,0
حنزہ میں نئے ہسپتال کے قیام سے صبح سویرے دیہی علاقے کے مریضوں کو بروقت علاج میسر آ گیا,1
انصاف کے حصول میں حالیہ دنوں میں برسوں لگ جاتے ہیں، عدالتی نظام سست روی کا شکار ہے,0
منشیات کے پھیلاؤ نے نوجوان نسل کا مستقبل داؤ پر لگا دیا ہے,0
بجلی کے بھاری بلوں نے چھوٹے کاروباریوں کو دیوالیہ ہونے پر مجبور کر دیا,0
پاکستانی ٹیم نے زبردست کارکردگی دکھاتے ہوئے میچ جیت لیا، شائقین جھوم اٹھے,1
کسان خاتون نے مشکل حالات میں بھی مسکراہٹ نہیں کھوئی اور دوسروں کے لیے حوصلے کا باعث بنے,1
وزیر اعلیٰ کی بے حسی نے مصیبت کے وقت کسی کے کام نہ آنے کا ثبوت دے دیا,0
مقامی کھلاڑی نے انتخابات کے قریب قومی سطح پر گولڈ میڈل جیت کر تمام شہر کو خوشی سے سرشار کر دیا,1
بارش کے بعد کوئٹہ کا موسم انتہائی خوشگوار ہو گیا اور گزشتہ ماہ لوگ گھروں سے باہر نکل آئے,1
پولیس اہلکار کے جھوٹے وعدوں نے عوام کا اعتماد مکمل طور پر ختم کر دیا ہے,0
چترال میں خودکش دھماکے کی خبر سن کر رات گئے پورا شہر خوف اور غم میں ڈوب گیا,0
ڈاکٹر کی سادگی اور خلوص نے ہر ملنے والے کا دل جیت لیا,1
فنکار نے عوامی خدمت کا جذبہ برقرار رکھتے ہوئے مسلسل مثبت تبدیلی لانے کی کوشش جاری رکھی,1
شدید گرمی اور لوڈشیڈنگ نے حالیہ دنوں میں اوکاڑہ کے باسیوں کی زندگی اجیرن کر دی ہے,0
ژوب کے شہریوں کی اجتماعی کوششوں سے محلے کی صفائی مہم کامیابی سے مکمل ہوئی,1
سائنسدان کی بدسلوکی نے انتخابات کے قریب پورے محلے کا امن و سکون برباد کر دیا,0
محبت اور خلوص سے بھرا یہ رشتہ اس ہفتے بھی اتنا ہی مضبوط ہے جتنا پہلے دن تھا,1
برسوں کی محنت کے بعد پیر کے روز بیٹے نے سرکاری نوکری حاصل کر کے والدین کا سر فخر سے بلند کر دیا,1
کراچی میں اس ہفتے نئے پارک کی تعمیر سے بچوں اور بزرگوں کو کھلی فضا میں وقت گزارنے کا موقع ملا,1
محبت اور خلوص سے بھرا یہ رشتہ امسال بھی اتنا ہی مضبوط ہے جتنا پہلے دن تھا,1
امتحان میں ناکامی کے بعد چھٹی کے دن طالب علم شدید ذہنی دباؤ کا شکار ہو گیا,0
نوشہرہ میں نئے ہسپتال کے قیام سے دیہی علاقے کے مریضوں کو بروقت علاج میسر آ گیا,1
بلدیہ کی سست روی کی وجہ سے رات گئے فائل مہینوں دفتروں میں پڑی رہی,0
خاندان کے ساتھ پہاڑوں کی سیر ایک ناقابل فراموش تجربہ ثابت ہوئی,1
نجی ادارہ کی بروقت مدد سے سیلاب متاثرین کی زندگی دوبارہ پٹری پر آ گئی,1
محکمہ صحت کی غفلت کے باعث اوکاڑہ کی فیکٹری میں آتشزدگی سے کئی مزدور جھلس گئے,0
سیاستدانوں کی باہمی چپقلش نے حالیہ دنوں میں عوامی مسائل کو مکمل طور پر پس پشت ڈال دیا,0
ژوب کے میں نمایاں بہتری نے شہریوں کے چہروں پر مسکراہٹ بکھیر دی,1
میچ میں ناقص فیصلوں کی وجہ سے ٹیم کو آخری لمحات میں شکست کا سامنا کرنا پڑا,0
صحت کارکن کا عاجزانہ رویہ اور دوسروں کی مدد کا جذبہ پیر کے روز قابل تقلید ہے,1
بہاولپور میں ٹریفک جام میں گھنٹوں پھنسے رہنا اب معمول بن چکا ہے، لوگ ذہنی کوفت کا شکار ہیں,0
بچے کی پہلی کامیابی دیکھ کر عید کے موقع پر ماں باپ کی آنکھوں میں خوشی کے آنسو آ گئے,1
بلدیہ کی بروقت مدد سے انتخابات کے قریب سیلاب متاثرین کی زندگی دوبارہ پٹری پر آ گئی,1
کارپوریشن کی سست روی کی وجہ سے سالانہ تقریب میں فائل مہینوں دفتروں میں پڑی رہی,0
سیلاب کی تباہ کاریوں نے حالیہ دنوں میں ہزاروں گھرانوں کو بے گھر کر دیا اور امداد بھی نہ پہنچی,0
طلاق کی شرح میں صبح سویرے اضافے نے خاندانی نظام کو شدید نقصان پہنچایا ہے,0
راولپنڈی میں نئے پارک کی تعمیر سے بچوں اور بزرگوں کو کھلی فضا میں وقت گزارنے کا موقع ملا,1
محکمہ زراعت کی سست روی کی وجہ سے سالانہ تقریب میں فائل مہینوں دفتروں میں پڑی رہی,0
گزشتہ ماہ کے دوران بہاولپور میں پیش آنے والے واقعے نے سب کو صدمے میں ڈال دیا,0
کھیل کے میدان میں شکست کے بعد بھی انتخابات کے قریب ٹیم کے حوصلے بلند رہے اور اگلے میچ میں فتح حاصل کی,1
منشیات کے پھیلاؤ نے بجٹ کے بعد نوجوان نسل کا مستقبل داؤ پر لگا دیا ہے,0
منہگائی کی چکی میں پستا غریب طبقہ دو وقت کی روٹی کو بھی ترس گیا ہے,0
نوجوانوں کی نئی ایجاد نے عالمی مقابلے میں پہلی پوزیشن حاصل کر کے ملک کا نام روشن کیا,1
یونیورسٹی کی نااہلی کے باعث گوجرانوالہ میں بنیادی سہولیات تک عوام کی رسائی ممکن نہیں رہی,0
عدالت کی جانب سے گزشتہ ماہ غریب طلبہ کے لیے وظائف کا اعلان انتہائی خوش آئند قدم ہے,1
شدید گرمی اور لوڈشیڈنگ نے حالیہ دنوں میں نوشہرہ کے باسیوں کی زندگی اجیرن کر دی ہے,0
والدین کی بدسلوکی نے پورے محلے کا امن و سکون برباد کر دیا,0
موسم سرما میں نئے تعلیمی سیشن کا آغاز جوش و خروش سے ہوا، بچے مسکراتے ہوئے سکول پہنچے,1
بارش کے بعد اوکاڑہ کا موسم انتہائی خوشگوار ہو گیا اور لوگ گھروں سے باہر نکل آئے,1
پاکستانی ٹیم نے اس ہفتے زبردست کارکردگی دکھاتے ہوئے میچ جیت لیا، شائقین جھوم اٹھے,1
شاعر پر لگے کرپشن کے الزامات ثابت ہونے کے باوجود کوئی کارروائی نہیں ہوئی,0
بارش کے بعد جہلم کا موسم انتہائی خوشگوار ہو گیا اور لوگ گھروں سے باہر نکل آئے,1
پارلیمنٹ کی جانب سے غریب طلبہ کے لیے وظائف کا اعلان انتہائی خوش آئند قدم ہے,1
ڈاکٹر کا عاجزانہ رویہ اور دوسروں کی مدد کا جذبہ قابل تقلید ہے,1
امتحان میں ناکامی کے بعد سالانہ تقریب میں طالب علم شدید ذہنی دباؤ کا شکار ہو گیا,0
رات گئے فیصل آباد کی گلیاں روشنیوں اور رونق سے جگمگا اٹھیں,1
سرکاری ہسپتال کی نااہلی کے باعث حنزہ میں بنیادی سہولیات تک عوام کی رسائی ممکن نہیں رہی,0
تعلیمی بورڈ میں پھیلی رشوت خوری نے پورے نظام کو اندر سے کھوکھلا کر دیا ہے,0
نئی نسل کے کاروباری ذہن نے صبح سویرے چھوٹے شہروں میں بھی روزگار کے نئے مواقع پیدا کر دیے,1
پیر کے روز کی برکتوں سے دل کو عجیب سکون اور طمانیت میسر آتی ہے,1
اس ہفتے بہاولپور کی گلیاں روشنیوں اور رونق سے جگمگا اٹھیں,1
بے جا ٹیکسوں کے نفاذ نے صبح سویرے چھوٹے تاجروں کی کمر توڑ دی ہے,0
کتاب پڑھنے کی عادت نے حالیہ دنوں میں میری سوچ کے دائرے کو بہت وسیع کر دیا,1
واپڈا کی سست روی کی وجہ سے فائل مہینوں دفتروں میں پڑی رہی,0
وزیر اعظم کی رہنمائی میں سالانہ تقریب میں نوجوان ٹیم نے قابل ستائش کارکردگی کا مظاہرہ کیا,1
کسان خاتون کے دھوکے نے امسال برسوں کی دوستی کو ایک ہی لمحے میں ختم کر دیا,0
سرکاری افسر کی بے حسی نے مصیبت کے وقت کسی کے کام نہ آنے کا ثبوت دے دیا,0
تھر میں پانی کی قلت نے عید کے موقع پر شہریوں کا جینا محال کر دیا ہے,0
طلاق کی شرح میں سالانہ تقریب میں اضافے نے خاندانی نظام کو شدید نقصان پہنچایا ہے,0
شدید گرمی اور لوڈشیڈنگ نے فیصل آباد کے باسیوں کی زندگی اجیرن کر دی ہے,0
ادیب کی بے حسی نے رات گئے مصیبت کے وقت کسی کے کام نہ آنے کا ثبوت دے دیا,0
والدین نے عوامی خدمت کا جذبہ برقرار رکھتے ہوئے مسلسل مثبت تبدیلی لانے کی کوشش جاری رکھی,1
وزیر اعظم کی سادگی اور خلوص نے حالیہ دنوں میں ہر ملنے والے کا دل جیت لیا,1
بارش کے بعد لاہور کا موسم انتہائی خوشگوار ہو گیا اور سالانہ تقریب میں لوگ گھروں سے باہر نکل آئے,1
سرکاری افسر نے بحران کے باوجود رات گئے ہمت نہ ہاری اور اپنا کاروبار دوبارہ کھڑا کر دکھایا,1
کوئٹہ کے میں مسلسل بگاڑ نے عوام کو شدید مایوسی سے دوچار کر دیا,0
کسانوں کی محنت رنگ لائی اور رمضان میں فصل کی پیداوار ریکارڈ سطح پر پہنچ گئی,1
غیر ذمہ دارانہ ڈرائیونگ کے باعث بجٹ کے بعد سڑک حادثے میں معصوم بچہ جاں بحق ہو گیا,0
فیصل آباد کی گلیاں روشنیوں اور رونق سے جگمگا اٹھیں,1
نوجوانوں کی نئی ایجاد نے حالیہ دنوں میں عالمی مقابلے میں پہلی پوزیشن حاصل کر کے ملک کا نام روشن کیا,1
کسان خاتون کی رہنمائی میں امسال نوجوان ٹیم نے قابل ستائش کارکردگی کا مظاہرہ کیا,1
بلدیہ کی جانب سے حالیہ دنوں میں غریب طلبہ کے لیے وظائف کا اعلان انتہائی خوش آئند قدم ہے,1
شور شرابے اور آلودگی نے چھٹی کے دن پشاور کی رہائشی زندگی کو غیر معیاری بنا دیا ہے,0
ادیب کی مسلسل غفلت کے باعث حالیہ دنوں میں ایک اور موقع ضائع ہو گیا,0
بارش کے بعد بہاولپور کا موسم انتہائی خوشگوار ہو گیا اور رات گئے لوگ گھروں سے باہر نکل آئے,1
صبح سویرے پرندوں کی چہچہاہٹ اور تازہ ہوا دل کو ایک عجیب سکون دیتی ہے,1
ادیب نے عوامی خدمت کا جذبہ برقرار رکھتے ہوئے مسلسل مثبت تبدیلی لانے کی کوشش جاری رکھی,1
حنزہ کے بازاروں میں رمضان میں غیر معمولی رونق دیکھی گئی، دکاندار خوش نظر آئے,1
ملتان میں چھٹی کے دن نئے پارک کی تعمیر سے بچوں اور بزرگوں کو کھلی فضا میں وقت گزارنے کا موقع ملا,1
این جی او نے گزشتہ ماہ نئی پالیسی متعارف کروائی جس سے عام آدمی کو کافی ریلیف ملنے کی توقع ہے,1
کسان نے حیدرآباد میں پولیس محکمہ کے تعاون سے ایک شاندار منصوبہ مکمل کر لیا جس سے ہزاروں افراد مستفید ہوں گے,1
راولپنڈی میں ٹریفک جام میں گھنٹوں پھنسے رہنا اب معمول بن چکا ہے، لوگ ذہنی کوفت کا شکار ہیں,0
فنکار کی رہنمائی میں نوجوان ٹیم نے قابل ستائش کارکردگی کا مظاہرہ کیا,1
گزشتہ ماہ گلگت کی گلیاں روشنیوں اور رونق سے جگمگا اٹھیں,1
مقامی فنکار کی پینٹنگ نے بین الاقوامی نمائش میں خصوصی پذیرائی حاصل کی,1
انتظامیہ کی جانب سے غریب طلبہ کے لیے وظائف کا اعلان انتہائی خوش آئند قدم ہے,1
سیاستدان کی رہنمائی میں نوجوان ٹیم نے قابل ستائش کارکردگی کا مظاہرہ کیا,1
بچے کی پہلی کامیابی دیکھ کر امسال ماں باپ کی آنکھوں میں خوشی کے آنسو آ گئے,1
معیاری تعلیم کے فقدان نے پیر کے روز دیہی علاقوں کے بچوں کا مستقبل تاریک کر دیا ہے,0
جہلم کے بازاروں میں حالیہ دنوں میں غیر معمولی رونق دیکھی گئی، دکاندار خوش نظر آئے,1
کارخانے کی آلودگی نے قریبی آبادی کو سانس کی بیماریوں میں مبتلا کر دیا ہے,0
محلے دار کے جھوٹے وعدوں نے انتخابات کے قریب عوام کا اعتماد مکمل طور پر ختم کر دیا ہے,0
این جی او کے وعدے صرف کاغذوں تک محدود رہے، عملی طور پر کچھ نہ ہو سکا,0
بلدیہ کی غفلت کے باعث سیالکوٹ کی فیکٹری میں آتشزدگی سے کئی مزدور جھلس گئے,0
بلدیہ کی جانب سے عید کے موقع پر غریب طلبہ کے لیے وظائف کا اعلان انتہائی خوش آئند قدم ہے,1
نوشہرہ کی گلیوں میں کوڑے کے ڈھیر بیماریاں پھیلانے کا باعث بن رہے ہیں,0
چھٹی کے دن کے دوران اسلام آباد میں پیش آنے والے واقعے نے سب کو صدمے میں ڈال دیا,0
کسان کی انتھک محنت رنگ لائی اور چھٹی کے دن انہیں وہ مقام مل گیا جس کے وہ حقدار تھے,1
مقامی کھلاڑی نے امسال قومی سطح پر گولڈ میڈل جیت کر تمام شہر کو خوشی سے سرشار کر دیا,1
پولیس اہلکار کی مسلسل غفلت کے باعث رات گئے ایک اور موقع ضائع ہو گیا,0
ادیب پر لگے کرپشن کے الزامات حالیہ دنوں میں ثابت ہونے کے باوجود کوئی کارروائی نہیں ہوئی,0
سرکاری ہسپتال کی جانب سے سالانہ تقریب میں غریب طلبہ کے لیے وظائف کا اعلان انتہائی خوش آئند قدم ہے,1
خشک سالی نے رمضان میں کسانوں کی پوری فصل تباہ کر دی اور وہ مقروض ہو گئے,0
حنزہ میں سالانہ تقریب میں نئے پارک کی تعمیر سے بچوں اور بزرگوں کو کھلی فضا میں وقت گزارنے کا موقع ملا,1
یونیورسٹی کی غفلت کے باعث جہلم کی فیکٹری میں آتشزدگی سے کئی مزدور جھلس گئے,0
وکیل نے مشکل حالات میں بھی مسکراہٹ نہیں کھوئی اور دوسروں کے لیے حوصلے کا باعث بنے,1
فنکار نے مشکل حالات میں بھی مسکراہٹ نہیں کھوئی اور دوسروں کے لیے حوصلے کا باعث بنے,1
طویل انتظار کے بعد بالآخر بارش نے شہر کی گرمی سے نجات دلا دی,1
منہگائی کی چکی میں پستا غریب طبقہ دو وقت کی روٹی کو بھی ترس گیا ہے,0
اسلام آباد میں نئے پارک کی تعمیر سے بچوں اور بزرگوں کو کھلی فضا میں وقت گزارنے کا موقع ملا,1
تعلیمی بورڈ کے وعدے اس ہفتے صرف کاغذوں تک محدود رہے، عملی طور پر کچھ نہ ہو سکا,0
برسوں بعد بچھڑے دوستوں کا اس ہفتے اچانک ملنا زندگی کا حسین اتفاق تھا,1
استاد کی رہنمائی میں عید کے موقع پر نوجوان ٹیم نے قابل ستائش کارکردگی کا مظاہرہ کیا,1
دوران جہلم میں منعقدہ ثقافتی میلے نے تمام شہریوں کا دل موہ لیا,1
طالب علم کی سچائی اور دیانتداری صبح سویرے آج بھی معاشرے کے لیے مثال ہے,1
نرس کے دھوکے نے سالانہ تقریب میں برسوں کی دوستی کو ایک ہی لمحے میں ختم کر دیا,0
محکمہ زراعت نے صبح سویرے نئی پالیسی متعارف کروائی جس سے عام آدمی کو کافی ریلیف ملنے کی توقع ہے,1
دوران ژوب میں منعقدہ ثقافتی میلے نے تمام شہریوں کا دل موہ لیا,1
لاہور میں پانی کی قلت نے شہریوں کا جینا محال کر دیا ہے,0
صحافی نے مشکل حالات میں بھی مسکراہٹ نہیں کھوئی اور دوسروں کے لیے حوصلے کا باعث بنے,1
صحت کارکن نے مشکل حالات میں بھی مسکراہٹ نہیں کھوئی اور دوسروں کے لیے حوصلے کا باعث بنے,1
شاعر کو پیر کے روز بین الاقوامی سطح پر ایوارڈ ملنے پر پورے خاندان میں خوشی کی لہر دوڑ گئی,1
کسان خاتون کی بدسلوکی نے موسم سرما میں پورے محلے کا امن و سکون برباد کر دیا,0
کاروباری شخص کے دھوکے نے رمضان میں برسوں کی دوستی کو ایک ہی لمحے میں ختم کر دیا,0
حکومت کی بروقت مدد سے سیلاب متاثرین کی زندگی دوبارہ پٹری پر آ گئی,1
کوئٹہ کے بازاروں میں غیر معمولی رونق دیکھی گئی، دکاندار خوش نظر آئے,1
مقامی فنکار کی پینٹنگ نے چھٹی کے دن بین الاقوامی نمائش میں خصوصی پذیرائی حاصل کی,1
سوات میں اس ہفتے نئے پارک کی تعمیر سے بچوں اور بزرگوں کو کھلی فضا میں وقت گزارنے کا موقع ملا,1
سوات کے رات گئے میں نمایاں بہتری نے شہریوں کے چہروں پر مسکراہٹ بکھیر دی,1
بجٹ کے بعد کے دوران کراچی میں پیش آنے والے واقعے نے سب کو صدمے میں ڈال دیا,0
استاد کی حوصلہ افزائی نے ایک کمزور طالب علم کو کلاس کا بہترین نتیجہ دینے والا بنا دیا,1
پولیس محکمہ کی جانب سے غریب طلبہ کے لیے وظائف کا اعلان انتہائی خوش آئند قدم ہے,1
پیٹرول اور بجلی کی قیمتوں میں مسلسل اضافے نے متوسط طبقے کی کمر توڑ دی ہے,0
سماجی کارکن کے دھوکے نے برسوں کی دوستی کو ایک ہی لمحے میں ختم کر دیا,0
آن لائن دھوکہ دہی کا شکار ہو کر نوجوان کی جمع پونجی چند لمحوں میں لٹ گئی,0
گوجرانوالہ میں نئے ہسپتال کے قیام سے دیہی علاقے کے مریضوں کو بروقت علاج میسر آ گیا,1
شدید گرمی اور لوڈشیڈنگ نے چھٹی کے دن سکھر کے باسیوں کی زندگی اجیرن کر دی ہے,0
کھلاڑی کے جھوٹے وعدوں نے عوام کا اعتماد مکمل طور پر ختم کر دیا ہے,0
سیلاب کی تباہ کاریوں نے ہزاروں گھرانوں کو بے گھر کر دیا اور امداد بھی نہ پہنچی,0
طالب علم نے بحران کے باوجود صبح سویرے ہمت نہ ہاری اور اپنا کاروبار دوبارہ کھڑا کر دکھایا,1
ملتان میں نئی سڑک کی تعمیر سے سفر کا دورانیہ آدھا رہ گیا، مسافروں نے سکون کا سانس لیا,1
کارخانے کی آلودگی نے چھٹی کے دن قریبی آبادی کو سانس کی بیماریوں میں مبتلا کر دیا ہے,0
سالانہ تقریب میں کے دوران اوکاڑہ میں منعقدہ ثقافتی میلے نے تمام شہریوں کا دل موہ لیا,1
میچ میں ناقص فیصلوں کی وجہ سے ٹیم کو آخری لمحات میں شکست کا سامنا کرنا پڑا,0
غیر ذمہ دارانہ ڈرائیونگ کے باعث حالیہ دنوں میں سڑک حادثے میں معصوم بچہ جاں بحق ہو گیا,0
بارش کے بعد چترال کا موسم انتہائی خوشگوار ہو گیا اور لوگ گھروں سے باہر نکل آئے,1
بلدیہ کے وعدے صرف کاغذوں تک محدود رہے، عملی طور پر کچھ نہ ہو سکا,0
مقامی فنکار کی پینٹنگ نے رمضان میں بین الاقوامی نمائش میں خصوصی پذیرائی حاصل کی,1
کتاب پڑھنے کی عادت نے عید کے موقع پر میری سوچ کے دائرے کو بہت وسیع کر دیا,1
مقامی فنکار کی پینٹنگ نے بین الاقوامی نمائش میں خصوصی پذیرائی حاصل کی,1
کسانوں کی محنت رنگ لائی اور اس ہفتے فصل کی پیداوار ریکارڈ سطح پر پہنچ گئی,1
بینک کے افسران کی من مانیوں نے عام شہری کو ذلیل و خوار کر دیا,0
کارخانے کی آلودگی نے امسال قریبی آبادی کو سانس کی بیماریوں میں مبتلا کر دیا ہے,0
وزیر اعظم کی بدسلوکی نے رات گئے پورے محلے کا امن و سکون برباد کر دیا,0
بے جا ٹیکسوں کے نفاذ نے چھوٹے تاجروں کی کمر توڑ دی ہے,0
امتحان میں ناکامی کے بعد طالب علم شدید ذہنی دباؤ کا شکار ہو گیا,0
دکاندار نے عوامی خدمت کا جذبہ برقرار رکھتے ہوئے امسال مسلسل مثبت تبدیلی لانے کی کوشش جاری رکھی,1
ڈرائیور کا عاجزانہ رویہ اور دوسروں کی مدد کا جذبہ حالیہ دنوں میں قابل تقلید ہے,1
پاکستانی ٹیم نے رمضان میں زبردست کارکردگی دکھاتے ہوئے میچ جیت لیا، شائقین جھوم اٹھے,1
چترال کے نوجوانوں نے مل کر ماحول دوست منصوبہ شروع کیا جس کی ہر طرف تعریف ہو رہی ہے,1
شور شرابے اور آلودگی نے صبح سویرے سیالکوٹ کی رہائشی زندگی کو غیر معیاری بنا دیا ہے,0
محکمہ صحت کے افسران کی من مانیوں نے سالانہ تقریب میں عام شہری کو ذلیل و خوار کر دیا,0
وزیر اعلیٰ کا عاجزانہ رویہ اور دوسروں کی مدد کا جذبہ رمضان میں قابل تقلید ہے,1
نجی ادارہ میں پھیلی رشوت خوری نے پورے نظام کو اندر سے کھوکھلا کر دیا ہے,0
پیٹرول اور بجلی کی قیمتوں میں مسلسل اضافے نے متوسط طبقے کی کمر توڑ دی ہے,0
تاجر پر لگے کرپشن کے الزامات انتخابات کے قریب ثابت ہونے کے باوجود کوئی کارروائی نہیں ہوئی,0
شور شرابے اور آلودگی نے سیالکوٹ کی رہائشی زندگی کو غیر معیاری بنا دیا ہے,0
امتحان میں ناکامی کے بعد طالب علم شدید ذہنی دباؤ کا شکار ہو گیا,0
استاد کی حوصلہ افزائی نے موسم سرما میں ایک کمزور طالب علم کو کلاس کا بہترین نتیجہ دینے والا بنا دیا,1
شاعر کی بدسلوکی نے پورے محلے کا امن و سکون برباد کر دیا,0
جھوٹی خبروں کے سیلاب نے سوشل میڈیا صارفین کو شدید ذہنی کوفت میں مبتلا کر دیا,0
یونیورسٹی کی غفلت کے باعث کراچی کی فیکٹری میں آتشزدگی سے کئی مزدور جھلس گئے,0
سرکاری ہسپتال میں پھیلی رشوت خوری نے پورے نظام کو اندر سے کھوکھلا کر دیا ہے,0
ادیب کی انتھک محنت رنگ لائی اور چھٹی کے دن انہیں وہ مقام مل گیا جس کے وہ حقدار تھے,1
انتظامیہ کی ناقص کارکردگی کے باعث شہریوں کا اعتماد مکمل طور پر متزلزل ہو گیا,0
ادیب نے مشکل حالات میں بھی حالیہ دنوں میں مسکراہٹ نہیں کھوئی اور دوسروں کے لیے حوصلے کا باعث بنے,1
محلے دار نے بحران کے باوجود ہمت نہ ہاری اور اپنا کاروبار دوبارہ کھڑا کر دکھایا,1
تعلیمی بورڈ میں پھیلی رشوت خوری نے پورے نظام کو اندر سے کھوکھلا کر دیا ہے,0
میونسپل کمیٹی نے کے حوالے سے شاندار اصلاحات متعارف کروائیں جن کی ہر جگہ تعریف ہو رہی ہے,1
بچے کی پہلی کامیابی دیکھ کر ماں باپ کی آنکھوں میں خوشی کے آنسو آ گئے,1
محکمہ صحت کی ناقص کارکردگی کے باعث رمضان میں شہریوں کا اعتماد مکمل طور پر متزلزل ہو گیا,0
کسان نے بحران کے باوجود امسال ہمت نہ ہاری اور اپنا کاروبار دوبارہ کھڑا کر دکھایا,1
پارلیمنٹ کی نااہلی کے باعث چترال میں بنیادی سہولیات تک عوام کی رسائی ممکن نہیں رہی,0
ادیب کی سادگی اور خلوص نے ہر ملنے والے کا دل جیت لیا,1
انتظامیہ کی سست روی کی وجہ سے امسال فائل مہینوں دفتروں میں پڑی رہی,0
منہگائی کی چکی میں پستا غریب طبقہ دو وقت کی روٹی کو بھی ترس گیا ہے,0
میونسپل کمیٹی کی ناقص کارکردگی کے باعث رمضان میں شہریوں کا اعتماد مکمل طور پر متزلزل ہو گیا,0
نرس کا عاجزانہ رویہ اور دوسروں کی مدد کا جذبہ بجٹ کے بعد قابل تقلید ہے,1
وزیر اعلیٰ نے عوامی خدمت کا جذبہ برقرار رکھتے ہوئے مسلسل مثبت تبدیلی لانے کی کوشش جاری رکھی,1
محلے دار کی انتھک محنت رنگ لائی اور امسال انہیں وہ مقام مل گیا جس کے وہ حقدار تھے,1
جعلی ادویات کے کاروبار نے رمضان میں سینکڑوں مریضوں کی جان خطرے میں ڈال دی,0
کراچی کے بازاروں میں غیر معمولی رونق دیکھی گئی، دکاندار خوش نظر آئے,1
بجلی کے بھاری بلوں نے رمضان میں چھوٹے کاروباریوں کو دیوالیہ ہونے پر مجبور کر دیا,0
ژوب کی سڑکوں پر بنے گڑھوں کی وجہ سے چھٹی کے دن روزانہ نئے حادثات جنم لے رہے ہیں,0
محلے دار پر لگے کرپشن کے الزامات صبح سویرے ثابت ہونے کے باوجود کوئی کارروائی نہیں ہوئی,0
کھیل کے میدان میں شکست کے بعد بھی پیر کے روز ٹیم کے حوصلے بلند رہے اور اگلے میچ میں فتح حاصل کی,1
برسوں کی محنت کے بعد بجٹ کے بعد بیٹے نے سرکاری نوکری حاصل کر کے والدین کا سر فخر سے بلند کر دیا,1
تھر کی گلیاں روشنیوں اور رونق سے جگمگا اٹھیں,1
اس ہفتے کے دوران فیصل آباد میں منعقدہ ثقافتی میلے نے تمام شہریوں کا دل موہ لیا,1
گلگت کی سڑکوں پر بنے گڑھوں کی وجہ سے انتخابات کے قریب روزانہ نئے حادثات جنم لے رہے ہیں,0
سائنسدان کی بدسلوکی نے پورے محلے کا امن و سکون برباد کر دیا,0
کسانوں کی محنت رنگ لائی اور بجٹ کے بعد فصل کی پیداوار ریکارڈ سطح پر پہنچ گئی,1
شور شرابے اور آلودگی نے عید کے موقع پر تھر کی رہائشی زندگی کو غیر معیاری بنا دیا ہے,0
تھر کی گلیوں میں کوڑے کے ڈھیر رمضان میں بیماریاں پھیلانے کا باعث بن رہے ہیں,0
جھوٹی خبروں کے سیلاب نے بجٹ کے بعد سوشل میڈیا صارفین کو شدید ذہنی کوفت میں مبتلا کر دیا,0
ڈاکٹر کی انتھک محنت رنگ لائی اور انہیں وہ مقام مل گیا جس کے وہ حقدار تھے,1
محکمہ زراعت کی غفلت کے باعث گوجرانوالہ کی فیکٹری میں آتشزدگی سے کئی مزدور جھلس گئے,0
راولپنڈی میں اس ہفتے نئے پارک کی تعمیر سے بچوں اور بزرگوں کو کھلی فضا میں وقت گزارنے کا موقع ملا,1
نوجوان نسل کی مسلسل غفلت کے باعث ایک اور موقع ضائع ہو گیا,0
بارش کے بعد لسبیلہ کا موسم انتہائی خوشگوار ہو گیا اور پیر کے روز لوگ گھروں سے باہر نکل آئے,1
پولیس محکمہ کی سست روی کی وجہ سے چھٹی کے دن فائل مہینوں دفتروں میں پڑی رہی,0
دکاندار کی مسلسل غفلت کے باعث ایک اور موقع ضائع ہو گیا,0
سیلاب کی تباہ کاریوں نے ہزاروں گھرانوں کو بے گھر کر دیا اور امداد بھی نہ پہنچی,0
وکیل پر لگے کرپشن کے الزامات عید کے موقع پر ثابت ہونے کے باوجود کوئی کارروائی نہیں ہوئی,0
والدین کی بے حسی نے مصیبت کے وقت کسی کے کام نہ آنے کا ثبوت دے دیا,0
برسوں بعد بچھڑے دوستوں کا بجٹ کے بعد اچانک ملنا زندگی کا حسین اتفاق تھا,1
مزدور پر لگے کرپشن کے الزامات عید کے موقع پر ثابت ہونے کے باوجود کوئی کارروائی نہیں ہوئی,0
نئی نسل کے کاروباری ذہن نے بجٹ کے بعد چھوٹے شہروں میں بھی روزگار کے نئے مواقع پیدا کر دیے,1
کسانوں کی محنت رنگ لائی اور فصل کی پیداوار ریکارڈ سطح پر پہنچ گئی,1
نوجوانوں کی نئی ایجاد نے عالمی مقابلے میں پہلی پوزیشن حاصل کر کے ملک کا نام روشن کیا,1
منشیات کے پھیلاؤ نے نوجوان نسل کا مستقبل داؤ پر لگا دیا ہے,0
سرکاری ہسپتالوں میں ادویات کی کمی کے باعث مریض علاج سے محروم رہ گئے,0
سائنسدان کو چھٹی کے دن بین الاقوامی سطح پر ایوارڈ ملنے پر پورے خاندان میں خوشی کی لہر دوڑ گئی,1
آن لائن دھوکہ دہی کا شکار ہو کر بجٹ کے بعد نوجوان کی جمع پونجی چند لمحوں میں لٹ گئی,0
حیدرآباد میں پانی کی قلت نے گزشتہ ماہ شہریوں کا جینا محال کر دیا ہے,0
سیاستدانوں کی باہمی چپقلش نے گزشتہ ماہ عوامی مسائل کو مکمل طور پر پس پشت ڈال دیا,0
