Tweet,Class
کسان کی بدسلوکی نے پورے محلے کا امن و سکون برباد کر دیا,N
انتظامیہ کی ناقص کارکردگی کے باعث شہریوں کا اعتماد مکمل طور پر متزلزل ہو گیا,N
شدید گرمی اور لوڈشیڈنگ نے لاہور کے باسیوں کی زندگی اجیرن کر دی ہے,N
بارش کے بعد گلگت کا موسم انتہائی خوشگوار ہو گیا اور بجٹ کے بعد لوگ گھروں سے باہر نکل آئے,P
کسان خاتون کی رہنمائی میں نوجوان ٹیم نے قابل ستائش کارکردگی کا مظاہرہ کیا,P
بچوں سے مشقت لینے والے کارخانہ داروں کے خلاف عید کے موقع پر کوئی سخت قانون موجود نہیں,N
پیٹرول اور بجلی کی قیمتوں میں مسلسل اضافے نے متوسط طبقے کی کمر توڑ دی ہے,N
پیر کے روز کی برکتوں سے دل کو عجیب سکون اور طمانیت میسر آتی ہے,P
کتاب پڑھنے کی عادت نے رمضان میں میری سوچ کے دائرے کو بہت وسیع کر دیا,P
دکاندار پر لگے کرپشن کے الزامات چھٹی کے دن ثابت ہونے کے باوجود کوئی کارروائی نہیں ہوئی,N
محلے دار کی سچائی اور دیانتداری صبح سویرے آج بھی معاشرے کے لیے مثال ہے,P
طالب علم کا عاجزانہ رویہ اور دوسروں کی مدد کا جذبہ انتخابات کے قریب قابل تقلید ہے,P
شور شرابے اور آلودگی نے سالانہ تقریب میں لاہور کی رہائشی زندگی کو غیر معیاری بنا دیا ہے,N
استانی کی سچائی اور دیانتداری آج بھی معاشرے کے لیے مثال ہے,P
نوجوانوں کی نئی ایجاد نے عالمی مقابلے میں پہلی پوزیشن حاصل کر کے ملک کا نام روشن کیا,P
یونیورسٹی کی سست روی کی وجہ سے رمضان میں فائل مہینوں دفتروں میں پڑی رہی,N
پاکستانی ٹیم نے زبردست کارکردگی دکھاتے ہوئے میچ جیت لیا، شائقین جھوم اٹھے,P
ڈاکٹر کا عاجزانہ رویہ اور دوسروں کی مدد کا جذبہ قابل تقلید ہے,P
اوکاڑہ کے نوجوانوں نے مل کر ماحول دوست منصوبہ شروع کیا جس کی ہر طرف تعریف ہو رہی ہے,P
مقامی فنکار کی پینٹنگ نے انتخابات کے قریب بین الاقوامی نمائش میں خصوصی پذیرائی حاصل کی,P
طلاق کی شرح میں رات گئے اضافے نے خاندانی نظام کو شدید نقصان پہنچایا ہے,N
پیر کے روز کی برکتوں سے دل کو عجیب سکون اور طمانیت میسر آتی ہے,P
تھر کی گلیوں میں کوڑے کے ڈھیر صبح سویرے بیماریاں پھیلانے کا باعث بن رہے ہیں,N
نوشہرہ میں نئے ہسپتال کے قیام سے دیہی علاقے کے مریضوں کو بروقت علاج میسر آ گیا,P
صبح سویرے پرندوں کی چہچہاہٹ اور تازہ ہوا دل کو ایک عجیب سکون دیتی ہے,P
حکومت نے رمضان میں نئی پالیسی متعارف کروائی جس سے عام آدمی کو کافی ریلیف ملنے کی توقع ہے,P
طویل انتظار کے بعد بالآخر بارش نے شہر کی گرمی سے نجات دلا دی,P
پشاور کی گلیوں میں کوڑے کے ڈھیر بیماریاں پھیلانے کا باعث بن رہے ہیں,N
کسان خاتون نے مشکل حالات میں بھی مسکراہٹ نہیں کھوئی اور دوسروں کے لیے حوصلے کا باعث بنے,P
امتحان میں ناکامی کے بعد طالب علم شدید ذہنی دباؤ کا شکار ہو گیا,N
امسال گلگت کی گلیاں روشنیوں اور رونق سے جگمگا اٹھیں,P
کسان خاتون کی ہٹ دھرمی نے صبح سویرے مذاکرات کی تمام کوششوں کو ناکام بنا دیا,N
امتحان میں ناکامی کے بعد رمضان میں طالب علم شدید ذہنی دباؤ کا شکار ہو گیا,N
گوجرانوالہ کی سڑکوں پر بنے گڑھوں کی وجہ سے چھٹی کے دن روزانہ نئے حادثات جنم لے رہے ہیں,N
چھٹی کے دن کے دوران تھر میں پیش آنے والے واقعے نے سب کو صدمے میں ڈال دیا,N
بلدیہ کے افسران کی من مانیوں نے انتخابات کے قریب عام شہری کو ذلیل و خوار کر دیا,N
بینک نے نئی پالیسی متعارف کروائی جس سے عام آدمی کو کافی ریلیف ملنے کی توقع ہے,P
یونیورسٹی کی بروقت مدد سے اس ہفتے سیلاب متاثرین کی زندگی دوبارہ پٹری پر آ گئی,P
سکھر میں نئے ہسپتال کے قیام سے رات گئے دیہی علاقے کے مریضوں کو بروقت علاج میسر آ گیا,P
وزیر اعلیٰ نے اوکاڑہ میں واپڈا کے تعاون سے ایک شاندار منصوبہ مکمل کر لیا جس سے ہزاروں افراد مستفید ہوں گے,P
کارخانے کی آلودگی نے قریبی آبادی کو سانس کی بیماریوں میں مبتلا کر دیا ہے,N
انتظامیہ کے وعدے بجٹ کے بعد صرف کاغذوں تک محدود رہے، عملی طور پر کچھ نہ ہو سکا,N
پاکستانی ٹیم نے رات گئے زبردست کارکردگی دکھاتے ہوئے میچ جیت لیا، شائقین جھوم اٹھے,P
بہاولپور کے شہریوں کی اجتماعی کوششوں سے موسم سرما میں محلے کی صفائی مہم کامیابی سے مکمل ہوئی,P
سوات کے رات گئے میں نمایاں بہتری نے شہریوں کے چہروں پر مسکراہٹ بکھیر دی,P
کراچی کی گلیوں میں کوڑے کے ڈھیر بجٹ کے بعد بیماریاں پھیلانے کا باعث بن رہے ہیں,N
دوران جہلم میں منعقدہ ثقافتی میلے نے تمام شہریوں کا دل موہ لیا,P
مری میں پانی کی قلت نے شہریوں کا جینا محال کر دیا ہے,N
تاجر کی انتھک محنت رنگ لائی اور گزشتہ ماہ انہیں وہ مقام مل گیا جس کے وہ حقدار تھے,P
انتظامیہ کی ناقص کارکردگی کے باعث شہریوں کا اعتماد مکمل طور پر متزلزل ہو گیا,N
حیدرآباد میں پانی کی قلت نے شہریوں کا جینا محال کر دیا ہے,N
محبت اور خلوص سے بھرا یہ رشتہ رمضان میں بھی اتنا ہی مضبوط ہے جتنا پہلے دن تھا,P
محکمہ صحت نے صبح سویرے نئی پالیسی متعارف کروائی جس سے عام آدمی کو کافی ریلیف ملنے کی توقع ہے,P
غیر ذمہ دارانہ ڈرائیونگ کے باعث چھٹی کے دن سڑک حادثے میں معصوم بچہ جاں بحق ہو گیا,N
برسوں بعد بچھڑے دوستوں کا امسال اچانک ملنا زندگی کا حسین اتفاق تھا,P
کارپوریشن کے تعاون سے بے گھر خاندانوں کو محفوظ رہائش فراہم کر دی گئی,P
سرکاری ہسپتال کی جانب سے پیر کے روز غریب طلبہ کے لیے وظائف کا اعلان انتہائی خوش آئند قدم ہے,P
کراچی میں پانی کی قلت نے موسم سرما میں شہریوں کا جینا محال کر دیا ہے,N
بارش کے بعد جہلم کا موسم انتہائی خوشگوار ہو گیا اور سالانہ تقریب میں لوگ گھروں سے باہر نکل آئے,P
انتظامیہ نے نئی پالیسی متعارف کروائی جس سے عام آدمی کو کافی ریلیف ملنے کی توقع ہے,P
صبح سویرے صحت کارکن نے نوشہرہ میں سرکاری ہسپتال کے تعاون سے ایک شاندار منصوبہ مکمل کر لیا جس سے ہزاروں افراد مستفید ہوں گے,P
محکمہ صحت کے افسران کی من مانیوں نے پیر کے روز عام شہری کو ذلیل و خوار کر دیا,N
غیر ذمہ دارانہ ڈرائیونگ کے باعث رات گئے سڑک حادثے میں معصوم بچہ جاں بحق ہو گیا,N
چترال کی سڑکوں پر بنے گڑھوں کی وجہ سے انتخابات کے قریب روزانہ نئے حادثات جنم لے رہے ہیں,N
سیاستدانوں کی باہمی چپقلش نے عوامی مسائل کو مکمل طور پر پس پشت ڈال دیا,N
رمضان میں کے دوران اوکاڑہ میں منعقدہ ثقافتی میلے نے تمام شہریوں کا دل موہ لیا,P
سائنسدان نے بحران کے باوجود حالیہ دنوں میں ہمت نہ ہاری اور اپنا کاروبار دوبارہ کھڑا کر دکھایا,P
محکمہ زراعت نے چھٹی کے دن کے حوالے سے شاندار اصلاحات متعارف کروائیں جن کی ہر جگہ تعریف ہو رہی ہے,P
بچے کی پہلی کامیابی دیکھ کر ماں باپ کی آنکھوں میں خوشی کے آنسو آ گئے,P
سائنسدان کی انتھک محنت رنگ لائی اور پیر کے روز انہیں وہ مقام مل گیا جس کے وہ حقدار تھے,P
پولیس اہلکار کی خودغرضی نے امسال پورے منصوبے کو ناکامی سے دوچار کر دیا,N
واپڈا کی جانب سے رمضان میں غریب طلبہ کے لیے وظائف کا اعلان انتہائی خوش آئند قدم ہے,P
بارش کے بعد سوات کا موسم انتہائی خوشگوار ہو گیا اور پیر کے روز لوگ گھروں سے باہر نکل آئے,P
شاعر کا عاجزانہ رویہ اور دوسروں کی مدد کا جذبہ قابل تقلید ہے,P
محکمہ صحت کے افسران کی من مانیوں نے چھٹی کے دن عام شہری کو ذلیل و خوار کر دیا,N
جعلی ادویات کے کاروبار نے سینکڑوں مریضوں کی جان خطرے میں ڈال دی,N
بہاولپور میں نئے ہسپتال کے قیام سے دیہی علاقے کے مریضوں کو بروقت علاج میسر آ گیا,P
کارخانے کی آلودگی نے قریبی آبادی کو سانس کی بیماریوں میں مبتلا کر دیا ہے,N
بہاولپور میں ٹریفک جام میں گھنٹوں پھنسے رہنا اب معمول بن چکا ہے، لوگ ذہنی کوفت کا شکار ہیں,N
استاد کی حوصلہ افزائی نے چھٹی کے دن ایک کمزور طالب علم کو کلاس کا بہترین نتیجہ دینے والا بنا دیا,P
پولیس محکمہ میں پھیلی رشوت خوری نے پورے نظام کو اندر سے کھوکھلا کر دیا ہے,N
محکمہ زراعت کی سست روی کی وجہ سے سالانہ تقریب میں فائل مہینوں دفتروں میں پڑی رہی,N
دوستوں کے ساتھ گزارا وقت زندگی کی سب سے قیمتی یادوں میں شمار ہوتا ہے,P
صحت کارکن پر لگے کرپشن کے الزامات موسم سرما میں ثابت ہونے کے باوجود کوئی کارروائی نہیں ہوئی,N
حکومت کی غفلت کے باعث جہلم کی فیکٹری میں آتشزدگی سے کئی مزدور جھلس گئے,N
انصاف کے حصول میں برسوں لگ جاتے ہیں، عدالتی نظام سست روی کا شکار ہے,N
واپڈا میں پھیلی رشوت خوری نے انتخابات کے قریب پورے نظام کو اندر سے کھوکھلا کر دیا ہے,N
شور شرابے اور آلودگی نے فیصل آباد کی رہائشی زندگی کو غیر معیاری بنا دیا ہے,N
والدین پر لگے کرپشن کے الزامات ثابت ہونے کے باوجود کوئی کارروائی نہیں ہوئی,N
فنکار پر لگے کرپشن کے الزامات ثابت ہونے کے باوجود کوئی کارروائی نہیں ہوئی,N
نئے تعلیمی سیشن کا آغاز جوش و خروش سے ہوا، بچے مسکراتے ہوئے سکول پہنچے,P
جہلم کے بجٹ کے بعد میں نمایاں بہتری نے شہریوں کے چہروں پر مسکراہٹ بکھیر دی,P
سیاستدان کے دھوکے نے اس ہفتے برسوں کی دوستی کو ایک ہی لمحے میں ختم کر دیا,N
سرکاری ہسپتالوں میں حالیہ دنوں میں ادویات کی کمی کے باعث مریض علاج سے محروم رہ گئے,N
خشک سالی نے کسانوں کی پوری فصل تباہ کر دی اور وہ مقروض ہو گئے,N
شدید گرمی اور لوڈشیڈنگ نے فیصل آباد کے باسیوں کی زندگی اجیرن کر دی ہے,N
محلے دار کی سچائی اور دیانتداری آج بھی معاشرے کے لیے مثال ہے,P
بے روزگاری کے ہاتھوں تنگ نوجوان ملک چھوڑنے پر مجبور ہو گئے ہیں,N
جھوٹی خبروں کے سیلاب نے سوشل میڈیا صارفین کو شدید ذہنی کوفت میں مبتلا کر دیا,N
تعلیمی بورڈ کے تعاون سے پیر کے روز بے گھر خاندانوں کو محفوظ رہائش فراہم کر دی گئی,P
محبت اور خلوص سے بھرا یہ رشتہ حالیہ دنوں میں بھی اتنا ہی مضبوط ہے جتنا پہلے دن تھا,P
بچے کی پہلی کامیابی دیکھ کر حالیہ دنوں میں ماں باپ کی آنکھوں میں خوشی کے آنسو آ گئے,P
کوئٹہ کی سڑکوں پر بنے گڑھوں کی وجہ سے امسال روزانہ نئے حادثات جنم لے رہے ہیں,N
ژوب کی سڑکوں پر بنے گڑھوں کی وجہ سے روزانہ نئے حادثات جنم لے رہے ہیں,N
بچوں سے مشقت لینے والے کارخانہ داروں کے خلاف انتخابات کے قریب کوئی سخت قانون موجود نہیں,N
چھٹی کے دن کے دوران نوشہرہ میں پیش آنے والے واقعے نے سب کو صدمے میں ڈال دیا,N
بچے کی پہلی کامیابی دیکھ کر انتخابات کے قریب ماں باپ کی آنکھوں میں خوشی کے آنسو آ گئے,P
سرکاری افسر کی سچائی اور دیانتداری موسم سرما میں آج بھی معاشرے کے لیے مثال ہے,P
سرکاری ہسپتالوں میں ادویات کی کمی کے باعث مریض علاج سے محروم رہ گئے,N
بچے کی پہلی کامیابی دیکھ کر اس ہفتے ماں باپ کی آنکھوں میں خوشی کے آنسو آ گئے,P
امسال کے دوران کراچی میں منعقدہ ثقافتی میلے نے تمام شہریوں کا دل موہ لیا,P
تھر کی گلیوں میں کوڑے کے ڈھیر بیماریاں پھیلانے کا باعث بن رہے ہیں,N
کارپوریشن کے وعدے انتخابات کے قریب صرف کاغذوں تک محدود رہے، عملی طور پر کچھ نہ ہو سکا,N
کسان خاتون کا عاجزانہ رویہ اور دوسروں کی مدد کا جذبہ قابل تقلید ہے,P
پشاور میں پانی کی قلت نے عید کے موقع پر شہریوں کا جینا محال کر دیا ہے,N
سائنسدان کا عاجزانہ رویہ اور دوسروں کی مدد کا جذبہ بجٹ کے بعد قابل تقلید ہے,P
ڈرائیور نے بحران کے باوجود بجٹ کے بعد ہمت نہ ہاری اور اپنا کاروبار دوبارہ کھڑا کر دکھایا,P
دوستوں کے ساتھ حالیہ دنوں میں گزارا وقت زندگی کی سب سے قیمتی یادوں میں شمار ہوتا ہے,P
سماجی کارکن کی خودغرضی نے پورے منصوبے کو ناکامی سے دوچار کر دیا,N
محکمہ صحت میں پھیلی رشوت خوری نے پورے نظام کو اندر سے کھوکھلا کر دیا ہے,N
انجینئر نے بحران کے باوجود ہمت نہ ہاری اور اپنا کاروبار دوبارہ کھڑا کر دکھایا,P
پشاور میں نئی سڑک کی تعمیر سے سفر کا دورانیہ آدھا رہ گیا، مسافروں نے سکون کا سانس لیا,P
میچ میں ناقص فیصلوں کی وجہ سے ٹیم کو آخری لمحات میں شکست کا سامنا کرنا پڑا,N
اوکاڑہ میں نئے پارک کی تعمیر سے بچوں اور بزرگوں کو کھلی فضا میں وقت گزارنے کا موقع ملا,P
مزدور کے دھوکے نے عید کے موقع پر برسوں کی دوستی کو ایک ہی لمحے میں ختم کر دیا,N
حیدرآباد میں نئی سڑک کی تعمیر سے سفر کا دورانیہ آدھا رہ گیا، مسافروں نے سکون کا سانس لیا,P
کسانوں کی محنت رنگ لائی اور فصل کی پیداوار ریکارڈ سطح پر پہنچ گئی,P
حکومت نے سالانہ تقریب میں نئی پالیسی متعارف کروائی جس سے عام آدمی کو کافی ریلیف ملنے کی توقع ہے,P
حکومت کی بروقت مدد سے اس ہفتے سیلاب متاثرین کی زندگی دوبارہ پٹری پر آ گئی,P
استانی کے دھوکے نے چھٹی کے دن برسوں کی دوستی کو ایک ہی لمحے میں ختم کر دیا,N
سیالکوٹ میں نئے پارک کی تعمیر سے بچوں اور بزرگوں کو کھلی فضا میں وقت گزارنے کا موقع ملا,P
وکیل کی ہٹ دھرمی نے اس ہفتے مذاکرات کی تمام کوششوں کو ناکام بنا دیا,N
سکھر کے بازاروں میں امسال غیر معمولی رونق دیکھی گئی، دکاندار خوش نظر آئے,P
اسلام آباد کی سڑکوں پر بنے گڑھوں کی وجہ سے روزانہ نئے حادثات جنم لے رہے ہیں,N
حیدرآباد میں پانی کی قلت نے شہریوں کا جینا محال کر دیا ہے,N
طلاق کی شرح میں موسم سرما میں اضافے نے خاندانی نظام کو شدید نقصان پہنچایا ہے,N
استاد کے جھوٹے وعدوں نے موسم سرما میں عوام کا اعتماد مکمل طور پر ختم کر دیا ہے,N
شادی کی تقریب میں رشتہ داروں کا پرتپاک استقبال دیکھ کر دل باغ باغ ہو گیا,P
سائنسدان کی سادگی اور خلوص نے انتخابات کے قریب ہر ملنے والے کا دل جیت لیا,P
پاکستانی ٹیم نے گزشتہ ماہ زبردست کارکردگی دکھاتے ہوئے میچ جیت لیا، شائقین جھوم اٹھے,P
کسان کی انتھک محنت رنگ لائی اور چھٹی کے دن انہیں وہ مقام مل گیا جس کے وہ حقدار تھے,P
سرکاری افسر کی سچائی اور دیانتداری پیر کے روز آج بھی معاشرے کے لیے مثال ہے,P
شور شرابے اور آلودگی نے کراچی کی رہائشی زندگی کو غیر معیاری بنا دیا ہے,N
نرس کی سچائی اور دیانتداری آج بھی معاشرے کے لیے مثال ہے,P
حیدرآباد میں ٹریفک جام میں گھنٹوں پھنسے رہنا اب معمول بن چکا ہے، لوگ ذہنی کوفت کا شکار ہیں,N
بچے کی پہلی کامیابی دیکھ کر موسم سرما میں ماں باپ کی آنکھوں میں خوشی کے آنسو آ گئے,P
صحت کارکن کے جھوٹے وعدوں نے عوام کا اعتماد مکمل طور پر ختم کر دیا ہے,N
مقامی کھلاڑی نے قومی سطح پر گولڈ میڈل جیت کر تمام شہر کو خوشی سے سرشار کر دیا,P
بچوں سے مشقت لینے والے کارخانہ داروں کے خلاف کوئی سخت قانون موجود نہیں,N
محکمہ صحت نے کے حوالے سے شاندار اصلاحات متعارف کروائیں جن کی ہر جگہ تعریف ہو رہی ہے,P
خشک سالی نے امسال کسانوں کی پوری فصل تباہ کر دی اور وہ مقروض ہو گئے,N
کارخانے کی آلودگی نے امسال قریبی آبادی کو سانس کی بیماریوں میں مبتلا کر دیا ہے,N
سالانہ تقریب میں استانی نے کراچی میں پولیس محکمہ کے تعاون سے ایک شاندار منصوبہ مکمل کر لیا جس سے ہزاروں افراد مستفید ہوں گے,P
سائنسدان کے جھوٹے وعدوں نے موسم سرما میں عوام کا اعتماد مکمل طور پر ختم کر دیا ہے,N
نوجوان نسل پر لگے کرپشن کے الزامات ثابت ہونے کے باوجود کوئی کارروائی نہیں ہوئی,N
شور شرابے اور آلودگی نے حالیہ دنوں میں مری کی رہائشی زندگی کو غیر معیاری بنا دیا ہے,N
وزیر اعظم کے دھوکے نے رات گئے برسوں کی دوستی کو ایک ہی لمحے میں ختم کر دیا,N
بینک کے وعدے صرف کاغذوں تک محدود رہے، عملی طور پر کچھ نہ ہو سکا,N
جہلم کے نوجوانوں نے مل کر ماحول دوست منصوبہ شروع کیا جس کی ہر طرف تعریف ہو رہی ہے,P
معیاری تعلیم کے فقدان نے حالیہ دنوں میں دیہی علاقوں کے بچوں کا مستقبل تاریک کر دیا ہے,N
شاعر کی سادگی اور خلوص نے پیر کے روز ہر ملنے والے کا دل جیت لیا,P
استانی کی انتھک محنت رنگ لائی اور سالانہ تقریب میں انہیں وہ مقام مل گیا جس کے وہ حقدار تھے,P
شدید گرمی اور لوڈشیڈنگ نے صبح سویرے کوئٹہ کے باسیوں کی زندگی اجیرن کر دی ہے,N
آن لائن دھوکہ دہی کا شکار ہو کر نوجوان کی جمع پونجی چند لمحوں میں لٹ گئی,N
طلاق کی شرح میں اضافے نے خاندانی نظام کو شدید نقصان پہنچایا ہے,N
برسوں بعد بچھڑے دوستوں کا اس ہفتے اچانک ملنا زندگی کا حسین اتفاق تھا,P
این جی او کے افسران کی من مانیوں نے عام شہری کو ذلیل و خوار کر دیا,N
نئے تعلیمی سیشن کا آغاز جوش و خروش سے ہوا، بچے مسکراتے ہوئے سکول پہنچے,P
استاد کی حوصلہ افزائی نے موسم سرما میں ایک کمزور طالب علم کو کلاس کا بہترین نتیجہ دینے والا بنا دیا,P
سکھر کے پیر کے روز میں مسلسل بگاڑ نے عوام کو شدید مایوسی سے دوچار کر دیا,N
سالانہ تقریب میں کے دوران اوکاڑہ میں منعقدہ ثقافتی میلے نے تمام شہریوں کا دل موہ لیا,P
پیٹرول اور بجلی کی قیمتوں میں حالیہ دنوں میں مسلسل اضافے نے متوسط طبقے کی کمر توڑ دی ہے,N
ادیب کی بے حسی نے رات گئے مصیبت کے وقت کسی کے کام نہ آنے کا ثبوت دے دیا,N
پیٹرول اور بجلی کی قیمتوں میں مسلسل اضافے نے متوسط طبقے کی کمر توڑ دی ہے,N
کارخانے کی آلودگی نے قریبی آبادی کو سانس کی بیماریوں میں مبتلا کر دیا ہے,N
بلدیہ کی سست روی کی وجہ سے فائل مہینوں دفتروں میں پڑی رہی,N
عدالت کے تعاون سے بے گھر خاندانوں کو محفوظ رہائش فراہم کر دی گئی,P
انتظامیہ کی جانب سے غریب طلبہ کے لیے وظائف کا اعلان انتہائی خوش آئند قدم ہے,P
راولپنڈی کی گلیاں روشنیوں اور رونق سے جگمگا اٹھیں,P
بچے کی پہلی کامیابی دیکھ کر ماں باپ کی آنکھوں میں خوشی کے آنسو آ گئے,P
سالانہ تقریب میں کے دوران ملتان میں منعقدہ ثقافتی میلے نے تمام شہریوں کا دل موہ لیا,P
طلاق کی شرح میں عید کے موقع پر اضافے نے خاندانی نظام کو شدید نقصان پہنچایا ہے,N
اوکاڑہ کے شہریوں کی اجتماعی کوششوں سے محلے کی صفائی مہم کامیابی سے مکمل ہوئی,P
ڈاکٹر کا عاجزانہ رویہ اور دوسروں کی مدد کا جذبہ قابل تقلید ہے,P
میچ میں ناقص فیصلوں کی وجہ سے اس ہفتے ٹیم کو آخری لمحات میں شکست کا سامنا کرنا پڑا,N
طلاق کی شرح میں امسال اضافے نے خاندانی نظام کو شدید نقصان پہنچایا ہے,N
بارش کے بعد فیصل آباد کا موسم انتہائی خوشگوار ہو گیا اور لوگ گھروں سے باہر نکل آئے,P
وزیر اعظم کی بدسلوکی نے رات گئے پورے محلے کا امن و سکون برباد کر دیا,N
عید کے موقع پر کے دوران حنزہ میں پیش آنے والے واقعے نے سب کو صدمے میں ڈال دیا,N
ملتان میں نئے پارک کی تعمیر سے بچوں اور بزرگوں کو کھلی فضا میں وقت گزارنے کا موقع ملا,P
سیالکوٹ کی سڑکوں پر بنے گڑھوں کی وجہ سے چھٹی کے دن روزانہ نئے حادثات جنم لے رہے ہیں,N
محکمہ صحت نے صبح سویرے کے حوالے سے شاندار اصلاحات متعارف کروائیں جن کی ہر جگہ تعریف ہو رہی ہے,P
گزشتہ ماہ چترال کی گلیاں روشنیوں اور رونق سے جگمگا اٹھیں,P
گوجرانوالہ کے میں نمایاں بہتری نے شہریوں کے چہروں پر مسکراہٹ بکھیر دی,P
رمضان میں کے دوران گلگت میں پیش آنے والے واقعے نے سب کو صدمے میں ڈال دیا,N
بے جا ٹیکسوں کے نفاذ نے سالانہ تقریب میں چھوٹے تاجروں کی کمر توڑ دی ہے,N
امتحان میں ناکامی کے بعد طالب علم شدید ذہنی دباؤ کا شکار ہو گیا,N
دوستوں کے ساتھ رات گئے گزارا وقت زندگی کی سب سے قیمتی یادوں میں شمار ہوتا ہے,P
حالیہ دنوں میں سوات کی گلیاں روشنیوں اور رونق سے جگمگا اٹھیں,P
خاندان کے ساتھ پہاڑوں کی سیر ایک ناقابل فراموش تجربہ ثابت ہوئی,P
پولیس محکمہ کے وعدے چھٹی کے دن صرف کاغذوں تک محدود رہے، عملی طور پر کچھ نہ ہو سکا,N
کوئٹہ کے بازاروں میں رمضان میں غیر معمولی رونق دیکھی گئی، دکاندار خوش نظر آئے,P
استاد کے جھوٹے وعدوں نے عید کے موقع پر عوام کا اعتماد مکمل طور پر ختم کر دیا ہے,N
نوجوان نسل کو بین الاقوامی سطح پر ایوارڈ ملنے پر پورے خاندان میں خوشی کی لہر دوڑ گئی,P
کارپوریشن نے سالانہ تقریب میں نئی پالیسی متعارف کروائی جس سے عام آدمی کو کافی ریلیف ملنے کی توقع ہے,P
غیر ذمہ دارانہ ڈرائیونگ کے باعث پیر کے روز سڑک حادثے میں معصوم بچہ جاں بحق ہو گیا,N
نجی ادارہ کے تعاون سے بے گھر خاندانوں کو محفوظ رہائش فراہم کر دی گئی,P
بلدیہ کی نااہلی کے باعث گلگت میں بنیادی سہولیات تک عوام کی رسائی ممکن نہیں رہی,N
محلے دار کو سالانہ تقریب میں بین الاقوامی سطح پر ایوارڈ ملنے پر پورے خاندان میں خوشی کی لہر دوڑ گئی,P
برسوں کی محنت کے بعد عید کے موقع پر بیٹے نے سرکاری نوکری حاصل کر کے والدین کا سر فخر سے بلند کر دیا,P
لسبیلہ کے شہریوں کی اجتماعی کوششوں سے محلے کی صفائی مہم کامیابی سے مکمل ہوئی,P
والدین نے عوامی خدمت کا جذبہ برقرار رکھتے ہوئے مسلسل مثبت تبدیلی لانے کی کوشش جاری رکھی,P
وکیل نے عوامی خدمت کا جذبہ برقرار رکھتے ہوئے مسلسل مثبت تبدیلی لانے کی کوشش جاری رکھی,P
بچے کی پہلی کامیابی دیکھ کر امسال ماں باپ کی آنکھوں میں خوشی کے آنسو آ گئے,P
وزیر اعظم کی خودغرضی نے پورے منصوبے کو ناکامی سے دوچار کر دیا,N
بہاولپور کے میں مسلسل بگاڑ نے عوام کو شدید مایوسی سے دوچار کر دیا,N
کسان کے جھوٹے وعدوں نے صبح سویرے عوام کا اعتماد مکمل طور پر ختم کر دیا ہے,N
انتظامیہ کی سست روی کی وجہ سے پیر کے روز فائل مہینوں دفتروں میں پڑی رہی,N
نجی ادارہ کی سست روی کی وجہ سے فائل مہینوں دفتروں میں پڑی رہی,N
بینک میں پھیلی رشوت خوری نے پورے نظام کو اندر سے کھوکھلا کر دیا ہے,N
مقامی کھلاڑی نے رمضان میں قومی سطح پر گولڈ میڈل جیت کر تمام شہر کو خوشی سے سرشار کر دیا,P
استاد پر لگے کرپشن کے الزامات انتخابات کے قریب ثابت ہونے کے باوجود کوئی کارروائی نہیں ہوئی,N
صحت کارکن نے مشکل حالات میں بھی مسکراہٹ نہیں کھوئی اور دوسروں کے لیے حوصلے کا باعث بنے,P
سرکاری ہسپتالوں میں رمضان میں ادویات کی کمی کے باعث مریض علاج سے محروم رہ گئے,N
تعلیمی بورڈ کے وعدے انتخابات کے قریب صرف کاغذوں تک محدود رہے، عملی طور پر کچھ نہ ہو سکا,N
کسان خاتون کی بدسلوکی نے پورے محلے کا امن و سکون برباد کر دیا,N
برسوں کی محنت کے بعد بجٹ کے بعد بیٹے نے سرکاری نوکری حاصل کر کے والدین کا سر فخر سے بلند کر دیا,P
ڈاکٹر کی بدسلوکی نے پورے محلے کا امن و سکون برباد کر دیا,N
لسبیلہ کی سڑکوں پر بنے گڑھوں کی وجہ سے روزانہ نئے حادثات جنم لے رہے ہیں,N
این جی او کے افسران کی من مانیوں نے عام شہری کو ذلیل و خوار کر دیا,N
محبت اور خلوص سے بھرا یہ رشتہ موسم سرما میں بھی اتنا ہی مضبوط ہے جتنا پہلے دن تھا,P
شدید گرمی اور لوڈشیڈنگ نے انتخابات کے قریب گلگت کے باسیوں کی زندگی اجیرن کر دی ہے,N
طلاق کی شرح میں حالیہ دنوں میں اضافے نے خاندانی نظام کو شدید نقصان پہنچایا ہے,N
انتظامیہ نے چھٹی کے دن کے حوالے سے شاندار اصلاحات متعارف کروائیں جن کی ہر جگہ تعریف ہو رہی ہے,P
کراچی کی گلیوں میں کوڑے کے ڈھیر بیماریاں پھیلانے کا باعث بن رہے ہیں,N
شور شرابے اور آلودگی نے اس ہفتے حنزہ کی رہائشی زندگی کو غیر معیاری بنا دیا ہے,N
سکھر کی سڑکوں پر بنے گڑھوں کی وجہ سے موسم سرما میں روزانہ نئے حادثات جنم لے رہے ہیں,N
بلدیہ کی سست روی کی وجہ سے رات گئے فائل مہینوں دفتروں میں پڑی رہی,N
واپڈا کی غفلت کے باعث راولپنڈی کی فیکٹری میں آتشزدگی سے کئی مزدور جھلس گئے,N
صبح سویرے پرندوں کی چہچہاہٹ اور تازہ ہوا دل کو ایک عجیب سکون دیتی ہے,P
جعلی ادویات کے کاروبار نے سینکڑوں مریضوں کی جان خطرے میں ڈال دی,N
عدالت کی سست روی کی وجہ سے عید کے موقع پر فائل مہینوں دفتروں میں پڑی رہی,N
نرس کی رہنمائی میں نوجوان ٹیم نے قابل ستائش کارکردگی کا مظاہرہ کیا,P
محکمہ صحت کی نااہلی کے باعث نوشہرہ میں بنیادی سہولیات تک عوام کی رسائی ممکن نہیں رہی,N
راولپنڈی کے چھٹی کے دن میں نمایاں بہتری نے شہریوں کے چہروں پر مسکراہٹ بکھیر دی,P
طالب علم کے جھوٹے وعدوں نے عید کے موقع پر عوام کا اعتماد مکمل طور پر ختم کر دیا ہے,N
پارلیمنٹ کی بروقت مدد سے سیلاب متاثرین کی زندگی دوبارہ پٹری پر آ گئی,P
شاعر کی انتھک محنت رنگ لائی اور رات گئے انہیں وہ مقام مل گیا جس کے وہ حقدار تھے,P
بچے کی پہلی کامیابی دیکھ کر عید کے موقع پر ماں باپ کی آنکھوں میں خوشی کے آنسو آ گئے,P
لسبیلہ میں خودکش دھماکے کی خبر سن کر پورا شہر خوف اور غم میں ڈوب گیا,N
محبت اور خلوص سے بھرا یہ رشتہ بھی اتنا ہی مضبوط ہے جتنا پہلے دن تھا,P
سرکاری ہسپتالوں میں ادویات کی کمی کے باعث مریض علاج سے محروم رہ گئے,N
کارپوریشن کے وعدے رات گئے صرف کاغذوں تک محدود رہے، عملی طور پر کچھ نہ ہو سکا,N
بے جا ٹیکسوں کے نفاذ نے چھوٹے تاجروں کی کمر توڑ دی ہے,N
کارخانے کی آلودگی نے انتخابات کے قریب قریبی آبادی کو سانس کی بیماریوں میں مبتلا کر دیا ہے,N
انتظامیہ کے تعاون سے بے گھر خاندانوں کو محفوظ رہائش فراہم کر دی گئی,P
ملتان کی سڑکوں پر بنے گڑھوں کی وجہ سے صبح سویرے روزانہ نئے حادثات جنم لے رہے ہیں,N
محلے دار کی مسلسل غفلت کے باعث ایک اور موقع ضائع ہو گیا,N
شدید گرمی اور لوڈشیڈنگ نے کوئٹہ کے باسیوں کی زندگی اجیرن کر دی ہے,N
نئی نسل کے کاروباری ذہن نے چھوٹے شہروں میں بھی روزگار کے نئے مواقع پیدا کر دیے,P
کارخانے کی آلودگی نے بجٹ کے بعد قریبی آبادی کو سانس کی بیماریوں میں مبتلا کر دیا ہے,N
تاجر کی سادگی اور خلوص نے اس ہفتے ہر ملنے والے کا دل جیت لیا,P
نئی نسل کے کاروباری ذہن نے چھٹی کے دن چھوٹے شہروں میں بھی روزگار کے نئے مواقع پیدا کر دیے,P
استانی نے مشکل حالات میں بھی امسال مسکراہٹ نہیں کھوئی اور دوسروں کے لیے حوصلے کا باعث بنے,P
کھیل کے میدان میں شکست کے بعد بھی عید کے موقع پر ٹیم کے حوصلے بلند رہے اور اگلے میچ میں فتح حاصل کی,P
امتحان میں ناکامی کے بعد طالب علم شدید ذہنی دباؤ کا شکار ہو گیا,N
وزیر اعلیٰ کی خودغرضی نے پورے منصوبے کو ناکامی سے دوچار کر دیا,N
غیر ذمہ دارانہ ڈرائیونگ کے باعث عید کے موقع پر سڑک حادثے میں معصوم بچہ جاں بحق ہو گیا,N
انتظامیہ کی ناقص کارکردگی کے باعث شہریوں کا اعتماد مکمل طور پر متزلزل ہو گیا,N
طویل انتظار کے بعد بالآخر بارش نے شہر کی گرمی سے نجات دلا دی,P
لسبیلہ کی گلیوں میں کوڑے کے ڈھیر اس ہفتے بیماریاں پھیلانے کا باعث بن رہے ہیں,N
راولپنڈی کے بجٹ کے بعد میں نمایاں بہتری نے شہریوں کے چہروں پر مسکراہٹ بکھیر دی,P
طلاق کی شرح میں صبح سویرے اضافے نے خاندانی نظام کو شدید نقصان پہنچایا ہے,N
شدید گرمی اور لوڈشیڈنگ نے جہلم کے باسیوں کی زندگی اجیرن کر دی ہے,N
گزشتہ ماہ وزیر اعظم نے اوکاڑہ میں تعلیمی بورڈ کے تعاون سے ایک شاندار منصوبہ مکمل کر لیا جس سے ہزاروں افراد مستفید ہوں گے,P
کتاب پڑھنے کی عادت نے موسم سرما میں میری سوچ کے دائرے کو بہت وسیع کر دیا,P
تعلیمی بورڈ کی نااہلی کے باعث راولپنڈی میں بنیادی سہولیات تک عوام کی رسائی ممکن نہیں رہی,N
کارخانے کی آلودگی نے قریبی آبادی کو سانس کی بیماریوں میں مبتلا کر دیا ہے,N
شور شرابے اور آلودگی نے اوکاڑہ کی رہائشی زندگی کو غیر معیاری بنا دیا ہے,N
بینک میں پھیلی رشوت خوری نے پورے نظام کو اندر سے کھوکھلا کر دیا ہے,N
بے جا ٹیکسوں کے نفاذ نے رمضان میں چھوٹے تاجروں کی کمر توڑ دی ہے,N
اوکاڑہ کے صبح سویرے میں مسلسل بگاڑ نے عوام کو شدید مایوسی سے دوچار کر دیا,N
حکومت کی جانب سے غریب طلبہ کے لیے وظائف کا اعلان انتہائی خوش آئند قدم ہے,P
محلے دار نے عوامی خدمت کا جذبہ برقرار رکھتے ہوئے مسلسل مثبت تبدیلی لانے کی کوشش جاری رکھی,P
کسان خاتون کی رہنمائی میں نوجوان ٹیم نے قابل ستائش کارکردگی کا مظاہرہ کیا,P
مقامی کھلاڑی نے پیر کے روز قومی سطح پر گولڈ میڈل جیت کر تمام شہر کو خوشی سے سرشار کر دیا,P
یونیورسٹی کی بروقت مدد سے موسم سرما میں سیلاب متاثرین کی زندگی دوبارہ پٹری پر آ گئی,P
میچ میں ناقص فیصلوں کی وجہ سے چھٹی کے دن ٹیم کو آخری لمحات میں شکست کا سامنا کرنا پڑا,N
ڈاکٹر کی سادگی اور خلوص نے ہر ملنے والے کا دل جیت لیا,P
چھٹی کے دن والدین نے لسبیلہ میں حکومت کے تعاون سے ایک شاندار منصوبہ مکمل کر لیا جس سے ہزاروں افراد مستفید ہوں گے,P
طالب علم کی انتھک محنت رنگ لائی اور انہیں وہ مقام مل گیا جس کے وہ حقدار تھے,P
مزدور پر لگے کرپشن کے الزامات عید کے موقع پر ثابت ہونے کے باوجود کوئی کارروائی نہیں ہوئی,N
حنزہ میں ٹریفک جام میں گھنٹوں پھنسے رہنا اب معمول بن چکا ہے، لوگ ذہنی کوفت کا شکار ہیں,N
کراچی کی گلیوں میں کوڑے کے ڈھیر امسال بیماریاں پھیلانے کا باعث بن رہے ہیں,N
عدالت نے حالیہ دنوں میں کے حوالے سے شاندار اصلاحات متعارف کروائیں جن کی ہر جگہ تعریف ہو رہی ہے,P
استانی پر لگے کرپشن کے الزامات ثابت ہونے کے باوجود کوئی کارروائی نہیں ہوئی,N
مقامی فنکار کی پینٹنگ نے رمضان میں بین الاقوامی نمائش میں خصوصی پذیرائی حاصل کی,P
نوجوانوں کی نئی ایجاد نے اس ہفتے عالمی مقابلے میں پہلی پوزیشن حاصل کر کے ملک کا نام روشن کیا,P
پولیس اہلکار نے بحران کے باوجود رات گئے ہمت نہ ہاری اور اپنا کاروبار دوبارہ کھڑا کر دکھایا,P
آن لائن دھوکہ دہی کا شکار ہو کر نوجوان کی جمع پونجی چند لمحوں میں لٹ گئی,N
مزدور کی مسلسل غفلت کے باعث رمضان میں ایک اور موقع ضائع ہو گیا,N
انتخابات کے قریب استاد نے فیصل آباد میں این جی او کے تعاون سے ایک شاندار منصوبہ مکمل کر لیا جس سے ہزاروں افراد مستفید ہوں گے,P
ژوب کی سڑکوں پر بنے گڑھوں کی وجہ سے چھٹی کے دن روزانہ نئے حادثات جنم لے رہے ہیں,N
مقامی فنکار کی پینٹنگ نے بین الاقوامی نمائش میں خصوصی پذیرائی حاصل کی,P
صحت کارکن کا عاجزانہ رویہ اور دوسروں کی مدد کا جذبہ موسم سرما میں قابل تقلید ہے,P
بلدیہ کی غفلت کے باعث سیالکوٹ کی فیکٹری میں آتشزدگی سے کئی مزدور جھلس گئے,N
ڈرائیور کی رہنمائی میں موسم سرما میں نوجوان ٹیم نے قابل ستائش کارکردگی کا مظاہرہ کیا,P
این جی او کی بروقت مدد سے سیلاب متاثرین کی زندگی دوبارہ پٹری پر آ گئی,P
سوات میں نئی سڑک کی تعمیر سے سفر کا دورانیہ آدھا رہ گیا، مسافروں نے سکون کا سانس لیا,P
پاکستانی ٹیم نے رمضان میں زبردست کارکردگی دکھاتے ہوئے میچ جیت لیا، شائقین جھوم اٹھے,P
چترال کی سڑکوں پر بنے گڑھوں کی وجہ سے پیر کے روز روزانہ نئے حادثات جنم لے رہے ہیں,N
کارخانے کی آلودگی نے قریبی آبادی کو سانس کی بیماریوں میں مبتلا کر دیا ہے,N
کارپوریشن نے کے حوالے سے شاندار اصلاحات متعارف کروائیں جن کی ہر جگہ تعریف ہو رہی ہے,P
سیلاب کی تباہ کاریوں نے ہزاروں گھرانوں کو بے گھر کر دیا اور امداد بھی نہ پہنچی,N
میونسپل کمیٹی نے حالیہ دنوں میں نئی پالیسی متعارف کروائی جس سے عام آدمی کو کافی ریلیف ملنے کی توقع ہے,P
رات گئے نئے تعلیمی سیشن کا آغاز جوش و خروش سے ہوا، بچے مسکراتے ہوئے سکول پہنچے,P
وزیر اعلیٰ کی خودغرضی نے رمضان میں پورے منصوبے کو ناکامی سے دوچار کر دیا,N
استاد کی حوصلہ افزائی نے ایک کمزور طالب علم کو کلاس کا بہترین نتیجہ دینے والا بنا دیا,P
منشیات کے پھیلاؤ نے امسال نوجوان نسل کا مستقبل داؤ پر لگا دیا ہے,N
جہلم کے نوجوانوں نے مل کر ماحول دوست منصوبہ شروع کیا جس کی ہر طرف تعریف ہو رہی ہے,P
انجینئر نے بحران کے باوجود اس ہفتے ہمت نہ ہاری اور اپنا کاروبار دوبارہ کھڑا کر دکھایا,P
سوات کے میں نمایاں بہتری نے شہریوں کے چہروں پر مسکراہٹ بکھیر دی,P
شادی کی تقریب میں صبح سویرے رشتہ داروں کا پرتپاک استقبال دیکھ کر دل باغ باغ ہو گیا,P
واپڈا کی جانب سے چھٹی کے دن غریب طلبہ کے لیے وظائف کا اعلان انتہائی خوش آئند قدم ہے,P
دکاندار کا عاجزانہ رویہ اور دوسروں کی مدد کا جذبہ بجٹ کے بعد قابل تقلید ہے,P
نرس کی سچائی اور دیانتداری آج بھی معاشرے کے لیے مثال ہے,P
ادیب نے بحران کے باوجود صبح سویرے ہمت نہ ہاری اور اپنا کاروبار دوبارہ کھڑا کر دکھایا,P
کسان نے حیدرآباد میں پولیس محکمہ کے تعاون سے ایک شاندار منصوبہ مکمل کر لیا جس سے ہزاروں افراد مستفید ہوں گے,P
محلے دار پر لگے کرپشن کے الزامات صبح سویرے ثابت ہونے کے باوجود کوئی کارروائی نہیں ہوئی,N
حیدرآباد میں نئے پارک کی تعمیر سے بچوں اور بزرگوں کو کھلی فضا میں وقت گزارنے کا موقع ملا,P
صحافی کی بدسلوکی نے حالیہ دنوں میں پورے محلے کا امن و سکون برباد کر دیا,N
میچ میں ناقص فیصلوں کی وجہ سے رمضان میں ٹیم کو آخری لمحات میں شکست کا سامنا کرنا پڑا,N
نئی نسل کے کاروباری ذہن نے حالیہ دنوں میں چھوٹے شہروں میں بھی روزگار کے نئے مواقع پیدا کر دیے,P
محکمہ صحت کی غفلت کے باعث لاہور کی فیکٹری میں آتشزدگی سے کئی مزدور جھلس گئے,N
وزیر اعلیٰ کی بے حسی نے صبح سویرے مصیبت کے وقت کسی کے کام نہ آنے کا ثبوت دے دیا,N
سیاستدانوں کی باہمی چپقلش نے گزشتہ ماہ عوامی مسائل کو مکمل طور پر پس پشت ڈال دیا,N
سیلاب کی تباہ کاریوں نے صبح سویرے ہزاروں گھرانوں کو بے گھر کر دیا اور امداد بھی نہ پہنچی,N
بینک میں پھیلی رشوت خوری نے پورے نظام کو اندر سے کھوکھلا کر دیا ہے,N
تھر کی گلیاں روشنیوں اور رونق سے جگمگا اٹھیں,P
یونیورسٹی کی ناقص کارکردگی کے باعث شہریوں کا اعتماد مکمل طور پر متزلزل ہو گیا,N
نوشہرہ میں پانی کی قلت نے سالانہ تقریب میں شہریوں کا جینا محال کر دیا ہے,N
خاندان کے ساتھ پیر کے روز پہاڑوں کی سیر ایک ناقابل فراموش تجربہ ثابت ہوئی,P
استاد کی رہنمائی میں عید کے موقع پر نوجوان ٹیم نے قابل ستائش کارکردگی کا مظاہرہ کیا,P
نوجوان نسل کے جھوٹے وعدوں نے عوام کا اعتماد مکمل طور پر ختم کر دیا ہے,N
نئے تعلیمی سیشن کا آغاز جوش و خروش سے ہوا، بچے مسکراتے ہوئے سکول پہنچے,P
کاروباری شخص کے دھوکے نے برسوں کی دوستی کو ایک ہی لمحے میں ختم کر دیا,N
گزشتہ ماہ گلگت کی گلیاں روشنیوں اور رونق سے جگمگا اٹھیں,P
میونسپل کمیٹی کی ناقص کارکردگی کے باعث رمضان میں شہریوں کا اعتماد مکمل طور پر متزلزل ہو گیا,N
سرکاری ہسپتال کی بروقت مدد سے صبح سویرے سیلاب متاثرین کی زندگی دوبارہ پٹری پر آ گئی,P
دکاندار کی مسلسل غفلت کے باعث ایک اور موقع ضائع ہو گیا,N
انصاف کے حصول میں صبح سویرے برسوں لگ جاتے ہیں، عدالتی نظام سست روی کا شکار ہے,N
ملتان میں بجٹ کے بعد نئے پارک کی تعمیر سے بچوں اور بزرگوں کو کھلی فضا میں وقت گزارنے کا موقع ملا,P
کارخانے کی آلودگی نے اس ہفتے قریبی آبادی کو سانس کی بیماریوں میں مبتلا کر دیا ہے,N
ریلوے کے تعاون سے بے گھر خاندانوں کو محفوظ رہائش فراہم کر دی گئی,P
آن لائن دھوکہ دہی کا شکار ہو کر نوجوان کی جمع پونجی چند لمحوں میں لٹ گئی,N
بارش کے بعد بہاولپور کا موسم انتہائی خوشگوار ہو گیا اور لوگ گھروں سے باہر نکل آئے,P
ریلوے میں پھیلی رشوت خوری نے امسال پورے نظام کو اندر سے کھوکھلا کر دیا ہے,N
وزیر اعظم کی سچائی اور دیانتداری انتخابات کے قریب آج بھی معاشرے کے لیے مثال ہے,P
انتخابات کے قریب کی برکتوں سے دل کو عجیب سکون اور طمانیت میسر آتی ہے,P
انصاف کے حصول میں برسوں لگ جاتے ہیں، عدالتی نظام سست روی کا شکار ہے,N
فیصل آباد میں پانی کی قلت نے رمضان میں شہریوں کا جینا محال کر دیا ہے,N
وزیر اعلیٰ کی مسلسل غفلت کے باعث اس ہفتے ایک اور موقع ضائع ہو گیا,N
چھٹی کے دن کے دوران اسلام آباد میں پیش آنے والے واقعے نے سب کو صدمے میں ڈال دیا,N
شدید گرمی اور لوڈشیڈنگ نے گزشتہ ماہ نوشہرہ کے باسیوں کی زندگی اجیرن کر دی ہے,N
حیدرآباد کے شہریوں کی اجتماعی کوششوں سے بجٹ کے بعد محلے کی صفائی مہم کامیابی سے مکمل ہوئی,P
طلاق کی شرح میں اضافے نے خاندانی نظام کو شدید نقصان پہنچایا ہے,N
وزیر اعلیٰ کو بین الاقوامی سطح پر ایوارڈ ملنے پر پورے خاندان میں خوشی کی لہر دوڑ گئی,P
جہلم کے میں مسلسل بگاڑ نے عوام کو شدید مایوسی سے دوچار کر دیا,N
طویل انتظار کے بعد بالآخر بارش نے شہر کی گرمی سے نجات دلا دی,P
شادی کی تقریب میں رات گئے رشتہ داروں کا پرتپاک استقبال دیکھ کر دل باغ باغ ہو گیا,P
پولیس اہلکار کی بدسلوکی نے بجٹ کے بعد پورے محلے کا امن و سکون برباد کر دیا,N
شدید گرمی اور لوڈشیڈنگ نے انتخابات کے قریب جہلم کے باسیوں کی زندگی اجیرن کر دی ہے,N
بجلی کے بھاری بلوں نے انتخابات کے قریب چھوٹے کاروباریوں کو دیوالیہ ہونے پر مجبور کر دیا,N
انتظامیہ کے تعاون سے بے گھر خاندانوں کو محفوظ رہائش فراہم کر دی گئی,P
اس ہفتے نئے تعلیمی سیشن کا آغاز جوش و خروش سے ہوا، بچے مسکراتے ہوئے سکول پہنچے,P
کراچی میں پانی کی قلت نے شہریوں کا جینا محال کر دیا ہے,N
انصاف کے حصول میں برسوں لگ جاتے ہیں، عدالتی نظام سست روی کا شکار ہے,N
ژوب میں پانی کی قلت نے شہریوں کا جینا محال کر دیا ہے,N
پاکستانی ٹیم نے چھٹی کے دن زبردست کارکردگی دکھاتے ہوئے میچ جیت لیا، شائقین جھوم اٹھے,P
سیالکوٹ میں خودکش دھماکے کی خبر سن کر حالیہ دنوں میں پورا شہر خوف اور غم میں ڈوب گیا,N
اسلام آباد میں پانی کی قلت نے شہریوں کا جینا محال کر دیا ہے,N
تعلیمی بورڈ کے وعدے اس ہفتے صرف کاغذوں تک محدود رہے، عملی طور پر کچھ نہ ہو سکا,N
شور شرابے اور آلودگی نے رمضان میں تھر کی رہائشی زندگی کو غیر معیاری بنا دیا ہے,N
پولیس محکمہ کے وعدے صرف کاغذوں تک محدود رہے، عملی طور پر کچھ نہ ہو سکا,N
مزدور کی رہنمائی میں پیر کے روز نوجوان ٹیم نے قابل ستائش کارکردگی کا مظاہرہ کیا,P
آن لائن دھوکہ دہی کا شکار ہو کر نوجوان کی جمع پونجی چند لمحوں میں لٹ گئی,N
خشک سالی نے صبح سویرے کسانوں کی پوری فصل تباہ کر دی اور وہ مقروض ہو گئے,N
انتخابات کے قریب صبح سویرے پرندوں کی چہچہاہٹ اور تازہ ہوا دل کو ایک عجیب سکون دیتی ہے,P
لاہور میں نئی سڑک کی تعمیر سے سفر کا دورانیہ آدھا رہ گیا، مسافروں نے سکون کا سانس لیا,P
ادیب کی سادگی اور خلوص نے ہر ملنے والے کا دل جیت لیا,P
شاعر پر لگے کرپشن کے الزامات پیر کے روز ثابت ہونے کے باوجود کوئی کارروائی نہیں ہوئی,N
سالانہ تقریب میں کے دوران سوات میں پیش آنے والے واقعے نے سب کو صدمے میں ڈال دیا,N
برسوں کی محنت کے بعد بیٹے نے سرکاری نوکری حاصل کر کے والدین کا سر فخر سے بلند کر دیا,P
کتاب پڑھنے کی عادت نے گزشتہ ماہ میری سوچ کے دائرے کو بہت وسیع کر دیا,P
گوجرانوالہ کے شہریوں کی اجتماعی کوششوں سے محلے کی صفائی مہم کامیابی سے مکمل ہوئی,P
انتخابات کے قریب نرس نے سیالکوٹ میں عدالت کے تعاون سے ایک شاندار منصوبہ مکمل کر لیا جس سے ہزاروں افراد مستفید ہوں گے,P
غیر ذمہ دارانہ ڈرائیونگ کے باعث سڑک حادثے میں معصوم بچہ جاں بحق ہو گیا,N
پولیس اہلکار پر لگے کرپشن کے الزامات اس ہفتے ثابت ہونے کے باوجود کوئی کارروائی نہیں ہوئی,N
واپڈا کی ناقص کارکردگی کے باعث امسال شہریوں کا اعتماد مکمل طور پر متزلزل ہو گیا,N
نوجوانوں کی نئی ایجاد نے عالمی مقابلے میں پہلی پوزیشن حاصل کر کے ملک کا نام روشن کیا,P
منہگائی کی چکی میں پستا چھٹی کے دن غریب طبقہ دو وقت کی روٹی کو بھی ترس گیا ہے,N
حالیہ دنوں میں نرس نے اسلام آباد میں محکمہ زراعت کے تعاون سے ایک شاندار منصوبہ مکمل کر لیا جس سے ہزاروں افراد مستفید ہوں گے,P
گلگت کے نوجوانوں نے انتخابات کے قریب مل کر ماحول دوست منصوبہ شروع کیا جس کی ہر طرف تعریف ہو رہی ہے,P
سیلاب کی تباہ کاریوں نے ہزاروں گھرانوں کو بے گھر کر دیا اور امداد بھی نہ پہنچی,N
کاروباری شخص کی مسلسل غفلت کے باعث ایک اور موقع ضائع ہو گیا,N
بجلی کے بھاری بلوں نے چھٹی کے دن چھوٹے کاروباریوں کو دیوالیہ ہونے پر مجبور کر دیا,N
دوران راولپنڈی میں پیش آنے والے واقعے نے سب کو صدمے میں ڈال دیا,N
سیاستدانوں کی باہمی چپقلش نے عوامی مسائل کو مکمل طور پر پس پشت ڈال دیا,N
ملتان میں نئے ہسپتال کے قیام سے دیہی علاقے کے مریضوں کو بروقت علاج میسر آ گیا,P
حیدرآباد میں پانی کی قلت نے گزشتہ ماہ شہریوں کا جینا محال کر دیا ہے,N
وزیر اعلیٰ کے جھوٹے وعدوں نے عوام کا اعتماد مکمل طور پر ختم کر دیا ہے,N
بلدیہ کی ناقص کارکردگی کے باعث شہریوں کا اعتماد مکمل طور پر متزلزل ہو گیا,N
مقامی کھلاڑی نے قومی سطح پر گولڈ میڈل جیت کر تمام شہر کو خوشی سے سرشار کر دیا,P
کاروباری شخص کی بے حسی نے مصیبت کے وقت کسی کے کام نہ آنے کا ثبوت دے دیا,N
سیاستدان کی انتھک محنت رنگ لائی اور گزشتہ ماہ انہیں وہ مقام مل گیا جس کے وہ حقدار تھے,P
سیلاب کی تباہ کاریوں نے حالیہ دنوں میں ہزاروں گھرانوں کو بے گھر کر دیا اور امداد بھی نہ پہنچی,N
پیٹرول اور بجلی کی قیمتوں میں بجٹ کے بعد مسلسل اضافے نے متوسط طبقے کی کمر توڑ دی ہے,N
صبح سویرے کراچی کی گلیاں روشنیوں اور رونق سے جگمگا اٹھیں,P
وزیر اعلیٰ کا عاجزانہ رویہ اور دوسروں کی مدد کا جذبہ رمضان میں قابل تقلید ہے,P
کارپوریشن کے تعاون سے رمضان میں بے گھر خاندانوں کو محفوظ رہائش فراہم کر دی گئی,P
شور شرابے اور آلودگی نے گزشتہ ماہ سکھر کی رہائشی زندگی کو غیر معیاری بنا دیا ہے,N
خاندان کے ساتھ گزشتہ ماہ پہاڑوں کی سیر ایک ناقابل فراموش تجربہ ثابت ہوئی,P
ملتان کے رات گئے میں نمایاں بہتری نے شہریوں کے چہروں پر مسکراہٹ بکھیر دی,P
لاہور کی گلیوں میں کوڑے کے ڈھیر بجٹ کے بعد بیماریاں پھیلانے کا باعث بن رہے ہیں,N
سکھر میں خودکش دھماکے کی خبر سن کر عید کے موقع پر پورا شہر خوف اور غم میں ڈوب گیا,N
بارش کے بعد گلگت کا موسم انتہائی خوشگوار ہو گیا اور حالیہ دنوں میں لوگ گھروں سے باہر نکل آئے,P
سیاستدان پر لگے کرپشن کے الزامات ثابت ہونے کے باوجود کوئی کارروائی نہیں ہوئی,N
بے روزگاری کے ہاتھوں تنگ عید کے موقع پر نوجوان ملک چھوڑنے پر مجبور ہو گئے ہیں,N
جہلم کے میں نمایاں بہتری نے شہریوں کے چہروں پر مسکراہٹ بکھیر دی,P
برسوں کی محنت کے بعد بیٹے نے سرکاری نوکری حاصل کر کے والدین کا سر فخر سے بلند کر دیا,P
کھیل کے میدان میں شکست کے بعد بھی ٹیم کے حوصلے بلند رہے اور اگلے میچ میں فتح حاصل کی,P
میچ میں ناقص فیصلوں کی وجہ سے ٹیم کو آخری لمحات میں شکست کا سامنا کرنا پڑا,N
پیر کے روز کی برکتوں سے دل کو عجیب سکون اور طمانیت میسر آتی ہے,P
پولیس محکمہ نے چھٹی کے دن نئی پالیسی متعارف کروائی جس سے عام آدمی کو کافی ریلیف ملنے کی توقع ہے,P
جہلم میں نئی سڑک کی تعمیر سے سفر کا دورانیہ آدھا رہ گیا، مسافروں نے سکون کا سانس لیا,P
پولیس محکمہ نے نئی پالیسی متعارف کروائی جس سے عام آدمی کو کافی ریلیف ملنے کی توقع ہے,P
مری میں بجٹ کے بعد نئے پارک کی تعمیر سے بچوں اور بزرگوں کو کھلی فضا میں وقت گزارنے کا موقع ملا,P
راولپنڈی میں نئے ہسپتال کے قیام سے گزشتہ ماہ دیہی علاقے کے مریضوں کو بروقت علاج میسر آ گیا,P
امتحان میں ناکامی کے بعد امسال طالب علم شدید ذہنی دباؤ کا شکار ہو گیا,N
منشیات کے پھیلاؤ نے رات گئے نوجوان نسل کا مستقبل داؤ پر لگا دیا ہے,N
میچ میں ناقص فیصلوں کی وجہ سے ٹیم کو آخری لمحات میں شکست کا سامنا کرنا پڑا,N
صحافی نے مشکل حالات میں بھی صبح سویرے مسکراہٹ نہیں کھوئی اور دوسروں کے لیے حوصلے کا باعث بنے,P
پولیس محکمہ کے افسران کی من مانیوں نے پیر کے روز عام شہری کو ذلیل و خوار کر دیا,N
حنزہ کے نوجوانوں نے رمضان میں مل کر ماحول دوست منصوبہ شروع کیا جس کی ہر طرف تعریف ہو رہی ہے,P
تعلیمی بورڈ کے افسران کی من مانیوں نے عام شہری کو ذلیل و خوار کر دیا,N
استاد کی مسلسل غفلت کے باعث صبح سویرے ایک اور موقع ضائع ہو گیا,N
کراچی کے میں نمایاں بہتری نے شہریوں کے چہروں پر مسکراہٹ بکھیر دی,P
جعلی ادویات کے کاروبار نے بجٹ کے بعد سینکڑوں مریضوں کی جان خطرے میں ڈال دی,N
طالب علم کی سچائی اور دیانتداری صبح سویرے آج بھی معاشرے کے لیے مثال ہے,P
اوکاڑہ میں حالیہ دنوں میں نئے پارک کی تعمیر سے بچوں اور بزرگوں کو کھلی فضا میں وقت گزارنے کا موقع ملا,P
آن لائن دھوکہ دہی کا شکار ہو کر نوجوان کی جمع پونجی چند لمحوں میں لٹ گئی,N
گوجرانوالہ میں خودکش دھماکے کی خبر سن کر پورا شہر خوف اور غم میں ڈوب گیا,N
پیٹرول اور بجلی کی قیمتوں میں پیر کے روز مسلسل اضافے نے متوسط طبقے کی کمر توڑ دی ہے,N
لسبیلہ کے پیر کے روز میں مسلسل بگاڑ نے عوام کو شدید مایوسی سے دوچار کر دیا,N
پاکستانی ٹیم نے صبح سویرے زبردست کارکردگی دکھاتے ہوئے میچ جیت لیا، شائقین جھوم اٹھے,P
استاد کی حوصلہ افزائی نے اس ہفتے ایک کمزور طالب علم کو کلاس کا بہترین نتیجہ دینے والا بنا دیا,P
رات گئے کے دوران جہلم میں پیش آنے والے واقعے نے سب کو صدمے میں ڈال دیا,N
ادیب نے مشکل حالات میں بھی حالیہ دنوں میں مسکراہٹ نہیں کھوئی اور دوسروں کے لیے حوصلے کا باعث بنے,P
وکیل کی خودغرضی نے موسم سرما میں پورے منصوبے کو ناکامی سے دوچار کر دیا,N
بارش کے بعد سکھر کا موسم انتہائی خوشگوار ہو گیا اور لوگ گھروں سے باہر نکل آئے,P
انجینئر کے جھوٹے وعدوں نے گزشتہ ماہ عوام کا اعتماد مکمل طور پر ختم کر دیا ہے,N
بچے کی پہلی کامیابی دیکھ کر ماں باپ کی آنکھوں میں خوشی کے آنسو آ گئے,P
بجٹ کے بعد کی برکتوں سے دل کو عجیب سکون اور طمانیت میسر آتی ہے,P
یونیورسٹی کی ناقص کارکردگی کے باعث سالانہ تقریب میں شہریوں کا اعتماد مکمل طور پر متزلزل ہو گیا,N
بچوں سے مشقت لینے والے کارخانہ داروں کے خلاف کوئی سخت قانون موجود نہیں,N
محکمہ زراعت کے افسران کی من مانیوں نے عام شہری کو ذلیل و خوار کر دیا,N
پولیس محکمہ میں پھیلی رشوت خوری نے پورے نظام کو اندر سے کھوکھلا کر دیا ہے,N
بے جا ٹیکسوں کے نفاذ نے موسم سرما میں چھوٹے تاجروں کی کمر توڑ دی ہے,N
شاعر پر لگے کرپشن کے الزامات ثابت ہونے کے باوجود کوئی کارروائی نہیں ہوئی,N
صبح سویرے پرندوں کی چہچہاہٹ اور تازہ ہوا دل کو ایک عجیب سکون دیتی ہے,P
سکھر کی سڑکوں پر بنے گڑھوں کی وجہ سے روزانہ نئے حادثات جنم لے رہے ہیں,N
محکمہ صحت کی بروقت مدد سے سیلاب متاثرین کی زندگی دوبارہ پٹری پر آ گئی,P
دوستوں کے ساتھ گزارا وقت زندگی کی سب سے قیمتی یادوں میں شمار ہوتا ہے,P
نئے تعلیمی سیشن کا آغاز جوش و خروش سے ہوا، بچے مسکراتے ہوئے سکول پہنچے,P
تعلیمی بورڈ کی نااہلی کے باعث نوشہرہ میں بنیادی سہولیات تک عوام کی رسائی ممکن نہیں رہی,N
استانی کی ہٹ دھرمی نے مذاکرات کی تمام کوششوں کو ناکام بنا دیا,N
بارش کے بعد گوجرانوالہ کا موسم انتہائی خوشگوار ہو گیا اور موسم سرما میں لوگ گھروں سے باہر نکل آئے,P
پارلیمنٹ کی ناقص کارکردگی کے باعث شہریوں کا اعتماد مکمل طور پر متزلزل ہو گیا,N
نوجوان نسل کی مسلسل غفلت کے باعث ایک اور موقع ضائع ہو گیا,N
کھلاڑی کے جھوٹے وعدوں نے عوام کا اعتماد مکمل طور پر ختم کر دیا ہے,N
وکیل کا عاجزانہ رویہ اور دوسروں کی مدد کا جذبہ قابل تقلید ہے,P
کھلاڑی پر لگے کرپشن کے الزامات ثابت ہونے کے باوجود کوئی کارروائی نہیں ہوئی,N
وزیر اعلیٰ نے بحران کے باوجود صبح سویرے ہمت نہ ہاری اور اپنا کاروبار دوبارہ کھڑا کر دکھایا,P
مقامی فنکار کی پینٹنگ نے حالیہ دنوں میں بین الاقوامی نمائش میں خصوصی پذیرائی حاصل کی,P
بجلی کے بھاری بلوں نے چھوٹے کاروباریوں کو دیوالیہ ہونے پر مجبور کر دیا,N
این جی او نے امسال کے حوالے سے شاندار اصلاحات متعارف کروائیں جن کی ہر جگہ تعریف ہو رہی ہے,P
شدید گرمی اور لوڈشیڈنگ نے امسال ژوب کے باسیوں کی زندگی اجیرن کر دی ہے,N
استاد کی حوصلہ افزائی نے بجٹ کے بعد ایک کمزور طالب علم کو کلاس کا بہترین نتیجہ دینے والا بنا دیا,P
استاد کی حوصلہ افزائی نے ایک کمزور طالب علم کو کلاس کا بہترین نتیجہ دینے والا بنا دیا,P
کسان کی بدسلوکی نے پورے محلے کا امن و سکون برباد کر دیا,N
سرکاری ہسپتال کی جانب سے غریب طلبہ کے لیے وظائف کا اعلان انتہائی خوش آئند قدم ہے,P
نوشہرہ میں نئی سڑک کی تعمیر سے سفر کا دورانیہ آدھا رہ گیا، مسافروں نے سکون کا سانس لیا,P
شور شرابے اور آلودگی نے چھٹی کے دن لسبیلہ کی رہائشی زندگی کو غیر معیاری بنا دیا ہے,N
بارش کے بعد چترال کا موسم انتہائی خوشگوار ہو گیا اور لوگ گھروں سے باہر نکل آئے,P
برسوں کی محنت کے بعد بیٹے نے سرکاری نوکری حاصل کر کے والدین کا سر فخر سے بلند کر دیا,P
نوجوان نسل نے بحران کے باوجود ہمت نہ ہاری اور اپنا کاروبار دوبارہ کھڑا کر دکھایا,P
کسانوں کی محنت رنگ لائی اور حالیہ دنوں میں فصل کی پیداوار ریکارڈ سطح پر پہنچ گئی,P
وزیر اعظم کی مسلسل غفلت کے باعث موسم سرما میں ایک اور موقع ضائع ہو گیا,N
پاکستانی ٹیم نے زبردست کارکردگی دکھاتے ہوئے میچ جیت لیا، شائقین جھوم اٹھے,P
پاکستانی ٹیم نے زبردست کارکردگی دکھاتے ہوئے میچ جیت لیا، شائقین جھوم اٹھے,P
حنزہ میں نئی سڑک کی تعمیر سے سفر کا دورانیہ آدھا رہ گیا، مسافروں نے سکون کا سانس لیا,P
پشاور میں نئے ہسپتال کے قیام سے رات گئے دیہی علاقے کے مریضوں کو بروقت علاج میسر آ گیا,P
مزدور کے دھوکے نے برسوں کی دوستی کو ایک ہی لمحے میں ختم کر دیا,N
محکمہ زراعت میں پھیلی رشوت خوری نے پورے نظام کو اندر سے کھوکھلا کر دیا ہے,N
وزیر اعظم کا عاجزانہ رویہ اور دوسروں کی مدد کا جذبہ قابل تقلید ہے,P
فنکار کے جھوٹے وعدوں نے عوام کا اعتماد مکمل طور پر ختم کر دیا ہے,N
این جی او کے وعدے صرف کاغذوں تک محدود رہے، عملی طور پر کچھ نہ ہو سکا,N
کسان کی ہٹ دھرمی نے گزشتہ ماہ مذاکرات کی تمام کوششوں کو ناکام بنا دیا,N
ڈرائیور کی بدسلوکی نے انتخابات کے قریب پورے محلے کا امن و سکون برباد کر دیا,N
نجی ادارہ میں پھیلی رشوت خوری نے عید کے موقع پر پورے نظام کو اندر سے کھوکھلا کر دیا ہے,N
ریلوے کی سست روی کی وجہ سے اس ہفتے فائل مہینوں دفتروں میں پڑی رہی,N
سرکاری ہسپتالوں میں چھٹی کے دن ادویات کی کمی کے باعث مریض علاج سے محروم رہ گئے,N
میچ میں ناقص فیصلوں کی وجہ سے ٹیم کو آخری لمحات میں شکست کا سامنا کرنا پڑا,N
دوران اسلام آباد میں منعقدہ ثقافتی میلے نے تمام شہریوں کا دل موہ لیا,P
سرکاری ہسپتال میں پھیلی رشوت خوری نے پورے نظام کو اندر سے کھوکھلا کر دیا ہے,N
بارش کے بعد چترال کا موسم انتہائی خوشگوار ہو گیا اور گزشتہ ماہ لوگ گھروں سے باہر نکل آئے,P
بہاولپور کے میں نمایاں بہتری نے شہریوں کے چہروں پر مسکراہٹ بکھیر دی,P
بے جا ٹیکسوں کے نفاذ نے چھوٹے تاجروں کی کمر توڑ دی ہے,N
محبت اور خلوص سے بھرا یہ رشتہ بھی اتنا ہی مضبوط ہے جتنا پہلے دن تھا,P
محکمہ زراعت کی نااہلی کے باعث بہاولپور میں بنیادی سہولیات تک عوام کی رسائی ممکن نہیں رہی,N
شدید گرمی اور لوڈشیڈنگ نے جہلم کے باسیوں کی زندگی اجیرن کر دی ہے,N
بچے کی پہلی کامیابی دیکھ کر ماں باپ کی آنکھوں میں خوشی کے آنسو آ گئے,P
آن لائن دھوکہ دہی کا شکار ہو کر موسم سرما میں نوجوان کی جمع پونجی چند لمحوں میں لٹ گئی,N
راولپنڈی کے امسال میں نمایاں بہتری نے شہریوں کے چہروں پر مسکراہٹ بکھیر دی,P
راولپنڈی میں خودکش دھماکے کی خبر سن کر بجٹ کے بعد پورا شہر خوف اور غم میں ڈوب گیا,N
دوران چترال میں منعقدہ ثقافتی میلے نے تمام شہریوں کا دل موہ لیا,P
منشیات کے پھیلاؤ نے نوجوان نسل کا مستقبل داؤ پر لگا دیا ہے,N
ڈاکٹر کی خودغرضی نے پورے منصوبے کو ناکامی سے دوچار کر دیا,N
سرکاری ہسپتال کے افسران کی من مانیوں نے عام شہری کو ذلیل و خوار کر دیا,N
کسان نے اوکاڑہ میں عدالت کے تعاون سے ایک شاندار منصوبہ مکمل کر لیا جس سے ہزاروں افراد مستفید ہوں گے,P
سرکاری ہسپتال کی بروقت مدد سے سالانہ تقریب میں سیلاب متاثرین کی زندگی دوبارہ پٹری پر آ گئی,P
کراچی کے بازاروں میں غیر معمولی رونق دیکھی گئی، دکاندار خوش نظر آئے,P
محلے دار کے جھوٹے وعدوں نے انتخابات کے قریب عوام کا اعتماد مکمل طور پر ختم کر دیا ہے,N
فیصل آباد میں خودکش دھماکے کی خبر سن کر پورا شہر خوف اور غم میں ڈوب گیا,N
بہاولپور کے شہریوں کی اجتماعی کوششوں سے سالانہ تقریب میں محلے کی صفائی مہم کامیابی سے مکمل ہوئی,P
بے جا ٹیکسوں کے نفاذ نے امسال چھوٹے تاجروں کی کمر توڑ دی ہے,N
بچوں سے مشقت لینے والے کارخانہ داروں کے خلاف رات گئے کوئی سخت قانون موجود نہیں,N
کسان خاتون کی بدسلوکی نے پیر کے روز پورے محلے کا امن و سکون برباد کر دیا,N
نئی نسل کے کاروباری ذہن نے چھوٹے شہروں میں بھی روزگار کے نئے مواقع پیدا کر دیے,P
خاندان کے ساتھ پہاڑوں کی سیر ایک ناقابل فراموش تجربہ ثابت ہوئی,P
رات گئے راولپنڈی کی گلیاں روشنیوں اور رونق سے جگمگا اٹھیں,P
سرکاری افسر نے عوامی خدمت کا جذبہ برقرار رکھتے ہوئے حالیہ دنوں میں مسلسل مثبت تبدیلی لانے کی کوشش جاری رکھی,P
انصاف کے حصول میں امسال برسوں لگ جاتے ہیں، عدالتی نظام سست روی کا شکار ہے,N
نجی ادارہ کی بروقت مدد سے سیلاب متاثرین کی زندگی دوبارہ پٹری پر آ گئی,P
این جی او کی نااہلی کے باعث حنزہ میں بنیادی سہولیات تک عوام کی رسائی ممکن نہیں رہی,N
کارخانے کی آلودگی نے قریبی آبادی کو سانس کی بیماریوں میں مبتلا کر دیا ہے,N
کھلاڑی نے لاہور میں این جی او کے تعاون سے ایک شاندار منصوبہ مکمل کر لیا جس سے ہزاروں افراد مستفید ہوں گے,P
سائنسدان کا عاجزانہ رویہ اور دوسروں کی مدد کا جذبہ قابل تقلید ہے,P
اسلام آباد میں نئی سڑک کی تعمیر سے سفر کا دورانیہ آدھا رہ گیا، مسافروں نے سکون کا سانس لیا,P
خشک سالی نے چھٹی کے دن کسانوں کی پوری فصل تباہ کر دی اور وہ مقروض ہو گئے,N
کسانوں کی محنت رنگ لائی اور عید کے موقع پر فصل کی پیداوار ریکارڈ سطح پر پہنچ گئی,P
مری کے بازاروں میں غیر معمولی رونق دیکھی گئی، دکاندار خوش نظر آئے,P
پیر کے روز کی برکتوں سے دل کو عجیب سکون اور طمانیت میسر آتی ہے,P
یونیورسٹی کے تعاون سے بجٹ کے بعد بے گھر خاندانوں کو محفوظ رہائش فراہم کر دی گئی,P
محبت اور خلوص سے بھرا یہ رشتہ چھٹی کے دن بھی اتنا ہی مضبوط ہے جتنا پہلے دن تھا,P
راولپنڈی کے میں نمایاں بہتری نے شہریوں کے چہروں پر مسکراہٹ بکھیر دی,P
خشک سالی نے کسانوں کی پوری فصل تباہ کر دی اور وہ مقروض ہو گئے,N
سرکاری ہسپتالوں میں بجٹ کے بعد ادویات کی کمی کے باعث مریض علاج سے محروم رہ گئے,N
محکمہ صحت کی بروقت مدد سے اس ہفتے سیلاب متاثرین کی زندگی دوبارہ پٹری پر آ گئی,P
بینک نے اس ہفتے کے حوالے سے شاندار اصلاحات متعارف کروائیں جن کی ہر جگہ تعریف ہو رہی ہے,P
راولپنڈی کے میں مسلسل بگاڑ نے عوام کو شدید مایوسی سے دوچار کر دیا,N
مقامی فنکار کی پینٹنگ نے بین الاقوامی نمائش میں خصوصی پذیرائی حاصل کی,P
کتاب پڑھنے کی عادت نے میری سوچ کے دائرے کو بہت وسیع کر دیا,P
صبح سویرے ملتان کی گلیاں روشنیوں اور رونق سے جگمگا اٹھیں,P
کوئٹہ کے میں مسلسل بگاڑ نے عوام کو شدید مایوسی سے دوچار کر دیا,N
پارلیمنٹ کی نااہلی کے باعث چترال میں بنیادی سہولیات تک عوام کی رسائی ممکن نہیں رہی,N
وزیر اعظم کی سچائی اور دیانتداری آج بھی معاشرے کے لیے مثال ہے,P
چھٹی کے دن ملتان کی گلیاں روشنیوں اور رونق سے جگمگا اٹھیں,P
محلے دار کی انتھک محنت رنگ لائی اور چھٹی کے دن انہیں وہ مقام مل گیا جس کے وہ حقدار تھے,P
طالب علم کی سادگی اور خلوص نے ہر ملنے والے کا دل جیت لیا,P
ژوب کے میں نمایاں بہتری نے شہریوں کے چہروں پر مسکراہٹ بکھیر دی,P
اسلام آباد میں نئے ہسپتال کے قیام سے دیہی علاقے کے مریضوں کو بروقت علاج میسر آ گیا,P
کسان کو بین الاقوامی سطح پر ایوارڈ ملنے پر پورے خاندان میں خوشی کی لہر دوڑ گئی,P
سرکاری ہسپتال کے افسران کی من مانیوں نے چھٹی کے دن عام شہری کو ذلیل و خوار کر دیا,N
یونیورسٹی نے حالیہ دنوں میں کے حوالے سے شاندار اصلاحات متعارف کروائیں جن کی ہر جگہ تعریف ہو رہی ہے,P
محکمہ صحت کی ناقص کارکردگی کے باعث رمضان میں شہریوں کا اعتماد مکمل طور پر متزلزل ہو گیا,N
معیاری تعلیم کے فقدان نے انتخابات کے قریب دیہی علاقوں کے بچوں کا مستقبل تاریک کر دیا ہے,N
کارخانے کی آلودگی نے چھٹی کے دن قریبی آبادی کو سانس کی بیماریوں میں مبتلا کر دیا ہے,N
پولیس محکمہ میں پھیلی رشوت خوری نے پورے نظام کو اندر سے کھوکھلا کر دیا ہے,N
حکومت کے وعدے صرف کاغذوں تک محدود رہے، عملی طور پر کچھ نہ ہو سکا,N
دکاندار کی سچائی اور دیانتداری آج بھی معاشرے کے لیے مثال ہے,P
بے جا ٹیکسوں کے نفاذ نے گزشتہ ماہ چھوٹے تاجروں کی کمر توڑ دی ہے,N
میچ میں ناقص فیصلوں کی وجہ سے ٹیم کو آخری لمحات میں شکست کا سامنا کرنا پڑا,N
نوجوانوں کی نئی ایجاد نے عالمی مقابلے میں پہلی پوزیشن حاصل کر کے ملک کا نام روشن کیا,P
نوجوانوں کی نئی ایجاد نے عالمی مقابلے میں پہلی پوزیشن حاصل کر کے ملک کا نام روشن کیا,P
انتظامیہ کی جانب سے غریب طلبہ کے لیے وظائف کا اعلان انتہائی خوش آئند قدم ہے,P
منشیات کے پھیلاؤ نے عید کے موقع پر نوجوان نسل کا مستقبل داؤ پر لگا دیا ہے,N
مقامی کھلاڑی نے حالیہ دنوں میں قومی سطح پر گولڈ میڈل جیت کر تمام شہر کو خوشی سے سرشار کر دیا,P
بجٹ کے بعد کے دوران ملتان میں پیش آنے والے واقعے نے سب کو صدمے میں ڈال دیا,N
صبح سویرے پرندوں کی چہچہاہٹ اور تازہ ہوا دل کو ایک عجیب سکون دیتی ہے,P
حالیہ دنوں میں کے دوران بہاولپور میں پیش آنے والے واقعے نے سب کو صدمے میں ڈال دیا,N
بے جا ٹیکسوں کے نفاذ نے چھوٹے تاجروں کی کمر توڑ دی ہے,N
یونیورسٹی کی غفلت کے باعث نوشہرہ کی فیکٹری میں آتشزدگی سے کئی مزدور جھلس گئے,N
نجی ادارہ کی نااہلی کے باعث حیدرآباد میں بنیادی سہولیات تک عوام کی رسائی ممکن نہیں رہی,N
سیالکوٹ میں خودکش دھماکے کی خبر سن کر پورا شہر خوف اور غم میں ڈوب گیا,N
نوجوان نسل کی سادگی اور خلوص نے ہر ملنے والے کا دل جیت لیا,P
مقامی فنکار کی پینٹنگ نے پیر کے روز بین الاقوامی نمائش میں خصوصی پذیرائی حاصل کی,P
سماجی کارکن نے بحران کے باوجود سالانہ تقریب میں ہمت نہ ہاری اور اپنا کاروبار دوبارہ کھڑا کر دکھایا,P
تھر میں حالیہ دنوں میں نئے پارک کی تعمیر سے بچوں اور بزرگوں کو کھلی فضا میں وقت گزارنے کا موقع ملا,P
دوستوں کے ساتھ امسال گزارا وقت زندگی کی سب سے قیمتی یادوں میں شمار ہوتا ہے,P
انتخابات کے قریب کے دوران سکھر میں پیش آنے والے واقعے نے سب کو صدمے میں ڈال دیا,N
بجلی کے بھاری بلوں نے رمضان میں چھوٹے کاروباریوں کو دیوالیہ ہونے پر مجبور کر دیا,N
سیاستدان کی سچائی اور دیانتداری آج بھی معاشرے کے لیے مثال ہے,P
محکمہ صحت کے افسران کی من مانیوں نے سالانہ تقریب میں عام شہری کو ذلیل و خوار کر دیا,N
لسبیلہ کے میں نمایاں بہتری نے شہریوں کے چہروں پر مسکراہٹ بکھیر دی,P
گوجرانوالہ کے میں نمایاں بہتری نے شہریوں کے چہروں پر مسکراہٹ بکھیر دی,P
کھلاڑی نے مشکل حالات میں بھی سالانہ تقریب میں مسکراہٹ نہیں کھوئی اور دوسروں کے لیے حوصلے کا باعث بنے,P
سماجی کارکن پر لگے کرپشن کے الزامات چھٹی کے دن ثابت ہونے کے باوجود کوئی کارروائی نہیں ہوئی,N
وکیل کی سادگی اور خلوص نے ہر ملنے والے کا دل جیت لیا,P
کھیل کے میدان میں شکست کے بعد بھی ٹیم کے حوصلے بلند رہے اور اگلے میچ میں فتح حاصل کی,P
شادی کی تقریب میں پیر کے روز رشتہ داروں کا پرتپاک استقبال دیکھ کر دل باغ باغ ہو گیا,P
دوستوں کے ساتھ گزارا وقت زندگی کی سب سے قیمتی یادوں میں شمار ہوتا ہے,P
صحافی نے عوامی خدمت کا جذبہ برقرار رکھتے ہوئے مسلسل مثبت تبدیلی لانے کی کوشش جاری رکھی,P
سرکاری ہسپتال کی نااہلی کے باعث حنزہ میں بنیادی سہولیات تک عوام کی رسائی ممکن نہیں رہی,N
سرکاری افسر کی مسلسل غفلت کے باعث ایک اور موقع ضائع ہو گیا,N
بینک کے تعاون سے امسال بے گھر خاندانوں کو محفوظ رہائش فراہم کر دی گئی,P
شاعر کی ہٹ دھرمی نے موسم سرما میں مذاکرات کی تمام کوششوں کو ناکام بنا دیا,N
منہگائی کی چکی میں پستا عید کے موقع پر غریب طبقہ دو وقت کی روٹی کو بھی ترس گیا ہے,N
نوشہرہ کے شہریوں کی اجتماعی کوششوں سے سالانہ تقریب میں محلے کی صفائی مہم کامیابی سے مکمل ہوئی,P
وزیر اعلیٰ نے مشکل حالات میں بھی بجٹ کے بعد مسکراہٹ نہیں کھوئی اور دوسروں کے لیے حوصلے کا باعث بنے,P
پیٹرول اور بجلی کی قیمتوں میں صبح سویرے مسلسل اضافے نے متوسط طبقے کی کمر توڑ دی ہے,N
محلے دار کی سادگی اور خلوص نے رمضان میں ہر ملنے والے کا دل جیت لیا,P
برسوں بعد بچھڑے دوستوں کا عید کے موقع پر اچانک ملنا زندگی کا حسین اتفاق تھا,P
محبت اور خلوص سے بھرا یہ رشتہ عید کے موقع پر بھی اتنا ہی مضبوط ہے جتنا پہلے دن تھا,P
نرس کے دھوکے نے برسوں کی دوستی کو ایک ہی لمحے میں ختم کر دیا,N
صحافی نے مشکل حالات میں بھی مسکراہٹ نہیں کھوئی اور دوسروں کے لیے حوصلے کا باعث بنے,P
شور شرابے اور آلودگی نے چھٹی کے دن نوشہرہ کی رہائشی زندگی کو غیر معیاری بنا دیا ہے,N
راولپنڈی کے شہریوں کی اجتماعی کوششوں سے محلے کی صفائی مہم کامیابی سے مکمل ہوئی,P
راولپنڈی میں نئے ہسپتال کے قیام سے اس ہفتے دیہی علاقے کے مریضوں کو بروقت علاج میسر آ گیا,P
بارش کے بعد لاہور کا موسم انتہائی خوشگوار ہو گیا اور موسم سرما میں لوگ گھروں سے باہر نکل آئے,P
حکومت کی ناقص کارکردگی کے باعث گزشتہ ماہ شہریوں کا اعتماد مکمل طور پر متزلزل ہو گیا,N
غیر ذمہ دارانہ ڈرائیونگ کے باعث سڑک حادثے میں معصوم بچہ جاں بحق ہو گیا,N
کوئٹہ کی گلیوں میں کوڑے کے ڈھیر بیماریاں پھیلانے کا باعث بن رہے ہیں,N
گوجرانوالہ میں نئے ہسپتال کے قیام سے حالیہ دنوں میں دیہی علاقے کے مریضوں کو بروقت علاج میسر آ گیا,P
ریلوے میں پھیلی رشوت خوری نے پیر کے روز پورے نظام کو اندر سے کھوکھلا کر دیا ہے,N
صبح سویرے پرندوں کی چہچہاہٹ اور تازہ ہوا دل کو ایک عجیب سکون دیتی ہے,P
پولیس اہلکار کے دھوکے نے بجٹ کے بعد برسوں کی دوستی کو ایک ہی لمحے میں ختم کر دیا,N
وزیر اعظم کی انتھک محنت رنگ لائی اور انہیں وہ مقام مل گیا جس کے وہ حقدار تھے,P
دوستوں کے ساتھ پیر کے روز گزارا وقت زندگی کی سب سے قیمتی یادوں میں شمار ہوتا ہے,P
این جی او نے سالانہ تقریب میں کے حوالے سے شاندار اصلاحات متعارف کروائیں جن کی ہر جگہ تعریف ہو رہی ہے,P
سیاستدانوں کی باہمی چپقلش نے عوامی مسائل کو مکمل طور پر پس پشت ڈال دیا,N
امتحان میں ناکامی کے بعد طالب علم شدید ذہنی دباؤ کا شکار ہو گیا,N
این جی او کی بروقت مدد سے صبح سویرے سیلاب متاثرین کی زندگی دوبارہ پٹری پر آ گئی,P
لاہور میں ٹریفک جام میں گھنٹوں پھنسے رہنا اب معمول بن چکا ہے، لوگ ذہنی کوفت کا شکار ہیں,N
دوران لسبیلہ میں پیش آنے والے واقعے نے سب کو صدمے میں ڈال دیا,N
امتحان میں ناکامی کے بعد انتخابات کے قریب طالب علم شدید ذہنی دباؤ کا شکار ہو گیا,N
سائنسدان کی بدسلوکی نے پورے محلے کا امن و سکون برباد کر دیا,N
نرس کے دھوکے نے سالانہ تقریب میں برسوں کی دوستی کو ایک ہی لمحے میں ختم کر دیا,N
صحافی کے جھوٹے وعدوں نے امسال عوام کا اعتماد مکمل طور پر ختم کر دیا ہے,N
گوجرانوالہ کی گلیوں میں کوڑے کے ڈھیر بیماریاں پھیلانے کا باعث بن رہے ہیں,N
ریلوے کی نااہلی کے باعث جہلم میں بنیادی سہولیات تک عوام کی رسائی ممکن نہیں رہی,N
کارپوریشن کی بروقت مدد سے سیلاب متاثرین کی زندگی دوبارہ پٹری پر آ گئی,P
کھلاڑی کے دھوکے نے بجٹ کے بعد برسوں کی دوستی کو ایک ہی لمحے میں ختم کر دیا,N
کھلاڑی کی مسلسل غفلت کے باعث موسم سرما میں ایک اور موقع ضائع ہو گیا,N
میونسپل کمیٹی میں پھیلی رشوت خوری نے پورے نظام کو اندر سے کھوکھلا کر دیا ہے,N
حنزہ کی گلیوں میں کوڑے کے ڈھیر موسم سرما میں بیماریاں پھیلانے کا باعث بن رہے ہیں,N
چترال کے شہریوں کی اجتماعی کوششوں سے محلے کی صفائی مہم کامیابی سے مکمل ہوئی,P
سالانہ تقریب میں گوجرانوالہ کی گلیاں روشنیوں اور رونق سے جگمگا اٹھیں,P
مقامی کھلاڑی نے بجٹ کے بعد قومی سطح پر گولڈ میڈل جیت کر تمام شہر کو خوشی سے سرشار کر دیا,P
سرکاری ہسپتال کے وعدے امسال صرف کاغذوں تک محدود رہے، عملی طور پر کچھ نہ ہو سکا,N
بہاولپور میں پانی کی قلت نے امسال شہریوں کا جینا محال کر دیا ہے,N
مقامی فنکار کی پینٹنگ نے صبح سویرے بین الاقوامی نمائش میں خصوصی پذیرائی حاصل کی,P
یونیورسٹی میں پھیلی رشوت خوری نے رمضان میں پورے نظام کو اندر سے کھوکھلا کر دیا ہے,N
لاہور میں خودکش دھماکے کی خبر سن کر انتخابات کے قریب پورا شہر خوف اور غم میں ڈوب گیا,N
کسانوں کی محنت رنگ لائی اور انتخابات کے قریب فصل کی پیداوار ریکارڈ سطح پر پہنچ گئی,P
بارش کے بعد حنزہ کا موسم انتہائی خوشگوار ہو گیا اور لوگ گھروں سے باہر نکل آئے,P
شدید گرمی اور لوڈشیڈنگ نے مری کے باسیوں کی زندگی اجیرن کر دی ہے,N
کارپوریشن کی سست روی کی وجہ سے سالانہ تقریب میں فائل مہینوں دفتروں میں پڑی رہی,N
بے روزگاری کے ہاتھوں تنگ نوجوان ملک چھوڑنے پر مجبور ہو گئے ہیں,N
فیصل آباد میں پانی کی قلت نے صبح سویرے شہریوں کا جینا محال کر دیا ہے,N
ادیب کی سادگی اور خلوص نے پیر کے روز ہر ملنے والے کا دل جیت لیا,P
استاد کو بین الاقوامی سطح پر ایوارڈ ملنے پر پورے خاندان میں خوشی کی لہر دوڑ گئی,P
صحت کارکن نے مشکل حالات میں بھی مسکراہٹ نہیں کھوئی اور دوسروں کے لیے حوصلے کا باعث بنے,P
نوجوانوں کی نئی ایجاد نے عالمی مقابلے میں پہلی پوزیشن حاصل کر کے ملک کا نام روشن کیا,P
سکھر کے میں مسلسل بگاڑ نے عوام کو شدید مایوسی سے دوچار کر دیا,N
واپڈا نے کے حوالے سے شاندار اصلاحات متعارف کروائیں جن کی ہر جگہ تعریف ہو رہی ہے,P
شور شرابے اور آلودگی نے حالیہ دنوں میں سیالکوٹ کی رہائشی زندگی کو غیر معیاری بنا دیا ہے,N
استاد کی حوصلہ افزائی نے رات گئے ایک کمزور طالب علم کو کلاس کا بہترین نتیجہ دینے والا بنا دیا,P
شور شرابے اور آلودگی نے لاہور کی رہائشی زندگی کو غیر معیاری بنا دیا ہے,N
بجلی کے بھاری بلوں نے چھوٹے کاروباریوں کو دیوالیہ ہونے پر مجبور کر دیا,N
منہگائی کی چکی میں پستا غریب طبقہ دو وقت کی روٹی کو بھی ترس گیا ہے,N
کوئٹہ کے بازاروں میں غیر معمولی رونق دیکھی گئی، دکاندار خوش نظر آئے,P
موسم سرما میں کے دوران کوئٹہ میں منعقدہ ثقافتی میلے نے تمام شہریوں کا دل موہ لیا,P
سرکاری افسر کی رہنمائی میں حالیہ دنوں میں نوجوان ٹیم نے قابل ستائش کارکردگی کا مظاہرہ کیا,P
ڈاکٹر کے جھوٹے وعدوں نے عوام کا اعتماد مکمل طور پر ختم کر دیا ہے,N
پشاور میں پانی کی قلت نے شہریوں کا جینا محال کر دیا ہے,N
گوجرانوالہ میں پانی کی قلت نے شہریوں کا جینا محال کر دیا ہے,N
حنزہ کی سڑکوں پر بنے گڑھوں کی وجہ سے رات گئے روزانہ نئے حادثات جنم لے رہے ہیں,N
کوئٹہ میں خودکش دھماکے کی خبر سن کر چھٹی کے دن پورا شہر خوف اور غم میں ڈوب گیا,N
میونسپل کمیٹی نے صبح سویرے نئی پالیسی متعارف کروائی جس سے عام آدمی کو کافی ریلیف ملنے کی توقع ہے,P
بارش کے بعد اسلام آباد کا موسم انتہائی خوشگوار ہو گیا اور چھٹی کے دن لوگ گھروں سے باہر نکل آئے,P
بینک کے افسران کی من مانیوں نے عام شہری کو ذلیل و خوار کر دیا,N
مری کے عید کے موقع پر میں مسلسل بگاڑ نے عوام کو شدید مایوسی سے دوچار کر دیا,N
عدالت کی غفلت کے باعث تھر کی فیکٹری میں آتشزدگی سے کئی مزدور جھلس گئے,N
ملتان میں ٹریفک جام میں گھنٹوں پھنسے رہنا اب معمول بن چکا ہے، لوگ ذہنی کوفت کا شکار ہیں,N
برسوں بعد بچھڑے دوستوں کا اچانک ملنا زندگی کا حسین اتفاق تھا,P
وزیر اعظم نے بحران کے باوجود پیر کے روز ہمت نہ ہاری اور اپنا کاروبار دوبارہ کھڑا کر دکھایا,P
وکیل کی سچائی اور دیانتداری پیر کے روز آج بھی معاشرے کے لیے مثال ہے,P
مقامی فنکار کی پینٹنگ نے بجٹ کے بعد بین الاقوامی نمائش میں خصوصی پذیرائی حاصل کی,P
کسانوں کی محنت رنگ لائی اور فصل کی پیداوار ریکارڈ سطح پر پہنچ گئی,P
تعلیمی بورڈ کی بروقت مدد سے صبح سویرے سیلاب متاثرین کی زندگی دوبارہ پٹری پر آ گئی,P
جھوٹی خبروں کے سیلاب نے سوشل میڈیا صارفین کو شدید ذہنی کوفت میں مبتلا کر دیا,N
جعلی ادویات کے کاروبار نے سینکڑوں مریضوں کی جان خطرے میں ڈال دی,N
کارپوریشن نے صبح سویرے نئی پالیسی متعارف کروائی جس سے عام آدمی کو کافی ریلیف ملنے کی توقع ہے,P
تاجر پر لگے کرپشن کے الزامات انتخابات کے قریب ثابت ہونے کے باوجود کوئی کارروائی نہیں ہوئی,N
بلدیہ نے نئی پالیسی متعارف کروائی جس سے عام آدمی کو کافی ریلیف ملنے کی توقع ہے,P
نئی نسل کے کاروباری ذہن نے بجٹ کے بعد چھوٹے شہروں میں بھی روزگار کے نئے مواقع پیدا کر دیے,P
شدید گرمی اور لوڈشیڈنگ نے صبح سویرے لاہور کے باسیوں کی زندگی اجیرن کر دی ہے,N
منہگائی کی چکی میں پستا حالیہ دنوں میں غریب طبقہ دو وقت کی روٹی کو بھی ترس گیا ہے,N
بچے کی پہلی کامیابی دیکھ کر ماں باپ کی آنکھوں میں خوشی کے آنسو آ گئے,P
سیالکوٹ میں نئی سڑک کی تعمیر سے سفر کا دورانیہ آدھا رہ گیا، مسافروں نے سکون کا سانس لیا,P
غیر ذمہ دارانہ ڈرائیونگ کے باعث سڑک حادثے میں معصوم بچہ جاں بحق ہو گیا,N
انصاف کے حصول میں سالانہ تقریب میں برسوں لگ جاتے ہیں، عدالتی نظام سست روی کا شکار ہے,N
راولپنڈی میں اس ہفتے نئے پارک کی تعمیر سے بچوں اور بزرگوں کو کھلی فضا میں وقت گزارنے کا موقع ملا,P
سیاستدان کی رہنمائی میں نوجوان ٹیم نے قابل ستائش کارکردگی کا مظاہرہ کیا,P
بجٹ کے بعد سماجی کارکن نے نوشہرہ میں نجی ادارہ کے تعاون سے ایک شاندار منصوبہ مکمل کر لیا جس سے ہزاروں افراد مستفید ہوں گے,P
شور شرابے اور آلودگی نے امسال حیدرآباد کی رہائشی زندگی کو غیر معیاری بنا دیا ہے,N
گزشتہ ماہ کے دوران بہاولپور میں پیش آنے والے واقعے نے سب کو صدمے میں ڈال دیا,N
بے جا ٹیکسوں کے نفاذ نے حالیہ دنوں میں چھوٹے تاجروں کی کمر توڑ دی ہے,N
شور شرابے اور آلودگی نے گوجرانوالہ کی رہائشی زندگی کو غیر معیاری بنا دیا ہے,N
ڈرائیور کی خودغرضی نے پورے منصوبے کو ناکامی سے دوچار کر دیا,N
لاہور میں خودکش دھماکے کی خبر سن کر پورا شہر خوف اور غم میں ڈوب گیا,N
اسلام آباد کی سڑکوں پر بنے گڑھوں کی وجہ سے گزشتہ ماہ روزانہ نئے حادثات جنم لے رہے ہیں,N
طویل انتظار کے بعد موسم سرما میں بالآخر بارش نے شہر کی گرمی سے نجات دلا دی,P
معیاری تعلیم کے فقدان نے صبح سویرے دیہی علاقوں کے بچوں کا مستقبل تاریک کر دیا ہے,N
میونسپل کمیٹی کی بروقت مدد سے رمضان میں سیلاب متاثرین کی زندگی دوبارہ پٹری پر آ گئی,P
بے جا ٹیکسوں کے نفاذ نے چھٹی کے دن چھوٹے تاجروں کی کمر توڑ دی ہے,N
اسلام آباد میں صبح سویرے نئے پارک کی تعمیر سے بچوں اور بزرگوں کو کھلی فضا میں وقت گزارنے کا موقع ملا,P
منہگائی کی چکی میں پستا غریب طبقہ دو وقت کی روٹی کو بھی ترس گیا ہے,N
نئے تعلیمی سیشن کا آغاز جوش و خروش سے ہوا، بچے مسکراتے ہوئے سکول پہنچے,P
سرکاری افسر کی مسلسل غفلت کے باعث پیر کے روز ایک اور موقع ضائع ہو گیا,N
سیاستدانوں کی باہمی چپقلش نے سالانہ تقریب میں عوامی مسائل کو مکمل طور پر پس پشت ڈال دیا,N
واپڈا کی غفلت کے باعث ژوب کی فیکٹری میں آتشزدگی سے کئی مزدور جھلس گئے,N
غیر ذمہ دارانہ ڈرائیونگ کے باعث رمضان میں سڑک حادثے میں معصوم بچہ جاں بحق ہو گیا,N
محکمہ صحت نے کے حوالے سے شاندار اصلاحات متعارف کروائیں جن کی ہر جگہ تعریف ہو رہی ہے,P
بچوں سے مشقت لینے والے کارخانہ داروں کے خلاف کوئی سخت قانون موجود نہیں,N
سرکاری افسر پر لگے کرپشن کے الزامات ثابت ہونے کے باوجود کوئی کارروائی نہیں ہوئی,N
بجلی کے بھاری بلوں نے چھوٹے کاروباریوں کو دیوالیہ ہونے پر مجبور کر دیا,N
ریلوے کی نااہلی کے باعث کراچی میں بنیادی سہولیات تک عوام کی رسائی ممکن نہیں رہی,N
یونیورسٹی کی غفلت کے باعث جہلم کی فیکٹری میں آتشزدگی سے کئی مزدور جھلس گئے,N
بے روزگاری کے ہاتھوں تنگ رمضان میں نوجوان ملک چھوڑنے پر مجبور ہو گئے ہیں,N
واپڈا کے تعاون سے بے گھر خاندانوں کو محفوظ رہائش فراہم کر دی گئی,P
چترال کے پیر کے روز میں مسلسل بگاڑ نے عوام کو شدید مایوسی سے دوچار کر دیا,N
شادی کی تقریب میں رشتہ داروں کا پرتپاک استقبال دیکھ کر دل باغ باغ ہو گیا,P
شاعر کی مسلسل غفلت کے باعث ایک اور موقع ضائع ہو گیا,N
شدید گرمی اور لوڈشیڈنگ نے نوشہرہ کے باسیوں کی زندگی اجیرن کر دی ہے,N
منشیات کے پھیلاؤ نے اس ہفتے نوجوان نسل کا مستقبل داؤ پر لگا دیا ہے,N
معیاری تعلیم کے فقدان نے موسم سرما میں دیہی علاقوں کے بچوں کا مستقبل تاریک کر دیا ہے,N
کھیل کے میدان میں شکست کے بعد بھی ٹیم کے حوصلے بلند رہے اور اگلے میچ میں فتح حاصل کی,P
بلدیہ میں پھیلی رشوت خوری نے پورے نظام کو اندر سے کھوکھلا کر دیا ہے,N
سماجی کارکن پر لگے کرپشن کے الزامات اس ہفتے ثابت ہونے کے باوجود کوئی کارروائی نہیں ہوئی,N
واپڈا کی ناقص کارکردگی کے باعث شہریوں کا اعتماد مکمل طور پر متزلزل ہو گیا,N
غیر ذمہ دارانہ ڈرائیونگ کے باعث سڑک حادثے میں معصوم بچہ جاں بحق ہو گیا,N
خاندان کے ساتھ پہاڑوں کی سیر ایک ناقابل فراموش تجربہ ثابت ہوئی,P
سرکاری ہسپتال کی نااہلی کے باعث سوات میں بنیادی سہولیات تک عوام کی رسائی ممکن نہیں رہی,N
شدید گرمی اور لوڈشیڈنگ نے چھٹی کے دن چترال کے باسیوں کی زندگی اجیرن کر دی ہے,N
امتحان میں ناکامی کے بعد چھٹی کے دن طالب علم شدید ذہنی دباؤ کا شکار ہو گیا,N
میونسپل کمیٹی کی جانب سے غریب طلبہ کے لیے وظائف کا اعلان انتہائی خوش آئند قدم ہے,P
آن لائن دھوکہ دہی کا شکار ہو کر اس ہفتے نوجوان کی جمع پونجی چند لمحوں میں لٹ گئی,N
سماجی کارکن کی بدسلوکی نے انتخابات کے قریب پورے محلے کا امن و سکون برباد کر دیا,N
شدید گرمی اور لوڈشیڈنگ نے حالیہ دنوں میں نوشہرہ کے باسیوں کی زندگی اجیرن کر دی ہے,N
پاکستانی ٹیم نے عید کے موقع پر زبردست کارکردگی دکھاتے ہوئے میچ جیت لیا، شائقین جھوم اٹھے,P
معیاری تعلیم کے فقدان نے دیہی علاقوں کے بچوں کا مستقبل تاریک کر دیا ہے,N
گوجرانوالہ کے نوجوانوں نے موسم سرما میں مل کر ماحول دوست منصوبہ شروع کیا جس کی ہر طرف تعریف ہو رہی ہے,P
خشک سالی نے پیر کے روز کسانوں کی پوری فصل تباہ کر دی اور وہ مقروض ہو گئے,N
راولپنڈی میں خودکش دھماکے کی خبر سن کر عید کے موقع پر پورا شہر خوف اور غم میں ڈوب گیا,N
کسانوں کی محنت رنگ لائی اور فصل کی پیداوار ریکارڈ سطح پر پہنچ گئی,P
پیر کے روز نئے تعلیمی سیشن کا آغاز جوش و خروش سے ہوا، بچے مسکراتے ہوئے سکول پہنچے,P
بینک کے تعاون سے گزشتہ ماہ بے گھر خاندانوں کو محفوظ رہائش فراہم کر دی گئی,P
کسانوں کی محنت رنگ لائی اور چھٹی کے دن فصل کی پیداوار ریکارڈ سطح پر پہنچ گئی,P
کسان خاتون کی بدسلوکی نے پورے محلے کا امن و سکون برباد کر دیا,N
سرکاری ہسپتال کے تعاون سے بے گھر خاندانوں کو محفوظ رہائش فراہم کر دی گئی,P
وکیل کی ہٹ دھرمی نے رات گئے مذاکرات کی تمام کوششوں کو ناکام بنا دیا,N
ڈرائیور پر لگے کرپشن کے الزامات حالیہ دنوں میں ثابت ہونے کے باوجود کوئی کارروائی نہیں ہوئی,N
بے روزگاری کے ہاتھوں تنگ امسال نوجوان ملک چھوڑنے پر مجبور ہو گئے ہیں,N
محکمہ زراعت کی ناقص کارکردگی کے باعث چھٹی کے دن شہریوں کا اعتماد مکمل طور پر متزلزل ہو گیا,N
تھر کی گلیوں میں کوڑے کے ڈھیر رمضان میں بیماریاں پھیلانے کا باعث بن رہے ہیں,N
حکومت کی بروقت مدد سے چھٹی کے دن سیلاب متاثرین کی زندگی دوبارہ پٹری پر آ گئی,P
سیلاب کی تباہ کاریوں نے چھٹی کے دن ہزاروں گھرانوں کو بے گھر کر دیا اور امداد بھی نہ پہنچی,N
محکمہ زراعت کے تعاون سے بے گھر خاندانوں کو محفوظ رہائش فراہم کر دی گئی,P
لاہور میں پانی کی قلت نے چھٹی کے دن شہریوں کا جینا محال کر دیا ہے,N
بلدیہ میں پھیلی رشوت خوری نے پورے نظام کو اندر سے کھوکھلا کر دیا ہے,N
ریلوے کے وعدے صرف کاغذوں تک محدود رہے، عملی طور پر کچھ نہ ہو سکا,N
کسانوں کی محنت رنگ لائی اور فصل کی پیداوار ریکارڈ سطح پر پہنچ گئی,P
تاجر نے عوامی خدمت کا جذبہ برقرار رکھتے ہوئے امسال مسلسل مثبت تبدیلی لانے کی کوشش جاری رکھی,P
واپڈا کی سست روی کی وجہ سے سالانہ تقریب میں فائل مہینوں دفتروں میں پڑی رہی,N
گلگت میں سالانہ تقریب میں نئے پارک کی تعمیر سے بچوں اور بزرگوں کو کھلی فضا میں وقت گزارنے کا موقع ملا,P
امتحان میں ناکامی کے بعد طالب علم شدید ذہنی دباؤ کا شکار ہو گیا,N
میونسپل کمیٹی کے وعدے انتخابات کے قریب صرف کاغذوں تک محدود رہے، عملی طور پر کچھ نہ ہو سکا,N
مری کے نوجوانوں نے مل کر ماحول دوست منصوبہ شروع کیا جس کی ہر طرف تعریف ہو رہی ہے,P
یونیورسٹی کی غفلت کے باعث حنزہ کی فیکٹری میں آتشزدگی سے کئی مزدور جھلس گئے,N
بجلی کے بھاری بلوں نے چھوٹے کاروباریوں کو دیوالیہ ہونے پر مجبور کر دیا,N
وکیل کی انتھک محنت رنگ لائی اور عید کے موقع پر انہیں وہ مقام مل گیا جس کے وہ حقدار تھے,P
مقامی فنکار کی پینٹنگ نے بین الاقوامی نمائش میں خصوصی پذیرائی حاصل کی,P
سیلاب کی تباہ کاریوں نے انتخابات کے قریب ہزاروں گھرانوں کو بے گھر کر دیا اور امداد بھی نہ پہنچی,N
تھر میں پانی کی قلت نے سالانہ تقریب میں شہریوں کا جینا محال کر دیا ہے,N
اوکاڑہ میں ٹریفک جام میں گھنٹوں پھنسے رہنا اب معمول بن چکا ہے، لوگ ذہنی کوفت کا شکار ہیں,N
کھیل کے میدان میں شکست کے بعد بھی ٹیم کے حوصلے بلند رہے اور اگلے میچ میں فتح حاصل کی,P
سکھر کے سالانہ تقریب میں مسلسل بگاڑ نے عوام کو شدید مایوسی سے دوچار کر دیا,N
حکومت کی ناقص کارکردگی کے باعث شہریوں کا اعتماد مکمل طور پر متزلزل ہو گیا,N
خشک سالی نے انتخابات کے قریب کسانوں کی پوری فصل تباہ کر دی اور وہ مقروض ہو گئے,N
تاجر کو انتخابات کے قریب بین الاقوامی سطح پر ایوارڈ ملنے پر پورے خاندان میں خوشی کی لہر دوڑ گئی,P
حالیہ دنوں میں نئے تعلیمی سیشن کا آغاز جوش و خروش سے ہوا، بچے مسکراتے ہوئے سکول پہنچے,P
دکاندار کی خودغرضی نے پورے منصوبے کو ناکامی سے دوچار کر دیا,N
جہلم کے نوجوانوں نے مل کر ماحول دوست منصوبہ شروع کیا جس کی ہر طرف تعریف ہو رہی ہے,P
سائنسدان کو بین الاقوامی سطح پر ایوارڈ ملنے پر پورے خاندان میں خوشی کی لہر دوڑ گئی,P
عدالت نے عید کے موقع پر کے حوالے سے شاندار اصلاحات متعارف کروائیں جن کی ہر جگہ تعریف ہو رہی ہے,P
سیاستدانوں کی باہمی چپقلش نے عید کے موقع پر عوامی مسائل کو مکمل طور پر پس پشت ڈال دیا,N
اسلام آباد میں نئے ہسپتال کے قیام سے سالانہ تقریب میں دیہی علاقے کے مریضوں کو بروقت علاج میسر آ گیا,P
جہلم کے بازاروں میں غیر معمولی رونق دیکھی گئی، دکاندار خوش نظر آئے,P
انتظامیہ کے افسران کی من مانیوں نے عام شہری کو ذلیل و خوار کر دیا,N
شدید گرمی اور لوڈشیڈنگ نے بہاولپور کے باسیوں کی زندگی اجیرن کر دی ہے,N
کھیل کے میدان میں شکست کے بعد بھی انتخابات کے قریب ٹیم کے حوصلے بلند رہے اور اگلے میچ میں فتح حاصل کی,P
خشک سالی نے کسانوں کی پوری فصل تباہ کر دی اور وہ مقروض ہو گئے,N
سیلاب کی تباہ کاریوں نے ہزاروں گھرانوں کو بے گھر کر دیا اور امداد بھی نہ پہنچی,N
چترال میں پانی کی قلت نے شہریوں کا جینا محال کر دیا ہے,N
لسبیلہ کی گلیوں میں کوڑے کے ڈھیر انتخابات کے قریب بیماریاں پھیلانے کا باعث بن رہے ہیں,N
راولپنڈی میں پانی کی قلت نے شہریوں کا جینا محال کر دیا ہے,N
گوجرانوالہ کی سڑکوں پر بنے گڑھوں کی وجہ سے امسال روزانہ نئے حادثات جنم لے رہے ہیں,N
پشاور کی سڑکوں پر بنے گڑھوں کی وجہ سے روزانہ نئے حادثات جنم لے رہے ہیں,N
جھوٹی خبروں کے سیلاب نے چھٹی کے دن سوشل میڈیا صارفین کو شدید ذہنی کوفت میں مبتلا کر دیا,N
سیالکوٹ کے شہریوں کی اجتماعی کوششوں سے محلے کی صفائی مہم کامیابی سے مکمل ہوئی,P
خاندان کے ساتھ رمضان میں پہاڑوں کی سیر ایک ناقابل فراموش تجربہ ثابت ہوئی,P
غیر ذمہ دارانہ ڈرائیونگ کے باعث حالیہ دنوں میں سڑک حادثے میں معصوم بچہ جاں بحق ہو گیا,N
ڈرائیور پر لگے کرپشن کے الزامات ثابت ہونے کے باوجود کوئی کارروائی نہیں ہوئی,N
جہلم کے شہریوں کی اجتماعی کوششوں سے رات گئے محلے کی صفائی مہم کامیابی سے مکمل ہوئی,P
حنزہ میں خودکش دھماکے کی خبر سن کر امسال پورا شہر خوف اور غم میں ڈوب گیا,N
دوران تھر میں پیش آنے والے واقعے نے سب کو صدمے میں ڈال دیا,N
شدید گرمی اور لوڈشیڈنگ نے ملتان کے باسیوں کی زندگی اجیرن کر دی ہے,N
فنکار کی انتھک محنت رنگ لائی اور بجٹ کے بعد انہیں وہ مقام مل گیا جس کے وہ حقدار تھے,P
بجلی کے بھاری بلوں نے چھوٹے کاروباریوں کو دیوالیہ ہونے پر مجبور کر دیا,N
ژوب میں نئے ہسپتال کے قیام سے پیر کے روز دیہی علاقے کے مریضوں کو بروقت علاج میسر آ گیا,P
ڈاکٹر نے اسلام آباد میں این جی او کے تعاون سے ایک شاندار منصوبہ مکمل کر لیا جس سے ہزاروں افراد مستفید ہوں گے,P
میچ میں ناقص فیصلوں کی وجہ سے ٹیم کو آخری لمحات میں شکست کا سامنا کرنا پڑا,N
انتظامیہ کی غفلت کے باعث ملتان کی فیکٹری میں آتشزدگی سے کئی مزدور جھلس گئے,N
کتاب پڑھنے کی عادت نے انتخابات کے قریب میری سوچ کے دائرے کو بہت وسیع کر دیا,P
تاجر کی سادگی اور خلوص نے ہر ملنے والے کا دل جیت لیا,P
کراچی کی گلیوں میں کوڑے کے ڈھیر صبح سویرے بیماریاں پھیلانے کا باعث بن رہے ہیں,N
فیصل آباد میں نئے ہسپتال کے قیام سے دیہی علاقے کے مریضوں کو بروقت علاج میسر آ گیا,P
سماجی کارکن کی بدسلوکی نے رمضان میں پورے محلے کا امن و سکون برباد کر دیا,N
وزیر اعلیٰ کی ہٹ دھرمی نے صبح سویرے مذاکرات کی تمام کوششوں کو ناکام بنا دیا,N
استاد کی حوصلہ افزائی نے انتخابات کے قریب ایک کمزور طالب علم کو کلاس کا بہترین نتیجہ دینے والا بنا دیا,P
معیاری تعلیم کے فقدان نے سالانہ تقریب میں دیہی علاقوں کے بچوں کا مستقبل تاریک کر دیا ہے,N
انتظامیہ کی سست روی کی وجہ سے فائل مہینوں دفتروں میں پڑی رہی,N
کاروباری شخص نے مشکل حالات میں بھی مسکراہٹ نہیں کھوئی اور دوسروں کے لیے حوصلے کا باعث بنے,P
پشاور میں نئے ہسپتال کے قیام سے سالانہ تقریب میں دیہی علاقے کے مریضوں کو بروقت علاج میسر آ گیا,P
استاد کی حوصلہ افزائی نے حالیہ دنوں میں ایک کمزور طالب علم کو کلاس کا بہترین نتیجہ دینے والا بنا دیا,P
جہلم میں ٹریفک جام میں گھنٹوں پھنسے رہنا اب معمول بن چکا ہے، لوگ ذہنی کوفت کا شکار ہیں,N
کھلاڑی کی خودغرضی نے پورے منصوبے کو ناکامی سے دوچار کر دیا,N
ڈاکٹر کی سادگی اور خلوص نے ہر ملنے والے کا دل جیت لیا,P
دکاندار کی انتھک محنت رنگ لائی اور سالانہ تقریب میں انہیں وہ مقام مل گیا جس کے وہ حقدار تھے,P
محکمہ زراعت میں پھیلی رشوت خوری نے پورے نظام کو اندر سے کھوکھلا کر دیا ہے,N
ریلوے کی نااہلی کے باعث سوات میں بنیادی سہولیات تک عوام کی رسائی ممکن نہیں رہی,N
نوشہرہ میں ٹریفک جام میں گھنٹوں پھنسے رہنا اب معمول بن چکا ہے، لوگ ذہنی کوفت کا شکار ہیں,N
کوئٹہ کے شہریوں کی اجتماعی کوششوں سے عید کے موقع پر محلے کی صفائی مہم کامیابی سے مکمل ہوئی,P
بے روزگاری کے ہاتھوں تنگ نوجوان ملک چھوڑنے پر مجبور ہو گئے ہیں,N
میچ میں ناقص فیصلوں کی وجہ سے انتخابات کے قریب ٹیم کو آخری لمحات میں شکست کا سامنا کرنا پڑا,N
سوات میں رمضان میں نئے پارک کی تعمیر سے بچوں اور بزرگوں کو کھلی فضا میں وقت گزارنے کا موقع ملا,P
کراچی کے نوجوانوں نے مل کر ماحول دوست منصوبہ شروع کیا جس کی ہر طرف تعریف ہو رہی ہے,P
بجلی کے بھاری بلوں نے چھوٹے کاروباریوں کو دیوالیہ ہونے پر مجبور کر دیا,N
وزیر اعلیٰ کی مسلسل غفلت کے باعث ایک اور موقع ضائع ہو گیا,N
انتخابات کے قریب کے دوران چترال میں منعقدہ ثقافتی میلے نے تمام شہریوں کا دل موہ لیا,P
کوئٹہ کے گزشتہ ماہ میں نمایاں بہتری نے شہریوں کے چہروں پر مسکراہٹ بکھیر دی,P
فیصل آباد میں نئی سڑک کی تعمیر سے سفر کا دورانیہ آدھا رہ گیا، مسافروں نے سکون کا سانس لیا,P
کسان خاتون نے سیالکوٹ میں بلدیہ کے تعاون سے ایک شاندار منصوبہ مکمل کر لیا جس سے ہزاروں افراد مستفید ہوں گے,P
کتاب پڑھنے کی عادت نے صبح سویرے میری سوچ کے دائرے کو بہت وسیع کر دیا,P
پولیس محکمہ نے صبح سویرے کے حوالے سے شاندار اصلاحات متعارف کروائیں جن کی ہر جگہ تعریف ہو رہی ہے,P
استاد کے دھوکے نے چھٹی کے دن برسوں کی دوستی کو ایک ہی لمحے میں ختم کر دیا,N
این جی او کے افسران کی من مانیوں نے چھٹی کے دن عام شہری کو ذلیل و خوار کر دیا,N
پیٹرول اور بجلی کی قیمتوں میں انتخابات کے قریب مسلسل اضافے نے متوسط طبقے کی کمر توڑ دی ہے,N
چترال کی گلیوں میں کوڑے کے ڈھیر بیماریاں پھیلانے کا باعث بن رہے ہیں,N
این جی او کی بروقت مدد سے پیر کے روز سیلاب متاثرین کی زندگی دوبارہ پٹری پر آ گئی,P
بارش کے بعد سوات کا موسم انتہائی خوشگوار ہو گیا اور گزشتہ ماہ لوگ گھروں سے باہر نکل آئے,P
انتظامیہ نے انتخابات کے قریب نئی پالیسی متعارف کروائی جس سے عام آدمی کو کافی ریلیف ملنے کی توقع ہے,P
سوات کے شہریوں کی اجتماعی کوششوں سے پیر کے روز محلے کی صفائی مہم کامیابی سے مکمل ہوئی,P
سکھر میں خودکش دھماکے کی خبر سن کر صبح سویرے پورا شہر خوف اور غم میں ڈوب گیا,N
کارپوریشن کی سست روی کی وجہ سے فائل مہینوں دفتروں میں پڑی رہی,N
بجلی کے بھاری بلوں نے حالیہ دنوں میں چھوٹے کاروباریوں کو دیوالیہ ہونے پر مجبور کر دیا,N
سیالکوٹ میں خودکش دھماکے کی خبر سن کر چھٹی کے دن پورا شہر خوف اور غم میں ڈوب گیا,N
محکمہ صحت کے وعدے حالیہ دنوں میں صرف کاغذوں تک محدود رہے، عملی طور پر کچھ نہ ہو سکا,N
میونسپل کمیٹی کی سست روی کی وجہ سے سالانہ تقریب میں فائل مہینوں دفتروں میں پڑی رہی,N
بے جا ٹیکسوں کے نفاذ نے چھوٹے تاجروں کی کمر توڑ دی ہے,N
سیاستدان نے عوامی خدمت کا جذبہ برقرار رکھتے ہوئے رمضان میں مسلسل مثبت تبدیلی لانے کی کوشش جاری رکھی,P
محلے دار نے بحران کے باوجود ہمت نہ ہاری اور اپنا کاروبار دوبارہ کھڑا کر دکھایا,P
طویل انتظار کے بعد بالآخر بارش نے شہر کی گرمی سے نجات دلا دی,P
انتخابات کے قریب نئے تعلیمی سیشن کا آغاز جوش و خروش سے ہوا، بچے مسکراتے ہوئے سکول پہنچے,P
سرکاری افسر نے بحران کے باوجود رات گئے ہمت نہ ہاری اور اپنا کاروبار دوبارہ کھڑا کر دکھایا,P
محکمہ صحت کے وعدے صرف کاغذوں تک محدود رہے، عملی طور پر کچھ نہ ہو سکا,N
انصاف کے حصول میں حالیہ دنوں میں برسوں لگ جاتے ہیں، عدالتی نظام سست روی کا شکار ہے,N
وزیر اعلیٰ کے دھوکے نے برسوں کی دوستی کو ایک ہی لمحے میں ختم کر دیا,N
طالب علم نے عوامی خدمت کا جذبہ برقرار رکھتے ہوئے مسلسل مثبت تبدیلی لانے کی کوشش جاری رکھی,P
چترال کی سڑکوں پر بنے گڑھوں کی وجہ سے موسم سرما میں روزانہ نئے حادثات جنم لے رہے ہیں,N
بجٹ کے بعد پشاور کی گلیاں روشنیوں اور رونق سے جگمگا اٹھیں,P
سائنسدان کے دھوکے نے گزشتہ ماہ برسوں کی دوستی کو ایک ہی لمحے میں ختم کر دیا,N
پیٹرول اور بجلی کی قیمتوں میں سالانہ تقریب میں مسلسل اضافے نے متوسط طبقے کی کمر توڑ دی ہے,N
کارپوریشن کی نااہلی کے باعث لاہور میں بنیادی سہولیات تک عوام کی رسائی ممکن نہیں رہی,N
طلاق کی شرح میں بجٹ کے بعد اضافے نے خاندانی نظام کو شدید نقصان پہنچایا ہے,N
حنزہ کی سڑکوں پر بنے گڑھوں کی وجہ سے اس ہفتے روزانہ نئے حادثات جنم لے رہے ہیں,N
بہاولپور میں بجٹ کے بعد نئے پارک کی تعمیر سے بچوں اور بزرگوں کو کھلی فضا میں وقت گزارنے کا موقع ملا,P
سیلاب کی تباہ کاریوں نے ہزاروں گھرانوں کو بے گھر کر دیا اور امداد بھی نہ پہنچی,N
طویل انتظار کے بعد بالآخر بارش نے شہر کی گرمی سے نجات دلا دی,P
نوشہرہ کی سڑکوں پر بنے گڑھوں کی وجہ سے امسال روزانہ نئے حادثات جنم لے رہے ہیں,N
بہاولپور کے اس ہفتے میں مسلسل بگاڑ نے عوام کو شدید مایوسی سے دوچار کر دیا,N
گلگت کی سڑکوں پر بنے گڑھوں کی وجہ سے روزانہ نئے حادثات جنم لے رہے ہیں,N
صحافی نے مشکل حالات میں بھی مسکراہٹ نہیں کھوئی اور دوسروں کے لیے حوصلے کا باعث بنے,P
محلے دار کی انتھک محنت رنگ لائی اور امسال انہیں وہ مقام مل گیا جس کے وہ حقدار تھے,P
لسبیلہ کے نوجوانوں نے مل کر ماحول دوست منصوبہ شروع کیا جس کی ہر طرف تعریف ہو رہی ہے,P
برسوں بعد بچھڑے دوستوں کا اچانک ملنا زندگی کا حسین اتفاق تھا,P
دوران کوئٹہ میں پیش آنے والے واقعے نے سب کو صدمے میں ڈال دیا,N
طالب علم کی بدسلوکی نے پورے محلے کا امن و سکون برباد کر دیا,N
موسم سرما میں نئے تعلیمی سیشن کا آغاز جوش و خروش سے ہوا، بچے مسکراتے ہوئے سکول پہنچے,P
محلے دار کے دھوکے نے برسوں کی دوستی کو ایک ہی لمحے میں ختم کر دیا,N
تاجر کی خودغرضی نے موسم سرما میں پورے منصوبے کو ناکامی سے دوچار کر دیا,N
حنزہ میں خودکش دھماکے کی خبر سن کر حالیہ دنوں میں پورا شہر خوف اور غم میں ڈوب گیا,N
لاہور میں پانی کی قلت نے شہریوں کا جینا محال کر دیا ہے,N
ڈرائیور کی سچائی اور دیانتداری عید کے موقع پر آج بھی معاشرے کے لیے مثال ہے,P
بارش کے بعد لسبیلہ کا موسم انتہائی خوشگوار ہو گیا اور لوگ گھروں سے باہر نکل آئے,P
مقامی کھلاڑی نے قومی سطح پر گولڈ میڈل جیت کر تمام شہر کو خوشی سے سرشار کر دیا,P
یونیورسٹی کے تعاون سے بے گھر خاندانوں کو محفوظ رہائش فراہم کر دی گئی,P
پیر کے روز کی برکتوں سے دل کو عجیب سکون اور طمانیت میسر آتی ہے,P
طویل انتظار کے بعد اس ہفتے بالآخر بارش نے شہر کی گرمی سے نجات دلا دی,P
محلے دار نے مشکل حالات میں بھی مسکراہٹ نہیں کھوئی اور دوسروں کے لیے حوصلے کا باعث بنے,P
سکھر کے میں نمایاں بہتری نے شہریوں کے چہروں پر مسکراہٹ بکھیر دی,P
محبت اور خلوص سے بھرا یہ رشتہ بھی اتنا ہی مضبوط ہے جتنا پہلے دن تھا,P
ادیب نے عوامی خدمت کا جذبہ برقرار رکھتے ہوئے مسلسل مثبت تبدیلی لانے کی کوشش جاری رکھی,P
پولیس محکمہ نے کے حوالے سے شاندار اصلاحات متعارف کروائیں جن کی ہر جگہ تعریف ہو رہی ہے,P
مزدور پر لگے کرپشن کے الزامات حالیہ دنوں میں ثابت ہونے کے باوجود کوئی کارروائی نہیں ہوئی,N
مقامی فنکار کی پینٹنگ نے بین الاقوامی نمائش میں خصوصی پذیرائی حاصل کی,P
راولپنڈی کے بازاروں میں گزشتہ ماہ غیر معمولی رونق دیکھی گئی، دکاندار خوش نظر آئے,P
سوات میں صبح سویرے نئے پارک کی تعمیر سے بچوں اور بزرگوں کو کھلی فضا میں وقت گزارنے کا موقع ملا,P
نئے تعلیمی سیشن کا آغاز جوش و خروش سے ہوا، بچے مسکراتے ہوئے سکول پہنچے,P
وکیل کے جھوٹے وعدوں نے عید کے موقع پر عوام کا اعتماد مکمل طور پر ختم کر دیا ہے,N
واپڈا کے تعاون سے سالانہ تقریب میں بے گھر خاندانوں کو محفوظ رہائش فراہم کر دی گئی,P
معیاری تعلیم کے فقدان نے رمضان میں دیہی علاقوں کے بچوں کا مستقبل تاریک کر دیا ہے,N
این جی او کی ناقص کارکردگی کے باعث شہریوں کا اعتماد مکمل طور پر متزلزل ہو گیا,N
ڈرائیور کے دھوکے نے برسوں کی دوستی کو ایک ہی لمحے میں ختم کر دیا,N
کوئٹہ میں نئے ہسپتال کے قیام سے دیہی علاقے کے مریضوں کو بروقت علاج میسر آ گیا,P
لاہور کی سڑکوں پر بنے گڑھوں کی وجہ سے روزانہ نئے حادثات جنم لے رہے ہیں,N
اوکاڑہ کے میں نمایاں بہتری نے شہریوں کے چہروں پر مسکراہٹ بکھیر دی,P
ریلوے نے کے حوالے سے شاندار اصلاحات متعارف کروائیں جن کی ہر جگہ تعریف ہو رہی ہے,P
ڈرائیور کا عاجزانہ رویہ اور دوسروں کی مدد کا جذبہ حالیہ دنوں میں قابل تقلید ہے,P
گلگت میں ٹریفک جام میں گھنٹوں پھنسے رہنا اب معمول بن چکا ہے، لوگ ذہنی کوفت کا شکار ہیں,N
انصاف کے حصول میں گزشتہ ماہ برسوں لگ جاتے ہیں، عدالتی نظام سست روی کا شکار ہے,N
کھیل کے میدان میں شکست کے بعد بھی ٹیم کے حوصلے بلند رہے اور اگلے میچ میں فتح حاصل کی,P
نوجوان نسل نے مشکل حالات میں بھی مسکراہٹ نہیں کھوئی اور دوسروں کے لیے حوصلے کا باعث بنے,P
پارلیمنٹ نے انتخابات کے قریب کے حوالے سے شاندار اصلاحات متعارف کروائیں جن کی ہر جگہ تعریف ہو رہی ہے,P
این جی او کی ناقص کارکردگی کے باعث شہریوں کا اعتماد مکمل طور پر متزلزل ہو گیا,N
فیصل آباد کے میں نمایاں بہتری نے شہریوں کے چہروں پر مسکراہٹ بکھیر دی,P
طلاق کی شرح میں اضافے نے خاندانی نظام کو شدید نقصان پہنچایا ہے,N
پیٹرول اور بجلی کی قیمتوں میں مسلسل اضافے نے متوسط طبقے کی کمر توڑ دی ہے,N
صبح سویرے نوشہرہ کی گلیاں روشنیوں اور رونق سے جگمگا اٹھیں,P
میچ میں ناقص فیصلوں کی وجہ سے گزشتہ ماہ ٹیم کو آخری لمحات میں شکست کا سامنا کرنا پڑا,N
سیاستدانوں کی باہمی چپقلش نے عوامی مسائل کو مکمل طور پر پس پشت ڈال دیا,N
منہگائی کی چکی میں پستا غریب طبقہ دو وقت کی روٹی کو بھی ترس گیا ہے,N
تعلیمی بورڈ کی ناقص کارکردگی کے باعث رمضان میں شہریوں کا اعتماد مکمل طور پر متزلزل ہو گیا,N
صحافی نے بحران کے باوجود موسم سرما میں ہمت نہ ہاری اور اپنا کاروبار دوبارہ کھڑا کر دکھایا,P
بے روزگاری کے ہاتھوں تنگ رات گئے نوجوان ملک چھوڑنے پر مجبور ہو گئے ہیں,N
راولپنڈی میں ٹریفک جام میں گھنٹوں پھنسے رہنا اب معمول بن چکا ہے، لوگ ذہنی کوفت کا شکار ہیں,N
سماجی کارکن پر لگے کرپشن کے الزامات حالیہ دنوں میں ثابت ہونے کے باوجود کوئی کارروائی نہیں ہوئی,N
بچے کی پہلی کامیابی دیکھ کر صبح سویرے ماں باپ کی آنکھوں میں خوشی کے آنسو آ گئے,P
پشاور میں پانی کی قلت نے سالانہ تقریب میں شہریوں کا جینا محال کر دیا ہے,N
بچے کی پہلی کامیابی دیکھ کر ماں باپ کی آنکھوں میں خوشی کے آنسو آ گئے,P
محبت اور خلوص سے بھرا یہ رشتہ بھی اتنا ہی مضبوط ہے جتنا پہلے دن تھا,P
بجلی کے بھاری بلوں نے چھوٹے کاروباریوں کو دیوالیہ ہونے پر مجبور کر دیا,N
سوات کی گلیوں میں کوڑے کے ڈھیر موسم سرما میں بیماریاں پھیلانے کا باعث بن رہے ہیں,N
یونیورسٹی کی نااہلی کے باعث گوجرانوالہ میں بنیادی سہولیات تک عوام کی رسائی ممکن نہیں رہی,N
بے روزگاری کے ہاتھوں تنگ گزشتہ ماہ نوجوان ملک چھوڑنے پر مجبور ہو گئے ہیں,N
میونسپل کمیٹی کی بروقت مدد سے سیلاب متاثرین کی زندگی دوبارہ پٹری پر آ گئی,P
جھوٹی خبروں کے سیلاب نے سوشل میڈیا صارفین کو شدید ذہنی کوفت میں مبتلا کر دیا,N
سیالکوٹ میں خودکش دھماکے کی خبر سن کر رات گئے پورا شہر خوف اور غم میں ڈوب گیا,N
ڈرائیور کو بجٹ کے بعد بین الاقوامی سطح پر ایوارڈ ملنے پر پورے خاندان میں خوشی کی لہر دوڑ گئی,P
پولیس محکمہ نے نئی پالیسی متعارف کروائی جس سے عام آدمی کو کافی ریلیف ملنے کی توقع ہے,P
سکھر میں خودکش دھماکے کی خبر سن کر انتخابات کے قریب پورا شہر خوف اور غم میں ڈوب گیا,N
برسوں بعد بچھڑے دوستوں کا سالانہ تقریب میں اچانک ملنا زندگی کا حسین اتفاق تھا,P
ژوب کی گلیاں روشنیوں اور رونق سے جگمگا اٹھیں,P
بچے کی پہلی کامیابی دیکھ کر ماں باپ کی آنکھوں میں خوشی کے آنسو آ گئے,P
جعلی ادویات کے کاروبار نے حالیہ دنوں میں سینکڑوں مریضوں کی جان خطرے میں ڈال دی,N
واپڈا نے پیر کے روز کے حوالے سے شاندار اصلاحات متعارف کروائیں جن کی ہر جگہ تعریف ہو رہی ہے,P
پشاور میں پانی کی قلت نے شہریوں کا جینا محال کر دیا ہے,N
گلگت میں پانی کی قلت نے سالانہ تقریب میں شہریوں کا جینا محال کر دیا ہے,N
سائنسدان کی بدسلوکی نے انتخابات کے قریب پورے محلے کا امن و سکون برباد کر دیا,N
محکمہ زراعت کے افسران کی من مانیوں نے حالیہ دنوں میں عام شہری کو ذلیل و خوار کر دیا,N
نرس کے دھوکے نے انتخابات کے قریب برسوں کی دوستی کو ایک ہی لمحے میں ختم کر دیا,N
وکیل کی خودغرضی نے بجٹ کے بعد پورے منصوبے کو ناکامی سے دوچار کر دیا,N
سرکاری ہسپتالوں میں ادویات کی کمی کے باعث مریض علاج سے محروم رہ گئے,N
سیلاب کی تباہ کاریوں نے امسال ہزاروں گھرانوں کو بے گھر کر دیا اور امداد بھی نہ پہنچی,N
شدید گرمی اور لوڈشیڈنگ نے سکھر کے باسیوں کی زندگی اجیرن کر دی ہے,N
مزدور کا عاجزانہ رویہ اور دوسروں کی مدد کا جذبہ قابل تقلید ہے,P
مزدور کو صبح سویرے بین الاقوامی سطح پر ایوارڈ ملنے پر پورے خاندان میں خوشی کی لہر دوڑ گئی,P
ڈرائیور پر لگے کرپشن کے الزامات رات گئے ثابت ہونے کے باوجود کوئی کارروائی نہیں ہوئی,N
وزیر اعلیٰ کا عاجزانہ رویہ اور دوسروں کی مدد کا جذبہ اس ہفتے قابل تقلید ہے,P
سوات میں اس ہفتے نئے پارک کی تعمیر سے بچوں اور بزرگوں کو کھلی فضا میں وقت گزارنے کا موقع ملا,P
ملتان کی سڑکوں پر بنے گڑھوں کی وجہ سے روزانہ نئے حادثات جنم لے رہے ہیں,N
امسال کے دوران حیدرآباد میں منعقدہ ثقافتی میلے نے تمام شہریوں کا دل موہ لیا,P
بہاولپور کی گلیوں میں کوڑے کے ڈھیر بیماریاں پھیلانے کا باعث بن رہے ہیں,N
شور شرابے اور آلودگی نے مری کی رہائشی زندگی کو غیر معیاری بنا دیا ہے,N
غیر ذمہ دارانہ ڈرائیونگ کے باعث سڑک حادثے میں معصوم بچہ جاں بحق ہو گیا,N
گلگت کی سڑکوں پر بنے گڑھوں کی وجہ سے انتخابات کے قریب روزانہ نئے حادثات جنم لے رہے ہیں,N
پیٹرول اور بجلی کی قیمتوں میں مسلسل اضافے نے متوسط طبقے کی کمر توڑ دی ہے,N
طالب علم نے بحران کے باوجود صبح سویرے ہمت نہ ہاری اور اپنا کاروبار دوبارہ کھڑا کر دکھایا,P
استاد کی حوصلہ افزائی نے ایک کمزور طالب علم کو کلاس کا بہترین نتیجہ دینے والا بنا دیا,P
بچوں سے مشقت لینے والے کارخانہ داروں کے خلاف امسال کوئی سخت قانون موجود نہیں,N
کھیل کے میدان میں شکست کے بعد بھی بجٹ کے بعد ٹیم کے حوصلے بلند رہے اور اگلے میچ میں فتح حاصل کی,P
حنزہ میں نئے ہسپتال کے قیام سے صبح سویرے دیہی علاقے کے مریضوں کو بروقت علاج میسر آ گیا,P
بے جا ٹیکسوں کے نفاذ نے اس ہفتے چھوٹے تاجروں کی کمر توڑ دی ہے,N
فنکار کی رہنمائی میں نوجوان ٹیم نے قابل ستائش کارکردگی کا مظاہرہ کیا,P
بہاولپور کے شہریوں کی اجتماعی کوششوں سے محلے کی صفائی مہم کامیابی سے مکمل ہوئی,P
محکمہ زراعت نے انتخابات کے قریب نئی پالیسی متعارف کروائی جس سے عام آدمی کو کافی ریلیف ملنے کی توقع ہے,P
جعلی ادویات کے کاروبار نے سینکڑوں مریضوں کی جان خطرے میں ڈال دی,N
خاندان کے ساتھ پہاڑوں کی سیر ایک ناقابل فراموش تجربہ ثابت ہوئی,P
انصاف کے حصول میں رات گئے برسوں لگ جاتے ہیں، عدالتی نظام سست روی کا شکار ہے,N
صحت کارکن کی رہنمائی میں موسم سرما میں نوجوان ٹیم نے قابل ستائش کارکردگی کا مظاہرہ کیا,P
ملتان کے بازاروں میں غیر معمولی رونق دیکھی گئی، دکاندار خوش نظر آئے,P
نوشہرہ میں خودکش دھماکے کی خبر سن کر عید کے موقع پر پورا شہر خوف اور غم میں ڈوب گیا,N
دکاندار کی انتھک محنت رنگ لائی اور صبح سویرے انہیں وہ مقام مل گیا جس کے وہ حقدار تھے,P
امسال صبح سویرے پرندوں کی چہچہاہٹ اور تازہ ہوا دل کو ایک عجیب سکون دیتی ہے,P
فنکار نے عوامی خدمت کا جذبہ برقرار رکھتے ہوئے رات گئے مسلسل مثبت تبدیلی لانے کی کوشش جاری رکھی,P
محلے دار کے دھوکے نے رات گئے برسوں کی دوستی کو ایک ہی لمحے میں ختم کر دیا,N
انتظامیہ کی ناقص کارکردگی کے باعث شہریوں کا اعتماد مکمل طور پر متزلزل ہو گیا,N
کسانوں کی محنت رنگ لائی اور اس ہفتے فصل کی پیداوار ریکارڈ سطح پر پہنچ گئی,P
راولپنڈی میں نئے پارک کی تعمیر سے بچوں اور بزرگوں کو کھلی فضا میں وقت گزارنے کا موقع ملا,P
شدید گرمی اور لوڈشیڈنگ نے رمضان میں کوئٹہ کے باسیوں کی زندگی اجیرن کر دی ہے,N
پاکستانی ٹیم نے زبردست کارکردگی دکھاتے ہوئے میچ جیت لیا، شائقین جھوم اٹھے,P
نرس نے حنزہ میں بلدیہ کے تعاون سے ایک شاندار منصوبہ مکمل کر لیا جس سے ہزاروں افراد مستفید ہوں گے,P
امتحان میں ناکامی کے بعد حالیہ دنوں میں طالب علم شدید ذہنی دباؤ کا شکار ہو گیا,N
کسانوں کی محنت رنگ لائی اور فصل کی پیداوار ریکارڈ سطح پر پہنچ گئی,P
نرس کی رہنمائی میں اس ہفتے نوجوان ٹیم نے قابل ستائش کارکردگی کا مظاہرہ کیا,P
منشیات کے پھیلاؤ نے سالانہ تقریب میں نوجوان نسل کا مستقبل داؤ پر لگا دیا ہے,N
استانی کی بدسلوکی نے پورے محلے کا امن و سکون برباد کر دیا,N
میونسپل کمیٹی کے وعدے صرف کاغذوں تک محدود رہے، عملی طور پر کچھ نہ ہو سکا,N
بے روزگاری کے ہاتھوں تنگ صبح سویرے نوجوان ملک چھوڑنے پر مجبور ہو گئے ہیں,N
بجٹ کے بعد کے دوران نوشہرہ میں منعقدہ ثقافتی میلے نے تمام شہریوں کا دل موہ لیا,P
فنکار پر لگے کرپشن کے الزامات ثابت ہونے کے باوجود کوئی کارروائی نہیں ہوئی,N
نئی نسل کے کاروباری ذہن نے چھوٹے شہروں میں بھی روزگار کے نئے مواقع پیدا کر دیے,P
دوران گوجرانوالہ میں منعقدہ ثقافتی میلے نے تمام شہریوں کا دل موہ لیا,P
پیٹرول اور بجلی کی قیمتوں میں مسلسل اضافے نے متوسط طبقے کی کمر توڑ دی ہے,N
سیالکوٹ میں پانی کی قلت نے شہریوں کا جینا محال کر دیا ہے,N
تاجر پر لگے کرپشن کے الزامات چھٹی کے دن ثابت ہونے کے باوجود کوئی کارروائی نہیں ہوئی,N
فنکار کے دھوکے نے سالانہ تقریب میں برسوں کی دوستی کو ایک ہی لمحے میں ختم کر دیا,N
شور شرابے اور آلودگی نے عید کے موقع پر تھر کی رہائشی زندگی کو غیر معیاری بنا دیا ہے,N
محکمہ صحت کی ناقص کارکردگی کے باعث انتخابات کے قریب شہریوں کا اعتماد مکمل طور پر متزلزل ہو گیا,N
جھوٹی خبروں کے سیلاب نے رات گئے سوشل میڈیا صارفین کو شدید ذہنی کوفت میں مبتلا کر دیا,N
استاد کی حوصلہ افزائی نے امسال ایک کمزور طالب علم کو کلاس کا بہترین نتیجہ دینے والا بنا دیا,P
بارش کے بعد گلگت کا موسم انتہائی خوشگوار ہو گیا اور رات گئے لوگ گھروں سے باہر نکل آئے,P
تعلیمی بورڈ کے وعدے صرف کاغذوں تک محدود رہے، عملی طور پر کچھ نہ ہو سکا,N
فنکار کی خودغرضی نے حالیہ دنوں میں پورے منصوبے کو ناکامی سے دوچار کر دیا,N
سرکاری ہسپتال کی جانب سے سالانہ تقریب میں غریب طلبہ کے لیے وظائف کا اعلان انتہائی خوش آئند قدم ہے,P
صبح سویرے صبح سویرے پرندوں کی چہچہاہٹ اور تازہ ہوا دل کو ایک عجیب سکون دیتی ہے,P
استاد کی حوصلہ افزائی نے عید کے موقع پر ایک کمزور طالب علم کو کلاس کا بہترین نتیجہ دینے والا بنا دیا,P
واپڈا کی غفلت کے باعث فیصل آباد کی فیکٹری میں آتشزدگی سے کئی مزدور جھلس گئے,N
تاجر کی بدسلوکی نے امسال پورے محلے کا امن و سکون برباد کر دیا,N
انجینئر کی رہنمائی میں نوجوان ٹیم نے قابل ستائش کارکردگی کا مظاہرہ کیا,P
فیصل آباد کے بازاروں میں غیر معمولی رونق دیکھی گئی، دکاندار خوش نظر آئے,P
لسبیلہ میں نئے ہسپتال کے قیام سے عید کے موقع پر دیہی علاقے کے مریضوں کو بروقت علاج میسر آ گیا,P
کوئٹہ میں رات گئے نئے پارک کی تعمیر سے بچوں اور بزرگوں کو کھلی فضا میں وقت گزارنے کا موقع ملا,P
دوران چترال میں منعقدہ ثقافتی میلے نے تمام شہریوں کا دل موہ لیا,P
اوکاڑہ میں پانی کی قلت نے صبح سویرے شہریوں کا جینا محال کر دیا ہے,N
سیاستدانوں کی باہمی چپقلش نے موسم سرما میں عوامی مسائل کو مکمل طور پر پس پشت ڈال دیا,N
بہاولپور کی سڑکوں پر بنے گڑھوں کی وجہ سے روزانہ نئے حادثات جنم لے رہے ہیں,N
مقامی فنکار کی پینٹنگ نے بین الاقوامی نمائش میں خصوصی پذیرائی حاصل کی,P
سائنسدان کی سچائی اور دیانتداری امسال آج بھی معاشرے کے لیے مثال ہے,P
دوستوں کے ساتھ گزارا وقت زندگی کی سب سے قیمتی یادوں میں شمار ہوتا ہے,P
انتظامیہ کی غفلت کے باعث سیالکوٹ کی فیکٹری میں آتشزدگی سے کئی مزدور جھلس گئے,N
تعلیمی بورڈ میں پھیلی رشوت خوری نے پورے نظام کو اندر سے کھوکھلا کر دیا ہے,N
کھیل کے میدان میں شکست کے بعد بھی ٹیم کے حوصلے بلند رہے اور اگلے میچ میں فتح حاصل کی,P
کاروباری شخص کی سادگی اور خلوص نے ہر ملنے والے کا دل جیت لیا,P
استانی کی سادگی اور خلوص نے انتخابات کے قریب ہر ملنے والے کا دل جیت لیا,P
شادی کی تقریب میں گزشتہ ماہ رشتہ داروں کا پرتپاک استقبال دیکھ کر دل باغ باغ ہو گیا,P
بجٹ کے بعد کے دوران کراچی میں پیش آنے والے واقعے نے سب کو صدمے میں ڈال دیا,N
بارش کے بعد مری کا موسم انتہائی خوشگوار ہو گیا اور لوگ گھروں سے باہر نکل آئے,P
ڈاکٹر کی ہٹ دھرمی نے مذاکرات کی تمام کوششوں کو ناکام بنا دیا,N
لاہور میں نئے پارک کی تعمیر سے بچوں اور بزرگوں کو کھلی فضا میں وقت گزارنے کا موقع ملا,P
سکھر میں خودکش دھماکے کی خبر سن کر پورا شہر خوف اور غم میں ڈوب گیا,N
جھوٹی خبروں کے سیلاب نے سوشل میڈیا صارفین کو شدید ذہنی کوفت میں مبتلا کر دیا,N
کارخانے کی آلودگی نے قریبی آبادی کو سانس کی بیماریوں میں مبتلا کر دیا ہے,N
منہگائی کی چکی میں پستا غریب طبقہ دو وقت کی روٹی کو بھی ترس گیا ہے,N
پارلیمنٹ کے افسران کی من مانیوں نے گزشتہ ماہ عام شہری کو ذلیل و خوار کر دیا,N
دکاندار کی خودغرضی نے موسم سرما میں پورے منصوبے کو ناکامی سے دوچار کر دیا,N
شور شرابے اور آلودگی نے رمضان میں کراچی کی رہائشی زندگی کو غیر معیاری بنا دیا ہے,N
نرس نے بحران کے باوجود ہمت نہ ہاری اور اپنا کاروبار دوبارہ کھڑا کر دکھایا,P
سیلاب کی تباہ کاریوں نے ہزاروں گھرانوں کو بے گھر کر دیا اور امداد بھی نہ پہنچی,N
شور شرابے اور آلودگی نے سالانہ تقریب میں چترال کی رہائشی زندگی کو غیر معیاری بنا دیا ہے,N
محبت اور خلوص سے بھرا یہ رشتہ صبح سویرے بھی اتنا ہی مضبوط ہے جتنا پہلے دن تھا,P
پولیس اہلکار کی سچائی اور دیانتداری امسال آج بھی معاشرے کے لیے مثال ہے,P
سکھر کی گلیوں میں کوڑے کے ڈھیر عید کے موقع پر بیماریاں پھیلانے کا باعث بن رہے ہیں,N
تاجر کو بین الاقوامی سطح پر ایوارڈ ملنے پر پورے خاندان میں خوشی کی لہر دوڑ گئی,P
کسان نے بحران کے باوجود امسال ہمت نہ ہاری اور اپنا کاروبار دوبارہ کھڑا کر دکھایا,P
محبت اور خلوص سے بھرا یہ رشتہ انتخابات کے قریب بھی اتنا ہی مضبوط ہے جتنا پہلے دن تھا,P
نوجوانوں کی نئی ایجاد نے موسم سرما میں عالمی مقابلے میں پہلی پوزیشن حاصل کر کے ملک کا نام روشن کیا,P
انتظامیہ نے رات گئے نئی پالیسی متعارف کروائی جس سے عام آدمی کو کافی ریلیف ملنے کی توقع ہے,P
والدین کی رہنمائی میں نوجوان ٹیم نے قابل ستائش کارکردگی کا مظاہرہ کیا,P
دوران چترال میں پیش آنے والے واقعے نے سب کو صدمے میں ڈال دیا,N
رات گئے کے دوران گوجرانوالہ میں پیش آنے والے واقعے نے سب کو صدمے میں ڈال دیا,N
صبح سویرے کے دوران ملتان میں پیش آنے والے واقعے نے سب کو صدمے میں ڈال دیا,N
رمضان میں کی برکتوں سے دل کو عجیب سکون اور طمانیت میسر آتی ہے,P
بچے کی پہلی کامیابی دیکھ کر رات گئے ماں باپ کی آنکھوں میں خوشی کے آنسو آ گئے,P
وکیل کی خودغرضی نے پورے منصوبے کو ناکامی سے دوچار کر دیا,N
پیر کے روز کے دوران مری میں پیش آنے والے واقعے نے سب کو صدمے میں ڈال دیا,N
پولیس محکمہ میں پھیلی رشوت خوری نے پورے نظام کو اندر سے کھوکھلا کر دیا ہے,N
یونیورسٹی کی سست روی کی وجہ سے پیر کے روز فائل مہینوں دفتروں میں پڑی رہی,N
وزیر اعظم کی خودغرضی نے گزشتہ ماہ پورے منصوبے کو ناکامی سے دوچار کر دیا,N
بینک کی نااہلی کے باعث پشاور میں بنیادی سہولیات تک عوام کی رسائی ممکن نہیں رہی,N
کھلاڑی کی رہنمائی میں سالانہ تقریب میں نوجوان ٹیم نے قابل ستائش کارکردگی کا مظاہرہ کیا,P
انصاف کے حصول میں برسوں لگ جاتے ہیں، عدالتی نظام سست روی کا شکار ہے,N
بینک کی سست روی کی وجہ سے پیر کے روز فائل مہینوں دفتروں میں پڑی رہی,N
استاد کی مسلسل غفلت کے باعث ایک اور موقع ضائع ہو گیا,N
مقامی کھلاڑی نے قومی سطح پر گولڈ میڈل جیت کر تمام شہر کو خوشی سے سرشار کر دیا,P
یونیورسٹی میں پھیلی رشوت خوری نے انتخابات کے قریب پورے نظام کو اندر سے کھوکھلا کر دیا ہے,N
وزیر اعلیٰ کی بے حسی نے چھٹی کے دن مصیبت کے وقت کسی کے کام نہ آنے کا ثبوت دے دیا,N
خاندان کے ساتھ انتخابات کے قریب پہاڑوں کی سیر ایک ناقابل فراموش تجربہ ثابت ہوئی,P
انجینئر نے بحران کے باوجود ہمت نہ ہاری اور اپنا کاروبار دوبارہ کھڑا کر دکھایا,P
آن لائن دھوکہ دہی کا شکار ہو کر رمضان میں نوجوان کی جمع پونجی چند لمحوں میں لٹ گئی,N
راولپنڈی کے اس ہفتے میں نمایاں بہتری نے شہریوں کے چہروں پر مسکراہٹ بکھیر دی,P
فنکار کی خودغرضی نے عید کے موقع پر پورے منصوبے کو ناکامی سے دوچار کر دیا,N
برسوں کی محنت کے بعد گزشتہ ماہ بیٹے نے سرکاری نوکری حاصل کر کے والدین کا سر فخر سے بلند کر دیا,P
سیلاب کی تباہ کاریوں نے پیر کے روز ہزاروں گھرانوں کو بے گھر کر دیا اور امداد بھی نہ پہنچی,N
منہگائی کی چکی میں پستا سالانہ تقریب میں غریب طبقہ دو وقت کی روٹی کو بھی ترس گیا ہے,N
لاہور میں نئے ہسپتال کے قیام سے صبح سویرے دیہی علاقے کے مریضوں کو بروقت علاج میسر آ گیا,P
دوران سوات میں منعقدہ ثقافتی میلے نے تمام شہریوں کا دل موہ لیا,P
فنکار نے مشکل حالات میں بھی پیر کے روز مسکراہٹ نہیں کھوئی اور دوسروں کے لیے حوصلے کا باعث بنے,P
نوجوانوں کی نئی ایجاد نے چھٹی کے دن عالمی مقابلے میں پہلی پوزیشن حاصل کر کے ملک کا نام روشن کیا,P
تھر کے شہریوں کی اجتماعی کوششوں سے بجٹ کے بعد محلے کی صفائی مہم کامیابی سے مکمل ہوئی,P
غیر ذمہ دارانہ ڈرائیونگ کے باعث سڑک حادثے میں معصوم بچہ جاں بحق ہو گیا,N
منشیات کے پھیلاؤ نے گزشتہ ماہ نوجوان نسل کا مستقبل داؤ پر لگا دیا ہے,N
نرس کا عاجزانہ رویہ اور دوسروں کی مدد کا جذبہ امسال قابل تقلید ہے,P
جھوٹی خبروں کے سیلاب نے صبح سویرے سوشل میڈیا صارفین کو شدید ذہنی کوفت میں مبتلا کر دیا,N
دوران اسلام آباد میں پیش آنے والے واقعے نے سب کو صدمے میں ڈال دیا,N
وزیر اعظم پر لگے کرپشن کے الزامات صبح سویرے ثابت ہونے کے باوجود کوئی کارروائی نہیں ہوئی,N
گوجرانوالہ کے میں نمایاں بہتری نے شہریوں کے چہروں پر مسکراہٹ بکھیر دی,P
چترال میں خودکش دھماکے کی خبر سن کر امسال پورا شہر خوف اور غم میں ڈوب گیا,N
منہگائی کی چکی میں پستا غریب طبقہ دو وقت کی روٹی کو بھی ترس گیا ہے,N
وکیل نے مشکل حالات میں بھی مسکراہٹ نہیں کھوئی اور دوسروں کے لیے حوصلے کا باعث بنے,P
فیصل آباد کے میں نمایاں بہتری نے شہریوں کے چہروں پر مسکراہٹ بکھیر دی,P
محلے دار کی بے حسی نے سالانہ تقریب میں مصیبت کے وقت کسی کے کام نہ آنے کا ثبوت دے دیا,N
حکومت نے عید کے موقع پر کے حوالے سے شاندار اصلاحات متعارف کروائیں جن کی ہر جگہ تعریف ہو رہی ہے,P
میونسپل کمیٹی کی جانب سے غریب طلبہ کے لیے وظائف کا اعلان انتہائی خوش آئند قدم ہے,P
تعلیمی بورڈ کی سست روی کی وجہ سے فائل مہینوں دفتروں میں پڑی رہی,N
دکاندار کی خودغرضی نے امسال پورے منصوبے کو ناکامی سے دوچار کر دیا,N
میونسپل کمیٹی کے تعاون سے گزشتہ ماہ بے گھر خاندانوں کو محفوظ رہائش فراہم کر دی گئی,P
کاروباری شخص کی سچائی اور دیانتداری بجٹ کے بعد آج بھی معاشرے کے لیے مثال ہے,P
ملتان کے رمضان میں نمایاں بہتری نے شہریوں کے چہروں پر مسکراہٹ بکھیر دی,P
جھوٹی خبروں کے سیلاب نے سوشل میڈیا صارفین کو شدید ذہنی کوفت میں مبتلا کر دیا,N
کتاب پڑھنے کی عادت نے میری سوچ کے دائرے کو بہت وسیع کر دیا,P
انتظامیہ کی غفلت کے باعث کراچی کی فیکٹری میں آتشزدگی سے کئی مزدور جھلس گئے,N
بے جا ٹیکسوں کے نفاذ نے پیر کے روز چھوٹے تاجروں کی کمر توڑ دی ہے,N
کھیل کے میدان میں شکست کے بعد بھی ٹیم کے حوصلے بلند رہے اور اگلے میچ میں فتح حاصل کی,P
نوجوانوں کی نئی ایجاد نے عالمی مقابلے میں پہلی پوزیشن حاصل کر کے ملک کا نام روشن کیا,P
عدالت میں پھیلی رشوت خوری نے پورے نظام کو اندر سے کھوکھلا کر دیا ہے,N
بچوں سے مشقت لینے والے کارخانہ داروں کے خلاف کوئی سخت قانون موجود نہیں,N
انتظامیہ کے وعدے صرف کاغذوں تک محدود رہے، عملی طور پر کچھ نہ ہو سکا,N
فنکار کی سادگی اور خلوص نے گزشتہ ماہ ہر ملنے والے کا دل جیت لیا,P
عدالت میں پھیلی رشوت خوری نے پورے نظام کو اندر سے کھوکھلا کر دیا ہے,N
عدالت کی سست روی کی وجہ سے فائل مہینوں دفتروں میں پڑی رہی,N
برسوں بعد بچھڑے دوستوں کا حالیہ دنوں میں اچانک ملنا زندگی کا حسین اتفاق تھا,P
کوئٹہ کے میں مسلسل بگاڑ نے عوام کو شدید مایوسی سے دوچار کر دیا,N
کھلاڑی کے جھوٹے وعدوں نے پیر کے روز عوام کا اعتماد مکمل طور پر ختم کر دیا ہے,N
مقامی کھلاڑی نے گزشتہ ماہ قومی سطح پر گولڈ میڈل جیت کر تمام شہر کو خوشی سے سرشار کر دیا,P
وکیل نے عوامی خدمت کا جذبہ برقرار رکھتے ہوئے مسلسل مثبت تبدیلی لانے کی کوشش جاری رکھی,P
دوستوں کے ساتھ گزارا وقت زندگی کی سب سے قیمتی یادوں میں شمار ہوتا ہے,P
شادی کی تقریب میں رشتہ داروں کا پرتپاک استقبال دیکھ کر دل باغ باغ ہو گیا,P
جھوٹی خبروں کے سیلاب نے امسال سوشل میڈیا صارفین کو شدید ذہنی کوفت میں مبتلا کر دیا,N
صحت کارکن کی سچائی اور دیانتداری آج بھی معاشرے کے لیے مثال ہے,P
ژوب کے شہریوں کی اجتماعی کوششوں سے محلے کی صفائی مہم کامیابی سے مکمل ہوئی,P
سیاستدان کے جھوٹے وعدوں نے اس ہفتے عوام کا اعتماد مکمل طور پر ختم کر دیا ہے,N
حالیہ دنوں میں جہلم کی گلیاں روشنیوں اور رونق سے جگمگا اٹھیں,P
کھلاڑی کی سادگی اور خلوص نے ہر ملنے والے کا دل جیت لیا,P
برسوں کی محنت کے بعد پیر کے روز بیٹے نے سرکاری نوکری حاصل کر کے والدین کا سر فخر سے بلند کر دیا,P
یونیورسٹی کی جانب سے غریب طلبہ کے لیے وظائف کا اعلان انتہائی خوش آئند قدم ہے,P
برسوں بعد بچھڑے دوستوں کا موسم سرما میں اچانک ملنا زندگی کا حسین اتفاق تھا,P
فنکار کی سادگی اور خلوص نے ہر ملنے والے کا دل جیت لیا,P
صبح سویرے پرندوں کی چہچہاہٹ اور تازہ ہوا دل کو ایک عجیب سکون دیتی ہے,P
کراچی میں نئی سڑک کی تعمیر سے سفر کا دورانیہ آدھا رہ گیا، مسافروں نے سکون کا سانس لیا,P
نجی ادارہ کے افسران کی من مانیوں نے عام شہری کو ذلیل و خوار کر دیا,N
وزیر اعظم کی ہٹ دھرمی نے مذاکرات کی تمام کوششوں کو ناکام بنا دیا,N
شور شرابے اور آلودگی نے پشاور کی رہائشی زندگی کو غیر معیاری بنا دیا ہے,N
جعلی ادویات کے کاروبار نے رمضان میں سینکڑوں مریضوں کی جان خطرے میں ڈال دی,N
بے روزگاری کے ہاتھوں تنگ نوجوان ملک چھوڑنے پر مجبور ہو گئے ہیں,N
امتحان میں ناکامی کے بعد سالانہ تقریب میں طالب علم شدید ذہنی دباؤ کا شکار ہو گیا,N
اسلام آباد کے بازاروں میں غیر معمولی رونق دیکھی گئی، دکاندار خوش نظر آئے,P
ادیب کی انتھک محنت رنگ لائی اور سالانہ تقریب میں انہیں وہ مقام مل گیا جس کے وہ حقدار تھے,P
محکمہ زراعت کے وعدے صرف کاغذوں تک محدود رہے، عملی طور پر کچھ نہ ہو سکا,N
تعلیمی بورڈ کے افسران کی من مانیوں نے عام شہری کو ذلیل و خوار کر دیا,N
حکومت کی بروقت مدد سے سیلاب متاثرین کی زندگی دوبارہ پٹری پر آ گئی,P
کسان خاتون کو بین الاقوامی سطح پر ایوارڈ ملنے پر پورے خاندان میں خوشی کی لہر دوڑ گئی,P
شور شرابے اور آلودگی نے حیدرآباد کی رہائشی زندگی کو غیر معیاری بنا دیا ہے,N
آن لائن دھوکہ دہی کا شکار ہو کر نوجوان کی جمع پونجی چند لمحوں میں لٹ گئی,N
واپڈا کی بروقت مدد سے عید کے موقع پر سیلاب متاثرین کی زندگی دوبارہ پٹری پر آ گئی,P
محکمہ زراعت کی نااہلی کے باعث سیالکوٹ میں بنیادی سہولیات تک عوام کی رسائی ممکن نہیں رہی,N
طویل انتظار کے بعد رات گئے بالآخر بارش نے شہر کی گرمی سے نجات دلا دی,P
دوران ژوب میں منعقدہ ثقافتی میلے نے تمام شہریوں کا دل موہ لیا,P
منشیات کے پھیلاؤ نے بجٹ کے بعد نوجوان نسل کا مستقبل داؤ پر لگا دیا ہے,N
کتاب پڑھنے کی عادت نے میری سوچ کے دائرے کو بہت وسیع کر دیا,P
انصاف کے حصول میں رمضان میں برسوں لگ جاتے ہیں، عدالتی نظام سست روی کا شکار ہے,N
استانی کی سچائی اور دیانتداری انتخابات کے قریب آج بھی معاشرے کے لیے مثال ہے,P
جعلی ادویات کے کاروبار نے گزشتہ ماہ سینکڑوں مریضوں کی جان خطرے میں ڈال دی,N
طلاق کی شرح میں اضافے نے خاندانی نظام کو شدید نقصان پہنچایا ہے,N
سیلاب کی تباہ کاریوں نے ہزاروں گھرانوں کو بے گھر کر دیا اور امداد بھی نہ پہنچی,N
محکمہ زراعت نے صبح سویرے نئی پالیسی متعارف کروائی جس سے عام آدمی کو کافی ریلیف ملنے کی توقع ہے,P
این جی او کے تعاون سے بے گھر خاندانوں کو محفوظ رہائش فراہم کر دی گئی,P
دوران کوئٹہ میں منعقدہ ثقافتی میلے نے تمام شہریوں کا دل موہ لیا,P
برسوں بعد بچھڑے دوستوں کا انتخابات کے قریب اچانک ملنا زندگی کا حسین اتفاق تھا,P
پاکستانی ٹیم نے زبردست کارکردگی دکھاتے ہوئے میچ جیت لیا، شائقین جھوم اٹھے,P
انتخابات کے قریب کے دوران کراچی میں منعقدہ ثقافتی میلے نے تمام شہریوں کا دل موہ لیا,P
بے جا ٹیکسوں کے نفاذ نے عید کے موقع پر چھوٹے تاجروں کی کمر توڑ دی ہے,N
سماجی کارکن کے جھوٹے وعدوں نے عوام کا اعتماد مکمل طور پر ختم کر دیا ہے,N
معیاری تعلیم کے فقدان نے رات گئے دیہی علاقوں کے بچوں کا مستقبل تاریک کر دیا ہے,N
سرکاری افسر نے عوامی خدمت کا جذبہ برقرار رکھتے ہوئے چھٹی کے دن مسلسل مثبت تبدیلی لانے کی کوشش جاری رکھی,P
میونسپل کمیٹی کی سست روی کی وجہ سے چھٹی کے دن فائل مہینوں دفتروں میں پڑی رہی,N
وزیر اعلیٰ نے بحران کے باوجود ہمت نہ ہاری اور اپنا کاروبار دوبارہ کھڑا کر دکھایا,P
نجی ادارہ کے وعدے صرف کاغذوں تک محدود رہے، عملی طور پر کچھ نہ ہو سکا,N
دکاندار نے مشکل حالات میں بھی چھٹی کے دن مسکراہٹ نہیں کھوئی اور دوسروں کے لیے حوصلے کا باعث بنے,P
پشاور میں نئے ہسپتال کے قیام سے پیر کے روز دیہی علاقے کے مریضوں کو بروقت علاج میسر آ گیا,P
کسان کی بے حسی نے بجٹ کے بعد مصیبت کے وقت کسی کے کام نہ آنے کا ثبوت دے دیا,N
حیدرآباد کے شہریوں کی اجتماعی کوششوں سے محلے کی صفائی مہم کامیابی سے مکمل ہوئی,P
پولیس محکمہ کی غفلت کے باعث گلگت کی فیکٹری میں آتشزدگی سے کئی مزدور جھلس گئے,N
سائنسدان کی خودغرضی نے پورے منصوبے کو ناکامی سے دوچار کر دیا,N
ریلوے نے نئی پالیسی متعارف کروائی جس سے عام آدمی کو کافی ریلیف ملنے کی توقع ہے,P
تھر میں نئی سڑک کی تعمیر سے سفر کا دورانیہ آدھا رہ گیا، مسافروں نے سکون کا سانس لیا,P
بینک کے افسران کی من مانیوں نے عام شہری کو ذلیل و خوار کر دیا,N
گلگت میں نئے پارک کی تعمیر سے بچوں اور بزرگوں کو کھلی فضا میں وقت گزارنے کا موقع ملا,P
نرس پر لگے کرپشن کے الزامات حالیہ دنوں میں ثابت ہونے کے باوجود کوئی کارروائی نہیں ہوئی,N
تعلیمی بورڈ میں پھیلی رشوت خوری نے صبح سویرے پورے نظام کو اندر سے کھوکھلا کر دیا ہے,N
نرس نے بحران کے باوجود صبح سویرے ہمت نہ ہاری اور اپنا کاروبار دوبارہ کھڑا کر دکھایا,P
بارش کے بعد اوکاڑہ کا موسم انتہائی خوشگوار ہو گیا اور لوگ گھروں سے باہر نکل آئے,P
صحافی کی مسلسل غفلت کے باعث موسم سرما میں ایک اور موقع ضائع ہو گیا,N
سرکاری افسر نے عوامی خدمت کا جذبہ برقرار رکھتے ہوئے رات گئے مسلسل مثبت تبدیلی لانے کی کوشش جاری رکھی,P
ژوب کے شہریوں کی اجتماعی کوششوں سے سالانہ تقریب میں محلے کی صفائی مہم کامیابی سے مکمل ہوئی,P
نوشہرہ کی گلیوں میں کوڑے کے ڈھیر بیماریاں پھیلانے کا باعث بن رہے ہیں,N
ڈاکٹر کا عاجزانہ رویہ اور دوسروں کی مدد کا جذبہ قابل تقلید ہے,P
وکیل کی خودغرضی نے پورے منصوبے کو ناکامی سے دوچار کر دیا,N
کارپوریشن میں پھیلی رشوت خوری نے اس ہفتے پورے نظام کو اندر سے کھوکھلا کر دیا ہے,N
صحافی کی بے حسی نے رات گئے مصیبت کے وقت کسی کے کام نہ آنے کا ثبوت دے دیا,N
امتحان میں ناکامی کے بعد موسم سرما میں طالب علم شدید ذہنی دباؤ کا شکار ہو گیا,N
شادی کی تقریب میں رشتہ داروں کا پرتپاک استقبال دیکھ کر دل باغ باغ ہو گیا,P
عدالت نے رات گئے کے حوالے سے شاندار اصلاحات متعارف کروائیں جن کی ہر جگہ تعریف ہو رہی ہے,P
اوکاڑہ کے بازاروں میں سالانہ تقریب میں غیر معمولی رونق دیکھی گئی، دکاندار خوش نظر آئے,P
مری میں پانی کی قلت نے گزشتہ ماہ شہریوں کا جینا محال کر دیا ہے,N
بینک کی نااہلی کے باعث راولپنڈی میں بنیادی سہولیات تک عوام کی رسائی ممکن نہیں رہی,N
حنزہ میں صبح سویرے نئے پارک کی تعمیر سے بچوں اور بزرگوں کو کھلی فضا میں وقت گزارنے کا موقع ملا,P
بجلی کے بھاری بلوں نے چھوٹے کاروباریوں کو دیوالیہ ہونے پر مجبور کر دیا,N
بارش کے بعد گوجرانوالہ کا موسم انتہائی خوشگوار ہو گیا اور اس ہفتے لوگ گھروں سے باہر نکل آئے,P
یونیورسٹی نے عید کے موقع پر نئی پالیسی متعارف کروائی جس سے عام آدمی کو کافی ریلیف ملنے کی توقع ہے,P
میونسپل کمیٹی کی نااہلی کے باعث سکھر میں بنیادی سہولیات تک عوام کی رسائی ممکن نہیں رہی,N
سکھر کے سالانہ تقریب میں نمایاں بہتری نے شہریوں کے چہروں پر مسکراہٹ بکھیر دی,P
کراچی میں پانی کی قلت نے رمضان میں شہریوں کا جینا محال کر دیا ہے,N
واپڈا کی سست روی کی وجہ سے فائل مہینوں دفتروں میں پڑی رہی,N
محلے دار کی رہنمائی میں بجٹ کے بعد نوجوان ٹیم نے قابل ستائش کارکردگی کا مظاہرہ کیا,P
امتحان میں ناکامی کے بعد رات گئے طالب علم شدید ذہنی دباؤ کا شکار ہو گیا,N
انصاف کے حصول میں برسوں لگ جاتے ہیں، عدالتی نظام سست روی کا شکار ہے,N
بلدیہ کی جانب سے حالیہ دنوں میں غریب طلبہ کے لیے وظائف کا اعلان انتہائی خوش آئند قدم ہے,P
صبح سویرے جہلم کی گلیاں روشنیوں اور رونق سے جگمگا اٹھیں,P
جعلی ادویات کے کاروبار نے اس ہفتے سینکڑوں مریضوں کی جان خطرے میں ڈال دی,N
مزدور کی بے حسی نے مصیبت کے وقت کسی کے کام نہ آنے کا ثبوت دے دیا,N
صحت کارکن پر لگے کرپشن کے الزامات ثابت ہونے کے باوجود کوئی کارروائی نہیں ہوئی,N
خشک سالی نے موسم سرما میں کسانوں کی پوری فصل تباہ کر دی اور وہ مقروض ہو گئے,N
تاجر کی انتھک محنت رنگ لائی اور انہیں وہ مقام مل گیا جس کے وہ حقدار تھے,P
حنزہ کے شہریوں کی اجتماعی کوششوں سے چھٹی کے دن محلے کی صفائی مہم کامیابی سے مکمل ہوئی,P
واپڈا کے وعدے صرف کاغذوں تک محدود رہے، عملی طور پر کچھ نہ ہو سکا,N
شور شرابے اور آلودگی نے صبح سویرے سیالکوٹ کی رہائشی زندگی کو غیر معیاری بنا دیا ہے,N
تاجر کی مسلسل غفلت کے باعث گزشتہ ماہ ایک اور موقع ضائع ہو گیا,N
کسان پر لگے کرپشن کے الزامات ثابت ہونے کے باوجود کوئی کارروائی نہیں ہوئی,N
محکمہ صحت کے وعدے صرف کاغذوں تک محدود رہے، عملی طور پر کچھ نہ ہو سکا,N
کاروباری شخص کی بدسلوکی نے پورے محلے کا امن و سکون برباد کر دیا,N
طالب علم نے عوامی خدمت کا جذبہ برقرار رکھتے ہوئے صبح سویرے مسلسل مثبت تبدیلی لانے کی کوشش جاری رکھی,P
محبت اور خلوص سے بھرا یہ رشتہ سالانہ تقریب میں بھی اتنا ہی مضبوط ہے جتنا پہلے دن تھا,P
استاد کا عاجزانہ رویہ اور دوسروں کی مدد کا جذبہ قابل تقلید ہے,P
شدید گرمی اور لوڈشیڈنگ نے پیر کے روز مری کے باسیوں کی زندگی اجیرن کر دی ہے,N
کسانوں کی محنت رنگ لائی اور صبح سویرے فصل کی پیداوار ریکارڈ سطح پر پہنچ گئی,P
سیالکوٹ کے بجٹ کے بعد میں نمایاں بہتری نے شہریوں کے چہروں پر مسکراہٹ بکھیر دی,P
مقامی فنکار کی پینٹنگ نے بین الاقوامی نمائش میں خصوصی پذیرائی حاصل کی,P
پشاور کے نوجوانوں نے مل کر ماحول دوست منصوبہ شروع کیا جس کی ہر طرف تعریف ہو رہی ہے,P
برسوں کی محنت کے بعد رات گئے بیٹے نے سرکاری نوکری حاصل کر کے والدین کا سر فخر سے بلند کر دیا,P
نرس کو بین الاقوامی سطح پر ایوارڈ ملنے پر پورے خاندان میں خوشی کی لہر دوڑ گئی,P
پارلیمنٹ نے کے حوالے سے شاندار اصلاحات متعارف کروائیں جن کی ہر جگہ تعریف ہو رہی ہے,P
بے جا ٹیکسوں کے نفاذ نے صبح سویرے چھوٹے تاجروں کی کمر توڑ دی ہے,N
بچوں سے مشقت لینے والے کارخانہ داروں کے خلاف رمضان میں کوئی سخت قانون موجود نہیں,N
مقامی فنکار کی پینٹنگ نے بین الاقوامی نمائش میں خصوصی پذیرائی حاصل کی,P
محکمہ صحت نے سالانہ تقریب میں نئی پالیسی متعارف کروائی جس سے عام آدمی کو کافی ریلیف ملنے کی توقع ہے,P
نئی نسل کے کاروباری ذہن نے چھوٹے شہروں میں بھی روزگار کے نئے مواقع پیدا کر دیے,P
طویل انتظار کے بعد پیر کے روز بالآخر بارش نے شہر کی گرمی سے نجات دلا دی,P
میونسپل کمیٹی نے رمضان میں کے حوالے سے شاندار اصلاحات متعارف کروائیں جن کی ہر جگہ تعریف ہو رہی ہے,P
برسوں کی محنت کے بعد حالیہ دنوں میں بیٹے نے سرکاری نوکری حاصل کر کے والدین کا سر فخر سے بلند کر دیا,P
پاکستانی ٹیم نے زبردست کارکردگی دکھاتے ہوئے میچ جیت لیا، شائقین جھوم اٹھے,P
صحافی کا عاجزانہ رویہ اور دوسروں کی مدد کا جذبہ امسال قابل تقلید ہے,P
ڈرائیور نے عوامی خدمت کا جذبہ برقرار رکھتے ہوئے بجٹ کے بعد مسلسل مثبت تبدیلی لانے کی کوشش جاری رکھی,P
کارپوریشن نے پیر کے روز کے حوالے سے شاندار اصلاحات متعارف کروائیں جن کی ہر جگہ تعریف ہو رہی ہے,P
پیر کے روز کی برکتوں سے دل کو عجیب سکون اور طمانیت میسر آتی ہے,P
وزیر اعظم کی ہٹ دھرمی نے مذاکرات کی تمام کوششوں کو ناکام بنا دیا,N
دکاندار کی مسلسل غفلت کے باعث ایک اور موقع ضائع ہو گیا,N
شادی کی تقریب میں اس ہفتے رشتہ داروں کا پرتپاک استقبال دیکھ کر دل باغ باغ ہو گیا,P
کارخانے کی آلودگی نے قریبی آبادی کو سانس کی بیماریوں میں مبتلا کر دیا ہے,N
حیدرآباد کی سڑکوں پر بنے گڑھوں کی وجہ سے روزانہ نئے حادثات جنم لے رہے ہیں,N
سیلاب کی تباہ کاریوں نے ہزاروں گھرانوں کو بے گھر کر دیا اور امداد بھی نہ پہنچی,N
کاروباری شخص نے عوامی خدمت کا جذبہ برقرار رکھتے ہوئے مسلسل مثبت تبدیلی لانے کی کوشش جاری رکھی,P
انتظامیہ نے کے حوالے سے شاندار اصلاحات متعارف کروائیں جن کی ہر جگہ تعریف ہو رہی ہے,P
برسوں بعد بچھڑے دوستوں کا بجٹ کے بعد اچانک ملنا زندگی کا حسین اتفاق تھا,P
میونسپل کمیٹی میں پھیلی رشوت خوری نے رات گئے پورے نظام کو اندر سے کھوکھلا کر دیا ہے,N
چھٹی کے دن کی برکتوں سے دل کو عجیب سکون اور طمانیت میسر آتی ہے,P
نرس کی سادگی اور خلوص نے بجٹ کے بعد ہر ملنے والے کا دل جیت لیا,P
مقامی فنکار کی پینٹنگ نے عید کے موقع پر بین الاقوامی نمائش میں خصوصی پذیرائی حاصل کی,P
میونسپل کمیٹی کی بروقت مدد سے سیلاب متاثرین کی زندگی دوبارہ پٹری پر آ گئی,P
انتخابات کے قریب نرس نے ملتان میں پارلیمنٹ کے تعاون سے ایک شاندار منصوبہ مکمل کر لیا جس سے ہزاروں افراد مستفید ہوں گے,P
خشک سالی نے کسانوں کی پوری فصل تباہ کر دی اور وہ مقروض ہو گئے,N
فیصل آباد کے میں نمایاں بہتری نے شہریوں کے چہروں پر مسکراہٹ بکھیر دی,P
برسوں کی محنت کے بعد بیٹے نے سرکاری نوکری حاصل کر کے والدین کا سر فخر سے بلند کر دیا,P
بجٹ کے بعد فنکار نے بہاولپور میں پولیس محکمہ کے تعاون سے ایک شاندار منصوبہ مکمل کر لیا جس سے ہزاروں افراد مستفید ہوں گے,P
حنزہ میں نئے پارک کی تعمیر سے بچوں اور بزرگوں کو کھلی فضا میں وقت گزارنے کا موقع ملا,P
سیاستدان کی رہنمائی میں نوجوان ٹیم نے قابل ستائش کارکردگی کا مظاہرہ کیا,P
دکاندار کے دھوکے نے چھٹی کے دن برسوں کی دوستی کو ایک ہی لمحے میں ختم کر دیا,N
شدید گرمی اور لوڈشیڈنگ نے کوئٹہ کے باسیوں کی زندگی اجیرن کر دی ہے,N
سرکاری افسر کے جھوٹے وعدوں نے حالیہ دنوں میں عوام کا اعتماد مکمل طور پر ختم کر دیا ہے,N
بچوں سے مشقت لینے والے کارخانہ داروں کے خلاف کوئی سخت قانون موجود نہیں,N
بچوں سے مشقت لینے والے کارخانہ داروں کے خلاف سالانہ تقریب میں کوئی سخت قانون موجود نہیں,N
پولیس اہلکار کی بدسلوکی نے پورے محلے کا امن و سکون برباد کر دیا,N
حکومت کی غفلت کے باعث حیدرآباد کی فیکٹری میں آتشزدگی سے کئی مزدور جھلس گئے,N
کاروباری شخص نے بحران کے باوجود ہمت نہ ہاری اور اپنا کاروبار دوبارہ کھڑا کر دکھایا,P
شادی کی تقریب میں رشتہ داروں کا پرتپاک استقبال دیکھ کر دل باغ باغ ہو گیا,P
سرکاری افسر نے بحران کے باوجود ہمت نہ ہاری اور اپنا کاروبار دوبارہ کھڑا کر دکھایا,P
گلگت کی گلیاں روشنیوں اور رونق سے جگمگا اٹھیں,P
ڈاکٹر کو چھٹی کے دن بین الاقوامی سطح پر ایوارڈ ملنے پر پورے خاندان میں خوشی کی لہر دوڑ گئی,P
غیر ذمہ دارانہ ڈرائیونگ کے باعث انتخابات کے قریب سڑک حادثے میں معصوم بچہ جاں بحق ہو گیا,N
پشاور کے میں مسلسل بگاڑ نے عوام کو شدید مایوسی سے دوچار کر دیا,N
این جی او کی سست روی کی وجہ سے گزشتہ ماہ فائل مہینوں دفتروں میں پڑی رہی,N
شور شرابے اور آلودگی نے حالیہ دنوں میں کراچی کی رہائشی زندگی کو غیر معیاری بنا دیا ہے,N
نرس نے بحران کے باوجود اس ہفتے ہمت نہ ہاری اور اپنا کاروبار دوبارہ کھڑا کر دکھایا,P
وزیر اعظم کی سادگی اور خلوص نے اس ہفتے ہر ملنے والے کا دل جیت لیا,P
ڈاکٹر کی بدسلوکی نے چھٹی کے دن پورے محلے کا امن و سکون برباد کر دیا,N
اس ہفتے کے دوران پشاور میں منعقدہ ثقافتی میلے نے تمام شہریوں کا دل موہ لیا,P
نجی ادارہ کے تعاون سے بے گھر خاندانوں کو محفوظ رہائش فراہم کر دی گئی,P
شاعر کی رہنمائی میں نوجوان ٹیم نے قابل ستائش کارکردگی کا مظاہرہ کیا,P
نرس کا عاجزانہ رویہ اور دوسروں کی مدد کا جذبہ قابل تقلید ہے,P
نوجوان نسل کو بین الاقوامی سطح پر ایوارڈ ملنے پر پورے خاندان میں خوشی کی لہر دوڑ گئی,P
صبح سویرے طالب علم نے چترال میں محکمہ زراعت کے تعاون سے ایک شاندار منصوبہ مکمل کر لیا جس سے ہزاروں افراد مستفید ہوں گے,P
کھیل کے میدان میں شکست کے بعد بھی پیر کے روز ٹیم کے حوصلے بلند رہے اور اگلے میچ میں فتح حاصل کی,P
وزیر اعلیٰ نے عوامی خدمت کا جذبہ برقرار رکھتے ہوئے مسلسل مثبت تبدیلی لانے کی کوشش جاری رکھی,P
محلے دار کی رہنمائی میں حالیہ دنوں میں نوجوان ٹیم نے قابل ستائش کارکردگی کا مظاہرہ کیا,P
گلگت میں خودکش دھماکے کی خبر سن کر پورا شہر خوف اور غم میں ڈوب گیا,N
بارش کے بعد ژوب کا موسم انتہائی خوشگوار ہو گیا اور لوگ گھروں سے باہر نکل آئے,P
یونیورسٹی کی سست روی کی وجہ سے چھٹی کے دن فائل مہینوں دفتروں میں پڑی رہی,N
کارخانے کی آلودگی نے حالیہ دنوں میں قریبی آبادی کو سانس کی بیماریوں میں مبتلا کر دیا ہے,N
سیاستدانوں کی باہمی چپقلش نے عوامی مسائل کو مکمل طور پر پس پشت ڈال دیا,N
بارش کے بعد لسبیلہ کا موسم انتہائی خوشگوار ہو گیا اور پیر کے روز لوگ گھروں سے باہر نکل آئے,P
اسلام آباد کے نوجوانوں نے چھٹی کے دن مل کر ماحول دوست منصوبہ شروع کیا جس کی ہر طرف تعریف ہو رہی ہے,P
چترال کے نوجوانوں نے مل کر ماحول دوست منصوبہ شروع کیا جس کی ہر طرف تعریف ہو رہی ہے,P
بارش کے بعد پشاور کا موسم انتہائی خوشگوار ہو گیا اور لوگ گھروں سے باہر نکل آئے,P
عدالت کی جانب سے گزشتہ ماہ غریب طلبہ کے لیے وظائف کا اعلان انتہائی خوش آئند قدم ہے,P
حکومت کی نااہلی کے باعث اسلام آباد میں بنیادی سہولیات تک عوام کی رسائی ممکن نہیں رہی,N
خشک سالی نے کسانوں کی پوری فصل تباہ کر دی اور وہ مقروض ہو گئے,N
انتظامیہ کی سست روی کی وجہ سے امسال فائل مہینوں دفتروں میں پڑی رہی,N
کارپوریشن میں پھیلی رشوت خوری نے صبح سویرے پورے نظام کو اندر سے کھوکھلا کر دیا ہے,N
وکیل کی بے حسی نے مصیبت کے وقت کسی کے کام نہ آنے کا ثبوت دے دیا,N
سرکاری افسر نے لسبیلہ میں ریلوے کے تعاون سے ایک شاندار منصوبہ مکمل کر لیا جس سے ہزاروں افراد مستفید ہوں گے,P
چترال میں نئے ہسپتال کے قیام سے دیہی علاقے کے مریضوں کو بروقت علاج میسر آ گیا,P
طویل انتظار کے بعد بالآخر بارش نے شہر کی گرمی سے نجات دلا دی,P
نوجوانوں کی نئی ایجاد نے عید کے موقع پر عالمی مقابلے میں پہلی پوزیشن حاصل کر کے ملک کا نام روشن کیا,P
سکھر میں نئے ہسپتال کے قیام سے حالیہ دنوں میں دیہی علاقے کے مریضوں کو بروقت علاج میسر آ گیا,P
سائنسدان کی ہٹ دھرمی نے عید کے موقع پر مذاکرات کی تمام کوششوں کو ناکام بنا دیا,N
دکاندار کی خودغرضی نے پورے منصوبے کو ناکامی سے دوچار کر دیا,N
صحت کارکن کی مسلسل غفلت کے باعث ایک اور موقع ضائع ہو گیا,N
پولیس اہلکار کی رہنمائی میں نوجوان ٹیم نے قابل ستائش کارکردگی کا مظاہرہ کیا,P
کاروباری شخص کے دھوکے نے رمضان میں برسوں کی دوستی کو ایک ہی لمحے میں ختم کر دیا,N
اوکاڑہ کے سالانہ تقریب میں مسلسل بگاڑ نے عوام کو شدید مایوسی سے دوچار کر دیا,N
این جی او کی غفلت کے باعث لاہور کی فیکٹری میں آتشزدگی سے کئی مزدور جھلس گئے,N
پیٹرول اور بجلی کی قیمتوں میں چھٹی کے دن مسلسل اضافے نے متوسط طبقے کی کمر توڑ دی ہے,N
چھٹی کے دن اوکاڑہ کی گلیاں روشنیوں اور رونق سے جگمگا اٹھیں,P
شور شرابے اور آلودگی نے رات گئے اسلام آباد کی رہائشی زندگی کو غیر معیاری بنا دیا ہے,N
تعلیمی بورڈ میں پھیلی رشوت خوری نے پورے نظام کو اندر سے کھوکھلا کر دیا ہے,N
کوئٹہ میں خودکش دھماکے کی خبر سن کر پورا شہر خوف اور غم میں ڈوب گیا,N
نوشہرہ کے میں مسلسل بگاڑ نے عوام کو شدید مایوسی سے دوچار کر دیا,N
شدید گرمی اور لوڈشیڈنگ نے حالیہ دنوں میں اوکاڑہ کے باسیوں کی زندگی اجیرن کر دی ہے,N
سیلاب کی تباہ کاریوں نے ہزاروں گھرانوں کو بے گھر کر دیا اور امداد بھی نہ پہنچی,N
سکھر کے رات گئے میں مسلسل بگاڑ نے عوام کو شدید مایوسی سے دوچار کر دیا,N
راولپنڈی کے عید کے موقع پر میں نمایاں بہتری نے شہریوں کے چہروں پر مسکراہٹ بکھیر دی,P
دکاندار کی ہٹ دھرمی نے مذاکرات کی تمام کوششوں کو ناکام بنا دیا,N
تھر میں پانی کی قلت نے عید کے موقع پر شہریوں کا جینا محال کر دیا ہے,N
واپڈا کے افسران کی من مانیوں نے عام شہری کو ذلیل و خوار کر دیا,N
سیاستدانوں کی باہمی چپقلش نے عوامی مسائل کو مکمل طور پر پس پشت ڈال دیا,N
فنکار نے مشکل حالات میں بھی مسکراہٹ نہیں کھوئی اور دوسروں کے لیے حوصلے کا باعث بنے,P
کسان خاتون کی انتھک محنت رنگ لائی اور انتخابات کے قریب انہیں وہ مقام مل گیا جس کے وہ حقدار تھے,P
شاعر کی بے حسی نے مصیبت کے وقت کسی کے کام نہ آنے کا ثبوت دے دیا,N
اوکاڑہ میں نئی سڑک کی تعمیر سے سفر کا دورانیہ آدھا رہ گیا، مسافروں نے سکون کا سانس لیا,P
طویل انتظار کے بعد بالآخر بارش نے شہر کی گرمی سے نجات دلا دی,P
وکیل نے مشکل حالات میں بھی مسکراہٹ نہیں کھوئی اور دوسروں کے لیے حوصلے کا باعث بنے,P
غیر ذمہ دارانہ ڈرائیونگ کے باعث صبح سویرے سڑک حادثے میں معصوم بچہ جاں بحق ہو گیا,N
سوات میں نئے ہسپتال کے قیام سے حالیہ دنوں میں دیہی علاقے کے مریضوں کو بروقت علاج میسر آ گیا,P
محبت اور خلوص سے بھرا یہ رشتہ امسال بھی اتنا ہی مضبوط ہے جتنا پہلے دن تھا,P
نجی ادارہ کی سست روی کی وجہ سے پیر کے روز فائل مہینوں دفتروں میں پڑی رہی,N
اوکاڑہ کے عید کے موقع پر میں مسلسل بگاڑ نے عوام کو شدید مایوسی سے دوچار کر دیا,N
شادی کی تقریب میں عید کے موقع پر رشتہ داروں کا پرتپاک استقبال دیکھ کر دل باغ باغ ہو گیا,P
این جی او کی نااہلی کے باعث لاہور میں بنیادی سہولیات تک عوام کی رسائی ممکن نہیں رہی,N
کسان خاتون کی سچائی اور دیانتداری پیر کے روز آج بھی معاشرے کے لیے مثال ہے,P
انتظامیہ کی ناقص کارکردگی کے باعث موسم سرما میں شہریوں کا اعتماد مکمل طور پر متزلزل ہو گیا,N
کسان خاتون کی انتھک محنت رنگ لائی اور پیر کے روز انہیں وہ مقام مل گیا جس کے وہ حقدار تھے,P
صحت کارکن کے جھوٹے وعدوں نے گزشتہ ماہ عوام کا اعتماد مکمل طور پر ختم کر دیا ہے,N
چھٹی کے دن نئے تعلیمی سیشن کا آغاز جوش و خروش سے ہوا، بچے مسکراتے ہوئے سکول پہنچے,P
پیٹرول اور بجلی کی قیمتوں میں رات گئے مسلسل اضافے نے متوسط طبقے کی کمر توڑ دی ہے,N
پولیس اہلکار کے جھوٹے وعدوں نے عوام کا اعتماد مکمل طور پر ختم کر دیا ہے,N
امسال تاجر نے لسبیلہ میں محکمہ صحت کے تعاون سے ایک شاندار منصوبہ مکمل کر لیا جس سے ہزاروں افراد مستفید ہوں گے,P
کارخانے کی آلودگی نے پیر کے روز قریبی آبادی کو سانس کی بیماریوں میں مبتلا کر دیا ہے,N
انتظامیہ کی سست روی کی وجہ سے فائل مہینوں دفتروں میں پڑی رہی,N
کارپوریشن نے امسال کے حوالے سے شاندار اصلاحات متعارف کروائیں جن کی ہر جگہ تعریف ہو رہی ہے,P
پشاور میں بجٹ کے بعد نئے پارک کی تعمیر سے بچوں اور بزرگوں کو کھلی فضا میں وقت گزارنے کا موقع ملا,P
لسبیلہ میں سالانہ تقریب میں نئے پارک کی تعمیر سے بچوں اور بزرگوں کو کھلی فضا میں وقت گزارنے کا موقع ملا,P
لاہور کے انتخابات کے قریب میں مسلسل بگاڑ نے عوام کو شدید مایوسی سے دوچار کر دیا,N
میونسپل کمیٹی کی نااہلی کے باعث حیدرآباد میں بنیادی سہولیات تک عوام کی رسائی ممکن نہیں رہی,N
خاندان کے ساتھ امسال پہاڑوں کی سیر ایک ناقابل فراموش تجربہ ثابت ہوئی,P
پاکستانی ٹیم نے زبردست کارکردگی دکھاتے ہوئے میچ جیت لیا، شائقین جھوم اٹھے,P
منہگائی کی چکی میں پستا غریب طبقہ دو وقت کی روٹی کو بھی ترس گیا ہے,N
نجی ادارہ کے افسران کی من مانیوں نے رات گئے عام شہری کو ذلیل و خوار کر دیا,N
میونسپل کمیٹی کی بروقت مدد سے بجٹ کے بعد سیلاب متاثرین کی زندگی دوبارہ پٹری پر آ گئی,P
جہلم کی سڑکوں پر بنے گڑھوں کی وجہ سے روزانہ نئے حادثات جنم لے رہے ہیں,N
محکمہ زراعت کی جانب سے سالانہ تقریب میں غریب طلبہ کے لیے وظائف کا اعلان انتہائی خوش آئند قدم ہے,P
والدین کی بدسلوکی نے پورے محلے کا امن و سکون برباد کر دیا,N
این جی او نے کے حوالے سے شاندار اصلاحات متعارف کروائیں جن کی ہر جگہ تعریف ہو رہی ہے,P
غیر ذمہ دارانہ ڈرائیونگ کے باعث سالانہ تقریب میں سڑک حادثے میں معصوم بچہ جاں بحق ہو گیا,N
صحافی نے بحران کے باوجود انتخابات کے قریب ہمت نہ ہاری اور اپنا کاروبار دوبارہ کھڑا کر دکھایا,P
بچوں سے مشقت لینے والے کارخانہ داروں کے خلاف موسم سرما میں کوئی سخت قانون موجود نہیں,N
بہاولپور میں نئے ہسپتال کے قیام سے دیہی علاقے کے مریضوں کو بروقت علاج میسر آ گیا,P
بارش کے بعد کوئٹہ کا موسم انتہائی خوشگوار ہو گیا اور رات گئے لوگ گھروں سے باہر نکل آئے,P
پاکستانی ٹیم نے حالیہ دنوں میں زبردست کارکردگی دکھاتے ہوئے میچ جیت لیا، شائقین جھوم اٹھے,P
بے روزگاری کے ہاتھوں تنگ اس ہفتے نوجوان ملک چھوڑنے پر مجبور ہو گئے ہیں,N
نجی ادارہ کے تعاون سے پیر کے روز بے گھر خاندانوں کو محفوظ رہائش فراہم کر دی گئی,P
دوران سوات میں منعقدہ ثقافتی میلے نے تمام شہریوں کا دل موہ لیا,P
شدید گرمی اور لوڈشیڈنگ نے حیدرآباد کے باسیوں کی زندگی اجیرن کر دی ہے,N
شور شرابے اور آلودگی نے چھٹی کے دن پشاور کی رہائشی زندگی کو غیر معیاری بنا دیا ہے,N
سرکاری ہسپتالوں میں پیر کے روز ادویات کی کمی کے باعث مریض علاج سے محروم رہ گئے,N
چھٹی کے دن کے دوران گوجرانوالہ میں منعقدہ ثقافتی میلے نے تمام شہریوں کا دل موہ لیا,P
چترال کے بازاروں میں غیر معمولی رونق دیکھی گئی، دکاندار خوش نظر آئے,P
سماجی کارکن کی بدسلوکی نے پورے محلے کا امن و سکون برباد کر دیا,N
سالانہ تقریب میں سیالکوٹ کی گلیاں روشنیوں اور رونق سے جگمگا اٹھیں,P
بلدیہ کے تعاون سے صبح سویرے بے گھر خاندانوں کو محفوظ رہائش فراہم کر دی گئی,P
نوجوان نسل کے جھوٹے وعدوں نے عوام کا اعتماد مکمل طور پر ختم کر دیا ہے,N
گلگت کے امسال میں نمایاں بہتری نے شہریوں کے چہروں پر مسکراہٹ بکھیر دی,P
شادی کی تقریب میں چھٹی کے دن رشتہ داروں کا پرتپاک استقبال دیکھ کر دل باغ باغ ہو گیا,P
شدید گرمی اور لوڈشیڈنگ نے چھٹی کے دن سکھر کے باسیوں کی زندگی اجیرن کر دی ہے,N
کارخانے کی آلودگی نے سالانہ تقریب میں قریبی آبادی کو سانس کی بیماریوں میں مبتلا کر دیا ہے,N
بلدیہ میں پھیلی رشوت خوری نے گزشتہ ماہ پورے نظام کو اندر سے کھوکھلا کر دیا ہے,N
پولیس اہلکار کی بے حسی نے بجٹ کے بعد مصیبت کے وقت کسی کے کام نہ آنے کا ثبوت دے دیا,N
مزدور کی رہنمائی میں نوجوان ٹیم نے قابل ستائش کارکردگی کا مظاہرہ کیا,P
نجی ادارہ میں پھیلی رشوت خوری نے پورے نظام کو اندر سے کھوکھلا کر دیا ہے,N
صبح سویرے تاجر نے اسلام آباد میں سرکاری ہسپتال کے تعاون سے ایک شاندار منصوبہ مکمل کر لیا جس سے ہزاروں افراد مستفید ہوں گے,P
محکمہ صحت کے تعاون سے بے گھر خاندانوں کو محفوظ رہائش فراہم کر دی گئی,P
واپڈا کی جانب سے گزشتہ ماہ غریب طلبہ کے لیے وظائف کا اعلان انتہائی خوش آئند قدم ہے,P
شاعر کی انتھک محنت رنگ لائی اور انہیں وہ مقام مل گیا جس کے وہ حقدار تھے,P
سرکاری افسر کی ہٹ دھرمی نے گزشتہ ماہ مذاکرات کی تمام کوششوں کو ناکام بنا دیا,N
برسوں بعد بچھڑے دوستوں کا گزشتہ ماہ اچانک ملنا زندگی کا حسین اتفاق تھا,P
کتاب پڑھنے کی عادت نے میری سوچ کے دائرے کو بہت وسیع کر دیا,P
پولیس اہلکار نے عوامی خدمت کا جذبہ برقرار رکھتے ہوئے مسلسل مثبت تبدیلی لانے کی کوشش جاری رکھی,P
نئی نسل کے کاروباری ذہن نے چھوٹے شہروں میں بھی روزگار کے نئے مواقع پیدا کر دیے,P
بچے کی پہلی کامیابی دیکھ کر چھٹی کے دن ماں باپ کی آنکھوں میں خوشی کے آنسو آ گئے,P
پارلیمنٹ کے تعاون سے عید کے موقع پر بے گھر خاندانوں کو محفوظ رہائش فراہم کر دی گئی,P
وزیر اعظم کی انتھک محنت رنگ لائی اور انہیں وہ مقام مل گیا جس کے وہ حقدار تھے,P
میونسپل کمیٹی نے کے حوالے سے شاندار اصلاحات متعارف کروائیں جن کی ہر جگہ تعریف ہو رہی ہے,P
استانی نے مشکل حالات میں بھی موسم سرما میں مسکراہٹ نہیں کھوئی اور دوسروں کے لیے حوصلے کا باعث بنے,P
تاجر پر لگے کرپشن کے الزامات امسال ثابت ہونے کے باوجود کوئی کارروائی نہیں ہوئی,N
واپڈا کی ناقص کارکردگی کے باعث شہریوں کا اعتماد مکمل طور پر متزلزل ہو گیا,N
بے روزگاری کے ہاتھوں تنگ نوجوان ملک چھوڑنے پر مجبور ہو گئے ہیں,N
وزیر اعلیٰ کی بے حسی نے مصیبت کے وقت کسی کے کام نہ آنے کا ثبوت دے دیا,N
چترال کے نوجوانوں نے صبح سویرے مل کر ماحول دوست منصوبہ شروع کیا جس کی ہر طرف تعریف ہو رہی ہے,P
اسلام آباد کے نوجوانوں نے بجٹ کے بعد مل کر ماحول دوست منصوبہ شروع کیا جس کی ہر طرف تعریف ہو رہی ہے,P
کاروباری شخص کی سچائی اور دیانتداری امسال آج بھی معاشرے کے لیے مثال ہے,P
نوجوان نسل کی ہٹ دھرمی نے پیر کے روز مذاکرات کی تمام کوششوں کو ناکام بنا دیا,N
بلدیہ کی نااہلی کے باعث چترال میں بنیادی سہولیات تک عوام کی رسائی ممکن نہیں رہی,N
برسوں بعد بچھڑے دوستوں کا اچانک ملنا زندگی کا حسین اتفاق تھا,P
بلدیہ کی جانب سے عید کے موقع پر غریب طلبہ کے لیے وظائف کا اعلان انتہائی خوش آئند قدم ہے,P
کتاب پڑھنے کی عادت نے میری سوچ کے دائرے کو بہت وسیع کر دیا,P
سماجی کارکن کی ہٹ دھرمی نے مذاکرات کی تمام کوششوں کو ناکام بنا دیا,N
شدید گرمی اور لوڈشیڈنگ نے گوجرانوالہ کے باسیوں کی زندگی اجیرن کر دی ہے,N
ڈرائیور کی سچائی اور دیانتداری آج بھی معاشرے کے لیے مثال ہے,P
بارش کے بعد نوشہرہ کا موسم انتہائی خوشگوار ہو گیا اور لوگ گھروں سے باہر نکل آئے,P
جھوٹی خبروں کے سیلاب نے موسم سرما میں سوشل میڈیا صارفین کو شدید ذہنی کوفت میں مبتلا کر دیا,N
پولیس محکمہ کے وعدے رمضان میں صرف کاغذوں تک محدود رہے، عملی طور پر کچھ نہ ہو سکا,N
سکھر کے نوجوانوں نے صبح سویرے مل کر ماحول دوست منصوبہ شروع کیا جس کی ہر طرف تعریف ہو رہی ہے,P
پیٹرول اور بجلی کی قیمتوں میں مسلسل اضافے نے متوسط طبقے کی کمر توڑ دی ہے,N
شدید گرمی اور لوڈشیڈنگ نے ژوب کے باسیوں کی زندگی اجیرن کر دی ہے,N
نجی ادارہ کی سست روی کی وجہ سے فائل مہینوں دفتروں میں پڑی رہی,N
پشاور میں عید کے موقع پر نئے پارک کی تعمیر سے بچوں اور بزرگوں کو کھلی فضا میں وقت گزارنے کا موقع ملا,P
راولپنڈی میں پانی کی قلت نے موسم سرما میں شہریوں کا جینا محال کر دیا ہے,N
سیاستدانوں کی باہمی چپقلش نے عوامی مسائل کو مکمل طور پر پس پشت ڈال دیا,N
مقامی فنکار کی پینٹنگ نے بین الاقوامی نمائش میں خصوصی پذیرائی حاصل کی,P
بے روزگاری کے ہاتھوں تنگ موسم سرما میں نوجوان ملک چھوڑنے پر مجبور ہو گئے ہیں,N
خشک سالی نے بجٹ کے بعد کسانوں کی پوری فصل تباہ کر دی اور وہ مقروض ہو گئے,N
مقامی فنکار کی پینٹنگ نے اس ہفتے بین الاقوامی نمائش میں خصوصی پذیرائی حاصل کی,P
منہگائی کی چکی میں پستا گزشتہ ماہ غریب طبقہ دو وقت کی روٹی کو بھی ترس گیا ہے,N
بے جا ٹیکسوں کے نفاذ نے چھوٹے تاجروں کی کمر توڑ دی ہے,N
شور شرابے اور آلودگی نے رمضان میں مری کی رہائشی زندگی کو غیر معیاری بنا دیا ہے,N
واپڈا کی غفلت کے باعث بہاولپور کی فیکٹری میں آتشزدگی سے کئی مزدور جھلس گئے,N
سرکاری افسر کی بے حسی نے مصیبت کے وقت کسی کے کام نہ آنے کا ثبوت دے دیا,N
وزیر اعظم کی رہنمائی میں سالانہ تقریب میں نوجوان ٹیم نے قابل ستائش کارکردگی کا مظاہرہ کیا,P
برسوں کی محنت کے بعد صبح سویرے بیٹے نے سرکاری نوکری حاصل کر کے والدین کا سر فخر سے بلند کر دیا,P
چترال میں پانی کی قلت نے رات گئے شہریوں کا جینا محال کر دیا ہے,N
انتخابات کے قریب سوات کی گلیاں روشنیوں اور رونق سے جگمگا اٹھیں,P
بارش کے بعد کوئٹہ کا موسم انتہائی خوشگوار ہو گیا اور گزشتہ ماہ لوگ گھروں سے باہر نکل آئے,P
صحت کارکن کا عاجزانہ رویہ اور دوسروں کی مدد کا جذبہ پیر کے روز قابل تقلید ہے,P
گوجرانوالہ کے میں مسلسل بگاڑ نے عوام کو شدید مایوسی سے دوچار کر دیا,N
نرس کے دھوکے نے برسوں کی دوستی کو ایک ہی لمحے میں ختم کر دیا,N
انجینئر کی بدسلوکی نے عید کے موقع پر پورے محلے کا امن و سکون برباد کر دیا,N
شدید گرمی اور لوڈشیڈنگ نے چھٹی کے دن تھر کے باسیوں کی زندگی اجیرن کر دی ہے,N
پیر کے روز کی برکتوں سے دل کو عجیب سکون اور طمانیت میسر آتی ہے,P
محکمہ زراعت کی غفلت کے باعث تھر کی فیکٹری میں آتشزدگی سے کئی مزدور جھلس گئے,N
اس ہفتے صبح سویرے پرندوں کی چہچہاہٹ اور تازہ ہوا دل کو ایک عجیب سکون دیتی ہے,P
دکاندار کی بدسلوکی نے پورے محلے کا امن و سکون برباد کر دیا,N
شدید گرمی اور لوڈشیڈنگ نے چترال کے باسیوں کی زندگی اجیرن کر دی ہے,N
وزیر اعلیٰ کی خودغرضی نے بجٹ کے بعد پورے منصوبے کو ناکامی سے دوچار کر دیا,N
محکمہ صحت نے پیر کے روز نئی پالیسی متعارف کروائی جس سے عام آدمی کو کافی ریلیف ملنے کی توقع ہے,P
مقامی فنکار کی پینٹنگ نے امسال بین الاقوامی نمائش میں خصوصی پذیرائی حاصل کی,P
والدین کا عاجزانہ رویہ اور دوسروں کی مدد کا جذبہ عید کے موقع پر قابل تقلید ہے,P
خشک سالی نے کسانوں کی پوری فصل تباہ کر دی اور وہ مقروض ہو گئے,N
نجی ادارہ نے پیر کے روز کے حوالے سے شاندار اصلاحات متعارف کروائیں جن کی ہر جگہ تعریف ہو رہی ہے,P
بارش کے بعد اوکاڑہ کا موسم انتہائی خوشگوار ہو گیا اور بجٹ کے بعد لوگ گھروں سے باہر نکل آئے,P
خشک سالی نے عید کے موقع پر کسانوں کی پوری فصل تباہ کر دی اور وہ مقروض ہو گئے,N
انجینئر کی بے حسی نے صبح سویرے مصیبت کے وقت کسی کے کام نہ آنے کا ثبوت دے دیا,N
امتحان میں ناکامی کے بعد صبح سویرے طالب علم شدید ذہنی دباؤ کا شکار ہو گیا,N
مری میں خودکش دھماکے کی خبر سن کر پورا شہر خوف اور غم میں ڈوب گیا,N
پارلیمنٹ کے تعاون سے چھٹی کے دن بے گھر خاندانوں کو محفوظ رہائش فراہم کر دی گئی,P
صبح سویرے نئے تعلیمی سیشن کا آغاز جوش و خروش سے ہوا، بچے مسکراتے ہوئے سکول پہنچے,P
عید کے موقع پر کاروباری شخص نے کوئٹہ میں پارلیمنٹ کے تعاون سے ایک شاندار منصوبہ مکمل کر لیا جس سے ہزاروں افراد مستفید ہوں گے,P
برسوں بعد بچھڑے دوستوں کا اچانک ملنا زندگی کا حسین اتفاق تھا,P
پولیس محکمہ کی سست روی کی وجہ سے فائل مہینوں دفتروں میں پڑی رہی,N
ریلوے کی غفلت کے باعث حنزہ کی فیکٹری میں آتشزدگی سے کئی مزدور جھلس گئے,N
مقامی کھلاڑی نے قومی سطح پر گولڈ میڈل جیت کر تمام شہر کو خوشی سے سرشار کر دیا,P
کاروباری شخص کی انتھک محنت رنگ لائی اور انہیں وہ مقام مل گیا جس کے وہ حقدار تھے,P
بے روزگاری کے ہاتھوں تنگ نوجوان ملک چھوڑنے پر مجبور ہو گئے ہیں,N
امسال لاہور کی گلیاں روشنیوں اور رونق سے جگمگا اٹھیں,P
بہاولپور میں خودکش دھماکے کی خبر سن کر رات گئے پورا شہر خوف اور غم میں ڈوب گیا,N
پارلیمنٹ کی جانب سے غریب طلبہ کے لیے وظائف کا اعلان انتہائی خوش آئند قدم ہے,P
کارپوریشن میں پھیلی رشوت خوری نے پیر کے روز پورے نظام کو اندر سے کھوکھلا کر دیا ہے,N
برسوں کی محنت کے بعد بیٹے نے سرکاری نوکری حاصل کر کے والدین کا سر فخر سے بلند کر دیا,P
بارش کے بعد لسبیلہ کا موسم انتہائی خوشگوار ہو گیا اور موسم سرما میں لوگ گھروں سے باہر نکل آئے,P
نوجوان نسل کا عاجزانہ رویہ اور دوسروں کی مدد کا جذبہ اس ہفتے قابل تقلید ہے,P
گلگت میں پانی کی قلت نے بجٹ کے بعد شہریوں کا جینا محال کر دیا ہے,N
واپڈا کی سست روی کی وجہ سے انتخابات کے قریب فائل مہینوں دفتروں میں پڑی رہی,N
پولیس محکمہ کی سست روی کی وجہ سے چھٹی کے دن فائل مہینوں دفتروں میں پڑی رہی,N
کراچی میں اس ہفتے نئے پارک کی تعمیر سے بچوں اور بزرگوں کو کھلی فضا میں وقت گزارنے کا موقع ملا,P
شادی کی تقریب میں رمضان میں رشتہ داروں کا پرتپاک استقبال دیکھ کر دل باغ باغ ہو گیا,P
کارپوریشن کے افسران کی من مانیوں نے رمضان میں عام شہری کو ذلیل و خوار کر دیا,N
دوستوں کے ساتھ رمضان میں گزارا وقت زندگی کی سب سے قیمتی یادوں میں شمار ہوتا ہے,P
ادیب کو پیر کے روز بین الاقوامی سطح پر ایوارڈ ملنے پر پورے خاندان میں خوشی کی لہر دوڑ گئی,P
ریلوے کی جانب سے غریب طلبہ کے لیے وظائف کا اعلان انتہائی خوش آئند قدم ہے,P
بچے کی پہلی کامیابی دیکھ کر ماں باپ کی آنکھوں میں خوشی کے آنسو آ گئے,P
ادیب نے عوامی خدمت کا جذبہ برقرار رکھتے ہوئے مسلسل مثبت تبدیلی لانے کی کوشش جاری رکھی,P
کوئٹہ کی گلیاں روشنیوں اور رونق سے جگمگا اٹھیں,P
برسوں بعد بچھڑے دوستوں کا اچانک ملنا زندگی کا حسین اتفاق تھا,P
صحافی کی سادگی اور خلوص نے اس ہفتے ہر ملنے والے کا دل جیت لیا,P
سکھر میں نئے ہسپتال کے قیام سے دیہی علاقے کے مریضوں کو بروقت علاج میسر آ گیا,P
کسان نے مشکل حالات میں بھی امسال مسکراہٹ نہیں کھوئی اور دوسروں کے لیے حوصلے کا باعث بنے,P
مقامی کھلاڑی نے اس ہفتے قومی سطح پر گولڈ میڈل جیت کر تمام شہر کو خوشی سے سرشار کر دیا,P
ادیب کو چھٹی کے دن بین الاقوامی سطح پر ایوارڈ ملنے پر پورے خاندان میں خوشی کی لہر دوڑ گئی,P
میونسپل کمیٹی کے تعاون سے رات گئے بے گھر خاندانوں کو محفوظ رہائش فراہم کر دی گئی,P
برسوں بعد بچھڑے دوستوں کا اچانک ملنا زندگی کا حسین اتفاق تھا,P
استاد کی حوصلہ افزائی نے ایک کمزور طالب علم کو کلاس کا بہترین نتیجہ دینے والا بنا دیا,P
صبح سویرے پرندوں کی چہچہاہٹ اور تازہ ہوا دل کو ایک عجیب سکون دیتی ہے,P
محکمہ زراعت کی سست روی کی وجہ سے رمضان میں فائل مہینوں دفتروں میں پڑی رہی,N
جہلم کے میں مسلسل بگاڑ نے عوام کو شدید مایوسی سے دوچار کر دیا,N
برسوں کی محنت کے بعد بیٹے نے سرکاری نوکری حاصل کر کے والدین کا سر فخر سے بلند کر دیا,P
معیاری تعلیم کے فقدان نے پیر کے روز دیہی علاقوں کے بچوں کا مستقبل تاریک کر دیا ہے,N
صحت کارکن کو بین الاقوامی سطح پر ایوارڈ ملنے پر پورے خاندان میں خوشی کی لہر دوڑ گئی,P
سماجی کارکن کی مسلسل غفلت کے باعث گزشتہ ماہ ایک اور موقع ضائع ہو گیا,N
دوران لسبیلہ میں پیش آنے والے واقعے نے سب کو صدمے میں ڈال دیا,N
سرکاری ہسپتال کے افسران کی من مانیوں نے پیر کے روز عام شہری کو ذلیل و خوار کر دیا,N
استاد کی حوصلہ افزائی نے ایک کمزور طالب علم کو کلاس کا بہترین نتیجہ دینے والا بنا دیا,P
نئی نسل کے کاروباری ذہن نے چھوٹے شہروں میں بھی روزگار کے نئے مواقع پیدا کر دیے,P
استاد کی حوصلہ افزائی نے پیر کے روز ایک کمزور طالب علم کو کلاس کا بہترین نتیجہ دینے والا بنا دیا,P
شور شرابے اور آلودگی نے عید کے موقع پر مری کی رہائشی زندگی کو غیر معیاری بنا دیا ہے,N
منشیات کے پھیلاؤ نے چھٹی کے دن نوجوان نسل کا مستقبل داؤ پر لگا دیا ہے,N
کاروباری شخص کی بدسلوکی نے انتخابات کے قریب پورے محلے کا امن و سکون برباد کر دیا,N
بلدیہ کی بروقت مدد سے سالانہ تقریب میں سیلاب متاثرین کی زندگی دوبارہ پٹری پر آ گئی,P
چترال میں پانی کی قلت نے شہریوں کا جینا محال کر دیا ہے,N
ڈاکٹر کی سچائی اور دیانتداری عید کے موقع پر آج بھی معاشرے کے لیے مثال ہے,P
گوجرانوالہ میں پانی کی قلت نے شہریوں کا جینا محال کر دیا ہے,N
اس ہفتے بہاولپور کی گلیاں روشنیوں اور رونق سے جگمگا اٹھیں,P
پولیس اہلکار کی مسلسل غفلت کے باعث ایک اور موقع ضائع ہو گیا,N
نجی ادارہ نے چھٹی کے دن کے حوالے سے شاندار اصلاحات متعارف کروائیں جن کی ہر جگہ تعریف ہو رہی ہے,P
اوکاڑہ کے امسال میں مسلسل بگاڑ نے عوام کو شدید مایوسی سے دوچار کر دیا,N
پشاور کے میں نمایاں بہتری نے شہریوں کے چہروں پر مسکراہٹ بکھیر دی,P
سماجی کارکن کی انتھک محنت رنگ لائی اور انہیں وہ مقام مل گیا جس کے وہ حقدار تھے,P
بلدیہ کی سست روی کی وجہ سے چھٹی کے دن فائل مہینوں دفتروں میں پڑی رہی,N
استانی کے جھوٹے وعدوں نے امسال عوام کا اعتماد مکمل طور پر ختم کر دیا ہے,N
سرکاری افسر کی انتھک محنت رنگ لائی اور گزشتہ ماہ انہیں وہ مقام مل گیا جس کے وہ حقدار تھے,P
محبت اور خلوص سے بھرا یہ رشتہ بھی اتنا ہی مضبوط ہے جتنا پہلے دن تھا,P
سرکاری ہسپتالوں میں عید کے موقع پر ادویات کی کمی کے باعث مریض علاج سے محروم رہ گئے,N
عید کے موقع پر حنزہ کی گلیاں روشنیوں اور رونق سے جگمگا اٹھیں,P
مزدور کے جھوٹے وعدوں نے انتخابات کے قریب عوام کا اعتماد مکمل طور پر ختم کر دیا ہے,N
محلے دار کی مسلسل غفلت کے باعث رات گئے ایک اور موقع ضائع ہو گیا,N
نوجوانوں کی نئی ایجاد نے امسال عالمی مقابلے میں پہلی پوزیشن حاصل کر کے ملک کا نام روشن کیا,P
شدید گرمی اور لوڈشیڈنگ نے رمضان میں سوات کے باسیوں کی زندگی اجیرن کر دی ہے,N
وکیل کی سادگی اور خلوص نے گزشتہ ماہ ہر ملنے والے کا دل جیت لیا,P
واپڈا کی غفلت کے باعث چترال کی فیکٹری میں آتشزدگی سے کئی مزدور جھلس گئے,N
مقامی کھلاڑی نے انتخابات کے قریب قومی سطح پر گولڈ میڈل جیت کر تمام شہر کو خوشی سے سرشار کر دیا,P
شادی کی تقریب میں رشتہ داروں کا پرتپاک استقبال دیکھ کر دل باغ باغ ہو گیا,P
وزیر اعلیٰ کے جھوٹے وعدوں نے موسم سرما میں عوام کا اعتماد مکمل طور پر ختم کر دیا ہے,N
سالانہ تقریب میں نئے تعلیمی سیشن کا آغاز جوش و خروش سے ہوا، بچے مسکراتے ہوئے سکول پہنچے,P
بارش کے بعد لاہور کا موسم انتہائی خوشگوار ہو گیا اور سالانہ تقریب میں لوگ گھروں سے باہر نکل آئے,P
فیصل آباد میں ٹریفک جام میں گھنٹوں پھنسے رہنا اب معمول بن چکا ہے، لوگ ذہنی کوفت کا شکار ہیں,N
طالب علم کے دھوکے نے برسوں کی دوستی کو ایک ہی لمحے میں ختم کر دیا,N
کارپوریشن کی غفلت کے باعث راولپنڈی کی فیکٹری میں آتشزدگی سے کئی مزدور جھلس گئے,N
نوشہرہ کی گلیوں میں کوڑے کے ڈھیر بیماریاں پھیلانے کا باعث بن رہے ہیں,N
واپڈا کی غفلت کے باعث اسلام آباد کی فیکٹری میں آتشزدگی سے کئی مزدور جھلس گئے,N
انصاف کے حصول میں برسوں لگ جاتے ہیں، عدالتی نظام سست روی کا شکار ہے,N
محکمہ زراعت کے وعدے موسم سرما میں صرف کاغذوں تک محدود رہے، عملی طور پر کچھ نہ ہو سکا,N
سرکاری ہسپتال کی سست روی کی وجہ سے انتخابات کے قریب فائل مہینوں دفتروں میں پڑی رہی,N
جہلم کے بازاروں میں حالیہ دنوں میں غیر معمولی رونق دیکھی گئی، دکاندار خوش نظر آئے,P
شدید گرمی اور لوڈشیڈنگ نے بہاولپور کے باسیوں کی زندگی اجیرن کر دی ہے,N
نجی ادارہ کے وعدے بجٹ کے بعد صرف کاغذوں تک محدود رہے، عملی طور پر کچھ نہ ہو سکا,N
میونسپل کمیٹی نے انتخابات کے قریب نئی پالیسی متعارف کروائی جس سے عام آدمی کو کافی ریلیف ملنے کی توقع ہے,P
دکاندار نے عوامی خدمت کا جذبہ برقرار رکھتے ہوئے سالانہ تقریب میں مسلسل مثبت تبدیلی لانے کی کوشش جاری رکھی,P
مقامی کھلاڑی نے قومی سطح پر گولڈ میڈل جیت کر تمام شہر کو خوشی سے سرشار کر دیا,P
خشک سالی نے رمضان میں کسانوں کی پوری فصل تباہ کر دی اور وہ مقروض ہو گئے,N
پشاور کی گلیاں روشنیوں اور رونق سے جگمگا اٹھیں,P
استاد کی حوصلہ افزائی نے ایک کمزور طالب علم کو کلاس کا بہترین نتیجہ دینے والا بنا دیا,P
پولیس اہلکار کے دھوکے نے برسوں کی دوستی کو ایک ہی لمحے میں ختم کر دیا,N
استاد نے بحران کے باوجود ہمت نہ ہاری اور اپنا کاروبار دوبارہ کھڑا کر دکھایا,P
محکمہ صحت کی غفلت کے باعث اوکاڑہ کی فیکٹری میں آتشزدگی سے کئی مزدور جھلس گئے,N
صحافی کی ہٹ دھرمی نے موسم سرما میں مذاکرات کی تمام کوششوں کو ناکام بنا دیا,N
نوجوانوں کی نئی ایجاد نے بجٹ کے بعد عالمی مقابلے میں پہلی پوزیشن حاصل کر کے ملک کا نام روشن کیا,P
مقامی کھلاڑی نے امسال قومی سطح پر گولڈ میڈل جیت کر تمام شہر کو خوشی سے سرشار کر دیا,P
مری کے میں نمایاں بہتری نے شہریوں کے چہروں پر مسکراہٹ بکھیر دی,P
حنزہ کے میں مسلسل بگاڑ نے عوام کو شدید مایوسی سے دوچار کر دیا,N
انجینئر کی ہٹ دھرمی نے رات گئے مذاکرات کی تمام کوششوں کو ناکام بنا دیا,N
منشیات کے پھیلاؤ نے نوجوان نسل کا مستقبل داؤ پر لگا دیا ہے,N
منشیات کے پھیلاؤ نے نوجوان نسل کا مستقبل داؤ پر لگا دیا ہے,N
منشیات کے پھیلاؤ نے نوجوان نسل کا مستقبل داؤ پر لگا دیا ہے,N
انصاف کے حصول میں برسوں لگ جاتے ہیں، عدالتی نظام سست روی کا شکار ہے,N
طویل انتظار کے بعد انتخابات کے قریب بالآخر بارش نے شہر کی گرمی سے نجات دلا دی,P
کسانوں کی محنت رنگ لائی اور پیر کے روز فصل کی پیداوار ریکارڈ سطح پر پہنچ گئی,P
سماجی کارکن کی بے حسی نے مصیبت کے وقت کسی کے کام نہ آنے کا ثبوت دے دیا,N
موسم سرما میں جہلم کی گلیاں روشنیوں اور رونق سے جگمگا اٹھیں,P
استانی کی سادگی اور خلوص نے ہر ملنے والے کا دل جیت لیا,P
نجی ادارہ کی نااہلی کے باعث حنزہ میں بنیادی سہولیات تک عوام کی رسائی ممکن نہیں رہی,N
پیٹرول اور بجلی کی قیمتوں میں موسم سرما میں مسلسل اضافے نے متوسط طبقے کی کمر توڑ دی ہے,N
کاروباری شخص نے مشکل حالات میں بھی رات گئے مسکراہٹ نہیں کھوئی اور دوسروں کے لیے حوصلے کا باعث بنے,P
اسلام آباد میں نئے پارک کی تعمیر سے بچوں اور بزرگوں کو کھلی فضا میں وقت گزارنے کا موقع ملا,P
کراچی میں نئے ہسپتال کے قیام سے دیہی علاقے کے مریضوں کو بروقت علاج میسر آ گیا,P
برسوں کی محنت کے بعد رمضان میں بیٹے نے سرکاری نوکری حاصل کر کے والدین کا سر فخر سے بلند کر دیا,P
والدین کی خودغرضی نے رمضان میں پورے منصوبے کو ناکامی سے دوچار کر دیا,N
منہگائی کی چکی میں پستا انتخابات کے قریب غریب طبقہ دو وقت کی روٹی کو بھی ترس گیا ہے,N
محلے دار کے دھوکے نے حالیہ دنوں میں برسوں کی دوستی کو ایک ہی لمحے میں ختم کر دیا,N
طویل انتظار کے بعد عید کے موقع پر بالآخر بارش نے شہر کی گرمی سے نجات دلا دی,P
سائنسدان پر لگے کرپشن کے الزامات ثابت ہونے کے باوجود کوئی کارروائی نہیں ہوئی,N
سیاستدانوں کی باہمی چپقلش نے انتخابات کے قریب عوامی مسائل کو مکمل طور پر پس پشت ڈال دیا,N
موسم سرما میں اسلام آباد کی گلیاں روشنیوں اور رونق سے جگمگا اٹھیں,P
صحت کارکن کی خودغرضی نے پورے منصوبے کو ناکامی سے دوچار کر دیا,N
بچے کی پہلی کامیابی دیکھ کر ماں باپ کی آنکھوں میں خوشی کے آنسو آ گئے,P
سرکاری ہسپتالوں میں ادویات کی کمی کے باعث مریض علاج سے محروم رہ گئے,N
کارپوریشن کی غفلت کے باعث چترال کی فیکٹری میں آتشزدگی سے کئی مزدور جھلس گئے,N
کارپوریشن کے وعدے صرف کاغذوں تک محدود رہے، عملی طور پر کچھ نہ ہو سکا,N
پولیس محکمہ کے وعدے صرف کاغذوں تک محدود رہے، عملی طور پر کچھ نہ ہو سکا,N
استانی کی خودغرضی نے چھٹی کے دن پورے منصوبے کو ناکامی سے دوچار کر دیا,N
تاجر کی سچائی اور دیانتداری آج بھی معاشرے کے لیے مثال ہے,P
سیاستدان کے جھوٹے وعدوں نے صبح سویرے عوام کا اعتماد مکمل طور پر ختم کر دیا ہے,N
بینک نے نئی پالیسی متعارف کروائی جس سے عام آدمی کو کافی ریلیف ملنے کی توقع ہے,P
پاکستانی ٹیم نے زبردست کارکردگی دکھاتے ہوئے میچ جیت لیا، شائقین جھوم اٹھے,P
طلاق کی شرح میں اضافے نے خاندانی نظام کو شدید نقصان پہنچایا ہے,N
کتاب پڑھنے کی عادت نے میری سوچ کے دائرے کو بہت وسیع کر دیا,P
سیالکوٹ کی گلیوں میں کوڑے کے ڈھیر سالانہ تقریب میں بیماریاں پھیلانے کا باعث بن رہے ہیں,N
استانی کی بے حسی نے گزشتہ ماہ مصیبت کے وقت کسی کے کام نہ آنے کا ثبوت دے دیا,N
صحت کارکن کو رات گئے بین الاقوامی سطح پر ایوارڈ ملنے پر پورے خاندان میں خوشی کی لہر دوڑ گئی,P
بجلی کے بھاری بلوں نے گزشتہ ماہ چھوٹے کاروباریوں کو دیوالیہ ہونے پر مجبور کر دیا,N
نرس کی بے حسی نے موسم سرما میں مصیبت کے وقت کسی کے کام نہ آنے کا ثبوت دے دیا,N
ڈاکٹر کی مسلسل غفلت کے باعث ایک اور موقع ضائع ہو گیا,N
چترال میں نئے ہسپتال کے قیام سے دیہی علاقے کے مریضوں کو بروقت علاج میسر آ گیا,P
وزیر اعظم نے مشکل حالات میں بھی گزشتہ ماہ مسکراہٹ نہیں کھوئی اور دوسروں کے لیے حوصلے کا باعث بنے,P
ژوب میں نئے ہسپتال کے قیام سے بجٹ کے بعد دیہی علاقے کے مریضوں کو بروقت علاج میسر آ گیا,P
جعلی ادویات کے کاروبار نے رات گئے سینکڑوں مریضوں کی جان خطرے میں ڈال دی,N
چترال میں نئے ہسپتال کے قیام سے پیر کے روز دیہی علاقے کے مریضوں کو بروقت علاج میسر آ گیا,P
کسان خاتون نے عوامی خدمت کا جذبہ برقرار رکھتے ہوئے گزشتہ ماہ مسلسل مثبت تبدیلی لانے کی کوشش جاری رکھی,P
کارپوریشن کے افسران کی من مانیوں نے عام شہری کو ذلیل و خوار کر دیا,N
سیاستدانوں کی باہمی چپقلش نے چھٹی کے دن عوامی مسائل کو مکمل طور پر پس پشت ڈال دیا,N
کسانوں کی محنت رنگ لائی اور بجٹ کے بعد فصل کی پیداوار ریکارڈ سطح پر پہنچ گئی,P
شاعر کے جھوٹے وعدوں نے عوام کا اعتماد مکمل طور پر ختم کر دیا ہے,N
پارلیمنٹ کے افسران کی من مانیوں نے سالانہ تقریب میں عام شہری کو ذلیل و خوار کر دیا,N
کوئٹہ میں نئی سڑک کی تعمیر سے سفر کا دورانیہ آدھا رہ گیا، مسافروں نے سکون کا سانس لیا,P
کسان خاتون کے دھوکے نے امسال برسوں کی دوستی کو ایک ہی لمحے میں ختم کر دیا,N
لاہور میں گزشتہ ماہ نئے پارک کی تعمیر سے بچوں اور بزرگوں کو کھلی فضا میں وقت گزارنے کا موقع ملا,P
این جی او میں پھیلی رشوت خوری نے امسال پورے نظام کو اندر سے کھوکھلا کر دیا ہے,N
سکھر میں پانی کی قلت نے شہریوں کا جینا محال کر دیا ہے,N
کسانوں کی محنت رنگ لائی اور فصل کی پیداوار ریکارڈ سطح پر پہنچ گئی,P
انتظامیہ کے تعاون سے رات گئے بے گھر خاندانوں کو محفوظ رہائش فراہم کر دی گئی,P
کسان کا عاجزانہ رویہ اور دوسروں کی مدد کا جذبہ بجٹ کے بعد قابل تقلید ہے,P
این جی او کی جانب سے غریب طلبہ کے لیے وظائف کا اعلان انتہائی خوش آئند قدم ہے,P
سماجی کارکن کی سادگی اور خلوص نے ہر ملنے والے کا دل جیت لیا,P
منشیات کے پھیلاؤ نے حالیہ دنوں میں نوجوان نسل کا مستقبل داؤ پر لگا دیا ہے,N
محکمہ زراعت کی ناقص کارکردگی کے باعث شہریوں کا اعتماد مکمل طور پر متزلزل ہو گیا,N
بجٹ کے بعد نئے تعلیمی سیشن کا آغاز جوش و خروش سے ہوا، بچے مسکراتے ہوئے سکول پہنچے,P
کسان خاتون کی سادگی اور خلوص نے عید کے موقع پر ہر ملنے والے کا دل جیت لیا,P
نوجوان نسل نے اسلام آباد میں محکمہ صحت کے تعاون سے ایک شاندار منصوبہ مکمل کر لیا جس سے ہزاروں افراد مستفید ہوں گے,P
انجینئر کی انتھک محنت رنگ لائی اور انتخابات کے قریب انہیں وہ مقام مل گیا جس کے وہ حقدار تھے,P
صحت کارکن کو بین الاقوامی سطح پر ایوارڈ ملنے پر پورے خاندان میں خوشی کی لہر دوڑ گئی,P
این جی او کے تعاون سے موسم سرما میں بے گھر خاندانوں کو محفوظ رہائش فراہم کر دی گئی,P
شاعر نے مشکل حالات میں بھی مسکراہٹ نہیں کھوئی اور دوسروں کے لیے حوصلے کا باعث بنے,P
بچوں سے مشقت لینے والے کارخانہ داروں کے خلاف کوئی سخت قانون موجود نہیں,N
طالب علم نے عوامی خدمت کا جذبہ برقرار رکھتے ہوئے انتخابات کے قریب مسلسل مثبت تبدیلی لانے کی کوشش جاری رکھی,P
دوران کوئٹہ میں منعقدہ ثقافتی میلے نے تمام شہریوں کا دل موہ لیا,P
استانی کے جھوٹے وعدوں نے رات گئے عوام کا اعتماد مکمل طور پر ختم کر دیا ہے,N
شدید گرمی اور لوڈشیڈنگ نے اوکاڑہ کے باسیوں کی زندگی اجیرن کر دی ہے,N
راولپنڈی میں نئی سڑک کی تعمیر سے سفر کا دورانیہ آدھا رہ گیا، مسافروں نے سکون کا سانس لیا,P
سرکاری ہسپتالوں میں ادویات کی کمی کے باعث مریض علاج سے محروم رہ گئے,N
نرس کی بدسلوکی نے موسم سرما میں پورے محلے کا امن و سکون برباد کر دیا,N
استاد کی ہٹ دھرمی نے مذاکرات کی تمام کوششوں کو ناکام بنا دیا,N
سرکاری ہسپتالوں میں ادویات کی کمی کے باعث مریض علاج سے محروم رہ گئے,N
سماجی کارکن کی انتھک محنت رنگ لائی اور رمضان میں انہیں وہ مقام مل گیا جس کے وہ حقدار تھے,P
عدالت نے عید کے موقع پر نئی پالیسی متعارف کروائی جس سے عام آدمی کو کافی ریلیف ملنے کی توقع ہے,P
بے روزگاری کے ہاتھوں تنگ سالانہ تقریب میں نوجوان ملک چھوڑنے پر مجبور ہو گئے ہیں,N
بینک نے نئی پالیسی متعارف کروائی جس سے عام آدمی کو کافی ریلیف ملنے کی توقع ہے,P
سماجی کارکن نے بحران کے باوجود حالیہ دنوں میں ہمت نہ ہاری اور اپنا کاروبار دوبارہ کھڑا کر دکھایا,P
سیالکوٹ میں عید کے موقع پر نئے پارک کی تعمیر سے بچوں اور بزرگوں کو کھلی فضا میں وقت گزارنے کا موقع ملا,P
طویل انتظار کے بعد حالیہ دنوں میں بالآخر بارش نے شہر کی گرمی سے نجات دلا دی,P
سوات کی گلیوں میں کوڑے کے ڈھیر رمضان میں بیماریاں پھیلانے کا باعث بن رہے ہیں,N
دکاندار کی بے حسی نے چھٹی کے دن مصیبت کے وقت کسی کے کام نہ آنے کا ثبوت دے دیا,N
سکھر کے شہریوں کی اجتماعی کوششوں سے رمضان میں محلے کی صفائی مہم کامیابی سے مکمل ہوئی,P
برسوں کی محنت کے بعد سالانہ تقریب میں بیٹے نے سرکاری نوکری حاصل کر کے والدین کا سر فخر سے بلند کر دیا,P
ملتان میں نئی سڑک کی تعمیر سے سفر کا دورانیہ آدھا رہ گیا، مسافروں نے سکون کا سانس لیا,P
پولیس اہلکار کا عاجزانہ رویہ اور دوسروں کی مدد کا جذبہ قابل تقلید ہے,P
سائنسدان پر لگے کرپشن کے الزامات ثابت ہونے کے باوجود کوئی کارروائی نہیں ہوئی,N
بچے کی پہلی کامیابی دیکھ کر پیر کے روز ماں باپ کی آنکھوں میں خوشی کے آنسو آ گئے,P
دوران حنزہ میں پیش آنے والے واقعے نے سب کو صدمے میں ڈال دیا,N
گوجرانوالہ میں نئے ہسپتال کے قیام سے دیہی علاقے کے مریضوں کو بروقت علاج میسر آ گیا,P
اوکاڑہ میں خودکش دھماکے کی خبر سن کر بجٹ کے بعد پورا شہر خوف اور غم میں ڈوب گیا,N
محکمہ صحت کی جانب سے پیر کے روز غریب طلبہ کے لیے وظائف کا اعلان انتہائی خوش آئند قدم ہے,P
پشاور کے حالیہ دنوں میں مسلسل بگاڑ نے عوام کو شدید مایوسی سے دوچار کر دیا,N
وکیل پر لگے کرپشن کے الزامات ثابت ہونے کے باوجود کوئی کارروائی نہیں ہوئی,N
ڈاکٹر کی انتھک محنت رنگ لائی اور انہیں وہ مقام مل گیا جس کے وہ حقدار تھے,P
نئی نسل کے کاروباری ذہن نے چھوٹے شہروں میں بھی روزگار کے نئے مواقع پیدا کر دیے,P
بارش کے بعد جہلم کا موسم انتہائی خوشگوار ہو گیا اور لوگ گھروں سے باہر نکل آئے,P
بارش کے بعد گوجرانوالہ کا موسم انتہائی خوشگوار ہو گیا اور لوگ گھروں سے باہر نکل آئے,P
سائنسدان نے مشکل حالات میں بھی صبح سویرے مسکراہٹ نہیں کھوئی اور دوسروں کے لیے حوصلے کا باعث بنے,P
اوکاڑہ کے بازاروں میں رات گئے غیر معمولی رونق دیکھی گئی، دکاندار خوش نظر آئے,P
گوجرانوالہ میں نئے ہسپتال کے قیام سے پیر کے روز دیہی علاقے کے مریضوں کو بروقت علاج میسر آ گیا,P
ڈاکٹر کی مسلسل غفلت کے باعث موسم سرما میں ایک اور موقع ضائع ہو گیا,N
سیالکوٹ کے امسال میں نمایاں بہتری نے شہریوں کے چہروں پر مسکراہٹ بکھیر دی,P
والدین کی بے حسی نے مصیبت کے وقت کسی کے کام نہ آنے کا ثبوت دے دیا,N
طلاق کی شرح میں انتخابات کے قریب اضافے نے خاندانی نظام کو شدید نقصان پہنچایا ہے,N
چترال کے میں نمایاں بہتری نے شہریوں کے چہروں پر مسکراہٹ بکھیر دی,P
مقامی فنکار کی پینٹنگ نے بین الاقوامی نمائش میں خصوصی پذیرائی حاصل کی,P
آن لائن دھوکہ دہی کا شکار ہو کر چھٹی کے دن نوجوان کی جمع پونجی چند لمحوں میں لٹ گئی,N
فیصل آباد کے شہریوں کی اجتماعی کوششوں سے پیر کے روز محلے کی صفائی مہم کامیابی سے مکمل ہوئی,P
انجینئر کا عاجزانہ رویہ اور دوسروں کی مدد کا جذبہ صبح سویرے قابل تقلید ہے,P
چترال کی سڑکوں پر بنے گڑھوں کی وجہ سے چھٹی کے دن روزانہ نئے حادثات جنم لے رہے ہیں,N
وزیر اعظم نے عوامی خدمت کا جذبہ برقرار رکھتے ہوئے رمضان میں مسلسل مثبت تبدیلی لانے کی کوشش جاری رکھی,P
بارش کے بعد ملتان کا موسم انتہائی خوشگوار ہو گیا اور لوگ گھروں سے باہر نکل آئے,P
شاعر نے عوامی خدمت کا جذبہ برقرار رکھتے ہوئے رات گئے مسلسل مثبت تبدیلی لانے کی کوشش جاری رکھی,P
عید کے موقع پر ملتان کی گلیاں روشنیوں اور رونق سے جگمگا اٹھیں,P
لسبیلہ کے بازاروں میں غیر معمولی رونق دیکھی گئی، دکاندار خوش نظر آئے,P
شور شرابے اور آلودگی نے امسال پشاور کی رہائشی زندگی کو غیر معیاری بنا دیا ہے,N
کارپوریشن نے کے حوالے سے شاندار اصلاحات متعارف کروائیں جن کی ہر جگہ تعریف ہو رہی ہے,P
سالانہ تقریب میں حنزہ کی گلیاں روشنیوں اور رونق سے جگمگا اٹھیں,P
کسان خاتون کی بدسلوکی نے موسم سرما میں پورے محلے کا امن و سکون برباد کر دیا,N
راولپنڈی میں خودکش دھماکے کی خبر سن کر پورا شہر خوف اور غم میں ڈوب گیا,N
مزدور کو بین الاقوامی سطح پر ایوارڈ ملنے پر پورے خاندان میں خوشی کی لہر دوڑ گئی,P
بارش کے بعد لسبیلہ کا موسم انتہائی خوشگوار ہو گیا اور چھٹی کے دن لوگ گھروں سے باہر نکل آئے,P
صحت کارکن کا عاجزانہ رویہ اور دوسروں کی مدد کا جذبہ قابل تقلید ہے,P
وکیل کا عاجزانہ رویہ اور دوسروں کی مدد کا جذبہ عید کے موقع پر قابل تقلید ہے,P
کھلاڑی کی بدسلوکی نے حالیہ دنوں میں پورے محلے کا امن و سکون برباد کر دیا,N
منشیات کے پھیلاؤ نے نوجوان نسل کا مستقبل داؤ پر لگا دیا ہے,N
طالب علم کی خودغرضی نے پورے منصوبے کو ناکامی سے دوچار کر دیا,N
سیلاب کی تباہ کاریوں نے بجٹ کے بعد ہزاروں گھرانوں کو بے گھر کر دیا اور امداد بھی نہ پہنچی,N
تعلیمی بورڈ کے وعدے صرف کاغذوں تک محدود رہے، عملی طور پر کچھ نہ ہو سکا,N
پیٹرول اور بجلی کی قیمتوں میں رمضان میں مسلسل اضافے نے متوسط طبقے کی کمر توڑ دی ہے,N
طلاق کی شرح میں اضافے نے خاندانی نظام کو شدید نقصان پہنچایا ہے,N
چترال کے شہریوں کی اجتماعی کوششوں سے عید کے موقع پر محلے کی صفائی مہم کامیابی سے مکمل ہوئی,P
مزدور کو گزشتہ ماہ بین الاقوامی سطح پر ایوارڈ ملنے پر پورے خاندان میں خوشی کی لہر دوڑ گئی,P
کسان کی خودغرضی نے موسم سرما میں پورے منصوبے کو ناکامی سے دوچار کر دیا,N
کارخانے کی آلودگی نے رات گئے قریبی آبادی کو سانس کی بیماریوں میں مبتلا کر دیا ہے,N
بلدیہ کے وعدے صرف کاغذوں تک محدود رہے، عملی طور پر کچھ نہ ہو سکا,N
طالب علم نے بحران کے باوجود ہمت نہ ہاری اور اپنا کاروبار دوبارہ کھڑا کر دکھایا,P
محبت اور خلوص سے بھرا یہ رشتہ بجٹ کے بعد بھی اتنا ہی مضبوط ہے جتنا پہلے دن تھا,P
مری کی سڑکوں پر بنے گڑھوں کی وجہ سے روزانہ نئے حادثات جنم لے رہے ہیں,N
بلدیہ کی جانب سے صبح سویرے غریب طلبہ کے لیے وظائف کا اعلان انتہائی خوش آئند قدم ہے,P
بے روزگاری کے ہاتھوں تنگ نوجوان ملک چھوڑنے پر مجبور ہو گئے ہیں,N
مقامی کھلاڑی نے قومی سطح پر گولڈ میڈل جیت کر تمام شہر کو خوشی سے سرشار کر دیا,P
محبت اور خلوص سے بھرا یہ رشتہ اس ہفتے بھی اتنا ہی مضبوط ہے جتنا پہلے دن تھا,P
صحافی کی ہٹ دھرمی نے عید کے موقع پر مذاکرات کی تمام کوششوں کو ناکام بنا دیا,N
بلدیہ کی نااہلی کے باعث حیدرآباد میں بنیادی سہولیات تک عوام کی رسائی ممکن نہیں رہی,N
محلے دار کے دھوکے نے گزشتہ ماہ برسوں کی دوستی کو ایک ہی لمحے میں ختم کر دیا,N
مزدور نے عوامی خدمت کا جذبہ برقرار رکھتے ہوئے مسلسل مثبت تبدیلی لانے کی کوشش جاری رکھی,P
تاجر کے دھوکے نے صبح سویرے برسوں کی دوستی کو ایک ہی لمحے میں ختم کر دیا,N
خاندان کے ساتھ پہاڑوں کی سیر ایک ناقابل فراموش تجربہ ثابت ہوئی,P
شادی کی تقریب میں سالانہ تقریب میں رشتہ داروں کا پرتپاک استقبال دیکھ کر دل باغ باغ ہو گیا,P
وزیر اعلیٰ نے مشکل حالات میں بھی مسکراہٹ نہیں کھوئی اور دوسروں کے لیے حوصلے کا باعث بنے,P
بارش کے بعد اوکاڑہ کا موسم انتہائی خوشگوار ہو گیا اور حالیہ دنوں میں لوگ گھروں سے باہر نکل آئے,P
محکمہ زراعت کی سست روی کی وجہ سے صبح سویرے فائل مہینوں دفتروں میں پڑی رہی,N
لسبیلہ کے بجٹ کے بعد میں مسلسل بگاڑ نے عوام کو شدید مایوسی سے دوچار کر دیا,N
نوجوانوں کی نئی ایجاد نے عالمی مقابلے میں پہلی پوزیشن حاصل کر کے ملک کا نام روشن کیا,P
یونیورسٹی میں پھیلی رشوت خوری نے حالیہ دنوں میں پورے نظام کو اندر سے کھوکھلا کر دیا ہے,N
حکومت میں پھیلی رشوت خوری نے عید کے موقع پر پورے نظام کو اندر سے کھوکھلا کر دیا ہے,N
بے روزگاری کے ہاتھوں تنگ نوجوان ملک چھوڑنے پر مجبور ہو گئے ہیں,N
حیدرآباد میں نئے پارک کی تعمیر سے بچوں اور بزرگوں کو کھلی فضا میں وقت گزارنے کا موقع ملا,P
سکھر کی گلیوں میں کوڑے کے ڈھیر بیماریاں پھیلانے کا باعث بن رہے ہیں,N
انجینئر کی انتھک محنت رنگ لائی اور انہیں وہ مقام مل گیا جس کے وہ حقدار تھے,P
استاد کا عاجزانہ رویہ اور دوسروں کی مدد کا جذبہ گزشتہ ماہ قابل تقلید ہے,P
شور شرابے اور آلودگی نے سالانہ تقریب میں پشاور کی رہائشی زندگی کو غیر معیاری بنا دیا ہے,N
بہاولپور کی سڑکوں پر بنے گڑھوں کی وجہ سے انتخابات کے قریب روزانہ نئے حادثات جنم لے رہے ہیں,N
فیصل آباد کی گلیاں روشنیوں اور رونق سے جگمگا اٹھیں,P
عدالت نے کے حوالے سے شاندار اصلاحات متعارف کروائیں جن کی ہر جگہ تعریف ہو رہی ہے,P
محکمہ زراعت کی ناقص کارکردگی کے باعث گزشتہ ماہ شہریوں کا اعتماد مکمل طور پر متزلزل ہو گیا,N
منشیات کے پھیلاؤ نے رمضان میں نوجوان نسل کا مستقبل داؤ پر لگا دیا ہے,N
پیر کے روز کی برکتوں سے دل کو عجیب سکون اور طمانیت میسر آتی ہے,P
تاجر کی رہنمائی میں گزشتہ ماہ نوجوان ٹیم نے قابل ستائش کارکردگی کا مظاہرہ کیا,P
تعلیمی بورڈ کے افسران کی من مانیوں نے عام شہری کو ذلیل و خوار کر دیا,N
کوئٹہ کے بازاروں میں غیر معمولی رونق دیکھی گئی، دکاندار خوش نظر آئے,P
تھر میں پانی کی قلت نے گزشتہ ماہ شہریوں کا جینا محال کر دیا ہے,N
حالیہ دنوں میں کے دوران حیدرآباد میں منعقدہ ثقافتی میلے نے تمام شہریوں کا دل موہ لیا,P
استاد کی حوصلہ افزائی نے سالانہ تقریب میں ایک کمزور طالب علم کو کلاس کا بہترین نتیجہ دینے والا بنا دیا,P
بینک کی جانب سے غریب طلبہ کے لیے وظائف کا اعلان انتہائی خوش آئند قدم ہے,P
کوئٹہ میں اس ہفتے نئے پارک کی تعمیر سے بچوں اور بزرگوں کو کھلی فضا میں وقت گزارنے کا موقع ملا,P
میونسپل کمیٹی کی غفلت کے باعث سوات کی فیکٹری میں آتشزدگی سے کئی مزدور جھلس گئے,N
بے جا ٹیکسوں کے نفاذ نے چھوٹے تاجروں کی کمر توڑ دی ہے,N
کارخانے کی آلودگی نے صبح سویرے قریبی آبادی کو سانس کی بیماریوں میں مبتلا کر دیا ہے,N
حیدرآباد میں نئے پارک کی تعمیر سے بچوں اور بزرگوں کو کھلی فضا میں وقت گزارنے کا موقع ملا,P
نئے تعلیمی سیشن کا آغاز جوش و خروش سے ہوا، بچے مسکراتے ہوئے سکول پہنچے,P
پاکستانی ٹیم نے پیر کے روز زبردست کارکردگی دکھاتے ہوئے میچ جیت لیا، شائقین جھوم اٹھے,P
نئی نسل کے کاروباری ذہن نے صبح سویرے چھوٹے شہروں میں بھی روزگار کے نئے مواقع پیدا کر دیے,P
سوات کی سڑکوں پر بنے گڑھوں کی وجہ سے روزانہ نئے حادثات جنم لے رہے ہیں,N
پیٹرول اور بجلی کی قیمتوں میں اس ہفتے مسلسل اضافے نے متوسط طبقے کی کمر توڑ دی ہے,N
کراچی میں نئے ہسپتال کے قیام سے پیر کے روز دیہی علاقے کے مریضوں کو بروقت علاج میسر آ گیا,P
وزیر اعظم کی بدسلوکی نے صبح سویرے پورے محلے کا امن و سکون برباد کر دیا,N
چترال کی گلیوں میں کوڑے کے ڈھیر بیماریاں پھیلانے کا باعث بن رہے ہیں,N
تاجر نے بحران کے باوجود گزشتہ ماہ ہمت نہ ہاری اور اپنا کاروبار دوبارہ کھڑا کر دکھایا,P
پشاور کے امسال میں نمایاں بہتری نے شہریوں کے چہروں پر مسکراہٹ بکھیر دی,P
حنزہ میں سالانہ تقریب میں نئے پارک کی تعمیر سے بچوں اور بزرگوں کو کھلی فضا میں وقت گزارنے کا موقع ملا,P
نئے تعلیمی سیشن کا آغاز جوش و خروش سے ہوا، بچے مسکراتے ہوئے سکول پہنچے,P
پولیس اہلکار کی مسلسل غفلت کے باعث رات گئے ایک اور موقع ضائع ہو گیا,N
دوران بہاولپور میں منعقدہ ثقافتی میلے نے تمام شہریوں کا دل موہ لیا,P
صبح سویرے کی برکتوں سے دل کو عجیب سکون اور طمانیت میسر آتی ہے,P
شادی کی تقریب میں انتخابات کے قریب رشتہ داروں کا پرتپاک استقبال دیکھ کر دل باغ باغ ہو گیا,P
کسان خاتون کی بے حسی نے صبح سویرے مصیبت کے وقت کسی کے کام نہ آنے کا ثبوت دے دیا,N
سرکاری ہسپتالوں میں رات گئے ادویات کی کمی کے باعث مریض علاج سے محروم رہ گئے,N
انتظامیہ نے کے حوالے سے شاندار اصلاحات متعارف کروائیں جن کی ہر جگہ تعریف ہو رہی ہے,P
نجی ادارہ کے وعدے چھٹی کے دن صرف کاغذوں تک محدود رہے، عملی طور پر کچھ نہ ہو سکا,N
نئے تعلیمی سیشن کا آغاز جوش و خروش سے ہوا، بچے مسکراتے ہوئے سکول پہنچے,P
حکومت نے عید کے موقع پر نئی پالیسی متعارف کروائی جس سے عام آدمی کو کافی ریلیف ملنے کی توقع ہے,P
دکاندار کو حالیہ دنوں میں بین الاقوامی سطح پر ایوارڈ ملنے پر پورے خاندان میں خوشی کی لہر دوڑ گئی,P
معیاری تعلیم کے فقدان نے دیہی علاقوں کے بچوں کا مستقبل تاریک کر دیا ہے,N
والدین کی سادگی اور خلوص نے ہر ملنے والے کا دل جیت لیا,P
سرکاری ہسپتالوں میں اس ہفتے ادویات کی کمی کے باعث مریض علاج سے محروم رہ گئے,N
کسان خاتون کی سچائی اور دیانتداری سالانہ تقریب میں آج بھی معاشرے کے لیے مثال ہے,P
سالانہ تقریب میں صبح سویرے پرندوں کی چہچہاہٹ اور تازہ ہوا دل کو ایک عجیب سکون دیتی ہے,P
سرکاری افسر کی بدسلوکی نے سالانہ تقریب میں پورے محلے کا امن و سکون برباد کر دیا,N
چترال کی گلیاں روشنیوں اور رونق سے جگمگا اٹھیں,P
دوستوں کے ساتھ سالانہ تقریب میں گزارا وقت زندگی کی سب سے قیمتی یادوں میں شمار ہوتا ہے,P
سیاستدانوں کی باہمی چپقلش نے عوامی مسائل کو مکمل طور پر پس پشت ڈال دیا,N
استاد کو بین الاقوامی سطح پر ایوارڈ ملنے پر پورے خاندان میں خوشی کی لہر دوڑ گئی,P
گلگت کے شہریوں کی اجتماعی کوششوں سے چھٹی کے دن محلے کی صفائی مہم کامیابی سے مکمل ہوئی,P
کتاب پڑھنے کی عادت نے رات گئے میری سوچ کے دائرے کو بہت وسیع کر دیا,P
شدید گرمی اور لوڈشیڈنگ نے سالانہ تقریب میں حنزہ کے باسیوں کی زندگی اجیرن کر دی ہے,N
تاجر کی انتھک محنت رنگ لائی اور سالانہ تقریب میں انہیں وہ مقام مل گیا جس کے وہ حقدار تھے,P
انتخابات کے قریب کے دوران لسبیلہ میں منعقدہ ثقافتی میلے نے تمام شہریوں کا دل موہ لیا,P
نرس کی خودغرضی نے عید کے موقع پر پورے منصوبے کو ناکامی سے دوچار کر دیا,N
کراچی میں ٹریفک جام میں گھنٹوں پھنسے رہنا اب معمول بن چکا ہے، لوگ ذہنی کوفت کا شکار ہیں,N
نرس کی بے حسی نے مصیبت کے وقت کسی کے کام نہ آنے کا ثبوت دے دیا,N
طویل انتظار کے بعد بالآخر بارش نے شہر کی گرمی سے نجات دلا دی,P
استاد کی حوصلہ افزائی نے ایک کمزور طالب علم کو کلاس کا بہترین نتیجہ دینے والا بنا دیا,P
ملتان میں چھٹی کے دن نئے پارک کی تعمیر سے بچوں اور بزرگوں کو کھلی فضا میں وقت گزارنے کا موقع ملا,P
کھلاڑی کو بین الاقوامی سطح پر ایوارڈ ملنے پر پورے خاندان میں خوشی کی لہر دوڑ گئی,P
کسانوں کی محنت رنگ لائی اور امسال فصل کی پیداوار ریکارڈ سطح پر پہنچ گئی,P
کارخانے کی آلودگی نے قریبی آبادی کو سانس کی بیماریوں میں مبتلا کر دیا ہے,N
سیالکوٹ میں خودکش دھماکے کی خبر سن کر پورا شہر خوف اور غم میں ڈوب گیا,N
مقامی فنکار کی پینٹنگ نے رات گئے بین الاقوامی نمائش میں خصوصی پذیرائی حاصل کی,P
جہلم کی سڑکوں پر بنے گڑھوں کی وجہ سے روزانہ نئے حادثات جنم لے رہے ہیں,N
سالانہ تقریب میں کے دوران لاہور میں پیش آنے والے واقعے نے سب کو صدمے میں ڈال دیا,N
کھلاڑی کے دھوکے نے برسوں کی دوستی کو ایک ہی لمحے میں ختم کر دیا,N
نجی ادارہ کی نااہلی کے باعث سکھر میں بنیادی سہولیات تک عوام کی رسائی ممکن نہیں رہی,N
کتاب پڑھنے کی عادت نے میری سوچ کے دائرے کو بہت وسیع کر دیا,P
مزدور کی بے حسی نے گزشتہ ماہ مصیبت کے وقت کسی کے کام نہ آنے کا ثبوت دے دیا,N
بارش کے بعد تھر کا موسم انتہائی خوشگوار ہو گیا اور گزشتہ ماہ لوگ گھروں سے باہر نکل آئے,P
بجلی کے بھاری بلوں نے چھوٹے کاروباریوں کو دیوالیہ ہونے پر مجبور کر دیا,N
طلاق کی شرح میں سالانہ تقریب میں اضافے نے خاندانی نظام کو شدید نقصان پہنچایا ہے,N
جھوٹی خبروں کے سیلاب نے حالیہ دنوں میں سوشل میڈیا صارفین کو شدید ذہنی کوفت میں مبتلا کر دیا,N
انجینئر کے جھوٹے وعدوں نے عوام کا اعتماد مکمل طور پر ختم کر دیا ہے,N
کراچی میں نئے پارک کی تعمیر سے بچوں اور بزرگوں کو کھلی فضا میں وقت گزارنے کا موقع ملا,P
سماجی کارکن کے جھوٹے وعدوں نے عوام کا اعتماد مکمل طور پر ختم کر دیا ہے,N
کراچی کے امسال میں مسلسل بگاڑ نے عوام کو شدید مایوسی سے دوچار کر دیا,N
محلے دار کا عاجزانہ رویہ اور دوسروں کی مدد کا جذبہ قابل تقلید ہے,P
سوات کی سڑکوں پر بنے گڑھوں کی وجہ سے گزشتہ ماہ روزانہ نئے حادثات جنم لے رہے ہیں,N
امسال کے دوران چترال میں منعقدہ ثقافتی میلے نے تمام شہریوں کا دل موہ لیا,P
گوجرانوالہ کی گلیوں میں کوڑے کے ڈھیر سالانہ تقریب میں بیماریاں پھیلانے کا باعث بن رہے ہیں,N
انصاف کے حصول میں پیر کے روز برسوں لگ جاتے ہیں، عدالتی نظام سست روی کا شکار ہے,N
منشیات کے پھیلاؤ نے نوجوان نسل کا مستقبل داؤ پر لگا دیا ہے,N
منہگائی کی چکی میں پستا صبح سویرے غریب طبقہ دو وقت کی روٹی کو بھی ترس گیا ہے,N
ریلوے کی جانب سے عید کے موقع پر غریب طلبہ کے لیے وظائف کا اعلان انتہائی خوش آئند قدم ہے,P
جعلی ادویات کے کاروبار نے سینکڑوں مریضوں کی جان خطرے میں ڈال دی,N
واپڈا کے تعاون سے رمضان میں بے گھر خاندانوں کو محفوظ رہائش فراہم کر دی گئی,P
استاد کی مسلسل غفلت کے باعث رمضان میں ایک اور موقع ضائع ہو گیا,N
پولیس محکمہ نے کے حوالے سے شاندار اصلاحات متعارف کروائیں جن کی ہر جگہ تعریف ہو رہی ہے,P
والدین نے راولپنڈی میں بلدیہ کے تعاون سے ایک شاندار منصوبہ مکمل کر لیا جس سے ہزاروں افراد مستفید ہوں گے,P
واپڈا میں پھیلی رشوت خوری نے پورے نظام کو اندر سے کھوکھلا کر دیا ہے,N
اسلام آباد کے شہریوں کی اجتماعی کوششوں سے حالیہ دنوں میں محلے کی صفائی مہم کامیابی سے مکمل ہوئی,P
عید کے موقع پر کھلاڑی نے سوات میں محکمہ صحت کے تعاون سے ایک شاندار منصوبہ مکمل کر لیا جس سے ہزاروں افراد مستفید ہوں گے,P
وزیر اعلیٰ کی مسلسل غفلت کے باعث ایک اور موقع ضائع ہو گیا,N
سیالکوٹ میں نئے ہسپتال کے قیام سے انتخابات کے قریب دیہی علاقے کے مریضوں کو بروقت علاج میسر آ گیا,P
سکھر کے بازاروں میں بجٹ کے بعد غیر معمولی رونق دیکھی گئی، دکاندار خوش نظر آئے,P
میچ میں ناقص فیصلوں کی وجہ سے ٹیم کو آخری لمحات میں شکست کا سامنا کرنا پڑا,N
بارش کے بعد لاہور کا موسم انتہائی خوشگوار ہو گیا اور لوگ گھروں سے باہر نکل آئے,P
ملتان کے چھٹی کے دن میں مسلسل بگاڑ نے عوام کو شدید مایوسی سے دوچار کر دیا,N
پیر کے روز کی برکتوں سے دل کو عجیب سکون اور طمانیت میسر آتی ہے,P
امتحان میں ناکامی کے بعد طالب علم شدید ذہنی دباؤ کا شکار ہو گیا,N
واپڈا کے وعدے صرف کاغذوں تک محدود رہے، عملی طور پر کچھ نہ ہو سکا,N
پولیس اہلکار کی انتھک محنت رنگ لائی اور انہیں وہ مقام مل گیا جس کے وہ حقدار تھے,P
امتحان میں ناکامی کے بعد طالب علم شدید ذہنی دباؤ کا شکار ہو گیا,N
سیالکوٹ میں نئے ہسپتال کے قیام سے دیہی علاقے کے مریضوں کو بروقت علاج میسر آ گیا,P
مزدور کے دھوکے نے انتخابات کے قریب برسوں کی دوستی کو ایک ہی لمحے میں ختم کر دیا,N
پارلیمنٹ کے افسران کی من مانیوں نے عام شہری کو ذلیل و خوار کر دیا,N
صبح سویرے کے دوران لسبیلہ میں پیش آنے والے واقعے نے سب کو صدمے میں ڈال دیا,N
کسانوں کی محنت رنگ لائی اور رمضان میں فصل کی پیداوار ریکارڈ سطح پر پہنچ گئی,P
گلگت کی گلیوں میں کوڑے کے ڈھیر عید کے موقع پر بیماریاں پھیلانے کا باعث بن رہے ہیں,N
کھیل کے میدان میں شکست کے بعد بھی گزشتہ ماہ ٹیم کے حوصلے بلند رہے اور اگلے میچ میں فتح حاصل کی,P
طویل انتظار کے بعد سالانہ تقریب میں بالآخر بارش نے شہر کی گرمی سے نجات دلا دی,P
پاکستانی ٹیم نے زبردست کارکردگی دکھاتے ہوئے میچ جیت لیا، شائقین جھوم اٹھے,P
تعلیمی بورڈ کی سست روی کی وجہ سے عید کے موقع پر فائل مہینوں دفتروں میں پڑی رہی,N
مقامی فنکار کی پینٹنگ نے چھٹی کے دن بین الاقوامی نمائش میں خصوصی پذیرائی حاصل کی,P
سماجی کارکن کی خودغرضی نے رات گئے پورے منصوبے کو ناکامی سے دوچار کر دیا,N
معیاری تعلیم کے فقدان نے گزشتہ ماہ دیہی علاقوں کے بچوں کا مستقبل تاریک کر دیا ہے,N
کارپوریشن کی نااہلی کے باعث سوات میں بنیادی سہولیات تک عوام کی رسائی ممکن نہیں رہی,N
پیر کے روز نوشہرہ کی گلیاں روشنیوں اور رونق سے جگمگا اٹھیں,P
حنزہ کی گلیوں میں کوڑے کے ڈھیر پیر کے روز بیماریاں پھیلانے کا باعث بن رہے ہیں,N
شور شرابے اور آلودگی نے صبح سویرے تھر کی رہائشی زندگی کو غیر معیاری بنا دیا ہے,N
چترال میں خودکش دھماکے کی خبر سن کر رات گئے پورا شہر خوف اور غم میں ڈوب گیا,N
استاد کی حوصلہ افزائی نے رمضان میں ایک کمزور طالب علم کو کلاس کا بہترین نتیجہ دینے والا بنا دیا,P
ڈرائیور نے عوامی خدمت کا جذبہ برقرار رکھتے ہوئے مسلسل مثبت تبدیلی لانے کی کوشش جاری رکھی,P
کسان خاتون کی رہنمائی میں امسال نوجوان ٹیم نے قابل ستائش کارکردگی کا مظاہرہ کیا,P
پارلیمنٹ کی جانب سے غریب طلبہ کے لیے وظائف کا اعلان انتہائی خوش آئند قدم ہے,P
لاہور کے شہریوں کی اجتماعی کوششوں سے صبح سویرے محلے کی صفائی مہم کامیابی سے مکمل ہوئی,P
شاعر کی مسلسل غفلت کے باعث موسم سرما میں ایک اور موقع ضائع ہو گیا,N
پولیس اہلکار کی بے حسی نے امسال مصیبت کے وقت کسی کے کام نہ آنے کا ثبوت دے دیا,N
بہاولپور کے بازاروں میں غیر معمولی رونق دیکھی گئی، دکاندار خوش نظر آئے,P
استاد پر لگے کرپشن کے الزامات ثابت ہونے کے باوجود کوئی کارروائی نہیں ہوئی,N
طالب علم کی رہنمائی میں نوجوان ٹیم نے قابل ستائش کارکردگی کا مظاہرہ کیا,P
انتظامیہ کے وعدے صرف کاغذوں تک محدود رہے، عملی طور پر کچھ نہ ہو سکا,N
استانی کی سچائی اور دیانتداری چھٹی کے دن آج بھی معاشرے کے لیے مثال ہے,P
شور شرابے اور آلودگی نے سیالکوٹ کی رہائشی زندگی کو غیر معیاری بنا دیا ہے,N
لاہور میں پانی کی قلت نے شہریوں کا جینا محال کر دیا ہے,N
صحت کارکن کی بے حسی نے انتخابات کے قریب مصیبت کے وقت کسی کے کام نہ آنے کا ثبوت دے دیا,N
خشک سالی نے گزشتہ ماہ کسانوں کی پوری فصل تباہ کر دی اور وہ مقروض ہو گئے,N
صحت کارکن کے جھوٹے وعدوں نے عید کے موقع پر عوام کا اعتماد مکمل طور پر ختم کر دیا ہے,N
انجینئر نے عوامی خدمت کا جذبہ برقرار رکھتے ہوئے صبح سویرے مسلسل مثبت تبدیلی لانے کی کوشش جاری رکھی,P
گوجرانوالہ کی سڑکوں پر بنے گڑھوں کی وجہ سے روزانہ نئے حادثات جنم لے رہے ہیں,N
مری کی گلیوں میں کوڑے کے ڈھیر گزشتہ ماہ بیماریاں پھیلانے کا باعث بن رہے ہیں,N
میونسپل کمیٹی نے کے حوالے سے شاندار اصلاحات متعارف کروائیں جن کی ہر جگہ تعریف ہو رہی ہے,P
مری کی گلیوں میں کوڑے کے ڈھیر بیماریاں پھیلانے کا باعث بن رہے ہیں,N
سرکاری ہسپتال میں پھیلی رشوت خوری نے پورے نظام کو اندر سے کھوکھلا کر دیا ہے,N
گزشتہ ماہ صبح سویرے پرندوں کی چہچہاہٹ اور تازہ ہوا دل کو ایک عجیب سکون دیتی ہے,P
محکمہ زراعت کے وعدے سالانہ تقریب میں صرف کاغذوں تک محدود رہے، عملی طور پر کچھ نہ ہو سکا,N
لاہور میں پانی کی قلت نے شہریوں کا جینا محال کر دیا ہے,N
منہگائی کی چکی میں پستا اس ہفتے غریب طبقہ دو وقت کی روٹی کو بھی ترس گیا ہے,N
والدین نے بحران کے باوجود ہمت نہ ہاری اور اپنا کاروبار دوبارہ کھڑا کر دکھایا,P
برسوں بعد بچھڑے دوستوں کا اچانک ملنا زندگی کا حسین اتفاق تھا,P
کارخانے کی آلودگی نے قریبی آبادی کو سانس کی بیماریوں میں مبتلا کر دیا ہے,N
چھٹی کے دن بہاولپور کی گلیاں روشنیوں اور رونق سے جگمگا اٹھیں,P
لسبیلہ کی سڑکوں پر بنے گڑھوں کی وجہ سے روزانہ نئے حادثات جنم لے رہے ہیں,N
میچ میں ناقص فیصلوں کی وجہ سے رات گئے ٹیم کو آخری لمحات میں شکست کا سامنا کرنا پڑا,N
دوستوں کے ساتھ بجٹ کے بعد گزارا وقت زندگی کی سب سے قیمتی یادوں میں شمار ہوتا ہے,P
کارخانے کی آلودگی نے قریبی آبادی کو سانس کی بیماریوں میں مبتلا کر دیا ہے,N
نجی ادارہ کی جانب سے سالانہ تقریب میں غریب طلبہ کے لیے وظائف کا اعلان انتہائی خوش آئند قدم ہے,P
واپڈا کی سست روی کی وجہ سے حالیہ دنوں میں فائل مہینوں دفتروں میں پڑی رہی,N
سرکاری ہسپتالوں میں ادویات کی کمی کے باعث مریض علاج سے محروم رہ گئے,N
بینک کی سست روی کی وجہ سے فائل مہینوں دفتروں میں پڑی رہی,N
انجینئر کو موسم سرما میں بین الاقوامی سطح پر ایوارڈ ملنے پر پورے خاندان میں خوشی کی لہر دوڑ گئی,P
ڈرائیور کی خودغرضی نے بجٹ کے بعد پورے منصوبے کو ناکامی سے دوچار کر دیا,N
استاد کی بے حسی نے چھٹی کے دن مصیبت کے وقت کسی کے کام نہ آنے کا ثبوت دے دیا,N
پارلیمنٹ میں پھیلی رشوت خوری نے بجٹ کے بعد پورے نظام کو اندر سے کھوکھلا کر دیا ہے,N
ڈرائیور نے عوامی خدمت کا جذبہ برقرار رکھتے ہوئے مسلسل مثبت تبدیلی لانے کی کوشش جاری رکھی,P
بلدیہ کی بروقت مدد سے سیلاب متاثرین کی زندگی دوبارہ پٹری پر آ گئی,P
سرکاری ہسپتال کے افسران کی من مانیوں نے عام شہری کو ذلیل و خوار کر دیا,N
شور شرابے اور آلودگی نے اسلام آباد کی رہائشی زندگی کو غیر معیاری بنا دیا ہے,N
کسانوں کی محنت رنگ لائی اور فصل کی پیداوار ریکارڈ سطح پر پہنچ گئی,P
بہاولپور میں پانی کی قلت نے شہریوں کا جینا محال کر دیا ہے,N
چترال میں نئی سڑک کی تعمیر سے سفر کا دورانیہ آدھا رہ گیا، مسافروں نے سکون کا سانس لیا,P
برسوں کی محنت کے بعد چھٹی کے دن بیٹے نے سرکاری نوکری حاصل کر کے والدین کا سر فخر سے بلند کر دیا,P
سرکاری ہسپتال کی بروقت مدد سے امسال سیلاب متاثرین کی زندگی دوبارہ پٹری پر آ گئی,P
کسانوں کی محنت رنگ لائی اور رات گئے فصل کی پیداوار ریکارڈ سطح پر پہنچ گئی,P
اسلام آباد میں نئے ہسپتال کے قیام سے دیہی علاقے کے مریضوں کو بروقت علاج میسر آ گیا,P
بلدیہ کی بروقت مدد سے انتخابات کے قریب سیلاب متاثرین کی زندگی دوبارہ پٹری پر آ گئی,P
موسم سرما میں صبح سویرے پرندوں کی چہچہاہٹ اور تازہ ہوا دل کو ایک عجیب سکون دیتی ہے,P
خاندان کے ساتھ اس ہفتے پہاڑوں کی سیر ایک ناقابل فراموش تجربہ ثابت ہوئی,P
وزیر اعلیٰ کی خودغرضی نے پورے منصوبے کو ناکامی سے دوچار کر دیا,N
صحت کارکن نے بحران کے باوجود ہمت نہ ہاری اور اپنا کاروبار دوبارہ کھڑا کر دکھایا,P
تعلیمی بورڈ کی جانب سے غریب طلبہ کے لیے وظائف کا اعلان انتہائی خوش آئند قدم ہے,P
پولیس محکمہ کی بروقت مدد سے صبح سویرے سیلاب متاثرین کی زندگی دوبارہ پٹری پر آ گئی,P
تعلیمی بورڈ کی غفلت کے باعث حنزہ کی فیکٹری میں آتشزدگی سے کئی مزدور جھلس گئے,N
وزیر اعظم نے نوشہرہ میں محکمہ زراعت کے تعاون سے ایک شاندار منصوبہ مکمل کر لیا جس سے ہزاروں افراد مستفید ہوں گے,P
تاجر کا عاجزانہ رویہ اور دوسروں کی مدد کا جذبہ قابل تقلید ہے,P
برسوں بعد بچھڑے دوستوں کا صبح سویرے اچانک ملنا زندگی کا حسین اتفاق تھا,P
بچوں سے مشقت لینے والے کارخانہ داروں کے خلاف پیر کے روز کوئی سخت قانون موجود نہیں,N
کراچی میں نئے ہسپتال کے قیام سے دیہی علاقے کے مریضوں کو بروقت علاج میسر آ گیا,P
واپڈا کی سست روی کی وجہ سے فائل مہینوں دفتروں میں پڑی رہی,N
لاہور میں نئے ہسپتال کے قیام سے دیہی علاقے کے مریضوں کو بروقت علاج میسر آ گیا,P
وزیر اعظم نے عوامی خدمت کا جذبہ برقرار رکھتے ہوئے عید کے موقع پر مسلسل مثبت تبدیلی لانے کی کوشش جاری رکھی,P
انتظامیہ میں پھیلی رشوت خوری نے پیر کے روز پورے نظام کو اندر سے کھوکھلا کر دیا ہے,N
نوشہرہ کے بازاروں میں غیر معمولی رونق دیکھی گئی، دکاندار خوش نظر آئے,P
سائنسدان کی سچائی اور دیانتداری حالیہ دنوں میں آج بھی معاشرے کے لیے مثال ہے,P
سیاستدانوں کی باہمی چپقلش نے رمضان میں عوامی مسائل کو مکمل طور پر پس پشت ڈال دیا,N
نوجوان نسل کو بین الاقوامی سطح پر ایوارڈ ملنے پر پورے خاندان میں خوشی کی لہر دوڑ گئی,P
غیر ذمہ دارانہ ڈرائیونگ کے باعث بجٹ کے بعد سڑک حادثے میں معصوم بچہ جاں بحق ہو گیا,N
کسان خاتون کی سچائی اور دیانتداری آج بھی معاشرے کے لیے مثال ہے,P
وکیل نے عوامی خدمت کا جذبہ برقرار رکھتے ہوئے مسلسل مثبت تبدیلی لانے کی کوشش جاری رکھی,P
ملتان کے نوجوانوں نے مل کر ماحول دوست منصوبہ شروع کیا جس کی ہر طرف تعریف ہو رہی ہے,P
طالب علم کا عاجزانہ رویہ اور دوسروں کی مدد کا جذبہ امسال قابل تقلید ہے,P
بہاولپور میں پانی کی قلت نے سالانہ تقریب میں شہریوں کا جینا محال کر دیا ہے,N
تعلیمی بورڈ میں پھیلی رشوت خوری نے پورے نظام کو اندر سے کھوکھلا کر دیا ہے,N
کھلاڑی کا عاجزانہ رویہ اور دوسروں کی مدد کا جذبہ انتخابات کے قریب قابل تقلید ہے,P
عدالت کے وعدے چھٹی کے دن صرف کاغذوں تک محدود رہے، عملی طور پر کچھ نہ ہو سکا,N
وزیر اعظم پر لگے کرپشن کے الزامات چھٹی کے دن ثابت ہونے کے باوجود کوئی کارروائی نہیں ہوئی,N
ریلوے کی سست روی کی وجہ سے فائل مہینوں دفتروں میں پڑی رہی,N
سماجی کارکن نے بحران کے باوجود رات گئے ہمت نہ ہاری اور اپنا کاروبار دوبارہ کھڑا کر دکھایا,P
مقامی فنکار کی پینٹنگ نے سالانہ تقریب میں بین الاقوامی نمائش میں خصوصی پذیرائی حاصل کی,P
انتظامیہ نے نئی پالیسی متعارف کروائی جس سے عام آدمی کو کافی ریلیف ملنے کی توقع ہے,P
پارلیمنٹ کے وعدے موسم سرما میں صرف کاغذوں تک محدود رہے، عملی طور پر کچھ نہ ہو سکا,N
سالانہ تقریب میں صحت کارکن نے بہاولپور میں سرکاری ہسپتال کے تعاون سے ایک شاندار منصوبہ مکمل کر لیا جس سے ہزاروں افراد مستفید ہوں گے,P
یونیورسٹی کی سست روی کی وجہ سے عید کے موقع پر فائل مہینوں دفتروں میں پڑی رہی,N
نجی ادارہ کے افسران کی من مانیوں نے عام شہری کو ذلیل و خوار کر دیا,N
شاعر کی بدسلوکی نے پورے محلے کا امن و سکون برباد کر دیا,N
ادیب کی انتھک محنت رنگ لائی اور چھٹی کے دن انہیں وہ مقام مل گیا جس کے وہ حقدار تھے,P
سکھر کے بازاروں میں رمضان میں غیر معمولی رونق دیکھی گئی، دکاندار خوش نظر آئے,P
دکاندار نے عوامی خدمت کا جذبہ برقرار رکھتے ہوئے امسال مسلسل مثبت تبدیلی لانے کی کوشش جاری رکھی,P
ڈرائیور کو رات گئے بین الاقوامی سطح پر ایوارڈ ملنے پر پورے خاندان میں خوشی کی لہر دوڑ گئی,P
سماجی کارکن کی ہٹ دھرمی نے عید کے موقع پر مذاکرات کی تمام کوششوں کو ناکام بنا دیا,N
دوران جہلم میں منعقدہ ثقافتی میلے نے تمام شہریوں کا دل موہ لیا,P
خاندان کے ساتھ پہاڑوں کی سیر ایک ناقابل فراموش تجربہ ثابت ہوئی,P
اوکاڑہ کے بازاروں میں انتخابات کے قریب غیر معمولی رونق دیکھی گئی، دکاندار خوش نظر آئے,P
بچوں سے مشقت لینے والے کارخانہ داروں کے خلاف اس ہفتے کوئی سخت قانون موجود نہیں,N
استانی کو عید کے موقع پر بین الاقوامی سطح پر ایوارڈ ملنے پر پورے خاندان میں خوشی کی لہر دوڑ گئی,P
نئی نسل کے کاروباری ذہن نے چھوٹے شہروں میں بھی روزگار کے نئے مواقع پیدا کر دیے,P
سماجی کارکن کے دھوکے نے سالانہ تقریب میں برسوں کی دوستی کو ایک ہی لمحے میں ختم کر دیا,N
مزدور کی مسلسل غفلت کے باعث امسال ایک اور موقع ضائع ہو گیا,N
دکاندار کی سچائی اور دیانتداری آج بھی معاشرے کے لیے مثال ہے,P
نجی ادارہ کے افسران کی من مانیوں نے اس ہفتے عام شہری کو ذلیل و خوار کر دیا,N
دکاندار کا عاجزانہ رویہ اور دوسروں کی مدد کا جذبہ قابل تقلید ہے,P
وکیل کی مسلسل غفلت کے باعث ایک اور موقع ضائع ہو گیا,N
سوات کی سڑکوں پر بنے گڑھوں کی وجہ سے روزانہ نئے حادثات جنم لے رہے ہیں,N
بینک نے رات گئے کے حوالے سے شاندار اصلاحات متعارف کروائیں جن کی ہر جگہ تعریف ہو رہی ہے,P
جعلی ادویات کے کاروبار نے سینکڑوں مریضوں کی جان خطرے میں ڈال دی,N
سماجی کارکن کی رہنمائی میں انتخابات کے قریب نوجوان ٹیم نے قابل ستائش کارکردگی کا مظاہرہ کیا,P
پاکستانی ٹیم نے سالانہ تقریب میں زبردست کارکردگی دکھاتے ہوئے میچ جیت لیا، شائقین جھوم اٹھے,P
حکومت کے تعاون سے امسال بے گھر خاندانوں کو محفوظ رہائش فراہم کر دی گئی,P
محبت اور خلوص سے بھرا یہ رشتہ بھی اتنا ہی مضبوط ہے جتنا پہلے دن تھا,P
صحت کارکن کی بے حسی نے عید کے موقع پر مصیبت کے وقت کسی کے کام نہ آنے کا ثبوت دے دیا,N
فنکار پر لگے کرپشن کے الزامات ثابت ہونے کے باوجود کوئی کارروائی نہیں ہوئی,N
بچوں سے مشقت لینے والے کارخانہ داروں کے خلاف حالیہ دنوں میں کوئی سخت قانون موجود نہیں,N
سیاستدان کی سادگی اور خلوص نے اس ہفتے ہر ملنے والے کا دل جیت لیا,P
واپڈا کے افسران کی من مانیوں نے عام شہری کو ذلیل و خوار کر دیا,N
واپڈا کے وعدے صرف کاغذوں تک محدود رہے، عملی طور پر کچھ نہ ہو سکا,N
شور شرابے اور آلودگی نے حنزہ کی رہائشی زندگی کو غیر معیاری بنا دیا ہے,N
بارش کے بعد مری کا موسم انتہائی خوشگوار ہو گیا اور لوگ گھروں سے باہر نکل آئے,P
کھلاڑی کی ہٹ دھرمی نے امسال مذاکرات کی تمام کوششوں کو ناکام بنا دیا,N
سائنسدان کو چھٹی کے دن بین الاقوامی سطح پر ایوارڈ ملنے پر پورے خاندان میں خوشی کی لہر دوڑ گئی,P
شدید گرمی اور لوڈشیڈنگ نے گزشتہ ماہ اوکاڑہ کے باسیوں کی زندگی اجیرن کر دی ہے,N
بلدیہ میں پھیلی رشوت خوری نے رات گئے پورے نظام کو اندر سے کھوکھلا کر دیا ہے,N
دوران بہاولپور میں پیش آنے والے واقعے نے سب کو صدمے میں ڈال دیا,N
منہگائی کی چکی میں پستا رمضان میں غریب طبقہ دو وقت کی روٹی کو بھی ترس گیا ہے,N
کاروباری شخص کی سادگی اور خلوص نے ہر ملنے والے کا دل جیت لیا,P
میونسپل کمیٹی کی نااہلی کے باعث نوشہرہ میں بنیادی سہولیات تک عوام کی رسائی ممکن نہیں رہی,N
صبح سویرے کے دوران مری میں پیش آنے والے واقعے نے سب کو صدمے میں ڈال دیا,N
کسان خاتون نے نوشہرہ میں این جی او کے تعاون سے ایک شاندار منصوبہ مکمل کر لیا جس سے ہزاروں افراد مستفید ہوں گے,P
طلاق کی شرح میں گزشتہ ماہ اضافے نے خاندانی نظام کو شدید نقصان پہنچایا ہے,N
منہگائی کی چکی میں پستا غریب طبقہ دو وقت کی روٹی کو بھی ترس گیا ہے,N
انتظامیہ کی سست روی کی وجہ سے موسم سرما میں فائل مہینوں دفتروں میں پڑی رہی,N
پیٹرول اور بجلی کی قیمتوں میں گزشتہ ماہ مسلسل اضافے نے متوسط طبقے کی کمر توڑ دی ہے,N
بینک کی جانب سے غریب طلبہ کے لیے وظائف کا اعلان انتہائی خوش آئند قدم ہے,P
تاجر کی سچائی اور دیانتداری عید کے موقع پر آج بھی معاشرے کے لیے مثال ہے,P
نوجوانوں کی نئی ایجاد نے انتخابات کے قریب عالمی مقابلے میں پہلی پوزیشن حاصل کر کے ملک کا نام روشن کیا,P
دکاندار نے بحران کے باوجود ہمت نہ ہاری اور اپنا کاروبار دوبارہ کھڑا کر دکھایا,P
اسلام آباد کے بازاروں میں چھٹی کے دن غیر معمولی رونق دیکھی گئی، دکاندار خوش نظر آئے,P
گوجرانوالہ میں نئی سڑک کی تعمیر سے سفر کا دورانیہ آدھا رہ گیا، مسافروں نے سکون کا سانس لیا,P
برسوں بعد بچھڑے دوستوں کا رات گئے اچانک ملنا زندگی کا حسین اتفاق تھا,P
تاجر کی مسلسل غفلت کے باعث پیر کے روز ایک اور موقع ضائع ہو گیا,N
پیر کے روز کی برکتوں سے دل کو عجیب سکون اور طمانیت میسر آتی ہے,P
خاندان کے ساتھ موسم سرما میں پہاڑوں کی سیر ایک ناقابل فراموش تجربہ ثابت ہوئی,P
بجلی کے بھاری بلوں نے پیر کے روز چھوٹے کاروباریوں کو دیوالیہ ہونے پر مجبور کر دیا,N
شدید گرمی اور لوڈشیڈنگ نے کراچی کے باسیوں کی زندگی اجیرن کر دی ہے,N
سماجی کارکن کی بے حسی نے مصیبت کے وقت کسی کے کام نہ آنے کا ثبوت دے دیا,N
بینک کے افسران کی من مانیوں نے رات گئے عام شہری کو ذلیل و خوار کر دیا,N
واپڈا کے تعاون سے چھٹی کے دن بے گھر خاندانوں کو محفوظ رہائش فراہم کر دی گئی,P
میونسپل کمیٹی کی ناقص کارکردگی کے باعث حالیہ دنوں میں شہریوں کا اعتماد مکمل طور پر متزلزل ہو گیا,N
غیر ذمہ دارانہ ڈرائیونگ کے باعث سڑک حادثے میں معصوم بچہ جاں بحق ہو گیا,N
حنزہ کے بازاروں میں رمضان میں غیر معمولی رونق دیکھی گئی، دکاندار خوش نظر آئے,P
پشاور کے شہریوں کی اجتماعی کوششوں سے محلے کی صفائی مہم کامیابی سے مکمل ہوئی,P
آن لائن دھوکہ دہی کا شکار ہو کر نوجوان کی جمع پونجی چند لمحوں میں لٹ گئی,N
کھیل کے میدان میں شکست کے بعد بھی موسم سرما میں ٹیم کے حوصلے بلند رہے اور اگلے میچ میں فتح حاصل کی,P
ادیب نے مشکل حالات میں بھی مسکراہٹ نہیں کھوئی اور دوسروں کے لیے حوصلے کا باعث بنے,P
سیاستدان کے جھوٹے وعدوں نے رات گئے عوام کا اعتماد مکمل طور پر ختم کر دیا ہے,N
کسان کی ہٹ دھرمی نے رات گئے مذاکرات کی تمام کوششوں کو ناکام بنا دیا,N
عید کے موقع پر کے دوران نوشہرہ میں منعقدہ ثقافتی میلے نے تمام شہریوں کا دل موہ لیا,P
انصاف کے حصول میں برسوں لگ جاتے ہیں، عدالتی نظام سست روی کا شکار ہے,N
کتاب پڑھنے کی عادت نے عید کے موقع پر میری سوچ کے دائرے کو بہت وسیع کر دیا,P
پاکستانی ٹیم نے اس ہفتے زبردست کارکردگی دکھاتے ہوئے میچ جیت لیا، شائقین جھوم اٹھے,P
کاروباری شخص نے عوامی خدمت کا جذبہ برقرار رکھتے ہوئے اس ہفتے مسلسل مثبت تبدیلی لانے کی کوشش جاری رکھی,P
مری کی سڑکوں پر بنے گڑھوں کی وجہ سے حالیہ دنوں میں روزانہ نئے حادثات جنم لے رہے ہیں,N
شاعر کی مسلسل غفلت کے باعث ایک اور موقع ضائع ہو گیا,N
وکیل پر لگے کرپشن کے الزامات عید کے موقع پر ثابت ہونے کے باوجود کوئی کارروائی نہیں ہوئی,N
سیاستدان کے دھوکے نے حالیہ دنوں میں برسوں کی دوستی کو ایک ہی لمحے میں ختم کر دیا,N
طویل انتظار کے بعد گزشتہ ماہ بالآخر بارش نے شہر کی گرمی سے نجات دلا دی,P
سیاستدان نے تھر میں پولیس محکمہ کے تعاون سے ایک شاندار منصوبہ مکمل کر لیا جس سے ہزاروں افراد مستفید ہوں گے,P
ڈرائیور کی خودغرضی نے پیر کے روز پورے منصوبے کو ناکامی سے دوچار کر دیا,N
بارش کے بعد جہلم کا موسم انتہائی خوشگوار ہو گیا اور لوگ گھروں سے باہر نکل آئے,P
کوئٹہ میں خودکش دھماکے کی خبر سن کر بجٹ کے بعد پورا شہر خوف اور غم میں ڈوب گیا,N
شور شرابے اور آلودگی نے پشاور کی رہائشی زندگی کو غیر معیاری بنا دیا ہے,N
بچے کی پہلی کامیابی دیکھ کر بجٹ کے بعد ماں باپ کی آنکھوں میں خوشی کے آنسو آ گئے,P
مری میں نئی سڑک کی تعمیر سے سفر کا دورانیہ آدھا رہ گیا، مسافروں نے سکون کا سانس لیا,P
پولیس اہلکار پر لگے کرپشن کے الزامات پیر کے روز ثابت ہونے کے باوجود کوئی کارروائی نہیں ہوئی,N
عید کے موقع پر استانی نے کراچی میں پولیس محکمہ کے تعاون سے ایک شاندار منصوبہ مکمل کر لیا جس سے ہزاروں افراد مستفید ہوں گے,P
بہاولپور کے میں مسلسل بگاڑ نے عوام کو شدید مایوسی سے دوچار کر دیا,N
فنکار کے دھوکے نے برسوں کی دوستی کو ایک ہی لمحے میں ختم کر دیا,N
دوران اسلام آباد میں پیش آنے والے واقعے نے سب کو صدمے میں ڈال دیا,N
آن لائن دھوکہ دہی کا شکار ہو کر عید کے موقع پر نوجوان کی جمع پونجی چند لمحوں میں لٹ گئی,N
جعلی ادویات کے کاروبار نے موسم سرما میں سینکڑوں مریضوں کی جان خطرے میں ڈال دی,N
جھوٹی خبروں کے سیلاب نے گزشتہ ماہ سوشل میڈیا صارفین کو شدید ذہنی کوفت میں مبتلا کر دیا,N
پشاور کے بازاروں میں صبح سویرے غیر معمولی رونق دیکھی گئی، دکاندار خوش نظر آئے,P
صحافی کی بدسلوکی نے پورے محلے کا امن و سکون برباد کر دیا,N
غیر ذمہ دارانہ ڈرائیونگ کے باعث موسم سرما میں سڑک حادثے میں معصوم بچہ جاں بحق ہو گیا,N
دوران حنزہ میں منعقدہ ثقافتی میلے نے تمام شہریوں کا دل موہ لیا,P
فنکار کی مسلسل غفلت کے باعث ایک اور موقع ضائع ہو گیا,N
صحت کارکن کی بدسلوکی نے رمضان میں پورے محلے کا امن و سکون برباد کر دیا,N
لسبیلہ میں چھٹی کے دن نئے پارک کی تعمیر سے بچوں اور بزرگوں کو کھلی فضا میں وقت گزارنے کا موقع ملا,P
سوات کی گلیوں میں کوڑے کے ڈھیر بجٹ کے بعد بیماریاں پھیلانے کا باعث بن رہے ہیں,N
نوجوان نسل کی سادگی اور خلوص نے صبح سویرے ہر ملنے والے کا دل جیت لیا,P
گزشتہ ماہ کے دوران نوشہرہ میں منعقدہ ثقافتی میلے نے تمام شہریوں کا دل موہ لیا,P
شاعر کے جھوٹے وعدوں نے امسال عوام کا اعتماد مکمل طور پر ختم کر دیا ہے,N
کتاب پڑھنے کی عادت نے حالیہ دنوں میں میری سوچ کے دائرے کو بہت وسیع کر دیا,P
این جی او نے کے حوالے سے شاندار اصلاحات متعارف کروائیں جن کی ہر جگہ تعریف ہو رہی ہے,P
طویل انتظار کے بعد بالآخر بارش نے شہر کی گرمی سے نجات دلا دی,P
کھلاڑی نے ژوب میں واپڈا کے تعاون سے ایک شاندار منصوبہ مکمل کر لیا جس سے ہزاروں افراد مستفید ہوں گے,P
پشاور میں رمضان میں نئے پارک کی تعمیر سے بچوں اور بزرگوں کو کھلی فضا میں وقت گزارنے کا موقع ملا,P
میونسپل کمیٹی کی جانب سے غریب طلبہ کے لیے وظائف کا اعلان انتہائی خوش آئند قدم ہے,P
بارش کے بعد کراچی کا موسم انتہائی خوشگوار ہو گیا اور انتخابات کے قریب لوگ گھروں سے باہر نکل آئے,P
فیصل آباد کے حالیہ دنوں میں مسلسل بگاڑ نے عوام کو شدید مایوسی سے دوچار کر دیا,N
ڈرائیور کی خودغرضی نے موسم سرما میں پورے منصوبے کو ناکامی سے دوچار کر دیا,N
برسوں بعد بچھڑے دوستوں کا اچانک ملنا زندگی کا حسین اتفاق تھا,P
مزدور نے مشکل حالات میں بھی مسکراہٹ نہیں کھوئی اور دوسروں کے لیے حوصلے کا باعث بنے,P
صحت کارکن پر لگے کرپشن کے الزامات سالانہ تقریب میں ثابت ہونے کے باوجود کوئی کارروائی نہیں ہوئی,N
پولیس محکمہ کی جانب سے چھٹی کے دن غریب طلبہ کے لیے وظائف کا اعلان انتہائی خوش آئند قدم ہے,P
نوجوانوں کی نئی ایجاد نے رمضان میں عالمی مقابلے میں پہلی پوزیشن حاصل کر کے ملک کا نام روشن کیا,P
این جی او کی غفلت کے باعث راولپنڈی کی فیکٹری میں آتشزدگی سے کئی مزدور جھلس گئے,N
پولیس محکمہ کی جانب سے غریب طلبہ کے لیے وظائف کا اعلان انتہائی خوش آئند قدم ہے,P
عید کے موقع پر کھلاڑی نے حیدرآباد میں محکمہ صحت کے تعاون سے ایک شاندار منصوبہ مکمل کر لیا جس سے ہزاروں افراد مستفید ہوں گے,P
تھر میں ٹریفک جام میں گھنٹوں پھنسے رہنا اب معمول بن چکا ہے، لوگ ذہنی کوفت کا شکار ہیں,N
استانی کی رہنمائی میں نوجوان ٹیم نے قابل ستائش کارکردگی کا مظاہرہ کیا,P
مقامی کھلاڑی نے رات گئے قومی سطح پر گولڈ میڈل جیت کر تمام شہر کو خوشی سے سرشار کر دیا,P
کسانوں کی محنت رنگ لائی اور موسم سرما میں فصل کی پیداوار ریکارڈ سطح پر پہنچ گئی,P
منشیات کے پھیلاؤ نے نوجوان نسل کا مستقبل داؤ پر لگا دیا ہے,N
ریلوے کی غفلت کے باعث تھر کی فیکٹری میں آتشزدگی سے کئی مزدور جھلس گئے,N
پارلیمنٹ کے وعدے صرف کاغذوں تک محدود رہے، عملی طور پر کچھ نہ ہو سکا,N
انجینئر پر لگے کرپشن کے الزامات رات گئے ثابت ہونے کے باوجود کوئی کارروائی نہیں ہوئی,N
سرکاری ہسپتالوں میں گزشتہ ماہ ادویات کی کمی کے باعث مریض علاج سے محروم رہ گئے,N
استاد کی حوصلہ افزائی نے صبح سویرے ایک کمزور طالب علم کو کلاس کا بہترین نتیجہ دینے والا بنا دیا,P
سرکاری ہسپتالوں میں صبح سویرے ادویات کی کمی کے باعث مریض علاج سے محروم رہ گئے,N
سوات میں ٹریفک جام میں گھنٹوں پھنسے رہنا اب معمول بن چکا ہے، لوگ ذہنی کوفت کا شکار ہیں,N
سوات کے بازاروں میں انتخابات کے قریب غیر معمولی رونق دیکھی گئی، دکاندار خوش نظر آئے,P
پارلیمنٹ نے صبح سویرے نئی پالیسی متعارف کروائی جس سے عام آدمی کو کافی ریلیف ملنے کی توقع ہے,P
نوجوانوں کی نئی ایجاد نے عالمی مقابلے میں پہلی پوزیشن حاصل کر کے ملک کا نام روشن کیا,P
کراچی کے رات گئے میں مسلسل بگاڑ نے عوام کو شدید مایوسی سے دوچار کر دیا,N
فیصل آباد میں نئے پارک کی تعمیر سے بچوں اور بزرگوں کو کھلی فضا میں وقت گزارنے کا موقع ملا,P
انتظامیہ کی جانب سے موسم سرما میں غریب طلبہ کے لیے وظائف کا اعلان انتہائی خوش آئند قدم ہے,P
منہگائی کی چکی میں پستا غریب طبقہ دو وقت کی روٹی کو بھی ترس گیا ہے,N
وزیر اعلیٰ نے مشکل حالات میں بھی رمضان میں مسکراہٹ نہیں کھوئی اور دوسروں کے لیے حوصلے کا باعث بنے,P
سکھر میں پانی کی قلت نے صبح سویرے شہریوں کا جینا محال کر دیا ہے,N
اوکاڑہ کے میں مسلسل بگاڑ نے عوام کو شدید مایوسی سے دوچار کر دیا,N
پیر کے روز حیدرآباد کی گلیاں روشنیوں اور رونق سے جگمگا اٹھیں,P
لسبیلہ کے شہریوں کی اجتماعی کوششوں سے حالیہ دنوں میں محلے کی صفائی مہم کامیابی سے مکمل ہوئی,P
سرکاری ہسپتال کے افسران کی من مانیوں نے سالانہ تقریب میں عام شہری کو ذلیل و خوار کر دیا,N
کتاب پڑھنے کی عادت نے پیر کے روز میری سوچ کے دائرے کو بہت وسیع کر دیا,P
میچ میں ناقص فیصلوں کی وجہ سے صبح سویرے ٹیم کو آخری لمحات میں شکست کا سامنا کرنا پڑا,N
بینک کی سست روی کی وجہ سے سالانہ تقریب میں فائل مہینوں دفتروں میں پڑی رہی,N
محکمہ زراعت کی جانب سے پیر کے روز غریب طلبہ کے لیے وظائف کا اعلان انتہائی خوش آئند قدم ہے,P
دوران لاہور میں منعقدہ ثقافتی میلے نے تمام شہریوں کا دل موہ لیا,P
پاکستانی ٹیم نے زبردست کارکردگی دکھاتے ہوئے میچ جیت لیا، شائقین جھوم اٹھے,P
بینک نے کے حوالے سے شاندار اصلاحات متعارف کروائیں جن کی ہر جگہ تعریف ہو رہی ہے,P
لاہور کے اس ہفتے میں نمایاں بہتری نے شہریوں کے چہروں پر مسکراہٹ بکھیر دی,P
بچوں سے مشقت لینے والے کارخانہ داروں کے خلاف صبح سویرے کوئی سخت قانون موجود نہیں,N
صحافی پر لگے کرپشن کے الزامات بجٹ کے بعد ثابت ہونے کے باوجود کوئی کارروائی نہیں ہوئی,N
کراچی کی گلیوں میں کوڑے کے ڈھیر اس ہفتے بیماریاں پھیلانے کا باعث بن رہے ہیں,N
ڈاکٹر کا عاجزانہ رویہ اور دوسروں کی مدد کا جذبہ سالانہ تقریب میں قابل تقلید ہے,P
حالیہ دنوں میں پولیس اہلکار نے فیصل آباد میں پارلیمنٹ کے تعاون سے ایک شاندار منصوبہ مکمل کر لیا جس سے ہزاروں افراد مستفید ہوں گے,P
پولیس محکمہ کے وعدے انتخابات کے قریب صرف کاغذوں تک محدود رہے، عملی طور پر کچھ نہ ہو سکا,N
پولیس محکمہ نے کے حوالے سے شاندار اصلاحات متعارف کروائیں جن کی ہر جگہ تعریف ہو رہی ہے,P
کسانوں کی محنت رنگ لائی اور سالانہ تقریب میں فصل کی پیداوار ریکارڈ سطح پر پہنچ گئی,P
صحت کارکن کی بدسلوکی نے سالانہ تقریب میں پورے محلے کا امن و سکون برباد کر دیا,N
مزدور کی سچائی اور دیانتداری پیر کے روز آج بھی معاشرے کے لیے مثال ہے,P
گلگت کے نوجوانوں نے مل کر ماحول دوست منصوبہ شروع کیا جس کی ہر طرف تعریف ہو رہی ہے,P
پارلیمنٹ کے تعاون سے رمضان میں بے گھر خاندانوں کو محفوظ رہائش فراہم کر دی گئی,P
شادی کی تقریب میں رشتہ داروں کا پرتپاک استقبال دیکھ کر دل باغ باغ ہو گیا,P
دوستوں کے ساتھ گزشتہ ماہ گزارا وقت زندگی کی سب سے قیمتی یادوں میں شمار ہوتا ہے,P
معیاری تعلیم کے فقدان نے دیہی علاقوں کے بچوں کا مستقبل تاریک کر دیا ہے,N
امسال کے دوران جہلم میں منعقدہ ثقافتی میلے نے تمام شہریوں کا دل موہ لیا,P
کسانوں کی محنت رنگ لائی اور فصل کی پیداوار ریکارڈ سطح پر پہنچ گئی,P
بجلی کے بھاری بلوں نے عید کے موقع پر چھوٹے کاروباریوں کو دیوالیہ ہونے پر مجبور کر دیا,N
کھلاڑی کے جھوٹے وعدوں نے بجٹ کے بعد عوام کا اعتماد مکمل طور پر ختم کر دیا ہے,N
فیصل آباد کے بازاروں میں رمضان میں غیر معمولی رونق دیکھی گئی، دکاندار خوش نظر آئے,P
جعلی ادویات کے کاروبار نے عید کے موقع پر سینکڑوں مریضوں کی جان خطرے میں ڈال دی,N
ملتان میں پانی کی قلت نے شہریوں کا جینا محال کر دیا ہے,N
گوجرانوالہ میں خودکش دھماکے کی خبر سن کر پورا شہر خوف اور غم میں ڈوب گیا,N
خشک سالی نے حالیہ دنوں میں کسانوں کی پوری فصل تباہ کر دی اور وہ مقروض ہو گئے,N
بارش کے بعد سیالکوٹ کا موسم انتہائی خوشگوار ہو گیا اور حالیہ دنوں میں لوگ گھروں سے باہر نکل آئے,P
امتحان میں ناکامی کے بعد طالب علم شدید ذہنی دباؤ کا شکار ہو گیا,N
کراچی میں نئے پارک کی تعمیر سے بچوں اور بزرگوں کو کھلی فضا میں وقت گزارنے کا موقع ملا,P
آن لائن دھوکہ دہی کا شکار ہو کر بجٹ کے بعد نوجوان کی جمع پونجی چند لمحوں میں لٹ گئی,N
طلاق کی شرح میں اضافے نے خاندانی نظام کو شدید نقصان پہنچایا ہے,N
کسان خاتون کو بین الاقوامی سطح پر ایوارڈ ملنے پر پورے خاندان میں خوشی کی لہر دوڑ گئی,P
شاعر نے بحران کے باوجود گزشتہ ماہ ہمت نہ ہاری اور اپنا کاروبار دوبارہ کھڑا کر دکھایا,P
یونیورسٹی کی بروقت مدد سے سیلاب متاثرین کی زندگی دوبارہ پٹری پر آ گئی,P
محلے دار کا عاجزانہ رویہ اور دوسروں کی مدد کا جذبہ پیر کے روز قابل تقلید ہے,P
بہاولپور میں سالانہ تقریب میں نئے پارک کی تعمیر سے بچوں اور بزرگوں کو کھلی فضا میں وقت گزارنے کا موقع ملا,P
حالیہ دنوں میں کی برکتوں سے دل کو عجیب سکون اور طمانیت میسر آتی ہے,P
بلدیہ کے تعاون سے بے گھر خاندانوں کو محفوظ رہائش فراہم کر دی گئی,P
میچ میں ناقص فیصلوں کی وجہ سے حالیہ دنوں میں ٹیم کو آخری لمحات میں شکست کا سامنا کرنا پڑا,N
دوستوں کے ساتھ عید کے موقع پر گزارا وقت زندگی کی سب سے قیمتی یادوں میں شمار ہوتا ہے,P
ڈرائیور نے مشکل حالات میں بھی موسم سرما میں مسکراہٹ نہیں کھوئی اور دوسروں کے لیے حوصلے کا باعث بنے,P
موسم سرما میں کی برکتوں سے دل کو عجیب سکون اور طمانیت میسر آتی ہے,P
مری میں نئے پارک کی تعمیر سے بچوں اور بزرگوں کو کھلی فضا میں وقت گزارنے کا موقع ملا,P
ژوب میں خودکش دھماکے کی خبر سن کر امسال پورا شہر خوف اور غم میں ڈوب گیا,N
فنکار پر لگے کرپشن کے الزامات ثابت ہونے کے باوجود کوئی کارروائی نہیں ہوئی,N
گلگت کی سڑکوں پر بنے گڑھوں کی وجہ سے روزانہ نئے حادثات جنم لے رہے ہیں,N
عدالت کی جانب سے موسم سرما میں غریب طلبہ کے لیے وظائف کا اعلان انتہائی خوش آئند قدم ہے,P
پارلیمنٹ کی سست روی کی وجہ سے فائل مہینوں دفتروں میں پڑی رہی,N
کسانوں کی محنت رنگ لائی اور فصل کی پیداوار ریکارڈ سطح پر پہنچ گئی,P
خشک سالی نے سالانہ تقریب میں کسانوں کی پوری فصل تباہ کر دی اور وہ مقروض ہو گئے,N
فیصل آباد کی سڑکوں پر بنے گڑھوں کی وجہ سے صبح سویرے روزانہ نئے حادثات جنم لے رہے ہیں,N
اس ہفتے کی برکتوں سے دل کو عجیب سکون اور طمانیت میسر آتی ہے,P
میونسپل کمیٹی کی سست روی کی وجہ سے گزشتہ ماہ فائل مہینوں دفتروں میں پڑی رہی,N
ملتان کے انتخابات کے قریب میں مسلسل بگاڑ نے عوام کو شدید مایوسی سے دوچار کر دیا,N
سیالکوٹ میں نئے ہسپتال کے قیام سے امسال دیہی علاقے کے مریضوں کو بروقت علاج میسر آ گیا,P
سرکاری ہسپتال نے رمضان میں کے حوالے سے شاندار اصلاحات متعارف کروائیں جن کی ہر جگہ تعریف ہو رہی ہے,P
خشک سالی نے رات گئے کسانوں کی پوری فصل تباہ کر دی اور وہ مقروض ہو گئے,N
انجینئر نے بحران کے باوجود ہمت نہ ہاری اور اپنا کاروبار دوبارہ کھڑا کر دکھایا,P
نئی نسل کے کاروباری ذہن نے سالانہ تقریب میں چھوٹے شہروں میں بھی روزگار کے نئے مواقع پیدا کر دیے,P
پیر کے روز صبح سویرے پرندوں کی چہچہاہٹ اور تازہ ہوا دل کو ایک عجیب سکون دیتی ہے,P
نوجوانوں کی نئی ایجاد نے عالمی مقابلے میں پہلی پوزیشن حاصل کر کے ملک کا نام روشن کیا,P
حنزہ میں گزشتہ ماہ نئے پارک کی تعمیر سے بچوں اور بزرگوں کو کھلی فضا میں وقت گزارنے کا موقع ملا,P
پیٹرول اور بجلی کی قیمتوں میں مسلسل اضافے نے متوسط طبقے کی کمر توڑ دی ہے,N
پشاور کے میں نمایاں بہتری نے شہریوں کے چہروں پر مسکراہٹ بکھیر دی,P
اوکاڑہ کے نوجوانوں نے سالانہ تقریب میں مل کر ماحول دوست منصوبہ شروع کیا جس کی ہر طرف تعریف ہو رہی ہے,P
حنزہ کے رات گئے میں نمایاں بہتری نے شہریوں کے چہروں پر مسکراہٹ بکھیر دی,P
سماجی کارکن کی مسلسل غفلت کے باعث ایک اور موقع ضائع ہو گیا,N
سیاستدانوں کی باہمی چپقلش نے حالیہ دنوں میں عوامی مسائل کو مکمل طور پر پس پشت ڈال دیا,N
خشک سالی نے کسانوں کی پوری فصل تباہ کر دی اور وہ مقروض ہو گئے,N
فنکار نے بحران کے باوجود حالیہ دنوں میں ہمت نہ ہاری اور اپنا کاروبار دوبارہ کھڑا کر دکھایا,P
بچوں سے مشقت لینے والے کارخانہ داروں کے خلاف کوئی سخت قانون موجود نہیں,N
بارش کے بعد بہاولپور کا موسم انتہائی خوشگوار ہو گیا اور لوگ گھروں سے باہر نکل آئے,P
اوکاڑہ کے رات گئے میں مسلسل بگاڑ نے عوام کو شدید مایوسی سے دوچار کر دیا,N
جھوٹی خبروں کے سیلاب نے بجٹ کے بعد سوشل میڈیا صارفین کو شدید ذہنی کوفت میں مبتلا کر دیا,N
سماجی کارکن کے دھوکے نے برسوں کی دوستی کو ایک ہی لمحے میں ختم کر دیا,N
انجینئر کی مسلسل غفلت کے باعث امسال ایک اور موقع ضائع ہو گیا,N
محکمہ زراعت کی نااہلی کے باعث لاہور میں بنیادی سہولیات تک عوام کی رسائی ممکن نہیں رہی,N
واپڈا کے وعدے بجٹ کے بعد صرف کاغذوں تک محدود رہے، عملی طور پر کچھ نہ ہو سکا,N
شاعر کے دھوکے نے امسال برسوں کی دوستی کو ایک ہی لمحے میں ختم کر دیا,N
بہاولپور میں نئے ہسپتال کے قیام سے دیہی علاقے کے مریضوں کو بروقت علاج میسر آ گیا,P
شور شرابے اور آلودگی نے گلگت کی رہائشی زندگی کو غیر معیاری بنا دیا ہے,N
جھوٹی خبروں کے سیلاب نے عید کے موقع پر سوشل میڈیا صارفین کو شدید ذہنی کوفت میں مبتلا کر دیا,N
نوجوان نسل کی مسلسل غفلت کے باعث ایک اور موقع ضائع ہو گیا,N
استانی نے مشکل حالات میں بھی بجٹ کے بعد مسکراہٹ نہیں کھوئی اور دوسروں کے لیے حوصلے کا باعث بنے,P
وکیل کی بے حسی نے صبح سویرے مصیبت کے وقت کسی کے کام نہ آنے کا ثبوت دے دیا,N
پولیس محکمہ کی جانب سے غریب طلبہ کے لیے وظائف کا اعلان انتہائی خوش آئند قدم ہے,P
شور شرابے اور آلودگی نے موسم سرما میں ملتان کی رہائشی زندگی کو غیر معیاری بنا دیا ہے,N
سوات کے میں نمایاں بہتری نے شہریوں کے چہروں پر مسکراہٹ بکھیر دی,P
محکمہ صحت کی غفلت کے باعث نوشہرہ کی فیکٹری میں آتشزدگی سے کئی مزدور جھلس گئے,N
معیاری تعلیم کے فقدان نے دیہی علاقوں کے بچوں کا مستقبل تاریک کر دیا ہے,N
مزدور کا عاجزانہ رویہ اور دوسروں کی مدد کا جذبہ موسم سرما میں قابل تقلید ہے,P
سرکاری افسر کے جھوٹے وعدوں نے عوام کا اعتماد مکمل طور پر ختم کر دیا ہے,N
نرس کی ہٹ دھرمی نے چھٹی کے دن مذاکرات کی تمام کوششوں کو ناکام بنا دیا,N
پشاور کی گلیوں میں کوڑے کے ڈھیر چھٹی کے دن بیماریاں پھیلانے کا باعث بن رہے ہیں,N
نوجوانوں کی نئی ایجاد نے حالیہ دنوں میں عالمی مقابلے میں پہلی پوزیشن حاصل کر کے ملک کا نام روشن کیا,P
بینک کے افسران کی من مانیوں نے عام شہری کو ذلیل و خوار کر دیا,N
حکومت میں پھیلی رشوت خوری نے پورے نظام کو اندر سے کھوکھلا کر دیا ہے,N
سیلاب کی تباہ کاریوں نے ہزاروں گھرانوں کو بے گھر کر دیا اور امداد بھی نہ پہنچی,N
تعلیمی بورڈ نے پیر کے روز کے حوالے سے شاندار اصلاحات متعارف کروائیں جن کی ہر جگہ تعریف ہو رہی ہے,P
وزیر اعظم پر لگے کرپشن کے الزامات سالانہ تقریب میں ثابت ہونے کے باوجود کوئی کارروائی نہیں ہوئی,N
حیدرآباد میں نئے ہسپتال کے قیام سے دیہی علاقے کے مریضوں کو بروقت علاج میسر آ گیا,P
عدالت نے نئی پالیسی متعارف کروائی جس سے عام آدمی کو کافی ریلیف ملنے کی توقع ہے,P
محکمہ زراعت کی غفلت کے باعث گوجرانوالہ کی فیکٹری میں آتشزدگی سے کئی مزدور جھلس گئے,N
رمضان میں نئے تعلیمی سیشن کا آغاز جوش و خروش سے ہوا، بچے مسکراتے ہوئے سکول پہنچے,P
دوستوں کے ساتھ گزارا وقت زندگی کی سب سے قیمتی یادوں میں شمار ہوتا ہے,P
معیاری تعلیم کے فقدان نے دیہی علاقوں کے بچوں کا مستقبل تاریک کر دیا ہے,N
منشیات کے پھیلاؤ نے نوجوان نسل کا مستقبل داؤ پر لگا دیا ہے,N
حالیہ دنوں میں وزیر اعظم نے ملتان میں تعلیمی بورڈ کے تعاون سے ایک شاندار منصوبہ مکمل کر لیا جس سے ہزاروں افراد مستفید ہوں گے,P
کارپوریشن کی جانب سے عید کے موقع پر غریب طلبہ کے لیے وظائف کا اعلان انتہائی خوش آئند قدم ہے,P
سرکاری ہسپتالوں میں موسم سرما میں ادویات کی کمی کے باعث مریض علاج سے محروم رہ گئے,N
کھیل کے میدان میں شکست کے بعد بھی اس ہفتے ٹیم کے حوصلے بلند رہے اور اگلے میچ میں فتح حاصل کی,P
انتخابات کے قریب وزیر اعلیٰ نے بہاولپور میں انتظامیہ کے تعاون سے ایک شاندار منصوبہ مکمل کر لیا جس سے ہزاروں افراد مستفید ہوں گے,P
پولیس اہلکار کو رات گئے بین الاقوامی سطح پر ایوارڈ ملنے پر پورے خاندان میں خوشی کی لہر دوڑ گئی,P
راولپنڈی کی سڑکوں پر بنے گڑھوں کی وجہ سے روزانہ نئے حادثات جنم لے رہے ہیں,N
نوجوانوں کی نئی ایجاد نے پیر کے روز عالمی مقابلے میں پہلی پوزیشن حاصل کر کے ملک کا نام روشن کیا,P
کراچی کی سڑکوں پر بنے گڑھوں کی وجہ سے صبح سویرے روزانہ نئے حادثات جنم لے رہے ہیں,N
تاجر کی سادگی اور خلوص نے صبح سویرے ہر ملنے والے کا دل جیت لیا,P
ادیب کی ہٹ دھرمی نے رات گئے مذاکرات کی تمام کوششوں کو ناکام بنا دیا,N
دکاندار کی رہنمائی میں صبح سویرے نوجوان ٹیم نے قابل ستائش کارکردگی کا مظاہرہ کیا,P
شاعر نے مشکل حالات میں بھی پیر کے روز مسکراہٹ نہیں کھوئی اور دوسروں کے لیے حوصلے کا باعث بنے,P
رات گئے صبح سویرے پرندوں کی چہچہاہٹ اور تازہ ہوا دل کو ایک عجیب سکون دیتی ہے,P
این جی او نے گزشتہ ماہ نئی پالیسی متعارف کروائی جس سے عام آدمی کو کافی ریلیف ملنے کی توقع ہے,P
نوجوانوں کی نئی ایجاد نے عالمی مقابلے میں پہلی پوزیشن حاصل کر کے ملک کا نام روشن کیا,P
بارش کے بعد اسلام آباد کا موسم انتہائی خوشگوار ہو گیا اور موسم سرما میں لوگ گھروں سے باہر نکل آئے,P
وکیل کی مسلسل غفلت کے باعث سالانہ تقریب میں ایک اور موقع ضائع ہو گیا,N
یونیورسٹی کی بروقت مدد سے سیلاب متاثرین کی زندگی دوبارہ پٹری پر آ گئی,P
محبت اور خلوص سے بھرا یہ رشتہ بھی اتنا ہی مضبوط ہے جتنا پہلے دن تھا,P
طالب علم کے دھوکے نے برسوں کی دوستی کو ایک ہی لمحے میں ختم کر دیا,N
صحت کارکن نے بحران کے باوجود رات گئے ہمت نہ ہاری اور اپنا کاروبار دوبارہ کھڑا کر دکھایا,P
بینک کے تعاون سے بے گھر خاندانوں کو محفوظ رہائش فراہم کر دی گئی,P
موسم سرما میں لسبیلہ کی گلیاں روشنیوں اور رونق سے جگمگا اٹھیں,P
شادی کی تقریب میں رشتہ داروں کا پرتپاک استقبال دیکھ کر دل باغ باغ ہو گیا,P
شاعر کو پیر کے روز بین الاقوامی سطح پر ایوارڈ ملنے پر پورے خاندان میں خوشی کی لہر دوڑ گئی,P
شاعر کی انتھک محنت رنگ لائی اور سالانہ تقریب میں انہیں وہ مقام مل گیا جس کے وہ حقدار تھے,P
خشک سالی نے کسانوں کی پوری فصل تباہ کر دی اور وہ مقروض ہو گئے,N
منہگائی کی چکی میں پستا امسال غریب طبقہ دو وقت کی روٹی کو بھی ترس گیا ہے,N
محلے دار نے بحران کے باوجود چھٹی کے دن ہمت نہ ہاری اور اپنا کاروبار دوبارہ کھڑا کر دکھایا,P
کتاب پڑھنے کی عادت نے امسال میری سوچ کے دائرے کو بہت وسیع کر دیا,P
تاجر کی رہنمائی میں نوجوان ٹیم نے قابل ستائش کارکردگی کا مظاہرہ کیا,P
پولیس محکمہ کے وعدے امسال صرف کاغذوں تک محدود رہے، عملی طور پر کچھ نہ ہو سکا,N
خشک سالی نے کسانوں کی پوری فصل تباہ کر دی اور وہ مقروض ہو گئے,N
منہگائی کی چکی میں پستا غریب طبقہ دو وقت کی روٹی کو بھی ترس گیا ہے,N
گلگت میں نئے ہسپتال کے قیام سے دیہی علاقے کے مریضوں کو بروقت علاج میسر آ گیا,P
راولپنڈی میں پانی کی قلت نے شہریوں کا جینا محال کر دیا ہے,N
واپڈا کی سست روی کی وجہ سے اس ہفتے فائل مہینوں دفتروں میں پڑی رہی,N
آن لائن دھوکہ دہی کا شکار ہو کر امسال نوجوان کی جمع پونجی چند لمحوں میں لٹ گئی,N
امسال حیدرآباد کی گلیاں روشنیوں اور رونق سے جگمگا اٹھیں,P
پارلیمنٹ کے تعاون سے بجٹ کے بعد بے گھر خاندانوں کو محفوظ رہائش فراہم کر دی گئی,P
طویل انتظار کے بعد رمضان میں بالآخر بارش نے شہر کی گرمی سے نجات دلا دی,P
نرس کی انتھک محنت رنگ لائی اور انہیں وہ مقام مل گیا جس کے وہ حقدار تھے,P
میچ میں ناقص فیصلوں کی وجہ سے بجٹ کے بعد ٹیم کو آخری لمحات میں شکست کا سامنا کرنا پڑا,N
نوشہرہ کی سڑکوں پر بنے گڑھوں کی وجہ سے روزانہ نئے حادثات جنم لے رہے ہیں,N
وکیل کی خودغرضی نے پورے منصوبے کو ناکامی سے دوچار کر دیا,N
نرس کا عاجزانہ رویہ اور دوسروں کی مدد کا جذبہ قابل تقلید ہے,P
نرس کی ہٹ دھرمی نے عید کے موقع پر مذاکرات کی تمام کوششوں کو ناکام بنا دیا,N
نوجوان نسل نے بحران کے باوجود اس ہفتے ہمت نہ ہاری اور اپنا کاروبار دوبارہ کھڑا کر دکھایا,P
طویل انتظار کے بعد امسال بالآخر بارش نے شہر کی گرمی سے نجات دلا دی,P
طویل انتظار کے بعد بالآخر بارش نے شہر کی گرمی سے نجات دلا دی,P
جعلی ادویات کے کاروبار نے امسال سینکڑوں مریضوں کی جان خطرے میں ڈال دی,N
خاندان کے ساتھ پہاڑوں کی سیر ایک ناقابل فراموش تجربہ ثابت ہوئی,P
عدالت کی ناقص کارکردگی کے باعث امسال شہریوں کا اعتماد مکمل طور پر متزلزل ہو گیا,N
امتحان میں ناکامی کے بعد طالب علم شدید ذہنی دباؤ کا شکار ہو گیا,N
اسلام آباد کے رات گئے میں مسلسل بگاڑ نے عوام کو شدید مایوسی سے دوچار کر دیا,N
جھوٹی خبروں کے سیلاب نے سوشل میڈیا صارفین کو شدید ذہنی کوفت میں مبتلا کر دیا,N
پیٹرول اور بجلی کی قیمتوں میں عید کے موقع پر مسلسل اضافے نے متوسط طبقے کی کمر توڑ دی ہے,N
ریلوے کے وعدے صرف کاغذوں تک محدود رہے، عملی طور پر کچھ نہ ہو سکا,N
کوئٹہ کے میں نمایاں بہتری نے شہریوں کے چہروں پر مسکراہٹ بکھیر دی,P
دکاندار پر لگے کرپشن کے الزامات انتخابات کے قریب ثابت ہونے کے باوجود کوئی کارروائی نہیں ہوئی,N
کارخانے کی آلودگی نے عید کے موقع پر قریبی آبادی کو سانس کی بیماریوں میں مبتلا کر دیا ہے,N
گزشتہ ماہ سماجی کارکن نے گوجرانوالہ میں محکمہ زراعت کے تعاون سے ایک شاندار منصوبہ مکمل کر لیا جس سے ہزاروں افراد مستفید ہوں گے,P
بارش کے بعد بہاولپور کا موسم انتہائی خوشگوار ہو گیا اور رات گئے لوگ گھروں سے باہر نکل آئے,P
کتاب پڑھنے کی عادت نے میری سوچ کے دائرے کو بہت وسیع کر دیا,P
یونیورسٹی کی بروقت مدد سے سیلاب متاثرین کی زندگی دوبارہ پٹری پر آ گئی,P
سیاستدانوں کی باہمی چپقلش نے بجٹ کے بعد عوامی مسائل کو مکمل طور پر پس پشت ڈال دیا,N
ژوب میں نئی سڑک کی تعمیر سے سفر کا دورانیہ آدھا رہ گیا، مسافروں نے سکون کا سانس لیا,P
سرکاری ہسپتالوں میں امسال ادویات کی کمی کے باعث مریض علاج سے محروم رہ گئے,N
کھلاڑی کو امسال بین الاقوامی سطح پر ایوارڈ ملنے پر پورے خاندان میں خوشی کی لہر دوڑ گئی,P
میچ میں ناقص فیصلوں کی وجہ سے ٹیم کو آخری لمحات میں شکست کا سامنا کرنا پڑا,N
شادی کی تقریب میں حالیہ دنوں میں رشتہ داروں کا پرتپاک استقبال دیکھ کر دل باغ باغ ہو گیا,P
نوجوانوں کی نئی ایجاد نے صبح سویرے عالمی مقابلے میں پہلی پوزیشن حاصل کر کے ملک کا نام روشن کیا,P
فیصل آباد کی گلیوں میں کوڑے کے ڈھیر بیماریاں پھیلانے کا باعث بن رہے ہیں,N
شدید گرمی اور لوڈشیڈنگ نے اس ہفتے راولپنڈی کے باسیوں کی زندگی اجیرن کر دی ہے,N
انجینئر نے مشکل حالات میں بھی مسکراہٹ نہیں کھوئی اور دوسروں کے لیے حوصلے کا باعث بنے,P
کھلاڑی پر لگے کرپشن کے الزامات رمضان میں ثابت ہونے کے باوجود کوئی کارروائی نہیں ہوئی,N
شادی کی تقریب میں بجٹ کے بعد رشتہ داروں کا پرتپاک استقبال دیکھ کر دل باغ باغ ہو گیا,P
نوجوانوں کی نئی ایجاد نے رات گئے عالمی مقابلے میں پہلی پوزیشن حاصل کر کے ملک کا نام روشن کیا,P
این جی او کی غفلت کے باعث بہاولپور کی فیکٹری میں آتشزدگی سے کئی مزدور جھلس گئے,N
نوجوانوں کی نئی ایجاد نے گزشتہ ماہ عالمی مقابلے میں پہلی پوزیشن حاصل کر کے ملک کا نام روشن کیا,P
رات گئے فیصل آباد کی گلیاں روشنیوں اور رونق سے جگمگا اٹھیں,P
نوشہرہ کے گزشتہ ماہ میں مسلسل بگاڑ نے عوام کو شدید مایوسی سے دوچار کر دیا,N
انجینئر کا عاجزانہ رویہ اور دوسروں کی مدد کا جذبہ انتخابات کے قریب قابل تقلید ہے,P
ملتان کے بازاروں میں بجٹ کے بعد غیر معمولی رونق دیکھی گئی، دکاندار خوش نظر آئے,P
دوران ژوب میں منعقدہ ثقافتی میلے نے تمام شہریوں کا دل موہ لیا,P
حکومت کی سست روی کی وجہ سے فائل مہینوں دفتروں میں پڑی رہی,N
جعلی ادویات کے کاروبار نے سینکڑوں مریضوں کی جان خطرے میں ڈال دی,N
دوستوں کے ساتھ اس ہفتے گزارا وقت زندگی کی سب سے قیمتی یادوں میں شمار ہوتا ہے,P
نرس کا عاجزانہ رویہ اور دوسروں کی مدد کا جذبہ بجٹ کے بعد قابل تقلید ہے,P
آن لائن دھوکہ دہی کا شکار ہو کر رات گئے نوجوان کی جمع پونجی چند لمحوں میں لٹ گئی,N
مری کے شہریوں کی اجتماعی کوششوں سے محلے کی صفائی مہم کامیابی سے مکمل ہوئی,P
انجینئر نے مشکل حالات میں بھی رات گئے مسکراہٹ نہیں کھوئی اور دوسروں کے لیے حوصلے کا باعث بنے,P
ریلوے کی بروقت مدد سے سیلاب متاثرین کی زندگی دوبارہ پٹری پر آ گئی,P
نوشہرہ میں پانی کی قلت نے شہریوں کا جینا محال کر دیا ہے,N
سماجی کارکن کی سادگی اور خلوص نے رمضان میں ہر ملنے والے کا دل جیت لیا,P
استاد کی حوصلہ افزائی نے ایک کمزور طالب علم کو کلاس کا بہترین نتیجہ دینے والا بنا دیا,P
دوران تھر میں پیش آنے والے واقعے نے سب کو صدمے میں ڈال دیا,N
استاد کی ہٹ دھرمی نے گزشتہ ماہ مذاکرات کی تمام کوششوں کو ناکام بنا دیا,N
تعلیمی بورڈ کی بروقت مدد سے سیلاب متاثرین کی زندگی دوبارہ پٹری پر آ گئی,P
محلے دار کی انتھک محنت رنگ لائی اور گزشتہ ماہ انہیں وہ مقام مل گیا جس کے وہ حقدار تھے,P
سماجی کارکن نے مشکل حالات میں بھی مسکراہٹ نہیں کھوئی اور دوسروں کے لیے حوصلے کا باعث بنے,P
واپڈا کی نااہلی کے باعث اوکاڑہ میں بنیادی سہولیات تک عوام کی رسائی ممکن نہیں رہی,N
نرس کو بین الاقوامی سطح پر ایوارڈ ملنے پر پورے خاندان میں خوشی کی لہر دوڑ گئی,P
امسال مری کی گلیاں روشنیوں اور رونق سے جگمگا اٹھیں,P
وزیر اعلیٰ کی رہنمائی میں انتخابات کے قریب نوجوان ٹیم نے قابل ستائش کارکردگی کا مظاہرہ کیا,P
کوئٹہ میں خودکش دھماکے کی خبر سن کر عید کے موقع پر پورا شہر خوف اور غم میں ڈوب گیا,N
ژوب میں ٹریفک جام میں گھنٹوں پھنسے رہنا اب معمول بن چکا ہے، لوگ ذہنی کوفت کا شکار ہیں,N
دکاندار نے بحران کے باوجود ہمت نہ ہاری اور اپنا کاروبار دوبارہ کھڑا کر دکھایا,P
وزیر اعلیٰ کی بے حسی نے سالانہ تقریب میں مصیبت کے وقت کسی کے کام نہ آنے کا ثبوت دے دیا,N
بچوں سے مشقت لینے والے کارخانہ داروں کے خلاف گزشتہ ماہ کوئی سخت قانون موجود نہیں,N
شور شرابے اور آلودگی نے سکھر کی رہائشی زندگی کو غیر معیاری بنا دیا ہے,N
ڈرائیور کی سادگی اور خلوص نے ہر ملنے والے کا دل جیت لیا,P
نوجوانوں کی نئی ایجاد نے سالانہ تقریب میں عالمی مقابلے میں پہلی پوزیشن حاصل کر کے ملک کا نام روشن کیا,P
این جی او کی سست روی کی وجہ سے پیر کے روز فائل مہینوں دفتروں میں پڑی رہی,N
گوجرانوالہ میں نئے پارک کی تعمیر سے بچوں اور بزرگوں کو کھلی فضا میں وقت گزارنے کا موقع ملا,P
شور شرابے اور آلودگی نے رات گئے ملتان کی رہائشی زندگی کو غیر معیاری بنا دیا ہے,N
خشک سالی نے کسانوں کی پوری فصل تباہ کر دی اور وہ مقروض ہو گئے,N
کتاب پڑھنے کی عادت نے میری سوچ کے دائرے کو بہت وسیع کر دیا,P
انجینئر کی ہٹ دھرمی نے سالانہ تقریب میں مذاکرات کی تمام کوششوں کو ناکام بنا دیا,N
مقامی کھلاڑی نے عید کے موقع پر قومی سطح پر گولڈ میڈل جیت کر تمام شہر کو خوشی سے سرشار کر دیا,P
ڈرائیور نے عوامی خدمت کا جذبہ برقرار رکھتے ہوئے انتخابات کے قریب مسلسل مثبت تبدیلی لانے کی کوشش جاری رکھی,P
نرس نے بحران کے باوجود ہمت نہ ہاری اور اپنا کاروبار دوبارہ کھڑا کر دکھایا,P
برسوں کی محنت کے بعد بیٹے نے سرکاری نوکری حاصل کر کے والدین کا سر فخر سے بلند کر دیا,P
سرکاری ہسپتالوں میں ادویات کی کمی کے باعث مریض علاج سے محروم رہ گئے,N
خاندان کے ساتھ حالیہ دنوں میں پہاڑوں کی سیر ایک ناقابل فراموش تجربہ ثابت ہوئی,P
سیاستدان کے جھوٹے وعدوں نے عوام کا اعتماد مکمل طور پر ختم کر دیا ہے,N
حکومت کے افسران کی من مانیوں نے عام شہری کو ذلیل و خوار کر دیا,N
ژوب کی سڑکوں پر بنے گڑھوں کی وجہ سے رمضان میں روزانہ نئے حادثات جنم لے رہے ہیں,N
لاہور کی گلیوں میں کوڑے کے ڈھیر بیماریاں پھیلانے کا باعث بن رہے ہیں,N
راولپنڈی میں پانی کی قلت نے شہریوں کا جینا محال کر دیا ہے,N
بجلی کے بھاری بلوں نے موسم سرما میں چھوٹے کاروباریوں کو دیوالیہ ہونے پر مجبور کر دیا,N
شور شرابے اور آلودگی نے موسم سرما میں اوکاڑہ کی رہائشی زندگی کو غیر معیاری بنا دیا ہے,N
ڈرائیور نے مشکل حالات میں بھی عید کے موقع پر مسکراہٹ نہیں کھوئی اور دوسروں کے لیے حوصلے کا باعث بنے,P
شور شرابے اور آلودگی نے سیالکوٹ کی رہائشی زندگی کو غیر معیاری بنا دیا ہے,N
محبت اور خلوص سے بھرا یہ رشتہ بھی اتنا ہی مضبوط ہے جتنا پہلے دن تھا,P
نرس کی خودغرضی نے رات گئے پورے منصوبے کو ناکامی سے دوچار کر دیا,N
کسان خاتون کا عاجزانہ رویہ اور دوسروں کی مدد کا جذبہ سالانہ تقریب میں قابل تقلید ہے,P
ادیب کی مسلسل غفلت کے باعث حالیہ دنوں میں ایک اور موقع ضائع ہو گیا,N
مری میں نئے پارک کی تعمیر سے بچوں اور بزرگوں کو کھلی فضا میں وقت گزارنے کا موقع ملا,P
امتحان میں ناکامی کے بعد اس ہفتے طالب علم شدید ذہنی دباؤ کا شکار ہو گیا,N
کھیل کے میدان میں شکست کے بعد بھی ٹیم کے حوصلے بلند رہے اور اگلے میچ میں فتح حاصل کی,P
انتظامیہ میں پھیلی رشوت خوری نے رات گئے پورے نظام کو اندر سے کھوکھلا کر دیا ہے,N
والدین کی خودغرضی نے اس ہفتے پورے منصوبے کو ناکامی سے دوچار کر دیا,N
وزیر اعظم کی سادگی اور خلوص نے حالیہ دنوں میں ہر ملنے والے کا دل جیت لیا,P
کھلاڑی کی سادگی اور خلوص نے حالیہ دنوں میں ہر ملنے والے کا دل جیت لیا,P
شور شرابے اور آلودگی نے اوکاڑہ کی رہائشی زندگی کو غیر معیاری بنا دیا ہے,N
انصاف کے حصول میں انتخابات کے قریب برسوں لگ جاتے ہیں، عدالتی نظام سست روی کا شکار ہے,N
یونیورسٹی میں پھیلی رشوت خوری نے چھٹی کے دن پورے نظام کو اندر سے کھوکھلا کر دیا ہے,N
پشاور کے شہریوں کی اجتماعی کوششوں سے امسال محلے کی صفائی مہم کامیابی سے مکمل ہوئی,P
کتاب پڑھنے کی عادت نے سالانہ تقریب میں میری سوچ کے دائرے کو بہت وسیع کر دیا,P
یونیورسٹی کی غفلت کے باعث کراچی کی فیکٹری میں آتشزدگی سے کئی مزدور جھلس گئے,N
مزدور کی بدسلوکی نے عید کے موقع پر پورے محلے کا امن و سکون برباد کر دیا,N
آن لائن دھوکہ دہی کا شکار ہو کر سالانہ تقریب میں نوجوان کی جمع پونجی چند لمحوں میں لٹ گئی,N
طالب علم کی ہٹ دھرمی نے گزشتہ ماہ مذاکرات کی تمام کوششوں کو ناکام بنا دیا,N
کاروباری شخص پر لگے کرپشن کے الزامات بجٹ کے بعد ثابت ہونے کے باوجود کوئی کارروائی نہیں ہوئی,N
صحافی کی انتھک محنت رنگ لائی اور صبح سویرے انہیں وہ مقام مل گیا جس کے وہ حقدار تھے,P
بارش کے بعد جہلم کا موسم انتہائی خوشگوار ہو گیا اور لوگ گھروں سے باہر نکل آئے,P
محکمہ زراعت میں پھیلی رشوت خوری نے پورے نظام کو اندر سے کھوکھلا کر دیا ہے,N
خشک سالی نے اس ہفتے کسانوں کی پوری فصل تباہ کر دی اور وہ مقروض ہو گئے,N
ژوب کی گلیوں میں کوڑے کے ڈھیر بیماریاں پھیلانے کا باعث بن رہے ہیں,N
فنکار نے عوامی خدمت کا جذبہ برقرار رکھتے ہوئے اس ہفتے مسلسل مثبت تبدیلی لانے کی کوشش جاری رکھی,P
انتظامیہ کی ناقص کارکردگی کے باعث عید کے موقع پر شہریوں کا اعتماد مکمل طور پر متزلزل ہو گیا,N
مری کی سڑکوں پر بنے گڑھوں کی وجہ سے سالانہ تقریب میں روزانہ نئے حادثات جنم لے رہے ہیں,N
معیاری تعلیم کے فقدان نے دیہی علاقوں کے بچوں کا مستقبل تاریک کر دیا ہے,N
حکومت کی سست روی کی وجہ سے عید کے موقع پر فائل مہینوں دفتروں میں پڑی رہی,N
کاروباری شخص کی مسلسل غفلت کے باعث ایک اور موقع ضائع ہو گیا,N
تھر کے صبح سویرے میں نمایاں بہتری نے شہریوں کے چہروں پر مسکراہٹ بکھیر دی,P
نجی ادارہ کی جانب سے غریب طلبہ کے لیے وظائف کا اعلان انتہائی خوش آئند قدم ہے,P
بہاولپور کے نوجوانوں نے مل کر ماحول دوست منصوبہ شروع کیا جس کی ہر طرف تعریف ہو رہی ہے,P
میونسپل کمیٹی نے نئی پالیسی متعارف کروائی جس سے عام آدمی کو کافی ریلیف ملنے کی توقع ہے,P
ڈرائیور پر لگے کرپشن کے الزامات ثابت ہونے کے باوجود کوئی کارروائی نہیں ہوئی,N
بجٹ کے بعد گلگت کی گلیاں روشنیوں اور رونق سے جگمگا اٹھیں,P
مزدور کا عاجزانہ رویہ اور دوسروں کی مدد کا جذبہ گزشتہ ماہ قابل تقلید ہے,P
منشیات کے پھیلاؤ نے نوجوان نسل کا مستقبل داؤ پر لگا دیا ہے,N
میونسپل کمیٹی نے چھٹی کے دن نئی پالیسی متعارف کروائی جس سے عام آدمی کو کافی ریلیف ملنے کی توقع ہے,P
کارخانے کی آلودگی نے موسم سرما میں قریبی آبادی کو سانس کی بیماریوں میں مبتلا کر دیا ہے,N
بارش کے بعد سوات کا موسم انتہائی خوشگوار ہو گیا اور رمضان میں لوگ گھروں سے باہر نکل آئے,P
اسلام آباد میں ٹریفک جام میں گھنٹوں پھنسے رہنا اب معمول بن چکا ہے، لوگ ذہنی کوفت کا شکار ہیں,N
سیاستدانوں کی باہمی چپقلش نے امسال عوامی مسائل کو مکمل طور پر پس پشت ڈال دیا,N
چترال کے بازاروں میں غیر معمولی رونق دیکھی گئی، دکاندار خوش نظر آئے,P
جعلی ادویات کے کاروبار نے سینکڑوں مریضوں کی جان خطرے میں ڈال دی,N
حکومت نے رات گئے نئی پالیسی متعارف کروائی جس سے عام آدمی کو کافی ریلیف ملنے کی توقع ہے,P
اس ہفتے کے دوران فیصل آباد میں منعقدہ ثقافتی میلے نے تمام شہریوں کا دل موہ لیا,P
امتحان میں ناکامی کے بعد گزشتہ ماہ طالب علم شدید ذہنی دباؤ کا شکار ہو گیا,N
کھیل کے میدان میں شکست کے بعد بھی چھٹی کے دن ٹیم کے حوصلے بلند رہے اور اگلے میچ میں فتح حاصل کی,P
نرس کی خودغرضی نے پورے منصوبے کو ناکامی سے دوچار کر دیا,N
گوجرانوالہ کے چھٹی کے دن میں مسلسل بگاڑ نے عوام کو شدید مایوسی سے دوچار کر دیا,N
بلدیہ نے سالانہ تقریب میں کے حوالے سے شاندار اصلاحات متعارف کروائیں جن کی ہر جگہ تعریف ہو رہی ہے,P
انجینئر کو حالیہ دنوں میں بین الاقوامی سطح پر ایوارڈ ملنے پر پورے خاندان میں خوشی کی لہر دوڑ گئی,P
شدید گرمی اور لوڈشیڈنگ نے لسبیلہ کے باسیوں کی زندگی اجیرن کر دی ہے,N
لاہور میں پانی کی قلت نے سالانہ تقریب میں شہریوں کا جینا محال کر دیا ہے,N
تاجر کی خودغرضی نے گزشتہ ماہ پورے منصوبے کو ناکامی سے دوچار کر دیا,N
بجٹ کے بعد کے دوران پشاور میں منعقدہ ثقافتی میلے نے تمام شہریوں کا دل موہ لیا,P
فنکار نے عوامی خدمت کا جذبہ برقرار رکھتے ہوئے مسلسل مثبت تبدیلی لانے کی کوشش جاری رکھی,P
دوستوں کے ساتھ گزارا وقت زندگی کی سب سے قیمتی یادوں میں شمار ہوتا ہے,P
ادیب پر لگے کرپشن کے الزامات حالیہ دنوں میں ثابت ہونے کے باوجود کوئی کارروائی نہیں ہوئی,N
سیالکوٹ میں پانی کی قلت نے اس ہفتے شہریوں کا جینا محال کر دیا ہے,N
جھوٹی خبروں کے سیلاب نے سالانہ تقریب میں سوشل میڈیا صارفین کو شدید ذہنی کوفت میں مبتلا کر دیا,N
برسوں کی محنت کے بعد بیٹے نے سرکاری نوکری حاصل کر کے والدین کا سر فخر سے بلند کر دیا,P
گوجرانوالہ میں نئے ہسپتال کے قیام سے دیہی علاقے کے مریضوں کو بروقت علاج میسر آ گیا,P
مزدور کی بدسلوکی نے پورے محلے کا امن و سکون برباد کر دیا,N
گلگت کے پیر کے روز میں نمایاں بہتری نے شہریوں کے چہروں پر مسکراہٹ بکھیر دی,P
شاعر نے عوامی خدمت کا جذبہ برقرار رکھتے ہوئے مسلسل مثبت تبدیلی لانے کی کوشش جاری رکھی,P
رمضان میں کھلاڑی نے گلگت میں بلدیہ کے تعاون سے ایک شاندار منصوبہ مکمل کر لیا جس سے ہزاروں افراد مستفید ہوں گے,P
دکاندار کی سادگی اور خلوص نے ہر ملنے والے کا دل جیت لیا,P
صحت کارکن کی بے حسی نے مصیبت کے وقت کسی کے کام نہ آنے کا ثبوت دے دیا,N
سکھر میں خودکش دھماکے کی خبر سن کر امسال پورا شہر خوف اور غم میں ڈوب گیا,N
جہلم کی گلیاں روشنیوں اور رونق سے جگمگا اٹھیں,P
این جی او کی ناقص کارکردگی کے باعث شہریوں کا اعتماد مکمل طور پر متزلزل ہو گیا,N
جعلی ادویات کے کاروبار نے پیر کے روز سینکڑوں مریضوں کی جان خطرے میں ڈال دی,N
پشاور میں ٹریفک جام میں گھنٹوں پھنسے رہنا اب معمول بن چکا ہے، لوگ ذہنی کوفت کا شکار ہیں,N
وزیر اعظم کے جھوٹے وعدوں نے عوام کا اعتماد مکمل طور پر ختم کر دیا ہے,N
نوجوان نسل نے عوامی خدمت کا جذبہ برقرار رکھتے ہوئے رمضان میں مسلسل مثبت تبدیلی لانے کی کوشش جاری رکھی,P
سماجی کارکن نے مری میں پارلیمنٹ کے تعاون سے ایک شاندار منصوبہ مکمل کر لیا جس سے ہزاروں افراد مستفید ہوں گے,P
پیٹرول اور بجلی کی قیمتوں میں مسلسل اضافے نے متوسط طبقے کی کمر توڑ دی ہے,N
منہگائی کی چکی میں پستا غریب طبقہ دو وقت کی روٹی کو بھی ترس گیا ہے,N
طلاق کی شرح میں اضافے نے خاندانی نظام کو شدید نقصان پہنچایا ہے,N
نئی نسل کے کاروباری ذہن نے گزشتہ ماہ چھوٹے شہروں میں بھی روزگار کے نئے مواقع پیدا کر دیے,P
ریلوے کی جانب سے چھٹی کے دن غریب طلبہ کے لیے وظائف کا اعلان انتہائی خوش آئند قدم ہے,P
ادیب نے کوئٹہ میں سرکاری ہسپتال کے تعاون سے ایک شاندار منصوبہ مکمل کر لیا جس سے ہزاروں افراد مستفید ہوں گے,P
معیاری تعلیم کے فقدان نے امسال دیہی علاقوں کے بچوں کا مستقبل تاریک کر دیا ہے,N
انصاف کے حصول میں اس ہفتے برسوں لگ جاتے ہیں، عدالتی نظام سست روی کا شکار ہے,N
خاندان کے ساتھ صبح سویرے پہاڑوں کی سیر ایک ناقابل فراموش تجربہ ثابت ہوئی,P
کھیل کے میدان میں شکست کے بعد بھی ٹیم کے حوصلے بلند رہے اور اگلے میچ میں فتح حاصل کی,P
منشیات کے پھیلاؤ نے موسم سرما میں نوجوان نسل کا مستقبل داؤ پر لگا دیا ہے,N
یونیورسٹی کے تعاون سے بے گھر خاندانوں کو محفوظ رہائش فراہم کر دی گئی,P
تھر میں خودکش دھماکے کی خبر سن کر سالانہ تقریب میں پورا شہر خوف اور غم میں ڈوب گیا,N
