text,label
ky huwa chillao chillaoge game chenjar name sapne dekho,0
punjab di sheerni,1
yo te maare haryane nikla jai,0
fabulous coke,1
sahi kaha baap baap hota bete kaisi lagi,0
hamane jeet sabut dediya tumhari jeet kaha paki army social media pe jit sakati,0
hua tumhare bhookhe log tera charger churakar le gaya baithkar ro apne baap,0
bhai gaan hain yaar....gazaab,1
ali noor part was mind blowing,1
jeet gaya tum logo bettry hamesha low rehti,0
teach: umair jaswal fabulous,1
baap baaap hota aaj jinnaa kos hoga apne aap tum behen laoudo alag kiye hote khush hote,0
super yummy vlogging,1
its its mr bombastic,1
atanki kitab kuran den,0
bhaiya dusra tshirt pehen liya,1
beautiful rendition,1
wow awesome,1
hua abhito manlo sub sub abbu hein,0
new abbu gaya,0
nooriii love bro,1
always inspiration great decision thanks du,1
rao came here,1
shradha di always inspire daily hardwork acheive goal shradha di best,1
tumhare abu,0
kachiyaan da honda kacha anjam ni nahi gall aam ni,1
music amazing,1
anurag biswanath finally found someone,1
sacha pyar jo apne rab jaye kiyonkay dhone khuda mil jata,1
fall love ali hamzas painful mature voice,1
bhikhariyo desh reason,0
hhaahahaha chagaya sher,1
time favourite song,1
soehni maihewal,1
its beautiful day,1
long drive song,1
chup salo vekharistan,0
bhai apne love story baare btao,1
noori love,1
change want see world nhats off nwishing lots good luck,1
aap actual pari,1
thodasa wiat kare gandse khun niklega,0
sep barish,1
qaisar gulzar,1
our coke,1
nhutiye log sirf sapne dekhte rehte aaj tak haraane,0
great,1
kamalshukla english likho tab inko samjh atega,0
im here now after years song,1
baap baap hota mere bhai sapne mat sochana harane liye,0
abbu sankhya kuch badthi nahi ja rahi nwc kohli nwcl final abd nasia cup abhishek nfinal verma ncontrol mere naamurad padosiyon,0
pulkit saxena,1
dii insallah app bahut jyda achieve krogi apka dream jarur pura hoga insallah love dii,1
love way sang,1
baap baap hota ok pakistani,0
majee lo niklo walon subscribe koi b karna chahiye kisi kiya hua unsubcrbe mardo jihad wala sab sab,0
l love song,1
guy completing dreams too nthanks giving spark again after year again,1
perfect soundtrack emotions,1
man toh karta rafale inki g daal du,0
nice boro,1
thank much,1
hey ready give support nabout,1
jun love song,1
aagaa ji teen bar haga ji,0
your new papa tilalka verma beta,0
bunch looooooooosers,0
hattt bikariyoo,0
noor zehra playing strings was awesome,1
brilliant,1
inspiring lots wishes new journey,1
yea really like,1
atta de diya ok pak tim,0
reels instagram made song popular everyone missed,1
experience our common history,1
extremely glad people running campaign solely purpose does not involve any political agenda,1
gram reels dropping masterpiece now here actually listened masterpiece before years,1
lo bhikhariyo tumhare log charger nahi chod te chale match jitne,0
[cleaned text]:,1
yah,1
jao match aukat dikha jao jung aukat nap lo apni,0
great shradha,1
please visit mumbai as well,0
absolutly fantastic,1
can there lot opportunities but not everyone skilled they need skilled people young hope best try,1
jitna chillaya bhai iski fat gayi hogi,0
geetha poulose,1
kuch kro kro please humko python training de bs ummed aapse,1
rao great job mam,1
nice combo,1
vho gya,0
tata bye bye gaya khatam,0
jahil com,0
sahi bola baap baap hota final result dekh liya chupiye,0
song year,1
lots love,1
wow inspiring,1
donate some money clean nahar,1
magic,1
ali hamzas voice,1
bhai tu vlogger roast karka kudh apna gao dekhna laga,0
girl makes microsoft easy,1
harr palra,1
see hope,1
baap,0
pakistanio cricket baap virat rohit sehwag sachin abhishek bumrah,0
fan following km gav,1
sapne dekh kar uthne baad sirf tatti nikalti nikal gayi baap hum tumhare najayaz aulaad tum hamari,0
when hear song soul dancing joy,1
liti bihari food,1
ma indian army yahi bolo gaa please ain maa coh d du,0
beautiful view lake stunning nlove,1
proud residents welcome,1
raag desh,1
bhai tm itna hatred propagand kyu failate,1
look good,1
purran hut ja sohnee nay nee merra kuchaa ghuraa namanaa nee assaan dou waan nay rur pur janaa nee,1
won,1
bas nikal gai hwa okat ni hum jeetne,0
song just great,1
bapa,0
bilal bhai,1
tumara cricket khelna insallah bap bap hota once again proof bachhe,0
baap baap hota haiii saleee,0
thank god one place where can see mutual appreaciotion respect,1
heera bete uchhalo kudo pr apne baap mt bhulo,0
wahhhhhhh sethi sahib,1
sufi grandmother,1
trophy chura bhag gaya naqwi bolega match jeet gaya naur waha bewakoof log maan lega,0
thanks video,1
ma chud gayi isliye jyada nahi udte bap samne,0
bhai jaan thik ya abhi jal rahi,0
sab l nd de diya,0
paak watan coke,1
rafael under ghus gaye,0
proud rural,1
noori just awesome,1
brave,1
shuru chutiya ya koi alag course hota waha pe,0
paar chna dy disi kulli yaar di,1
manipur ak video upload karte q bhaiya,0
yaad rakhna baap kaun tumhara baap,0
appreciated,1
wo mulli kedhar gayi jo dua krr rahi thi allha kuch kiya wo out hogaya,0
itna excitement dekhkar tum log kuchh bolna achcha nahin lagta fir main bolunga nahin sorry but dikha diya,0
rao coke pak,1
ram raheem pela,0
jab mach haarte tumhara gaana run short dusara daylog aata,0
art music,1
tum sab mkc kilometre hisab,0
baap baap rehta,0
vigorously filthy terms infrastructure cleanliness,0
love song,1
been listening song ages,1
mashallah instresing,1
barma rafhel ghusadia,0
delusion peak inki country google search kr lete inhone history koyi war jeeta jeetenge,0
truly inspiring literally blown out tears sharaddha di though not learning but watched your first interview video aman bhaiya where shared how got placement into microsoft second year your college even expense was given by microsoft remembr everything any work which makes happy something must chase will something great future wish best new journey your life,1
gand phat gayi,0
rao goosebumps,1
very nice see,1
chud gyi ammmi,0
tohar ghar bali sei mil,1
harsh aditya,1
see first video channel get most inspiration,1
video inspiring,1
dent z true,0
more than sweet,1
stay blessed bhai,1
pata chala baap koun,0
keep up something best waiting,1
wow wow wow,1
kahan gya aapka kala jadu nwo inshallah inshallah wali ladkiya kahan gayi,0
دinne agustina nice,1
best vlog bhai keeping going,1
translate,1
good lovers,1
tum lok trophy chor,0
sahi bola tumne baap baap hota lo tumhara baap jit gaya,0
scissor really looking antique like th century,1
most welcome swati bathla respect about your appreciation comment,1
ending bliss,1
made feel,1
masterpiece soul soul,1
can actually plan trip kashmir bhai npls cme,1
akhari time sab roye gye,0
im still listening,1
mat kr lala,0
rao' voice amazing,1
bol jo kabhi hua nahi lakin chij hui thi jab tumhare sanik mare gye,0
syria zindabad zindabad,1
whatever listening hit like,1
har baar haarte good said baap baap hota,0
مzza ağya,1
im not only one loved,1
imran khan,1
charger chodha isliye trophy chor,0
kon kon aj sunna aya ha marii terha,1
was easy during match live was running no these lies shameless pakistani had never believed war like pakistani team lost match lies shameless pakistani dishonest people made country one,0
bharat gali bakne saja tumko yesa hoga jai shree ram bolo tum kabhi jang jite kabhi jit paoge ham sher sher rahege lomdi sada lomdi rahoge rinku gali di natija samne samje jai shree ram jai shree ram bharat mata jai,0
really hu abhi abhi follow karna shuru kiya tumhe life positivity badh gyi,1
anyone during war,1
jai bhagwaan jaat balbaan,1
perform,1
live video dekho apne airbase jo kiya terrorist mosk,0
she great,1
more love,1
sound father love,1
inspiration,1
legend girl,1
always supports,1
please collab,1
baap baap hota haii,0
khus gya kala jadu bap bap hota beta,0
yeh baat,1
really bhut accha song,1
kachiyan dan hunda kaccha anjam ni thats btw years old masterpiece still living,1
giri missile noorkhan,0
achcha party karne liye udhaar le rakha,0
just perfect,1
bol bol,0
blend ali hamza ali noors voice pure bliss,1
loop bro,1
father daddy which,0
waited two weeks vlog,0
appreciate support,1
wow really she great nowadays great persons not seen actually doing great work really hatsoff,1
bramos guss geya,0
too good mam specially education initiative,1
its beautiful,1
hell yeah,1
x pa suno,1
gayan nu most welcome,1
super girls power,1
came here zakir khan' recommendation,1
jhula jhulo beta tumhare bade bap bhulo,0
lady white dress,1
madam dilaao,1
soni mahiwal magical,1
bina proof baat bas pakistani karte,0
such beautiful song very deep lyrics,1
gali bol rahe tumari maa abhishek sharma puri raat suhagrat manaye,0
teri mkc,0
ali noor summed up at end,1
sister maine haal bca admission liya aap mujhe koi motivation video bana kar samjha sakti please,1
love sirsa,1
social media per khud winner declared kar lo uss toh expert prokistani reallity inse jung jeetu jaati matches,0
best your journey as head apna college,1
icc,0
chager,0
plz murshidabad ghur jaw bohat acha,1
bhaai hum muslims bhaai,1
thum pakistani ullu banake rekahe thuhara government poncho yar,0
god aapki raksha kare,1
brainless peoples,0
moral being extraordinary people makes ordinary people extraordinary,1
brma our brhmosh dono khtrnak porkio,0
inke muh team mut diya,0
love explaining beautifully,1
please complete java dsa course as soon as possible,1
like your voice di,1
had nahi kar di hug kha liya,0
aman bhiya sa request ha plzzz nimcet cat exam liya parana start karo,1
insha lulla bali bo ladkiya dikha bhai,0
nooori amazing,1
ey naam duser desh khrab krata hate guy sonu austria,0
sala tum toh hinzde kb bap gye tumhare abbu toh hum,0
kyu aa gaya swad,0
bundles love,1
tumlokki mkc bhikario nlast mei wo badvi log kidr gayi,0
pataa chalaa baap kaun only match pehle bolte tum log,0
madara uchiha declare bestest human,1
aahad nayani,1
tranding no,1
yaar nu milay ge aaj yaar laash di,1
rao voice unique among many indian female ones,1
rao live,1
every time when sad listen song feel refreshed,1
abbu bass hin hain tum terrorist cahen war ya game,0
inke andar galatphahmi itne achche daal di hamare raphel gira sakte kam kam dekhkar andaja lga lo tum yha jeet sakte hamri indian army sher jeet kabhi sakte,0
hope de kill krne jo mja,0
jajbe wali kom paijaan jajbe wali kom,0
lgta ish bar jgha pure pant utaro ceremony karwani pdegi wo live international space station,0
still listening song just getting lost love paradise,1
grand father also migrated wish some day will visit city our was aul,0
tum pata nahi match pel rakha jung match jo live dekh rahe match kitna pela ager jung live hoti pata chal ta jung kitna pela jaise match har bar har te waise har bar hare,0
masterpiece created once lifetime,1
transcendent,1
golden memories,1
hello respect love,1
charger chori gaya banega papa,0
very inspiring journey keep going,1
kyu duaa kaam nahi aai,0
sohni mahiwal,1
papa abesak sarma,0
abbu jeet gaye beta nammi khod di teri,0
himanshuhk nope wrong modi not trusted when comes politics,1
tumhare bebasi hkusi allaha manjur hote hote chhut gaye,0
interview dekh kar,1
ruchika tiwadi too get addicted thanks pakistani husband,1
hum gaon baccho padahyenge jarur,1
chal chup ja trophy chor,0
ha bete baap baap hota hhh nbete josh sath hosh reh liya karo nindia haraoge,0
pata chala baap kaon,0
tv toh world cup time tut gya screening kar ha rs contri karke,0
please come again,1
itna kyun bolte yar jitna bolte utna team khelti nahi beijjati karwa deti teen match baap kaun beta kaun pata chala gaya hoga,0
apne baap bhul gaya pakistani logo bata humhara jay shree ram,0
simply beautiful,1
after processing text: beautiful song,1
lund topa khana mat khana,0
pakistano reply tho dena lekin avi liye aaaah thuuuuu kam chala,0
aisa banda jo last gaali dera wahi isko waha army bol degi uska baap koi woh maan lega proof nahi hoga but maan lega,0
jeetne sapne chod tumara kuch hone wala pakistaniyo yuhi royenge,0
baap baap hota beta pata chala bar hara nahin sakte baap kaun hua,0
salon kabhi rafale dekha failed marshal,0
first view,1
tumhare abbu jeet gaye nallo,0
iska charger chori gaya,0
maynnn love,1
selfie queen amezing video youtuber mera blog channel mere youtube channel aapki khafi help hogi,1
majhabi nafrath bigdey huwe ex indians,0
same mission,1
kachi meri miti,1
pakistani culture,1
thanks wonderful,1
save krle video,1
hmne phir apno bccho hrra diya,0
kaala jaadu matla alla lulla kat rahe kyaa,0
talab koni jhood,0
amazing singer,1
tumhara naya papa toh konsa saboth sal war tum jeta konsa proof batao tum khud behan lodo bada aya hame bolna wala bar kabhi match jeta tumne surrender toh op tumhara army operation sindoor op tumhara sara drones missiles tabha kardiya sal war bolta jung jet paoga,0
watching video such vibe respect your privacy,1
ajj ghariya,1
waaahjust wow,1
bahan kai loddo pakistanio,0
really hope contribute towards education system coming future thanks motivation,1
abe chutiye log isilye bolte hain kuch pad likhe match kaala jaadu nahi mehnat jeet jaate hain jo apni gadhon team hota nahi banao jitna jashn manani hain rafale saath proofs toh hain nahi apne paas,0
beautiful soul shradha times like today anyone would rarely choose contributing noble cause dedicating themselves mission rather than making money enjoying carefree thank much teaching such great way god bless,1
main aadhe video pause kar soch hun abhi log itna khus aage dekhne milega,0
thank raheel shareef,1
masterpiece again sisso,1
moth fuck r l lele,0
whole country full idiots,0
ali hamza just best,1
charger bapas dedo nango bhuko choro iska,0
pariahne mungroo,1
woow,1
was magical when first heard still,1
batao itne video dekhe dikha gaon,1
sapna dekhna band karo hakikat main ao,0
modi burai alawaa kuch bnayas tune,0
keep up best both,1
bhai orgasm gya,0
listening,1
beautiful song beautiful story behind lyrics thanks another masterpiece,1
tumne yahan v proof kara diya tum sab saale chor,0
if understand lyrics....... willl breathtaking,1
bhai girwaye hakikat but apne,0
kacchi meri miṭṭi kaccha mera naam ni,1
hamadsheikh,1
baap baap hota use dadaji kahate hain pakistani ghanton,0
absence positive thoughts,1
river' love,1
baap chodna mt shikhao bachho,0
thanks much,1
sacha nice song,1
what an adorable folk song,1
baap baap hota nsahi bola nchud gayi ammy,0
ali nailed,1
next women dhattarwaal mam,1
good wishes whole team,1
rafael gush gya pakistaniyo muliyo pichy,0
microsoft wali mera salaam nway becoming as superpower,1
beta papa thoda khush kar diya tum hava udne lage vese sab papa tumare par varma aapke saal baap,0
bsdk last nahi bola baap baap hota,0
voice soul,1
rathi bhai nitu gill b support kro haryanvi old scool bhut bdiya bhai aapna,1
harsh majoring computer science soon ll get too,1
ap log buhat acha kam karahy hu best,1
good bhai,1
yaneen setiawan,1
seen turn mind how soni want him badly,1
achieving lot at just at age,1
inspiration always,1
most romantic poem ive ever heard imagined,1
baap baap hota pakistaniyo aab samaj aaya,0
papa bol papa nahi bante beta,0
ucalipotus tree should banned its very harmful nature,0
waiting vlog long time,1
microsoft wali now shraddha,1
pta chala bap bap hota,0
shit yrr phchana tbshirt change,0
always support mr rattee,1
story make more attractive,1
perfect example good heart pure soul,1
bolta hu baap ghussa mat dilaya karo nahi lo rafel ghussa diya pakistanio,0
wow video trending,1
love our bosnian brothers punjab,1
jaat devta,1
teri makaan chahiye,1
pakistani lene aadat,0
love bro ekdin jaroor milna aspse,1
look like virat kohli,1
baap sath panga,0
unka jija mil gya verma,0
gand fati bola le le beta hajmola baap baap hota,0
anyone thought october,1
bro chenab gujrat,1
bina tel,0
country' music,1
though honor killing still exists,1
what like most about dhurv nhe came his wife showing his culture his proudly beside helping people those worried about water waste,1
love everything comes coke,1
charger chor bhikari,0
muh niwala chhin liya bhikharion nlove nyou proved one indian enough these pigs,0
hum tera baap,0
hatts off di,1
aand forces ngand forces nrand forces,0
shamful tht don t value our land river mountain ocean etc where ever indian goes they will start throwing garbage spit pee there itself shameful,0
baap baap hota apne alfazo pr rahiyo,0
such ear soothing music,1
listening,1
inspirational story emotional attachment,1
aadat abbu harne,0
aho bro,1
r great,1
wow feels like still rohail production era after listening song,1
beta baap baap hee hota heee,0
very deep thoughts words sung well,1
yr tum log c hoo,0
thanks lot r team whish helping day by day,1
aaj halala kar diya en jahilo,0
thanks humare liye itna kuch karne liye,1
good morning,1
play out womens team ok,0
apni ammi pucha kon pela tumhari army lahore ghus pela tb tumhare population bdhu varna chakke bhre pde vha,0
soul music,1
bhul gya officially baap nikla voh us ali jinnah vajah,0
great decision,1
baap baap hota,0
julie sweetheart maaaann choice good,1
hamzaaa,1
usha flag pa chiller bittero,0
hamesa baap rhega,0
thanks lovely comments,1
sab andhbiswas kab khatam hoga,0
likes leny phr agaye,1
amazing larki ha yrr,1
love indian masterpiece,1
rao' voice,1
two buffalo one frame,1
inshala,1
good song,1
tumhara paisa ban gaya youtube baki tumko pata match kon jitega,0
har baar har jate fir besharm tarah again aa jate chitiye,0
har baar jalil honai jatai bhut bechram log,0
successfully completed opretion sindhoor complete down,0
masterpiece trending again,1
fantastic,1
feriha khan,1
guys kashmir like songs coke but song tera woh pyar special,1
janata chor,0
silpa raos amazing voice,1
phat gayee,0
just came here after watching your video big boss where criticised vloggera promoting voyeurism don t think promoting voyeurism by video,0
thought over excited vlogger may die bp at beginning may die depression humiliation at end,0
rao first indian singer perform coke very nice sound,1
inspired story every college student,1
bap bap hota malum par,0
tumraha air base taba kr diye,0
very melodious,1
well done coke,1
always support syrians,1
out world,1
your just like ours,1
charger chor troffy chor bhikari,0
kala jadu apne app pe chala diya,0
thats masterpiece,1
bismillah,1
soul song start here,1
par paijaan wo shukrana namaz,0
always favorite,1
lulli plr pak,0
much love syrian innocent brothers sisters,1
number dikana bandh karo,0
goodness.....th november : listening enjoying cup tea.,1
sharaddha di st tym visit channel see question busy then plz just take sec ur precious time give reply actually last yr completed th bsc honourse mathematics now completed st yr exam then confused what should btech continue bsc now which better maine socha bsc baad banking upsc preparation krne pr aapke video confusion jisme aapne kaha btech krne benefit aap job kahin le sakte main pvt btech kr lu,1
bosdilabe bhai charger le gye churakr bhai apne charjer lane gya,0
bhikhari bhik mila hua charge v le liya koi de usko warna royega wo,0
kala jadu kaha gaya duwa tumhari kaha gai,0
noorie awesome,1
art explanations,1
narendra modi,1
sahi bola baap baap hota,0
suwer kitna chilate inko pta sab par kare apni army dar apni salwar khol kar ulta late jaate pakitani,0
khuda wasta,1
sakht laundo hit,1
bahuth chilla rahe saalo pata chala,0
ghar jao jao bar dea,0
bhai proud hua janke ap titoli,1
happy realisation,1
par jo shandar sagar veena bajate,1
thanks your comment understand song better,1
baap baap hota beta nahi ntuma re tin tin baap king kohli,0
baap bete,0
finally new t shirt,1
indian give attendance hashtag ncuz they deserve pkmb pkmb pkmb pkmb pkmb pkmb pkmb pkmb pkmb pkmb pkmb pkmb pkmb pkmb pkmb pkmb pkmb pkmb pkmb pkmb pkmb pkmb pkmb pkmb pkmb pkmb pkmb pkmb pkmb pkmb pkmb pkmb pkmb pkmb pkmb pkmb pkmb pkmb pkmb pkmb,0
how come hamza ali noor creative simply epic,1
birthday,1
last woh tv toda nehi,0
nikal gaye hekdi,0
har bari haar jate yaaar,0
bacho brainwashed kiya hua desh inka,0
toh baap maan lo,0
beautiful tale,1
god bless thankyou,1
ufff magic,1
cant stop loving song,1
jahedur rahman,1
sapne dekho tum log,0
very well guys keep carry love your journey achieved successful purpose want your reply best words like your efforts difficult mode best luck,1
pta chl gya baap kon,0
song hits different,1
love more,1
phenomenal,1
tum log solo hame del tasli dete rah jaoge behen cod,0
listening,1
tumhe rote hue dekhkar mazar aa tumhari bha ankh,0
kartarpur corridor opened,1
rafel dekha kabhi,0
very nice,1
seems maximum public has nothing else,0
isko p c heart attack ayega,0
bina tel de dana dan pel,0
byi nhye gara ta cutuoo naws,0
rula dene wala sing,1
fat gai,0
anurak chhettry thanks,1
also,1
aaho,1
said,1
big fan aman bhaiya,1
ali noor totally rocked end part,1
cant get over song beautifully done,1
inn jokero dekh circus dekhne maan nai krta porkistan sbi nuamne,0
beta bap bachcha bol,0
thousand years,1
bache over baad tumhare baap ban jayengey baap baap hota bappahle bacho thoda khilata fir marta,0
pakistani indian don't feel music,1
total entertainment bap bap hota bina virat rohit,0
ruchika tiwari,1
shradha app bahat acha kadam uthae hen,1
yeah bro,1
bhaiya please released nplacement theory concept nlike dbms,1
music behind video,1
happy see song getting recognition thanks reels. feeling happy noorie. like whose watching …,1
soulful song love,1
bap bharat bharat rehega,0
chandni ghar,1
lasssss norri brilliant,1
peace mind,1
rafael piche ghus gaya poora mulk jhooth pe bana hein,0
bhai inki army govt inka next level brainwash kr rkha,0
miss khan sahb,1
yar vo itna goora kyn,1
thankyou insta reels brought masterpiece,1
umair ahmad thnku,1
every time listen feel her close,1
yaar nu milay ge aaj laash yar di,1
heres hoping come together,1
feel goosebump,1
great deserved better,1
teri aukat rafel girane,0
beta tum nehi payega,0
system lover laik karo,1
punjab very nice,1
music soul,1
noice bro,1
tepiya hamari aulad,0
very best luck your future endeavors,1
rao gave goosebumps,1
tumray mulk main chor bhoth hain tumara charger nahi choda itna zalil log tum log yeh auqat tumari match toh jeet nai paye jung louda jeetogay,0
beta tumhari har baar marte har baar rahim karte hain aaj aap band bjja diiiiiiii,0
baap baap hota haii betaaa thoda aukat raho,0
really inspiring nlearning alot ndo what want,1
op di,1
sach beta baap baap hota beta beta hota,0
love respect haryanvi brothers maharashtra,1
stole heart,1
tera bap,0
abe sale tum nahi payega,0
viral,1
good luck beta,1
mang kr khane walo match jitne sapne dekh rahe,0
happiness when found gagan sirs comments coke too,1
allah tumhara saath nehi hei bhai,0
great journey waiting,1
nice song,1
bismah dossa,1
most beautiful song ever listened,1
lots life,1
jeeta hua match kab lagataar haar rahe sharam karo doob maro,0
mini_is_best,1
bold move,1
dream work aman bhaiya any possible manner,1
mahine baar chud gaye paxtani,0
hats off guys your music soulful,1
most enchanting song,1
haan baap baap hota mere bache,0
best guys,1
let' good friends,1
bolo sale baap baap hota,0
varma ji neeche dal upar nikal diya saalon,0
tatti jaisa karliya,0
har baar haar jaate fir baap baccha bole rahe halala kar diya tum sab,0
inko koi batao pahile giraye,0
will one favorite,1
dekh leta hu video beta khane liye bhikh mangna padega,0
raokho,1
pak public celebration kare raat bhar match jeete jh t bhar,0
chor des,0
amazing wonderful,1
hamary visions milty julty hn,1
love,1
charger chor average madarsachap,0
city,1
lovely text,1
bap kon,0
im here first time listening song but always heard those lines reels give goosebumps,1
cant believe song make years ago,1
oh thanx dear,1
yaar ma microsoft wali vavhi bulaga parega,1
beta harne wala match youtube dal paisa kama lo papa hum,0
man chod gai,0
baap toh baap hota bhale beta nazayas bhikharistan trh,0
last isne pure akat dikha di,0
sahi kaha beta baap baap hota tel laga jana raat sujan kam jayegi,0
awesome,1
love your dad,1
raffle giradiya soch pakistani chutiyalog local news dektha thoda international news deko pathachelega,0
salute coke these beautiful legendary composition lots love,1
' voice amazing,1
boring,0
mey bangladesh ce huu apka fan,1
its worth,1
beautiful piece,1
pap bap hota matar chood,0
salute your courage ready work zero level,1
bhai online games teen patti games dream upar video bano,1
december .. first time listening masterpiece,1
ali hamzaa part sab best,1
janam bad v barabri nahi kr payega,0
kaise bhonk kutta,0
sirf tum,1
jaahar peer mandir actually gugga peer was rajput warrior devotee gorakhnath they worshipping him because jats their history always respected aligned themselves rajput traditions,1
goosebumps bgm,1
legendry,1
rao aawaaz yaar,1
benchod charger chori hogaya uska,0
inspiring,1
rao welcomed warmly,1
too cool only noorionly,1
ker diya halaala lo jeet gye abu,0
right real,1
pak sur sur gya samne,0
pamper sey leak tumhare aankhon sey,0
amazing song sung amazingly,1
means song extraordinary,1
best song ever heard,1
watch videos your nthanks di bhaiya,1
aman bhai sbko apne jesa acha bna dete hn,1
tum logo tumhare zande izzat karm nna nahi aata match jitni,0
hearing song while watching highlights world cup women,1
song started beautifully,1
coke kis baat,1
raffle baad meh gira pehle match toh jeet dekha bikhari walo,0
kachya te rakhiye umeed par din,1
furkaan bhatti kha milega koi bataye,0
abe charger chori kr diya tera lode man lo tum grib,0
waaaaoohitsamazinggreatlyrics,1
noori at its best till end,1
han bhai pakistanis double suji,0
bagart kom hu wakya tum katoya,0
great video,1
bahut sundar video,1
your best bro please reply new coming video please,1
nand also visited your once meet our relatives,0
rao' magical voice,1
happy see r jat clg b guma lata bhai sbne,1
soothing,1
lode laga diye tumare,0
wall don bro sahi bola bapp bapp hota mc,0
woman voice good but man voice,1
dil jeet liya ap,1
very well said,1
bhai waha trophy chori gai tumhara charger bahut chhoti cheez,0
duniya pagol begger kom bhikhari,0
need more more people like,1
think indian pakistanis fools heighest order just ask question whether won won,0
tuney kahan baap baap hotha haan sahi baap baap tho hogaya abhi baath karey pamper tho mujhe nahi patha kiss kiss pamper hona,0
talent bahr aane koi rok sakta deko reels sal pehle wala talent waps revive ker diya,1
underrated songs always great,1
wish could even daring attitude girl has nbig decision ni hope pray your vision goal ahead fulfilled at its best,1
bhenchod eb yaad aga tane gaam,0
yar song years old ajj abhi pata chala,1
feeling blessed hear amazing masterpiece,1
insprition also like ill life same like,1
came here again after reading sohni mahiwal complete story,1
beta teri ammi bhag gyi,0
hamapake sath mam,1
sohini mahiwal love story... main theme song,1
desh par gali nikalo fir ussi paisa kamao,0
bundles thanks,1
tum ham,0
even after more than month,1
power mitti hamza too fan rao beautiful soulful voice sitar medley pure goes direct heart strings great job blow life back wonderful poetry conversation between ghadda claypot soni sonimahiwal nnpure talent mesmerising music love pak coke kudos greatwaytoindpakfriendship positivity powerofmusic,1
found yesterday but heard today must say another beauty,1
final nice song coke,1
tumlog lola paklo,0
most foolish crowd world ur country its politician,0
paar chanaa day,1
salute your hardwork smart work,1
eagerly wait vlog,1
han bhai rk naya raasta uthaya saal pehle become music producer grad gyi thi lockdown kuchh studios liye as recordist sound engineer kaam kiya nbut now want develop own music softwares called as vsti d w c decided learn coding nab kashti main par rakh dono chlane log mna krte par yehi possible krne dedication kehte,1
verry beutiful song,1
anyone listen,1
amazing mam,1
heart full respect love,1
kitna brain wash kregi tumhari government bchon toy raffael giraye hain,0
hats off both sharing ancestral after nwatching videos reminder ancestral nagain nthanks lot,1
jay hanuman ji joy,1
bol rahethe baap baap hota pata chala baap kon hota,0
your magical voice heart touching,1
th september still listening,1
not only your canal every city canal now became sewage canal which very good condition just few decades before nwe need things mix only purified water into canal purification must watch by govt house hold waste water collect one place pure mix nand industry wise every industry must purification plant inside plant pure mix canal,1
best video internet good luck brother,1
gharya your life,1
lucky buffalo,1
nich besharamo kom,0
hopefully pak can work together nhamaara culture bahot similar,1
billion katmulle praying times day can t save their fakestinains,0
she truly amazing,1
no aren't only one,1
sala sara chhor charger tu chhori kiya hoga,0
bahan nu wad gya ena di,0
voice karachi,1
always especially at ending sequences,1
pak paida harne bharat zaleel hone liye hua,0
agree best part,1
she deserves national award part,1
inspired god bless,1
addicted too song,1
bhai agla bulldozer tre ghr pe,0
very excited see nd part,1
heart touching,1
really very rich words,1
maja aaya bhen lodo,0
going viral after years,1
indian has made backside pakistani beggars red by beating them,0
chor sale match jitoge,0
pakistani chura kar le gaye honge,0
song combination melodious voice,1
musical brotherhood peak,1
wow great bhai love v log shukriya,1
unlucky jockers,0
jitnibhi landiya matsh pehele bol rahi thi unka halalal gaya,0
inki ak alg duniya banav bc,0
rao got beautiful voice made song amazing,1
very nice,1
heyy brother also dhanana give one reply big inspiration bro,1
oparation sindur chal walo hal karte joy hind,0
sharam nahi aati bhai harne baad muh utha vedio dal dete,0
unimaginable,1
simply amazing,1
medm kaha bhag gai,0
best ep,1
hats off boths,1
tere l re lag gaye jha,0
beautiful soulful,1
great move salute taking such tough decision,1
nimcet cat exam liya new course start karo plzzzz,1
charger dhundo bhai asia cup baad dhundna,0
indira gandhi mahatva,1
always comedy cup lekar bagh wale pakistani log sharam nahi hey,0
sahi bola bap bap hota beta beta hota,0
rauf uska naya baap mil gaya verma,0
every second was worth,1
deserve every bit love respect,1
wohii,1
sunidhi chauhan coke,1
waoo what amezing song,1
when comes music absolutely good,1
tamatar bhav,0
soni mahiwal story-chana chenab,1
fahad,1
haram khor battery low haya last main,0
no handshake only abhishek first two matches finals dikhaya apni jhalak bharat mata jai jai hind,0
bilkul sahi bola baap baap hota jai hind,0
match live hota liye tum log harr accept kr lete otherwise tum match bolte hum jeet gym,0
love,1
what an amazing person equally beautiful spouse always grow blessed,1
bhai kchh log apko apki wife pakistani muslim btate hn yhi agenda chla rhe hn tum muslim isliye tum bjp support krte make full video ur life introduce ur self proof lv brother,0
bhai,1
beautiful beautiful composition,1
sahi sare jahil bhare pade jahil kom,0
jitne baar ayoge har baar gaad marvane ayo ge,0
tere maa jut,0
el vish pata chala bigg boss trophy chor aa jayega,1
pagal khana lag hay mujhe tho pura,0
hlo mam nmane frst tym dekha hh apka video dekh kr mam khushi si mahshus hui mam muje bi coding shikni hh mam sach apki video dekh kr bohot acha laga,1
bikari mulk bhai,0
sonai mahiwal,1
craftoholic,1
baap baap hota tumara baap,0
happy married life brother,1
chal sale,0
welcome our aman dhattarwal welcome our education industry,1
how lucky these people get chance meet,1
allah gives more health long life make happy always too,1
gobar upla rakha jata barish bachane liye gobar upla bnta jo aag jalakr khana banate,1
rula daala yaar aap dono toh,1
bhai main million sirf ghante gaye yah gaon,1
chat gpt theek,1
kha news sun kar aate tum log jang jitoge,0
waiting make another coke song,1
کے لیے hazur hona idhr,1
jang tum lok kabhi jeet nahi pao ge match jito ge,0
sare bikhari jagah par,0
words andar aavaj sure definately will achieve your goal,1
agree,1
see soon brother,1
no allah only mahadev,0
excellent presentation nice see your,1
going stay evergreen,1
geo geo,1
fir pata kon baap j,0
wow aapka video trending chal,1
folks amazing learning java after very long time shraddha great teacher best wishes y,1
knowing story,1
yrr gohana t,1
baap baap hota nindia pakistans daddy,0
tara papa,0
awesome blog bhaisaab,1
inka allah jaadu chala inka kala jaadu chala bas balla chala,0
radio activity was nice one,1
bura mat manna apki wife wajah aapki vedio dekhta hu,0
remarkable,1
punch line,1
good job done by team they implemented an out box idea season,1
need more people like,1
shariqueshahbaz,1
pagla sale,0
muhme land daldiya tum logko,0
ha maja yar,0
best one,1
apne dharm khilaf dekh taklif hot wapas aa jaye apne dharm don t support bjp but stop helping muslims,1
good good thoughts love,1
vikas garg 're welcome,1
bata baap kon,0
lovely song rao lovely voice,1
hit like if still cant get over song,1
sourabh singh aapko pyaar thank giving respect us also respect,1
white kapde wala indian kyu jija banana chahta,0
kathy muzik,1
big love yes still listening forever,1
sahi kaha baap baap hota match jeet jate noorkhan kahani tumko pata,0
reel just watched,1
rao seems love,1
agree,1
best luck girl,1
wish best dii todays youth always try something big,1
sabo pela,0
r good bro literally thought r bad guy srry,0
: most beautiful part,1
pakistani after thinking they going win match,0
bhikmanga desh,1
spelling sikh le andhbhakt,0
love shradha,1
lot love those wish outside,1
chaka chaka fucka fucka,0
jab pasand zakh marane dikh riya,1
sach re tumlok dimak nai nkidhare pyada vogiya re tumlok,0
jazbae dil,1
sagar veena player madam noor zehra kazim,1
upar niche tak ghusa diya bhikhari pakistani bahut uchhal rhe,0
papa mil gye verma abhishek shubham gil,0
tu toh muslim murti pooja kyu kar,0
paijaan aapke bambu dal diye,0
seeing shradha ni never feel nyou courageous,1
teri naya bap aya hee varma,0
roa what voice your huge fan,1
mam your rocked your voice just wow,1
pata lag gya kon baap nindia hamesha tumahra baap maan lo tum log weeks main haram kar lo,0
cup chori charger chori npakistan choro desh,0
itni tutiya jagah itna badhiya aadmi kese nikla,1
punjab ektehreer,1
one best song season,1
cant believe missed masterpiece years ago,1
says pakistanis aren't talented,1
malaysia love,1
farooque ahmed thanks lot,1
new father verma,0
inshaallah raat bhar nperformance jhhant bhar nbaap baap hota,0
agar microsoft wali apni kaksha pdhaengi unke lectures jyada rakhna unhi smjh aata bs request time complexity space complexity lecture unse karwa pleaseee,1
ali noor voice magic,1
sahi bola baap math bhulna,0
video shradha,1
shraddha di our pride will also support till our limits best luck please continue share knowledge,1
pakistanyo aa gaya swaad,0
respect bottom heart,1
ma jada dudh pina prayga vai,0
bhai charger mila kahi charger bhej marne nahi leke gaya,0
yes its like medicine whenever feel stressed,1
jo mere comment dekhega wo like kar dena ...,1
start new courses python,1
sun le dubara,1
just brilliant,1
may allah recover him,1
khud log chor nikle,0
congratulations loosing match,0
divine beauty divinity ears,1
aman bhaiya sradha both nsit college,1
silab revive song,1
tum bechare porkis pe taras aata inshallah saise hamesha harte rehna ameen,0
apne aap theek kiya,1
pesa pesa bsdk kre av tm itne garib trophy wo chor le khar nikal gya hahahhahah,0
jashne umeed official,1
inke abbu tho hmm log nhamri najayaj aulad sab jise hmm logo aug nikal pheka,0
pata chal gaya kon baap tumhara bhikharistan walo,0
coke amazing,1
bat aman bhai sch bolte hn sangat asar hota hme achi sangat rhana chahiy ndekhlo aman bhai team hone asar sb aman bhai jesa sochne lag jate hn ngod bles bhai,1
enjoying,1
love back,1
r inspiration shradha di tech field,1
thumbs up noori guyz totally nailed,1
song save coke such masterpiece,1
will reach an another level his life,1
amazing video,1
chutiyaki fauj kala jadu kala face gaya akhir pata chala baap baap hota baap samne jada fudakte nahi,0
masterpiece always masterpiece,1
soothing pain,1
saalon hamesa sapno rahoge bich jo ladki badi khubsurat dikh rahi thi dikha usko bolde walo bahu ban jaye bache nikal dengee,0
tum chutyo dekh bada mazza aata bhai jung tumne sapno mae jeeta jeeyo bhai jeeyo,0
beta abhi tum bacche hum indians sambhal rehna tum log,0
yaar nu miley gi aj laaash yaar di what nice play by ali noor great song,1
le kar rahein gay kashmir,1
behan bibi banane khwaish bahar ate huye,0
years seriously mujhe laga released hua song cant believe rao also,1
baap baap hota sahi bola pakistani,0
thank queen,1
best singer,1
paida kiye bhul gye tumlog,0
gaurav please can something remote villages bihar where our children totally ignored terms education l ready work just need your team work them can make team here also symbiosis your team how could go about,1
bap bap ta beta panga nei leya,0
salute,1
not an atheist believes hinduism little big but islam sucks,0
tum logo kabila dance,0
hariyana naam kharab mat kar,0
roots bhulna chahiye,1
pakion sindoor lagaya laga kr tumari baja di,0
sharma janeto varma ata,0
manoj kaha aya gawar,0
itna maza one sided harane aata,0
go change pampers once again,0
bass played,1
mem dil respect,1
coke mere,1
impressed comments visitors over world,1
doing great job,1
microsoft vali now our apni nbtw op,1
east west nmicrosoft wali best nd ncutest,1
moy moy gya,0
brave step by aman bhaiya good supporting believe will achieve what wanted,1
noori,1
man just think about story,1
just li l rejoinder tandoori roti making procedure fingers first dipped water before slapping rotis onto inside tandoor chulha,1
sab sab jaahil abe kuchh padho likho sab jaahil,0
thank gem,1
tum ham logka tati pak wala,0
pata chal gaya hoga baap kaun beta kaun,0
language music,1
charger chori gaya,0
sajjad ali,1
pak has many jokers only their military fcking them politicians,0
kyuki tu sirf hindu wo sanatani tumhare jaise fake hindu thode dharm namm par dusro gali fir khud hindu kahna pujaaa pathh karke nalayak rhega tu gaali kab diya video nahi,0
correct pakistani father,0
misternaive,1
fab work by coke,1
jharkhand sahibganj nwhich far nyour video watch many students here,1
o god,1
beautiful super,1
mesmerizing awesome,1
proud,1
th wicket celebration der lyf tym celebration after big daddy came destroyed,0
hats off maam,1
its best song,1
sach bola porki baap baap hota,0
kon kon isaki bahan lena chahta,0
she splendid noori,1
lady amazing,1
thank god match live telecast hua nahi pak media pak winner dikha deti jaise rafale dikhayi thi bina kisi proof inki awaam bewakoof,0
pata chala chori karna inka rashtriya pesha hain,0
duaa takat hoti dhongi log,0
very nice bhai since came,1
mi election kuch din bad dekhr ha hu bhai,1
saurav because bollywood,1
allah dua acha agar jai shree ram bolte shaayad kuch chance hote jeetne,0
uchayion meh pauchna nahi kisi koh uchayion tak pouchane wahi jigar yeh himmat karti hain nzindagi koh jena nahi kisi koh jeena sikhaane wali aisi rahein par chalti hain nkeep shining keep growing,1
respect,1
instagram really helped us find such gems.,1
mkb,0
cristiano tune ukhad liya general hoke tere konsi english acchi,1
simplest best,1
ji noori,1
kis kisi mari kaisi mari,0
coke always rock,1
hello madam please send motivational video buseness,1
love too shaami friend,1
time time again song captures then sets free,1
like st criticize nafter gating hate,0
proud rohtakiya nd best part video clean river clean,1
karachi crowd lag rahi gujarat,0
fell something big country,1
story makes much sweeter,1
song has most perfect outro one might ever,1
kon bacha bhai besarm log tum,0
ine sab shakal dekhne layak,0
baap baap hota bol beta,0
listen kar hoon track yaad karoing office jaane liye dikhayiye aaj wohi baat magar music enjoy kar rahe hoon,1
best work safe rahe radhe radhe,1
roa real singer belongs good voice,1
par app ms wali rahogi nall time thanks everything,1
di di dua aaj kaam aani abhishek,0
mithelesh koul,1
what start feeling goosebump,1
tum paida harne liye huwe,0
bhai nuh hinsa pr b vdeo bnayo,0
pakistani coke comment section akar aisa lagta ham log sath rhate kahan koi fasle hain kahan koi sarhad hindustan,1
saalo tum log rone liye bane,0
bigg boss jao,1
jai hind jai bharat baap baap hota humari indian beta two pak ban hindustan zindabad,0
hope there no threat his relatives dangai log,1
our happiness aap log dimag paidal sare sare autisme shikar,0
pata chala baap kon,0
like lota,1
indian like comment,1
tumnai harna sikha,0
surya prakash hinduja bohat pyari baat,1
[cleared text]: love peace great countries beautiful forget war insults cheers brazil,1
di wid forever nitna successful hona aapse rakhi bandhane layak jau nloads love,1
wow man cant find words describe music poetry,1
takes very big heart leave job microsoft good our nation great,1
noice,1
communication problem got rejected at last round face face interview campus placement give some inspiring words,1
why call her microsoft wali,1
pata chal geya kon bap,0
indian tumhara baap baap rahega,0
hahaha sale charger chor,0
bhai bhupender hudda naam suna usne kiya development bjp sarkar kuch kiya naya hudda wajah universities har cheez,1
music universal its master piece pakistani music,1
saalon tumlog srilanka saath dekh jeetne ummeed rakhtein team isi hallakh si nikaalleti match,0
thanks your wonderful voice,1
inspirational story mam,1
porkiyo pta chla hoga,0
love d,1
sahi kaha bhai tune baap baap hota hamesha baap rahega,0
much love,1
love much,1
hello mam your big fan her video dekhta hu,1
wah salute,1
bhai aisi wali tshirt leke aana mere liye,0
brother advice please don t visit indian hindu not ready accept truth persona speaking truth,0
copied bassboosted songs comments,1
abhe chuttiya logo match jeeta jata jang keha jeet laoge abhe hum apna punjab vapas laina,0
was such powerful song,1
jaise jahilo reaction dekhne maja aata jab pkmkb haarta,0
thank much each every video till now,1
definitely will great decision dear,1
well amazing even good music vocal artists,1
last line aman really made by day,1
much impress,1
fuck istan,0
self depreciation karke jo profit banaye use kehte hain,0
baap baap hota per baap kon,0
bevkuf tumlog isi tarah haroge agar war isi tarah live hoti pata lagta kiski waat lagi thi tumlog aukat nahi jitne kisi,0
baap baap ji hota beta,0
pakistaniya bilkul khel naa nahin aata hain teen bar haar gaaya kiya team hain jai hind bharat mata,0
bale bap bap hota,0
bhai charger gayab gya halat,0
match harane keliye pakisthan pysa dhiya boltha hey,0
tumhara baap us hisab tum uske bacche hue es liye jyada ucchalna nahin chahie,0
beta humko pata baap baap hota beta beta jaise tum sab,0
chor chor karta har jaga,0
hey stranger your taste music top notch,1
aukat karo bhikarion,0
agreed,1
beta chup hoja tare abu aaya,0
love bengal,1
much knowledge,1
osam song,1
operation forehead papistan,0
mjaa gya bhai,0
they full bullshit their own minister admitted was their social media,0
congratulations pakistani bhai aap win nahi kar paye,0
bache beta baap bolo sb kuch bolo lekin baap mat bholo,0
request coke,1
real magic start when ali noor stop his guitar,1
bap jeet gaya isi bat pe chuss looo,0
bhai dhnana aaye tum baar chiri aa jaate bda acha lagta nguhandi e ha fir hum,1
har baat alla lekar ate pakistaniyo kuch nahi hoga,0
kitna bewakoof aapki sarkar bolti rafel gira diya bolu aapko aapke sapne gira,0
first view first look,1
fy your condition condition types same,1
love masterpiece love song onlyy,1
baap konre arey pagal aapko naya baap operation verma,0
chill mar hu yar,1
nsit microsoft,1
typical nstole mobile charger atta,0
wow what an amazing voices music best song noori band as well composition keep going,1
one like german pilla,0
well rafale tumlog social media pe girao nbut,0
love pakistani coke,1
teri jindagi bas ak block sahi banya apna gaau,1
ukhad lega hum dekh lenge,0
har bar har jagah har jate ase bol mathar jaat,0
ghodeee,1
kcheyan da hunda kcha anjam ni.....hits different,1
super cool,1
sush sgg cricket has united more ways than music ever could,1
proves himself half knowledge more dangerous,1
bat tu sahi bap bap hota papa jeet gya,0
shipa rocks,1
yaar nu milay gi aj laash yaar di,1
love bhai rajasthan,1
pakistani music drama,1
khusi dekh pata etna khush kyu rha hu,0
can someone guide right path,1
abbu jeet gaye bhul gaye,0
people targeted being foreigner making vedio attacking present system show them khati jat hariyana good reply,0
years old how can miss masterpiece,1
what makes country great like people people like may god bless can see becoming leader distant future love love,1
one best songs,1
pakiyon namak swadanusar baate oukat nusar,0
real coke vibe after season,1
beta tu baccha,0
over twenty times far,1
aise faila jata har bar,0
fokus,1
kare kare bhaijaan,0
just explore your channel but after looking at shradha journey your dedication help field education best thing doing because salary,1
future mei mat kehna jeeta batchon ku brainwashed mat kro,0
karnal,1
also come small town also software engineer please add your initiative teaching empowering underprivileged children,1
maja agaya tumlok dekke pk,0
love between,1
jay shri ram bhai mujhe baat samajh nahin aati unka logon kitne baap,0
baap baap hota,0
one greatest work ever,1
porkio suji,0
unable understand song but its heart touching,1
kise pta chhote gao nikal din puri caste beizzat krvaiga,0
bahut accha dicision best,1
attitude people never win hearts others,0
panjabi aa gaye oye,1
wow really appreciate those people those doing great work man,1
bolo haris rauf zinda baad,0
rafael social media pe giraye theyyyy,0
abdul mohsin,1
brohh what song,1
rao nu,1
inka government poora chooran baj diya rafel joot sunake,0
killed,1
last video massage very good,1
baap baap hota lekin nlekin tumhara baap,0
sohni maheenwal,1
tumne khud qabool kardiya har baar harjate,0
hoya ohi jo har match badd hunda yarr oh party waley labhey,0
pamper tumara hamesha tit hota baap baap,0
duaa kiya fir kuchh nahi hua,0
agree sentence nbaap baap hota katuo saalo,0
what done absolutely amazing,1
bhikhari log aukt raho,0
larkhi larka dura ku pakar pakar dance kar reha,0
chu nbos,0
bacchey baap hum indians tumharey light tab band kartey jab tumhare ammi jannat maze dena hota beta jaisa sabhi pakistani naya baap mila gussey bahen choodo bahen mat choodne lagna,0
thanks subscriber,1
saudi arabia hu up pratapgrh hu full support rathee saheb,1
pahan lo pahan lo pelo pelo tumhare kuchh hone wala nahin tum log khali bolate rahte,0
girl queen,1
mother' favorite song,1
most underrated song,1
ap suru karo hum apke saath hain abhi bass itnahi,1
his villagers like angrezy mem laya chhora,1
create,1
rafale aya bhagoo chorro,0
bap bap hota najayis olado,0
wow amazing song paar chana dy,1
love one covid,1
rauf means cricket tu shirf shirf khauga,0
salute,1
wow awesome was brilliant idea,1
syed lareb cant agree more,1
muu le le varma,0
such nice song,1
rafael nahin f gira o sat thala reason,0
very happy your step,1
favorite part song,1
chillane match jeette beta khelne jeette ha beta,0
good luck wish best whole team aman bhaiya,1
victoria thanks,1
love song very much its lyrics outstanding,1
apni aawam wakt roti khilao pehle bhikhmango fir jung baat karna,0
tum luk hargae sab lut tne parenge baat karte hain sale hehehe,0
khud likha,1
tom lok thik bola bab bab hota sobka bab,0
song connects chenab river,1
awesome vlog bhai,1
enjoying rao noori duet,1
koi kaum kaise itna jaahil sakta lagta partition iq adhaar par hui thi,0
dadi ji playing instrument made literally cry,1
juli such loving human being though she christian,1
rafael porkistsni team,0
aga ji thino match haga ji,0
maa chud gyi last,0
fav saari raat,1
rathee bhai video kai sari aisi cheez kahi kari jisko sunane dekhne baad nandhbhakt likhne walo jal jayegi,0
chenab bridge,1
become pakistani,1
tum log itne chutiyo hmare rafael tumare runway tod diye sare air difence tod diye fir tum log jit samjhte sharm aati aise bache hmare,0
bhai number one pr st time,1
trophy chor charger chor,0
story sohni,1
huge respect,1
first hu di heart tho banta,1
kg aata deraha hu le bhai,0
been trying,1
once wise man said chud gyi chud gyi puri aawam chud gyi,0
true love,1
ha may kay karu,1
supper cool,1
sari hawa nikal gy baap baap baap baap baap baap baap baap baap baap hota beta,0
amazing noori outstanding,1
lag gaya,0
love involvement passion reachell coke,1
guys good,1
damn inpirational buffering,1
inspiring story shraddha mam aman lots love support assam,1
lots,1
sohni mahiwal love story,1
possibilities when come together,1
pta chal gaya hoga baapbaaphotahai,0
kutese jada pakistani loku bograhahye,0
if hate hindu religion why go mandir,0
hasnain chohan,1
mesmerizing voice,1
anyone beautiful,1
allah sehat dy,1
good see how jaat family member speaking engkish fluently jaat geometry,1
outclass,1
four years passed,1
taras ata hain logo pe ninko sachai dikhti hain,0
sorry hear about your bustard son,0
rao ji apki awaz meri dil pe jaadu karya diya,1
kon kon gaali pdne aaya,0
galaa kyun phad rahin ghaar jaa kela khaa sho jaa vistaar paar tumhara baap pak,0
wowwww,1
jung midan tum aaye nahi laye gaye jalil karne liye tumne puri bech di pak jahil koum,0
thank di aman bhaiya,1
pta jahilo rotey dekh kar alag sukoon milta,0
favourite song,1
great track,1
main line vlog yaha gobar ghar bahar kisi radio wave bachne liye nahi rkhte hahahahaha,0
oh great,1
phle bejjati kam thi jo phir krwa li,0
pure goosebumps,1
shraddha faith,1
hum aate rahenge listen masterpiece,1
needs more like nwill truly encourage young friends become like,1
asif ahmed siddiqui,1
yeh agaye apni aukaat pe nharish rauf jo crash wala gesture inka jazwa usi hisab crash huya,0
karachi after rain,1
wow wonderful just out world,1
kyaaa sale,0
jully looking sooo beautiful no one knows why has ware different teashirt,1
dear love,1
sala ghar nahi aa sakta,0
family blessed best thing world,1
umair vhai,1
aapki story bhut inspiring,1
such successful lady much down earth humble,1
inshallah only thing support talent cant devided,1
bhagwan jeet hui nahin khushi pahle banaa rahe hain,0
tumhare teen teen baap,0
islam not years old,0
jung toh tera baap nahi jeet para tum log ghanta jeetoge,0
amazing song best lines,1
baat lots love,1
beta tum jeette kab,0
father abhisek nnext abbu varma,0
yar nu milegi aj laash yaar di,1
low quality tv bro,0
kaya huva bhikhariyo,0
tera baap putar,0
collaborating coke,1
shradhaa di baaton kar paa hu thoda relate,1
true leader,1
finally reached thumbs up noori rao,1
students nyour way great students your work super great nall best your journey good luck,1
listened song countless times but after your comment,1
wao what song lovin,1
excellent song,1
rizwan beta diaper laga lo,0
kuch aise intezaar,1
some people dont know when celebrate nnext time also,0
toofani boys r salt notty boy,1
tum kuta hu,0
please bro don t go big boss nyou will loose respect love,1
love shradhaa,1
wale aloo khaoge,0
sale trofi chore charger chor mera ta battery chore,0
baap baap hota,0
great amazing,1
please make one video these kids,1
hmmm why were rocking while teaching c just love series learnt smoothly just hope more serise like lovelove,1
ruko tumhare baap bulata hu,0
video shuru nach rahe th baad sabki kabra yehi ban gayi,0
most awaited vlog,1
allah pak aapko salamat rakhe ameen,1
maal,0
love,1
tumlogo ghar pe dekhna band krlia,0
song just pure love,1
varma baap,0
chapagain amrit,1
gotit ni also student medical started programming cyber security journey apna college doesn t matter ap kis university ma jatay there was time don t know even basics computer science but matters how much dedicative passionate,1
such inspiration story,1
kush dar ruko nacha pane suta ga pak bape ha jaga tore pak,0
bhai just started iot journey,1
bap bap hota beta,0
nice dear,1
marvellous compilation,1
itne paise kharch karne accha aata kharid lete,0
techiji manipulated bro,0
hum das baap kon beta kon,0
har gaye,0
loved ur art,1
distance between beloved small,1
wah bulleh sahe ji,1
bangladeshi kaha gaey wo nagar nahe aaa rahey labo ena nu,0
get goosebumps every time listen,1
but bhikharistan permanent,0
best luck,1
ommane but month december,1
after aik alif wow superb noori,1
love elwish bhai,1
rizwan tera charger chori hogaya tu bahut udd match pehle dua,0
chor trophy chor charger chor,0
dwai toh puri hue pr piche dhuwa nikal gya tumhara,0
big boss pe entry hone wala,1
fate fate par pawar ghate yahi halat abhi,0
sang really well bravo,1
complete idiots,0
rrr bhai tam dhol dophre mm jot kr rakhi,1
peak coke,1
such soulful track,1
tum log cricket allah khlte hain,0
're always right,1
just watched first time yesterday fell love,1
wow brave decission di lekin abhi aap microsoft wali rahoge,1
beautiful songs,1
love,1
guitar at awesome typical noori style loved,1
match koi proof hota use tum jeet jaate,0
noori favourite,1
love song,1
sacchai batana gaali dena nahi munna,0
barma haris rauf mar mar kar chhakka bana diya,0
best song coke perhaps,1
atankistan atankwadi aj man gaye bap bap hota chale bap mech jang jitne jay hind jay bhart jay indian forces,0
owsum,1
nalle pakistani tumhari jalte dekh bahut sukoon milta,0
love much always,1
meramann,1
tumara papa bharat rahega ky tum kahi,0
ham tumhare baap rahenge,0
subscribe rohail hayat channel,1
yaar nu miley gi lash yaar di,1
air bases mosques terrorists places navigator plane pilots tab v bolte jung jitt gye humne evidence diye tumhare evidence kaha,0
porkis ulloos,0
lovely song sang beautifully love,1
kaisa laga aaya maza baap baap hota samjhe tum,0
ham log v yahi keh rahe bap bap hota,0
full support,1
project coke,1
great work activists doing save water,1
hua pakistani log baap masti nahi,0
try different thing vedios motivated,1
gusa diya bambu,0
beta bap bap hote hein,0
was really good but yes ali noor didnt need open his mouth at ali hamza as always brilliant,1
nsb king,1
op love great communication skills,1
sari raat,1
pakistani always found new abbu every match against,0
bahut kam log aisa kar pate give education poor children great work,1
gave chills,1
bharat hamesha inshallah hara deta,0
requires lot courage confidence such decision doing great,1
haa bete aa gya swad papa jeet gye chilla,0
warm welcome rao,1
splendidly awesome music,1
sadma dete rahenge apko hum indians hen khali hath nahin bhejte kisiko kuch dete hen jarur,0
sahi,1
best really love,1
wowwww,1
war jeet paye match pakistanio ma suuut,0
save water save earth,1
one yr elder than bt r an inspiration god bless,1
gayi tasalli trophy chor,0
baap baap hota beta ydi bigda hua udharega baap kyunki baap baap hota,0
islam pel diya pel diya pel diya phir bahut maza aa haha,0
masood azad yaadh hein unke parivar kuch tho bachhav hogi unke,0
may allah bless always,1
beautifully done,1
tenuu paar lagwayeen,1
punjabio rab mehr kare sab te love,1
proud jat,1
rao song,1
hahahahahaha,1
sachin tripathi ak kachre dibba kuchh nahi,0
sahi bola baap baap hota hy,0
jitne tum match dekh rhe utne hmare desh tatti baithte milenge tumhare muh pe,0
yaha pe gadha mut diya bohot uchal mut diya hag diya andar,0
bap bap hota bete,0
manipur crisis video,0
love aapke lecture dekh maine capgemini job paa liya thank your support,1
loved warmth,1
same feelings,1
fir gad mar deya,0
great journey,1
admirable people,1
charger chodh trophy kaha trophy chor,0
process music divine,1
garibi dekho bc charger chori hogaya,0
bhai hamaray yaha tho abi thk,1
ku kutte vok rahe match pehle,0
microsoft work culture good,1
fvrt,1
beautiful beyond words,1
noori like boss,1
such soulful song,1
colaboración international singers,1
chaitanya right,1
come beauty full pls,1
murtaza thats why mentioned one giving respect give them too,1
years masterpiece no one knows about thankyou instragram,1
phone charging nil pak teem charge karo,0
one padosi desh when music:,1
baap hu re,0
same culture pakistani indian,0
six mar di npakistani like gan phat gai meri,0
bhai jaan,0
ali hamza rao,1
love assam,1
gaav log bhai unko koi kuch krega jaat,1
baap baap hota,0
jahilo country sirf gala fadna ata nchulu var pani dub marjao salo tum log itne jhute isliye tumhari dua v allah qubool nahi hota njitna allah allah karti utna agar khel pe dhyan dete aj result kuch hota,0
very very inspiring,1
beta raat sarso oil lga sona pdega aj papa thoka jo,0
pakishtan puri pagal,0
make believe country pretty stupid decision tho hope very good reason seemed vague video,1
dream comes true,1
harne chakr charger gift mil geya chor,0
song bas minute seconds kia ja skta coke wale masti dekho,1
tum logyo mkc papplu,0
abusive language against our,0
stand ducky bahi,1
beta jab baap samne aisa bakcodi nahi karte,0
may allah bless syria peace aameen,1
like what kind songs,1
bail buddhi amam match dubai baithkar bol out karo out karo ghus jao screen,0
awesome,1
always our microsoft wali,1
awam charger chor hukmaran trophy chor,0
year old masterpies song but famus now,1
yahan wahan mann ghadant baato cocktail bana pesh kar diya tune,1
wow very nice,1
hamza ali liye apna yt channel hona chahiye,1
tu khud kachra,0
punjab mahaul,1
wow people gullible dumb nif leaving microsoft,1
chori kar liya charger,0
blessed di,1
love,1
such master piece,1
ars deep rafael pak garn ghussa deya beta,0
beautiful voice,1
bigg boss main kab aa rahe,1
abhi tak wale sapne dekh dekh ji rahe hain jeetne jag jao musafir walo,0
allah papa mahadev bache hara diye,0
rao o! love kuriya what voice,1
new favorite just love,1
waqai music pe raaj krta,1
maharaja ranjit singh,1
office routine,1
mkc infinity bar,0
amazing choreograph,1
jo maa thi keh rhi thi school jayega nkyonki usko pata uska bachcha bhut aggressive nbaad terrorist banana nphir suicidal bomb banke fat jaana njihad naam pe,0
love our chinese friends,1
tarcio augusto,1
jonny jonny yes papa getting humiliated no papa open social media ha ha ha,0
just guy,1
avinash gandhi zaroorat nahi woh uske zyada samman karti,1
course these words deep meaning,1
ali hamzaaspartis,1
kiun thak rahe,0
jo apne papa gali de rhe un chorei chodo kala muh krke pure godha bana chadi nagha gumayo unko batao unka aabu jit gaya,0
baaap baap hote channa chup kar,0
niteshdubey just try learn bagvad geeta worship god will feel good,1
simply awesome,1
just think second,1
hello its your father,0
oh ghochu chhapri kahi karna yeh sab thik gochu,0
gareeebo nlive isiliye haar gaye live nahi hota toh jeet jaate,0
teenage,1
[cleaned text]: listen song very late but started loving song every word just lot love,1
inspiring,1
rich music beautiful,1
hua achanak beta baap ban gaya,0
noorie,1
proud,1
ya re right,1
memorization,1
sach duwa takat cr kaha cr,0
its indian music,1
tum logon baap kahan baap hota halala hota halala,0
rao looks as beautiful as her voice,1
dekho hamare bete kitne dukhi gaye aisa karna team,0
sep ayi,1
rao' masterpiece,1
pehle sindoor,0
one best traditional songs,1
nsaa km kro porkio,0
gus gaya ga pe bhai benki lav de,0
kg aata bhej dun,0
rafel vapas chala gaya,0
khelna aata nahi tucchiye rafel baat kar rahe,0
bhayi tune sahi kaha baap baap hota,0
wowwwdil chu gaye,1
its wonderful indian,1
big thanks apna college team carrying out such wonderful work consistency efficiency ni would like request make video iot their usage future nthank,1
peepal farms,1
koi insaan mere kayal insaan noko beachna chaiye insaan banane kiliye pakistaniyo inshalla hum indian banayege inko insaan inshalla,0
channel ban kese hua,0
pakistani tera baab,0
pak fuck fuck,0
proud haryanvi,1
peaceful feels like crying while listening,1
thanks ji,1
pakistani songs,1
huge song. years late hear song. but seriously its repeat mode. noori rao both excellent,1
love our dear syrian,1
love every moment beautiful music thanks everyone participated making mindblowing number hats off,1
new released,1
melody,1
tum lok kabi nehi sudhar sakta esiliye nehi jitte mach,0
time fav,1
aap kuch karo hamesha best karogi,1
sy agr kisi ny course lena kesy ly q googlepay ni plz guide,0
best video,1
raat abbu jor jor piche marenge,0
maa behan kar diya varama,0
re pakistaniyon baap out karne chale aata chawal lo,0
yha paida hua antihindu leftist dog,0
very lovely see,1
nice see roaming around your julie both very genuine,1
listening still going,1
like mere ten ten baap virat,0
syed muhammad,1
dhil tood gaiya,0
such meaning makes song everlasting memories,1
most beautiful thing earth,1
nailed love,1
after watching go sameer explained video,1
buffalo bola idar dekhna zara,1
asad ali,1
shi kaha beta beta hota,0
hag diya,0
folk meets led zeppelin,1
aa gia saala besharm rone dhone,0
aap logo jaise humara edar gali raat kutta chillata,0
hats off,1
archerd,1
singing song soil,1
inlogo desh liye koi imotion nehi hain,0
phenomenon long hair brother,1
hum alag alag theek hain shukar allah,1
tumare abhi baap bangaye,0
abdul hameed thanks,1
dua useless,0
ma sud gei bhikharistan,0
agar bihari entry karne anumati bharat sarkar de de pahle jitne muslim girls sabko r p karenge,0
jobtak ghinona horkot bond korte tob tak haal aisa hoga,0
abee yrrrr apnii aukaat pta lg gya yrrrr,0
dude making money out video based course really disappointing never expected as used role model selling knowledge money like rupees dude ain t any good,1
hamza' voice always touches soul,1
would love part your education mission when will graduate,1
charger gayab gaya bhuke naggo tum jung karoge humse tumhare neta sab beke huye hay tum drone ni gira paye tho rafale giraoge,0
trophy charger dono chori kar liya,0
mahabharata ramayana myth him how grounded,0
nurkan aeyrvej tere ma pele,0
well done,1
song always makes goosebumps rise,1
bro smile,1
truly heart touching line bro,1
tridip dey thanks love,1
but very proud,1
match jyada maja inko rote huye dekhne aata mullo aa gaya swad,0
masterpiece kashmir,1
walo video bolte samne aho yad,0
another video same topic,1
nailed man,1
bho sri pata chala baap kaun,0
just watch one video him fell addictive his contact even watched every video his main chanel full enjoyment vlogging channel love,1
bramoss kese gusi pichwada,0
glitter sniffer,1
proud jaat,1
best your new journey,1
beautiful words,1
rafael girya debris chupake rakha,0
tum apni ammi puch tera bap kon,0
matloob hussain,1
fully understand,1
she was backbone apna college channel really such humble positive person rarely seen great respect shradha,1
pak pel dunga bina tel,0
collaboration true spirit,1
bap bap ta well said,0
anyone listing first time after watching reels,1
le bhikaristan match jae bhaad aese chutiyapa karke khud khud bejjati karke paisa kamao taki hum khane liye atta mil sake,0
fardan ahmed,1
papa hum,0
hope will safe here,1
abhi bolay tu kon baba hay,0
baap baap hota isne khud bola tikal varma bas apna name batya virat kohli baad baap kawn walo,0
tum itna kaise bol lete bina jeete bolta hu,0
bulkul mere gaon jaisa,1
yaar kitna lalloo,0
rathee normal vlog aise bat krta jaisi video chal rahi,0
proud dii,1
wow no trending,1
mustaqhabeeb bhai inko sirf rafele bolna aata inki aukat kharidne,0
no one can beat music,1
kachi meri mithi,1
bismah dossa,1
charger chori hogya beta tera,0
every one inspired attached aman left big mnc nirony,1
like maintaining privacy thats rare nice,1
charge nai shoda,0
amazing lyrics marvellous sound,1
best songs ever produced by coke,1
song love,1
love syria,1
bhai lawde aa gya swad,0
bhai tumhara flag respect nehi kar re zamin main rakh re kiya jetoge,0
rafael social media par giraye,0
road dikh rhi hogi chka chak,0
learned python c language age fourteen want ask shall learn data structure algorithm just whatever random things was doing please tell love content thank,1
baat toh sahi,0
mona masood agreed,1
relaxing time,1
listening very first time,1
wanna join apni kaksha,1
noori part,1
attiyaamaer,1
beta airbase theek saare,0
surely best song season,1
an inspiration youth,1
rao amazing,1
cheap mentality mother wives always greater than fathers husbands remember,0
love toot indian mulberry,1
absolutely love bro,1
our culture,1
oh heart touching,1
legend,1
sahi baap baap hota,0
cokestudio best,1
setut,1
sarmad javed honored love given,1
aapko bahut bahut mubarakbaad khuda aapko khush rakhe,1
bol rha th yeh mtch,0
baat bhai amazing vlog love,1
oh nice logic bro then too much positive people there mean comments much like ratio,1
god bless sister,1
foolish people hopping won match even did black magic but impossible beat dont over acting,0
great work miss,1
pata chla kon asli baap,0
punjabee zabaan sab khoobsurat,1
listening masterpiece,1
very tough decision taken by,1
pura desh chota jab trafi chura liye changer kon si badi chij,0
only ali noor,1
charger kho gaya,0
baap baap hota ha,0
sangeet,1
wow noor zehra,1
yhe green bala flag humare yha bathroom laga rhata isi per peshab karte,0
bihari food,1
pta nahi kyu but song sun rohit sharma chehra yaar aa jata,1
masterpiece would an understatement!! lyrics,1
saikat bangladesh thanks congratulation nyour dream dream some our life,1
thank telling story,1
baap aage khelega,0
bahut achha soch aman bhaiyaa shradhha mem,1
beautiful look,1
khush naseeb,1
tum logon yahi aukat,0
tumhare l lag gayee,0
nso good see dank rishu finally rathee vlog,1
jhhate chuchi bate uchi uchi,0
after knowing literal meaning song fallen love,1
proud dhruvrathee god bless more as always stand truth,1
mc soldiers patloon jis desh utri woh itna kaise bol skte mc kuch toh sharm karo,0
tumhara kuch ni,0
heart feels full,1
grandparents moved bropal hissar,1
master piece start nd after,1
kachya te rakhye umeed paar di,1
lekin tum log apne desh hamesha gungan karte rahte,0
raos voice gives goosebumps,1
hardwrk pays,1
charger gaye match gaye,0
very nice mama aale,1
maar daaloge yaar,1
pura duniya chod chod kar chodegi dekh lena jeet baad,0
inspired soo much mam,1
god bless,1
samajh gya lodu baap baap hota,0
masterpiece,1
shining performance,1
pr y soni mahiwal story logo tk kese pohnchi,1
hamara banda kafi match jitne liye samajh aaya,0
season rocks,1
great step hats off,1
bhai phir hinduo support kiya kro agar puja krte,1
tumara bap,0
thankyou masterpiece,1
kyu chhod dalana,0
underrated sahi,1
sale pak wale agr live podcast rha hota asia cup final jeet gye hote jaise sapne raffel gira diye pkmc,0
bhikario,0
super song great,1
im yannee indonesia,1
thank explanation,1
tum loog,0
aise tumne rafale giraya,0
bhai bch rhna dushman bhut apk safe,0
school made brahmos place terrsits will trashed like donkeys heads,0
take across river,1
ary waaaaaaah,1
bada uchhal hame pata baap baap hota tum kyu bhul jaate,0
awasooooooooooooooooooooome,1
long live,1
match jeeta nahi jata inko kashmir chaiye baap baap hota beta beta hota,0
mehtab singh,1
baap baap hota bahan lowdoo,0
no andhbhakt hurted video,0
excelent work mam pakiatan,1
tera naya baap aaya,0
people like will change future,1
public dogking,0
omg nsooo damn proud,1
its bless,1
besser als bruchsal oder,1
sahi baat vai bap bap hota han bap hain,0
bol baap kon send details girl wants party whole night party night baad uski bachhey baap main banuga,0
incredibly awesome,1
st time listening,1
baap baap hota pata chal gaya hoga baap,0
charger dhundhe janaab,0
sarma burma hoile garama barasi gale atom boma chhin chhatar hela papisthan jenu atanti bey sarama chhi lajja lajja,0
simranshahpur yes much more,1
salo tum log bas match bich chikhte rahoge besarmo,0
mere dost dikhaye,1
getting closer,1
chote bacho abbu aa gye gandu,0
love aman bhaiyya love team apni kaksha always,1
america destroyed bin laden,0
jeeti hain asia cup jaise loge jung jeeti thi falthu loge,0
still listening master piece,1
dushmani kis liye karo ge koi reason bina kisi polticians piche lage bina bina kisi party support kiye bina videos dakhna rathi bhai hame proud hona chaye ithe ache youtuber like teacher hamre janam liya educate karta koi galat nahi sikhta kisi b age banda videos dak sakta hame balki badava dana chye sahi people ram ram bhai,0
your vlogs awesome,1
harne liye paida hua,0
tay tay fish pakipur,0
voh theek voh bhabhi jaana kon yaar maal,0
kala jadu hamara tumhari dalega thodi der ruko,0
how winner asian cup kam nai indian team jaihind,0
heart touching song,1
yupee,1
konsa dhanana yo jaaton naam pe kalank desh hindu dhram burai always isey kuch aata wahi hna jo kah ramayan mahabarat sab kalpanic baten thik hoya time te nikal gya main isey ghatiya log raya kare,0
thnx brothers supported claim,1
baap veram,0
legendary story sonhhii mahiwal,1
bhaiya dekha bharat kitna develop,1
right after six years sept,1
abe toder bapp holo,0
attendance here,1
intense serene,1
gand gusa diya inke chala rafael girane sapne main girao rafael,0
subahanallah,1
has well truly justified her presence there,1
loser kom loser army loser team,0
kaya kon kiska baap hm log baap abhi tum log beta beta rhogi hmsa niche rhoge,0
as punjab understand haryanvi culture very well grandmother haryanvi came love bhai,1
hope best best luck,1
masters piece,1
really ' emotional,1
sataar part beautiful,1
instrument some plays at simply love,1
one best vlog rathee vlogs,1
really very brave call nall best keep good work going,1
reality pakistani ncharger chura leya,0
sabko pel diya sath,0
modi ji idar bomb dalne,0
what beautiful song,1
beauty,1
habibi come bihar hum khilate litti chokha,1
gotta feel sad them they deserve better,0
your very beautiful very big fen dhurwa,1
kudos,1
bta chal gya baap baap hota beta jb man aaega tb chod diye jaoge,0
rocked yaarn,1
rao most welcome,1
harbar harjate chi,0
hello guys still listening your voice,1
inspired lakhs us today,1
best luck aapake naye mission liye,1
thats why one should never expect expected vlog longer duration anyways,0
joker country,0
absolute brilliant performance appreciations cheers everyone,1
sweet melodious soft song,1
love jammu,1
yaar sare bande baad job chor rahe nthat good,1
charger chori hogaya,0
best bro,1
thank coke calling rao lots love,1
thank love,1
sure bachha wait kar tere abu dekha ga,0
mam thank much always supported students keep up mam,1
bc kitne basaram log koi fark prta logo,0
shraddha great confidence,1
sound nation,1
ive been listening masterpiece,1
bapp bapp hota broo,0
sahil kom pata nahin operation sindur airbase khatam kar diye phir sahil zoothi kom kabhi sach sath nahi dete puri duniya sabse sahil zoothi kom kabhi sach sath nahi degee,0
love bangladrsh,1
etna harne bad,0
areee joker ji howa reply tu karo bc,0
hua means ladka hua,0
bale ata cuso,0
apne baap dada puch lena,0
kaisa laga mera mazak,0
chod diyaa wale,0
wow f,1
kon kon tiktok idhar aya,1
awesome lyrics,1
best shradha apna college team looking forward more amazing content kudos,1
tu apne ma puchho tumhara bap kon,0
sale aate liye paise jarurat padta,0
iphone beats makes feel heaven,1
well done gr work,1
like mere kitne baap,0
calm pleasant vibe video,1
chaitanya partly true but not exactly great musicians focus mainly film industry don't good independent musicians coke talent everywhere big thumbs up pakistani coke,1
jo karna karo bhai magar java regularly vedios dalo,1
tumhare baap dada salwar padi wali nle jao pakistani,0
lie bat sahi hain jung kabhi jeeta nahi election khabi hara nahi,0
abhinando thanks bro,1
wish can click like button thousand times,1
re doing great job,1
bapp panga bete,0
ma your words made cry thankyou your motivation,1
gali de rahe khudko dekho,0
what fantastic song,1
singer,1
varma tumhara baap,0
true inspiration supirior goal,1
beautiful music,1
rifle pak sapne gire,0
great vlog brother,1
experience,1
oh god luv,1
here his simple t shirt changed,1
nice,1
khute dhum poki josh,0
aabe yaad nsurgikal strike yaad naabe kese kese log rehte hein samne toh aajao phir kon jitta dekh lenaaa aankh faad kamino,0
wish apni kaksha will no education platform,1
baap baap hota nazayaz olaad nazayaz hota humari nazayaz olad najj tumare papa tumara pimper change krwa diya,0
kabristan,0
rooh sukoon,1
congrats,1
harish bolo rafel horeaa,0
wish song was even longer,1
people like motivate keep studying,1
live city feel bad come closer enough but cant able met big fan if still near plzz organise metup people like loves both can able met thanku,1
. song about an old tragic folklore,1
tom dobago mother daughter lllll,0
yeah noori,1
yb bheed,0
fabulous song love indian side chenab,1
awesome classic,1
attitude v khatam gaya,0
amazing artists very talented group wish can there love music came know very good artists r musicians ans clasick singers,1
like food,1
really didnt understand single words but vibe emotions song hit heart soul truely masterpiece,1
absolute gem,1
beautiful noori does best,1
beyond perfection,1
strange will come support rajat dalal jaat ekta,1
kam chilla tatti nikal jaygi,0
bhai main august sun rha hoon,1
those think video july late june nit april ni get know grain crop nmy intelligence,1
bhai kahu yar,1
bro trust guys creating heaven students earth,1
بہت ہی kho,1
will always our mucrosoft wale,1
best di,1
bap tu hum,0
much great,1
im makhdoom faisal saleh hayat,1
listen seven time,1
muhh mutt diyaaa,0
tumhare abbu jeet gaye yehhhh,0
sale abhi batta bap kon,0
tm sb wahi log jo iske manuplation fass chuke,1
tumara veper bi lek hogiya hoga,0
now its,1
pakistani voices,1
praise music,1
phenomenal story,1
mar diya,0
beta bnkr raho,0
when sings,1
chullu bhar pani dub maro,0
verma le gaya kal,0
tumhara kala jadu safed gya,0
mam great inspiration many,1
bolo bhai kon baap kon beta match jeet ni pa rahe war jhaat jeeto ge itna besharam log ni dekhe aj tak,0
best when comes producing quality music,1
masterpiece also its emotions unmatched,1
divided by terrorism united by coke,1
agar hum haar bhe jaate fir bhe hum hee baap rehete chote toh baap samajhna bandh kar nwaise trum log decide karlo ya kitne rafael girayi tumne atleast proof toh dede humne toh base including noor khan base evidence open kara ya shayad yeh bhe madarsa pakistani aand forces waale source chooran khaya tumhari jahil community nay nacha hua match live chal,0
ufff superb,1
tum log kitne baap olad jo kabhi kuchh bolte kabhi kuchh bolte,0
bro was just fake newz,0
oooo,1
bapa bapa hota beto jay shree ram,0
love vlog,1
baap baap hota exactly,0
sweetest thing came across today,1
mulleee kaise diya boond tumhari maza aya khelega heinn haga ji final wala match chahiye haga ji,0
aaravpatel rh cq unka man hota rehta hoga lekin paise chakkar aisa mujhe dubai jana pada aisa nahi acha nahi laga lekin sukun apne gaanv bohot logon nahi lagta hoga kyunki wo rahe nahi honge apne ganv jo wo jaanta,1
god bless sister,1
ha bache pata,0
aman bhiya ambala choti team jo pichle salo un bachho padha rhi jis paas school pahunch paya ya wo school jud paye ya kisi karaan un pdhai bech rh gyi aap support un logo mil paye wo jada bachho tak pahunch skte,1
any one,1
yaar nuu milyaa gai aaj lash yaar di,1
lo rafile girr gye pel diya,0
good decision dii,1
baap maat sikhoo war kaise karthe baap baap hota,0
kurt gödel,1
thank much letting us know background song,1
bakwas,0
terrific awesome,1
voyerusim kr rha huin,0
kyu liya baap panga,0
baaapppppp bappppp hotaaa haiiiiii,0
viewer nfrom bihar big fan,1
happy new year,1
abe jahilo apne flag samman kar lo pehle,0
beta baap baap hota samajaraheho,0
amazing master piecen any one,1
ohh love dost,1
loudy baap baap hota gandistan kaa baap hindustan,0
aapka video hamen bahut achcha lagta,1
prabhu darshan salute perfectly done respect brother,1
right mam jai hind,1
jo haara wo lun jeetega jung,0
sachmae baap baap hota hae,0
baap baap hota tumare baap,0
song number,1
jang bat mat kar beta ji din urdh huya us din tumhara naksa nam mit jayega,0
salman thank posting info,1
lene de bhai mje inhe wo jeete trophy inka paas,0
love di,1
jail baghe hue kedi match dekhne aa gye waah re,0
would known more than your life has passed through many times,1
kanjri tra nach rahe sab varma app mar le gya,0
guys did really good job,1
big like ireland,1
woh isne unko pehna diya,1
after watching video gives inner peace inside your goal going very tough best luck must pray god must achieve your goal successfully,1
love ali noor,1
sahi bola tumnay baap baap hota,0
most favorite coke,1
shraddha ma must start personal yt channel as well her fan base will more than happy,1
finest ever,1
woh bachpan,1
tumhare pichewarye dall,0
mera birth,1
trending ni proud rathee,1
veena superlative sublime,1
hn bhai,1
chor sane madh,0
masterpiece saal gyeee,1
arminius,1
nice explanation,1
khabar gopi inshallah pichhwade ghus gaya,0
khoobsurt,1
wow what an story your parents definitely proud step take not piece cake may god fulfill your dreams,1
ali hamza best,1
proud,1
varma tera bap hay pata chala,0
love,1
bastard anti bharat,0
us chaman sath rahoge abhi bahut kuch hona baki,1
legendary song,1
folk music,1
beta baap panga nahi lete,0
song emotional deep,1
baap baap hota hei samja paki,0
rao magic,1
at there lots rathee haters,0
abb hum karachi bramhose fodege,0
apne papa juban ladata nalayak beta sorry bol papa verma,0
really was not expected,1
aree bhai trending,1
baap kaun pata chal gaya joker,0
song,1
ahi direction sahi chij lea risk uthae ja rhi,1
motte pakistani mkc bar,0
hamre desh neele kabootar yahi kehte fir kata chalta baap kon fir rote hum tumhara dard samjh sakte pakistanio thode din baad nakse gayab jaoge,0
khud samajh gaya baap baap rahega,0
chor chor,0
min sec itna jaldi kaise beet gya most loveable vlog lots love bhaiya,1
match live nahi yahi jeet jaate,0
beta jab tera charger hichura leke chale gaye khud tum samajh jao kaise desh belong karte,0
tum log ushalte bhut baad fuss muh kase dikkate,0
sudhar jao pakistani,0
yeh yeh karte raho pel kar chale gaye,0
atulmalhotra holy river must keep holy,1
last bit was much needed one,1
not seen such shameless country till now,0
ur voice beautiful,1
janbhukar final pahuchaya taki bejati kiya ja sake,0
rao awesome voice,1
pakistanyo rafal tumhare pichvaade ghuss gaya,0
now understand,1
chawani chaude pe alahh laude per,0
bhai dil jit liya such nice video,1
thodi der fatni bali,0
begham poori raat party karegi,0
very cool song,1
such an amazing story should read,1
love sound noori,1
yha bta kar jaiyo baap kaun tera hindustan tera baap tera baap hamesha rahega bacche,0
nice couple god bless bhaiya bhabhi,1
trophy chor pakishtan,0
intzar kr liya kro last tk,0
syria our hearts,1
tum lok naxalade banane mey no,0
even word shameless has some dignity,0
g d jali bho ri walo,0
log khuli ankho sapna dekhte,0
jazmin green,1
mitti khusbu aati long live country,1
perfect,1
baap baap hota beta nindia,0
pagal pakis insano pahaley khushi nahi hona chahyea aakhrimey tum logoki dukhi decker daya ataho quoki har bahut dook hota hogana godsey daro godko sorry bollo quoki tumlok papki duniyamey ji rahey,0
thanks indian government,1
good decision mam,1
excellent reporting at end,1
mohsin liaqat thank,1
proud shradhha di,1
fite muh tereeeee,0
mind his line baap baap hota,0
bole baap kon,0
ha sahi bola baap baap hota nor baap,0
sahi bola suver bap bap hota,0
song feels,1
aap new papa abishek,0
not new thing sab gaon nahar hoti sab papa us nahar tahar ker school padne jate,1
abbi bolore nbosidivala,0
dilime guzel bir şarki dinledikce tekrar tekrar dinlemek istiyorum,1
tu charger nahi sambhal pata jung jitne baat karta yar,0
inspiring story ni also now different background but learning much more,1
pak paar channa de,1
admire appreciate lot not everyone can take such step kudos,1
collaborations artists,1
social media kidde bass,0
nicely put words,1
piche sabka ghus gaaya,0
trophy chor,0
its good,1
verma new papa unlock,0
bsdk ro kyu rhe,0
hmari indian team pakistani logo paise bcha liya,0
abhi tumhari ma bhen gae yar tauba tauba,0
big animals lover bail dekhker,1
want another mind,1
your amazing,1
ive been big fan noori,1
tumhre abbu sab,0
gen vhi song sunne adat lag chuki haii.,1
nanga krke mara hamare team,0
bap bap hota bate,0
no tajdar e haram,1
bap bap hota bap bap hota,0
saagar veena,1
yo khane bihari bta rhi,0
at when they harmonies part voices blends each other nicely,1
such lovely song,1
salam dosto lage rheo,1
haar nahi balki islam haar,0
beta baap baap e hota rafale joke year goes pokist,0
jaat bhai apna,1
tum log aise sapna main jite rahoge,0
next level beshram tum log,0
tum log sugar bacha,0
reel per lage raheoge yese hoga,1
spot y,1
match kabhi jeet nahi sakta baap baap rhega aab bol jai hind jay bharat,0
ghara love,1
doing best work as student inspired by but now after listerning about your jounery think after being educated not got prosperous but help neighbour surrounding also whay want software engenner not greater high payable joy but grow surrounding grow our thank much nbhaiya question tenth bad karu software engenner bana liye if possible please guide,1
winnar wese baar nahi bhai yuddh,0
soaring heights,1
saala kabhi mann nai bharta,1
propoganda jana,1
bata sale baap kaun,0
obsessed folk song,1
process past chaana da good one,1
treat wale vhai paisa bach gaya,0
goose bumps,1
basic blend brand pakistani music unique mesmerizing,1
charger chura liya,0
rafael gus gaya ga d,0
music was phenomenal blended her voice,1
bhai puri world haar chuke laudesthan,0
daily listeners,1
rahtee t shirt permanent,1
khubsoorat gaana mumbai,1
epic seen,1
lota,1
bol bap kon,0
know ur history book tatty but atleast google find ur was created ur country was also known as hindustan at last find ur abbu as long as existence your country,0
ao mere lelo tab jake jito ge,0
namak haraam tum log,0
won't believe but best song listened,1
aayush sharma,1
love too,1
way plays his instrument relaxed into his own world,1
jai jai bharat jai jawan jai kisan,1
lmfaoooo,1
how chatgpt destroying,0
will miss lot,1
techninja qw qfelvish krdiya tera,0
jang wali bat krne wale laudu its world recod,0
rafale tumhare aand force sapno giraya,0
behan lando fouj surrender kar deti din sapna dekho,0
excellence,1
noor zehras veena section,1
pata chal gaya hoga bap koun,0
atulmalhotra europe nadiyaan behti lekin koi pooja nahi krta phir itni saaf north east thodi bahut saaf nadiyaan lekin koi pooja nahi krta,1
jana ali aliyes beautiful country people,1
listening ramzan pm,1
beautiful people,1
as an indian proud bro,1
samjhne may aie kiya bap kon,0
bhai atankisthani oo sahi kaha baap baap hota njai hind jai bharat,0
talking about ali hamza noori,1
never trust two things st air force nd cricket team nboth lumber one social media,0
beautifully very passionate,1
aapaaa jind bhai,1
kalam agar sahii sawad lena ustad nusrat fateh ali khan saab aou disdi kulli yaar di sun dekh lyn,1
bill mazeroski,1
time baccha,0
chal baap samne chilaya maat kar,0
awais turkey cock,1
your nice thank much subcribers,1
cant stop listening,1
old lady her instrument,1
khane paise nahi jung krega,0
ending wo starting wali kutiya kaha gayi,0
boht acha ha yaar,1
accha laga,1
han beta baap baap hota tumhara baap hindustan jindabad party nahi tatti khaao tum,0
hua lag gay humaka tumhara reaction dekh maza aa jata itna sukoon oh hh bolo hin mat,0
trri aukat hath lgane,0
great idea,1
alawys coke great song,1
tumhara bap ham indian bale,0
new abbu abbu,0
jisne bola jung jeet poge usko bola apne abba puchne update denge,0
need more types,1
bohat pyar,1
sunn tu,1
' han ahay dil killer,1
hamari bhaisia l dudh deti hain bhaiya ji,0
baap baap hota ncorrect,0
baap baap hota sutiow,0
only one thing pakistani coke ruh sakte deta nothing can beat,1
abe ya saal purna ha mane soch ya abhe bana ha,1
tum sahi bola bap bap hota,0
your voice heart touching,1
chargar chor,0
kunalreang abe jhntu oh tujhe nai de rha,0
heart beats alone,1
father,0
ni bondara ni bondhaa,0
iam very sad because nthis type people like born our holy place nyou deshdrohi nalways make fun hinduism hindustan,0
tumara bap re,0
any babar fan,1
piece,1
new abu varma,0
one can always make calm,1
brilliant composition,1
one best masterpiece made by ever,1
bar pile boll pr lgaa,0
lallantop,1
lots love respect,1
مومنہ علیک thanks good,1
tuhare haris rauf kutte trah lesda lesad ghaseta verma dube,0
cheap pakistani rs phone charger churate hain,0
bap bap othaya njai shree ram,0
anshupathak system reset krke krdenge tera,1
how make muslim take person remove brain insert,0
emotional at moment nlove shradhha diii nyou inspiration nall best your future plans,1
really tough decision sake make education system better proud really wants meet apni kaksha team at least one time will see people takes tough decisions love,1
hum indian tumhare baap apni ammi bolna abbu yaad kar rahe,0
tarcio augusto leoteiro,1
violins notes,1
baap baap rahega,0
isi liye pak jahil khte baap baap hora tumhare abbu thilak varma,0
great decision really needs appreciate lots courage required taking such big decision nice initiative,1
hajar,1
beautiful lyrics music,1
watan chaman,1
sake mooh hamaare khiladi muth diye our pakistani log dekte rha gye amesha beta ta our beta rahega samje indin kiya chijh,0
tabhi bhikari kahtehe ap logo charger chori,0
ohhh goodness,1
pakistani sochta sath match jeetanga,0
shilpaaaaa.... what yaar...,1
kaun je log kis duniya aye,0
ali noor &,1
sahi kaha baap baap hota beta beta mere beton kaise,0
airbase kone baad agar khushi manani hain toh seeko walo,0
hustler just becoz don t like what said doesnt mean ppl brain washed mansik gulam,1
salman,1
uchhalo gira muh bal mza aaya,0
ashamed belong same state as shi guy kabhi dikha toh khum maar khayega go back your hole hol,0
bhaiya jhajhhar hu relatives big fan,1
thanks story didnt know thank,1
yha toh hindi bol lo tum sab sath not talking about viewers talking your behaviour your family,1
hats off inspiration,1
bus nikal gai dunga gaya pani pani beta jyada mat chala kar baap baap rahega beta,0
abbu jeet bete khusi hona chahiye beta,0
beauty music too good,1
baaki sab toh thik yaar mulli kitni owsome,0
navratri tmhara allah chalta,0
hello mam help student b tech first year,1
wow know much,1
beautiful story,1
asas mahmood,1
underrated man,1
too funny pakistani people,0
pray ali noor' full recovery,1
hope well,1
kon kon election time dekh may,1
tumne dron todethe pehle dekhke aav,0
beta samaj gaye nnna,0
key takeaways quick navigation vlogger visits his ancestral,0
unki khusi usi chiz gawar pura desh,0
inshaallah baap verma,0
thank explaining beautifully,1
love your thought,1
chor chor hota,0
beautiful memories,1
khud gali dele kutte trh lga hua phone lekar,0
tepiya pichhawade sabhi gusa dete,0
rafel apne pichhe nikal lena beta jee,0
acha hua match live ata tv pe varna mosin pakistani avam trophy dikhake bolta jita,0
dhun ! ya yah gana mere dil chhoo gaya.,1
lyrics epic,1
bakachod dekha aaj jarman dogi mahabakachod dekh liya,0
always love form,1
god bless shraddha di lot love respect always,1
bilkul sahi kaha beta baap baap hota bharat tumhara hamesha tumhari amma sohar tum jese bigadi aulado baap rahega,0
inspire best teacher world ap buht ache smjhaty pore youtube apki videos buht achi,1
mam love nzeeshan khilji,1
kitni baar loge muh,0
soul feel kr sakti,1
barma akele pel diya bhikaristan,0
rafeel france pata ni gira per f us pata aap gira,0
sahi bole bap bap hota,0
best combination,1
pta chal gya baap kaun,0
just crying while listening,1
she nailed man,1
spot,1
jite kb itna chilla ro lo accha,0
humari nazaij aulaad y,0
tera baap,0
match tumara wale tumare yha halala karne aye te,0
tumara baap,0
tu sabse bekar admi nikla,0
d like join program,1
keep up bhai,1
beta hum tumhare baap ghar sahi mahaul rakho mera mud kharab hota subah tumhari amm naraj jati hum,0
like qalam,1
mzaa gyaaa,1
sharam nahi aata tumlog,0
baap baap rahega beta,0
song never gets old love,1
baap kon batao,0
beta congrats ntumhare paapa virat vo janam talak rhega abhishek sharma varma shivam dube loading,0
eet manufacturing,1
jhula jhulo bete baap mat bhulo tumhare papa,0
ham sab lene aay maje bate sat,0
pakistani rote huye achhe lagte,0
chenab river located banks city gujrat min drive river our symbol pride gujratians,1
apni maa behano umpires pass bejo jeet jawoge,0
take kind decision at young age needs lot courage will power truly inspiring may your dreams become reality respect,1
ghar jake sojare sale,0
country kaise itna dhakkan pappu sakta hay,0
time waste hota mat dekho,0
best yr,1
tera baap wala,0
thank much explaining song,1
aafreen,1
yar nu mily aj lash yar di wow lines,1
jokeron dekhne maza kuch,0
whata back yr uff itni sundar gand aik bar mil jye bs,1
like your simplicity,1
hamad sheikh beautifully interpreted,1
admit lot was being said against strings lately they aint doing their job well but tbh theyve taken coke next level just look at these awesome songs starting aaray moray sayeinya afreeen afreen aaqa udti by mohsin mun kunto maula khaki banda now coke just getting better,1
speechless,1
its awesome,1
end charger chori,0
hiba arnous,1
seriously aapki smile peeche kahani kabhi esi begin krti hogi kabhi nahi pata thaa but source motivation,1
abe tera bap,0
yaar phone charger churaleta hain koi naur bolo papa maf kardo,0
like copied our true number,1
accha match live hota nahi sahbaz sharif vitory decide kr deta,0
sahi bola baap baap hota,0
yeh yaad rahega tumko,0
kiya hua re bhikaristan kon jita dekha,0
lots love,1
flag mitti bah re dekhvakti,0
no matter what will always our microsoft wali,1
lodu,0
truly amazing,1
bapse nikle bap bhul gaye nae tumari aukat,0
small piece musical instrument,1
finally seeing different tshirt instead plane blue t shirt,1
syed saad,1
raoo r love,1
beautiful,1
rafael aapne sapne giraye honge,0
just stay humble,1
coke helps through pain,1
artist name respect,1
choor tum charger nahi chooda,0
such great decision sure ll achieve your goals good luck future dii,1
nice,1
osam apu,1
tumahara kala jadoo kaha beta oo v tumko krne ata pakistaniyo,0
pesa logi madam,0
first most important advice learn proper english,1
song seems amazing,1
litti chokha,1
burke wali mohtarma puri raat karengi party,0
what an astounding piece sheer earthen art laced impeccable voices rao noori… closed eyes was transported just somewhere peaceful beautiful cannot expressed. something wonderful ’ beauty makes cry joy feeling content,1
tum log muth markee pani girane olaba kuch nahi kar sakta rafale toh bhut dur bat,0
rafel gad ghus gaya,0
mat ro chup jao beta,0
jab stadium virat kohli nara laga dar gaya player,0
nice blog enjoying rathee family,1
jokers world,0
sab log yahan per sirf hans jaaye,0
yaar elvsih big boos abhi isiliye thora wait krke usse mil jaana akhir bhai tunhara wo,0
bhai country haasne liye bana bs maje lete rho inke,0
superr song,1
finally wait khatm hua new vlog gya,1
want part your team,1
like sala kabhi jit nahi pate indi hamesha maar chala jata chalo paisa bat nikal dete ha,0
thank glad loving coke,1
allah pak tumhe pelne pe laga hua hain paijaan,0
good see mr rathee stopped hatred videos business started new vlogging business,1
best season coke,1
still listen,1
sunne wale like kro,1
very nice beautiful,1
student information technology nyou become good teacher nyour story emotional,1
bhai big boss kab aayoge,1
saal pehle meine q niii sunaaaa,1
pak dont chance won match against,0
best hands down love,1
shraddha mam aman thanks whole apni kaksha team blessed tu get educators like our generation,1
nice,1
army cylinder indian army samne yah logi tumne kabhi jung jiti kabhi cricket jeet paye pakistani jay hind jay jawan jay kisan,0
after neet ug aspirants,1
tilok kon hay patahay,0
jindabad murdabad,0
respect haven t seen such inspirational videos before was tough decision but motive was very inspiring,1
baap baap hota tumhara naya abbu warma,0
undoubtedly,1
tu bhokta rehe geya ind jit geya koma chala jao ge,0
jai shree ram bhai nlove west bengal nawesome vlogs,1
lauda le mera sab abbu batting maza le rahe sabki gaad rafail dal chala gaya,0
spiritually entrancing soulenriching rendering folklore,1
coke has rejuvenated folk sufi music,1
thank gracing us your beautiful voice,1
love alot dii,1
senior citizen at fag end adore hope earth will better place after past,1
such great work ur doing,1
dont turn caption,1
pakistani trophy chor charger chor,0
was an honor here,1
not only battery systems low will take yrs recharge also dont compere pak players indian players if want play play our c team but try get above runs,0
gai thukai baap bap hota,0
thank beautifully heartbreaking story,1
wow thank taking us such beautiful place,1
noor air base sath karachi maa khud gyi,0
partition mia saree,1
great news,1
abe dogala log dogala dogala rahoge kabhi sudharoge nahin,0
yes bap bap hota app kb bol,0
pakistani chaka chakaa lagegi naa,0
male singer also top,1
proud small word your decision,1
editing level top notch,1
your performance,1
great initiative nall very best nfod daalo,1
kurt godel,1
hua behen ji ji hua,0
can take moment appreciate versatility line kacchiyan rakhiyein umeed paar di,1
greatest thing,1
wala rafail tumhari gaan gussa diya porkiyo,0
may nice observation btw,1
tum log bus khyali dunia rehna sab jga harte,0
don't know if any one noticed old lady playing sattaar salute her,1
esy viral horha song jese song bna abhi,1
alisha gizri voice bahut alag jo yeh type gaane liye bahut acha,1
main kaam ni really,1
best ma really doing great job,1
thuk chat lya beta hehe bap bap hota zihadi tumhra,0
best diii nlove much,1
due respect,1
saal purana song trend aa rha,1
masterpiece bangladesh,1
chudgi maaa,0
inko jihad karna padega osama bin laden banna padega,0
pov way respect others privacy,1
sahi bola tumne nbaap baap hota nbaap hain ham tumhare,0
visited dhanana few days ago ni was not aware belong place,0
install adblocker as did,1
tu khel le aake,0
simply mad people only,0
coming,1
baap saath shaitani nahi beta,0
best song coke ever produced,1
: ufff just awesome,1
bhaiya re kinda funny love bangladesh,1
bhai jaan kab ban jaate pata chalta ladkiyo,0
allah usky ap dono naseeb bht achy karein,1
tum chhakke chhakke,0
jo yo gali de rha hn ya pig hn,0
pakistani coke indian rao,1
baap dayper chenge kro tum log,0
app baap bhai,0
much respect success both,1
feels almost like something divine,1
super like song good wishes,1
bap ha,0
osom soang,1
watching after lovely proposal university,1
ku ja ku ja,1
praveen sharma thanks love,1
sweet kind both feeding birds your videos always give some good messages,1
har bari har jaate kyo ham kafir tumhare offical abbu,0
still pak people believed refels fel down lol how america chaina pak politicians fooled them very funny,0
hagg diya phir,0
karu main mar sakta,0
clearly shows your irrelevant hate andhbhakt spotted very badly,0
but still best cuz education system must needed changed,1
just awsum,1
ending song outstanding,1
charger chori gya trophy pura papistan chor country,0
jaise trophy chura lekar bhaga wo waise tera charger kyo choro ghar,0
loog loog,0
proud ma,1
varunnn pura chomu,0
jitna allah bologe utna haroge njitta wo jo ensan samjta,0
beta tum log paye ga kewal sapna dekho,0
soul penetrators just love,1
rafale keysa dikta haa pate haa,0
kitna rulega bhai,1
hence proved again many times real baap kitni baar apni besti karwaoge yaar,0
love music,1
woh mohtarma kahan bhag gaya,0
loga kam dam nahin liye vikhari,0
dogala,0
kaun rafel gira di uska malwa kidhar kabar bana di uski,0
haan bhaiii,0
anyone after viral reels,1
valo tumhe dog jaisa bhok rhe dog jab danda padta chup chap muh bad jata vaise tumhari halat,0
charger nmatch gaya charger gaya,0
glad see they taken indian artist rao lots love,1
got into nsit,1
part really amazingly composed wow,1
sab pak chu,0
lovely amazing,1
tumahri puri kom chor,0
tumhare cricket aisi taisi kur diya,0
yaar nu milay gi aaj lash yaar di fabulous words,1
mast,1
samuel sarna listen new coke songs feel real depth music soul,1
abhi phir bol baap baap hota agar apni baat pr nahi tu baap,0
kihni sohni te mithi zuban ae,1
madarsa chap sa nashya karte,0
wow amazing,1
saala kitna bada chor sab charger chora liya sab,0
wow nic,1
loving music song heart touching,1
love your voice mashallah absolutely soulful,1
spellbound loving,1
tumara baap,0
kuch cheeze bani hoti marne liye prof chadarmod,0
bhai meri favourite tandoor di roti,1
abee baar andar aa toh sahi bigg boss andar bhar bhauk sakta tu,0
bighna kalyan nayak,1
love kirana hillsss bhikhariyo bap bap hota hay,0
sanam,1
mitti di khushboo,1
shades abida parveen jee,1
beauty opera started,1
love lottt,1
ese tum log war jite lau daaa,0
reels really revive old gems,1
video had given inner life goals,1
sab chor,0
believe people like hopefully would great visiting but safe want hear more your side,0
chek de,0
manipur par video banaaiye,0
beautiful music voice,1
good vlog,1
baap baap hota,0
bahi last bala epic dekhna charjer chura lata,0
flag may kaala jadu kai kay,0
duwaon bhut takat hoti agar dil sacha nafrat kbhi kbul hota,0
hindustan pehla baap jo apne bete hrr time uski khushi dukh badal deta,0
khawat ngand guda nlanka kuda,0
sala wala sb charger chor v,0
thanks much,1
rafel tumare ganda ghusake boom kar dia c,0
strict law should passed littering river very strict none can throw anything river anymore,0
phaley gugal pr search karo kha aap paide huye,0
noori amazing,1
just imagine maestro ustad nusrat fateh ali khan,1
just wow,1
tumari okat nahi haa,0
admire your decision mr aman shradha ma guys fenomenal,1
ending was perfect,1
han beta baap baap hota,0
tumhari sarkar bol diya tumne man liya humne rafel girae hain rafel hamare gaye nahin sapne gira,0
badh kar jokers bhare pade hain,0
abbu pel diya,0
: feels good,1
haseebs vlogs,1
shraddha dii truly an inspiration girls like love dii,1
shit yaar baap pel diya yaar tumhari ammu bht drd huwa yaar shit yaar,0
andbhakht maar denge,0
apne gaon gobar tarah tere dimag andar gobar,0
coke best season season,1
sep khuda,1
amazing,1
beautiful ever,1
indian patriot god bless,1
tum log yhi problem bhikhariyo,0
tu rah bharat kyu aya tere liye wahi sahi jagah namak haram,1
suna elephant l nda ghar ghar aata,0
tumhare yha aisa hota charger bech aata le liya hoga kisi,0
microsoft wali naah apni,1
awam halala gaya bkl,0
itne bhekhari sath aaa thooo aap zindagi par,0
inki harkate dekhne jo maja woh match dekhne nahi kyonki match natija toh hume pahile pata hota,0
raos performance,1
t ind vs pak win win bta de baap koun beta koun,0
teri ma ja puch kounsa baap best,0
every line beautifully written sung,1
divine totally divine well done,1
roo rhe yrr toh,0
kiya hua beta,0
check kar rahe bhai haalat kharab hain,0
inspirational story,1
jahil jahil jahil our besharam kom,0
respect non your way microsoft vali,1
tum log ummid rah jaega,0
song love,1
bird destroy our crop farms near any lake,1
girl,0
mere pyar,1
acchully female singer indian,1
manlo beta hum bap tumara nahi tho teri ma pucho,0
rizwan bhai pta lg gya baap kon yr sch b thi,0
quite satisfying see cry hammered,0
wow inspire,1
baap dekh kar phale thek cricket khalna sikho,0
baab baab hota beta,0
way better than most modern indian girls,0
war hargaya cricket hargaya,0
ly too pak,1
how can anyone dislike video,1
great,1
king,1
dont know why but when listen feel mixed emotion,1
would great if someone could describe song,1
power bank nahi kaisa youtuber tu tujh nahi payega,0
beta akele tumhre team ntilak warma pel diya,0
story an old lady,1
wk when comes music,1
tmhare abbu jeet gaye tathastu bache,0
aisa karo janab,0
aman dhatarwal motivated her leave microsoft,1
khud bol rahe baap baap hota,0
tumhara baap jit gya,0
ga d fut gye beta,0
bap pel chale aay mc,0
only elvishians thinking coming bigboss,1
great,1
bache khon pata,0
being muslim,1
pta chl gya tumhara asli baap kon,0
make video manipur ethical crisis communal crisis,0
im also such great person like rathee state proud moment foe,1
just love,1
else listening song at volume car,1
changer chori jo rha,0
kis kis ganna abhi suna,1
match nahin jit sakte jung keise jeet sakte hoo,0
katora leke bhikh mango aata dedo,0
tabi toh china bhikh mang kar desh chal rha,0
perfect combination indian pakistani friendship,1
no song touched heart as song did.,1
liked much,1
baap baap hota face blue smiling,0
saira,1
eslam haar gaya bhai ji,0
bhikharistan saram bech kha gaye bejjat hote hote apne bejjati karwake thakte nahi,0
sarayki song ha,1
baap baap hota pakistaniyuu,0
valo pahle hare thi,0
ganda fatgaya kia,0
congress dalal,0
people like make places powerful,1
love kashmir,1
congratulations your new father verma baap baap hota jor bolo murdabad,0
at last charger personal,0
tum dua karte par team practice nahi karti,0
jat bhawan,1
learning lot love bangladesh,1
bharat aane pr apka swagat,1
proud bro yahan dusry vlogger huty tu unka content nikal ana,1
noori took different level,1
amazing shradha mam inspiration,1
great story really,1
fauji kis desh surrender hue aaj tak,0
kitni bewkoof log inhe jitna churan khilaoge utna chaat lenge,0
thanks thinking,1
world needs many people like her,1
bhai tu axa kaam kar par mujhe tu pasand nahi jay siya ram,1
finally aapki t shirt pant color change hua,1
just want say thank,1
every time producing new father lol,0
sahi bola baap baap hota beton tumhare baap hami,0
sagar veena part,1
yhi rhta ise lekr ma bap chodkr bhag kyu gya yha sai apne desh badnam krke pesa kmata sale,0
need educate people more about cleanliness like use keep our houses neat tidy,1
sare pakistani papi tabhi dua puri hui,0
paglo jaisa chilla match bori tarah haara bhool gaya,0
wowww amazing song lyrics,1
sometimes learn sometimes land tum log land kabil,0
present kaun bap bap bap hotha pakisthanees completely pagal hogya,0
haa bhia kay huva bata baap kon sudar jayo hindustan nalayek olado,0
sher jaha rahega sher rahega,1
allah pak aapko salamat rakhe ameen,1
jab yah chilate jaise koi match jit liya inko nahi malum match kuchh sakta,0
kash trump ni hota pata chalta tumhey,0
visit bigg boss ott,0
kulli meaning,1
gya sawed,0
aap story dekh swadesh film yaad aa gai,1
dekh pata chalta saare rafael chooran chataya hua paas aaaj rafael hain kaun gire,0
haa baap baap hota beta beta hota,0
good job shradha may god make your journey comfortable towards noble work help achieve what dreamed great initiative example towards serving humanity,1
bhai paida tum hua bhai bale,0
something insane,1
kitne besharam itni baar harne baad itna bolte wicket gir jaye pak wale pant bhar nikl jate apni final result bare soche bina,0
chargar chori geya,0
such great,1
tumhara allah pundito haar gya ct nreligion change karlo allah bible likha hua satan,0
last last meh humble rha pehle bohot udd rahatha,0
bihari food litti chokha gajab bro lota,1
listening song loop,1
honesty equal koi drama koi fake mera gao mera desh,0
can hear love season,1
waqasome favorite too,1
ali noor' part was absolutely amazing,1
good one,1
coke pk,1
kitne baar pela jaoge bhikaristan walo,0
mehendi hasan sahab,1
everyone respected here,1
thank,1
about sohni mahiwal,1
love amazing rhythm,1
aap lok hadse zyade badnam karneko sochra usse zyada aapko rona padtha,0
unsubscribed your reaction,0
please visit shop shree bikaner mishthan bhandar only delhi road nif will visiting please tell,0
salo gareebo apne khwabo mei khushi naseeb hoti tumko bas wale khwab dekho bas,0
greatness explodes out your each every word thankyou bhaiya every members apni kaksha,1
sahi bole baap baap hota nfir verma ya sharma,0
roj kehte es umeed pe aaj jitege kal jitege parso jitege roj harte,0
nyc love,1
soni & mahiwal,1
dekh lo bap bap hota our tumhara bap humesa rhega beta,0
r an idol microsoft vaali,1
best luck,1
aniruddh singh woahhh mindblown,1
manishkumar,1
elvis bigg boss hone fayda utha liya,1
bap bap hota love,0
toote ashiq,1
love indian rao pakistani rao,1
they did justice song,1
bap bap hota khub samjhe sale jahilo,0
as far as happy what sufficient financial backup well best,1
infamous crime against women,0
breathing exercise pe khoobsurat simple video banayiye,1
sohail asghar same soil,1
what keep safe.. those greedy eyes..baby..!!,1
tum log modi gaaliya detey beta sab sahi lagne lagta,0
absolute favourite coke song,1
sapne rafel girate rahte match sapne jeet lo real tum apne baap jung match jeet sakte,0
v. v. heart touching song... parwez lucknow...,1
new father hu thoko like,0
main naqam nai,1
prety relatable,1
beta papa bol papa,0
sardar ji hizrat hui lekin nuqsan sirf punjab huwa lekin ham phir hain,1
tera pamper gila gya end,0
subc coplete,1
no one beat,1
incredible,1
choti kom choti soch bht jaldi jo kushi mnate wo jyda dar tak tikti,0
sorry hum log late huye,1
tq bhaiya,1
they dont know how bat bowl know only funny things,0
always rock,1
enjoy everyone lyrics,1
touched,1
charger chura liye tumlog harne layak,0
tumsub aesn lenge pahle bahot kud,0
was expecting about gobar when showed,1
haris bola baap un shahbaaz bola haris baap,0
wow read full story first time,1
ham log bolega baap bap hota haii father,0
proud shraddha di,1
masterpiece,1
kisi life enter krna kisi bahar niklna nsatisfaction,1
th time im listening today,1
an inspiration,1
dikh gayi aukaat nbaap baap hota paijaan,0
waoo itss sooo good,1
best really good step your contribution will make great impact prayers,1
charger kha gya bhai,0
tum khud chakke si sakal toh tumko chakke padenge,0
tum bach chala kro koi pel de,1
kitney uneducated log hay yaar kaisa laga beta baap baap hota hay,0
why education important,1
after seeing these kinds videos nthere no dough if there people like shradha then indian will worlds super power soon nlove,1
loves too dear,1
song pure jewel listen,1
haar thikda phod rauf pe,0
lukkho yaha itni light aati,0
think its rang season,1
sapene dekana hacha nlaekine din nai,0
ali noori,1
masterpiece makes cry when listen literally outstanding thats vekh chala pendeyane chade dil hits literally different,1
harne bad puri raat pichhwada marva karkar shukun jana,0
uff song hits different,1
chalo bhai kuchh toh acchai wali baat batai tuamane video,1
tera bap kon hua bol beta,0
bap bap hota hay bap jite ga,0
really made years ago? masterpiece cant buried long time,1
sahi bete baap baap hota,0
terrorists pak what ever support might but win will celebrated by,0
youve got god alive,1
just imagine how bright she was get job microsoft,1
salo tum kitne murkh tumhare leader jhuth bolte hain jung jite hain pura desh wahi chatani chatate rahte,0
magic... got tears eyes.,1
rafel pakisthan gar ma gusa diya,0
one most inspiration story,1
father,0
noori been very consistent creative their tracks season ' no different composition,1
proud haryanvi,1
most under rated singer,1
one best songs ' history,1
shradha di aman bhaiya both idol really lucky gained much learning try take learnings as much as can can guarantee going revolution,1
kyy hogaya tera baap samjh aya kyy npakistan chor stan,0
kuch vi nehi sakta,0
congratulations trending,1
noori noori . shipa rao kaamaal,1
ahmerkhank,1
everything possible,1
hypocrisy,0
speak yourself pola,1
what beauty,1
great us di here will help spread them can t see feel very nice such mentors us,1
achi tarah pela,0
kacchi meri mitti,1
bismah dossa everyone listen true music,1
jaldi jaldi comment kar deti hu likes milega,1
sale chor kahike,0
baap baap hota beta chal koi nahi,0
yar nu mily gi lash aj yar di,1
best song coke has produced ever,1
landiya l,0
bhai sabko gaawn pasand mereko nahi muzhe yha environment pasand but yha log bahot gande hote bahot jaada pareshan krte jo achhe log hote muzhe gaawn pasand pr apna,1
poor pakisthan,0
big love,1
atleast not ghisa pita vlogger like sourav joshi,0
ali hamza r marvelous,1
kala jaadoo ulta pad gya,0
else listens song years ago still obsessed till,1
trophy ya charger sb churayenge chor sale,0
soul touching music,1
proud babar azam,1
baap hota nyaah know bro dont tell again again,0
has other t shirts wow,1
vo virat kohli tumhara,0
sorry saying ni disappointed due word person which was just recorded at end video nin which said o bacha jo video dak pata wanna say if love give something someone someone not only involved but world also involved ni learning not only indian channel but there lot channel which learning ni nand unbelievable respect indians,1
bahut gala faad,0
people places which they destroying,1
bhai apne gaanv bare negative review acha baatein aapki muh achi lagti,1
gand maar liya,0
many go settle at foreign work them but she girl wo came back help grow love microsoft wali,1
great music unbelievable love story,1
telangana nhyderabad nur inspiring,1
btao kon kiska baap,0
thanxman,1
yaar nu mily gi aj lash yarr,1
wali,0
music just pure soul don't give nationality,1
pata nahi kaun level ganja phookate hain pakistani jagah missile dag gayi airbase tabah gaye dron brmhos inaki gaad faad di team inki bar le li fir inka confidence kam nahi hota logo serious lena chutiyapantinhai,0
darr hame acha laga,1
tumara baap,0
tariq mushtaq,1
bhikharistan khane roti nahi baate bade bade karte baap,0
rao fabulous voice,1
song best,1
what beautiful language punjabi,1
really very motivational inspirational video which expressed your thoughts goals poor people world,1
tumhara anargi bgi khatm,0
thanks bhaiya thanks di,1
axelblaze fake data dikha jake engineer explain video dekh,0
rahul gandhi,1
video bahut let upload kiya,1
guys doing great job towards education surely believe your sacrifice will make change nyou nation developer,1
gov job kar leti bahot time milta,1
tera bhai bihar,1
rock rock rock rock silpa mam ali bhai team,1
khel khatm hone pahle kutton tarah bhonkate hain fir roke chala jata hahai gali dekar roke chala,0
keysa laga opresan,0
bharat baap,0
thumbs up song just love track,1
now life partner aman,1
third class team then saying njeet rahe,0
rock,1
fantastic teamwork,1
its your jaaaat speaking,1
maa chodiya yarr walonay yarr,0
yaar noo mile gi aj lash yaar di part,1
feel your story also middle class background started tution primary level its take too effort manage as student teacher too but now postgraduate student hematology blood science really like your motivation thankyou love,1
beta pata laga kon baap,0
best future wishing lots success,1
much inspired thanks aman bhaiya,1
finest piece music,1
koi baat nahi beta papa jeet gaye tumhare,0
years later still top list,1
bap koun malum hua naa nbete tum logo baap,0
kaha tera kala jadu,0
still favorite,1
education wali,1
punjabee literature out world,1
rafal sapna giryatha jos pahele khal bat cry,0
inspirational level at ni literally got goosebumps even face nwishing very best lots love best wishes,1
legends coke salute,1
lovers song,1
pelta pakisthan shuruvat aisq hsta fir drd chalu jta blood niklne,0
song beyond borders,1
kaha gyi o bhurkhe wali,0
great mam,1
hahahaha,1
don t worry good advocate start stupidity madness him,0
abbu abbu hota pak walo,0
hheheheheheh gad ghusa le,0
charjer gayab bajrangbali naam suna hoga,0
love,1
paaji tussi great,1
lahore pe ande tamatar padenge,0
voice change,1
iqbal yousaf ha,1
kaala jaadu allah dua sab gaand badh gaya,0
jawan japan,1
made movitional,1
souni maiwal,1
outstanding love,1
achha beta baap pel diye pata chala,0
anyone koi,1
very nice interested blog posts your work job good job,1
men jana mil way ufffff,1
want meet just passed by home,0
dil kitne bar jitenge ap di thank everything,1
paki roti liye israel talave chat rahe,0
she young but her goal something else others there thousands people earning crores but nobody does anything others but she doing old age start higher aim life,1
pure art,1
its amazing,1
baap kaun bete baap kaun,0
kyu krdiya isne aisa,0
poy moonjada pacha vaname jaake thera bap poocho kon heh,0
orange panjabi,1
radioactivity,1
ever green,1
such inspiring journey,1
juli looks like juli namaste juli channel they twins divorced,1
queen,1
inko hindi sikhaiye bhaiya achha lage ga,1
idol,1
best song these days,1
scean touch heart,1
also lots love,1
thank shraddha always,1
puneet superstar tarah,1
jis kwab mn rafael girey usi kwab mn dalkhor asia cup jeeta,0
live metropolitan never truly got experience life,1
voice beautiful,1
thik kaha baap baap hota,0
baap baap hota face turquoise covering eyes,0
bottom heart,1
nadi taraf maardi,1
yeh yeh yeh bachha bachha hota yeh yeh yeh,0
lots love support by us,1
admiring story hats off,1
glad finally hear ali noor,1
gujrat city surroundings,1
tf second time im seeing your vlog video trending first,1
love your voice,1
aim also provide free education every student one day will fulfil inspiration,1
hume cup nahi chahiye tere aage jo khadi nach wali wahi de de,0
bhai beautiful,1
bosdik hate alwayes,0
fake youtuber,0
' voice divine,1
such an incredible spiritual experience,1
nultimate goal nall best,1
behen lodo rafale choro mig gira nehi paya joh giraya woh chai pilake bhej diya,0
dekh tu kaise chori krta charger chori kr liya,0
lagte hain tum log computer ai madat rafel girwaya hain,0
ma take very courageous decision nhats off,1
uska charger chhod dete,0
kala jadu karte hum samjha murkh aadmi besharam tumhari team tumlogo karan harti ghamandi log badbole log ghatiya mansikta log kabhi safal hote tumhara allah jo bolta bura bolo ganda bolo bura soch rakho hum bolte karte tumlog uchalte jyada fir haarkar tumlog rote,0
abbu sa fir haar gaya pakista,0
end raham bheekh maangne lgte,0
awesome sitar player,1
last bahana kon kr rha,0
coke,1
pura chor,0
way say goodbye company unlike others,1
wow thanks much,1
great hear,1
listening near falgu river,1
sher chale bazaar kutta vauke hazaar,0
ap bhut accha vlog bnate,1
benkelnd terimkc,0
love respect aapi noor zehra,1
one best ever song coke,1
aaji land lelo hamara,0
tahir geta,1
kayar bhukha,0
gagan choudhary,1
yasir ali thank,1
pakistani ladki bhej de raat bhar party karenge,0
love song always,1
bhai kamal hipocracy apki,0
tumhara baap baap baap rhega,0
jai love form pnp,1
bhai temple bs tere jaise chutiyoo liye well mannered educated persons v jaa skte waha pe,1
forever favorite,1
tum jang jiti jati hii cricket match,0
please share complete information which useful viewers internship offer apne aap microsoft apko dhundte hue nahi aayi hogi apne apply kia hoga ya koi pehchan hoga jisne lagaya hoga pls provide full information jis auro b pata chale kaise apply karna,1
arunkumar achha toh modi pehle banwa deta jaake apni janta paise naur bullet train kab tak banwa,1
beta ham tarika badal badal pelte,0
bapa bapa hotha hay bhai,0
called worship ancestors proud following traditional beliefs ncertainlly their blessings bridal,1
make course please,1
but best ur decisions,1
khelna ata bikau bolta teams paisa dega kon,0
apne vedios dekh lo usi ghor pee lo,0
badi great behen see how take big desicion salute di,1
samajh aya tujhe baap baap hota,0
same,1
wow awesome,1
maa g stole show,1
punjab shaan,1
sending tons love coke,1
needs lots courage lots good wishes your future,1
vocalist,1
aunty sahi kaha paisa liya paisa,0
dictator rule then how got visa,0
bramos kesi lagi porkio pichwade pe,0
still top list,1
sohni mahiwal kahani,1
tum sbki mkc bar,0
zahil kamjarf rizwan nbaap baap hota,0
hua beta pelagaya,0
bechare bhikhario,0
aajaa wct february main colombo main fir pite ga apni baap hindustan,0
big boss incoming nsystem,1
rafael tumare baap ghar pe giraye,0
appreciate,1
nakam ni❤,1
voice main magic,1
ali hamza has clear,1
bhukho mar rhe khane nahi jung jitenge chuddan singh,0
sehi nbap bap hota,0
superlove,1
gagan choudhary rao rocks,1
ji aap itni piyari hain,1
good songs melody combined,1
pta chala baap kon,0
love masterpiece,1
part video reminds movie namastey london,1
led per bhadvo,0
sahi baat kahi aapne pakistani,0
vlog dekhna psnd bs dekh rhi hu best tuber liye,1
rao. majestic voice . im awe,1
finally production stands true coke,1
saalo galiya dene soch liya karo akele pel diya socho pura aayega hoga,0
land chat liya beta,0
abe tera pura pura mulk chor,0
baap sa panga,0
gand kisane danda dala itana chilla,0
just simply mind blowing,1
bhare bazar chaddi utar gayi,0
bapp bapp hota beta beta hota,0
she mother ali hamza noor noori band,1
thanks everything doing us,1
these songs their lyrics never get old,1
ince alhha khudko,0
choro pakistani charzar choda,0
sab sab gawar log,0
khaya piya kuchh charger bhulaya wo alg bejjati hui wo alg charger le ya aata le bechara,0
vlog far better than sourabh joshi,1
sale tu elv bura bole ga sale dubara bola sale ghar utha liya jaiy ga,0
allah khud aa jata naa khelne toh tum nahi jeet pate naa tum jung jeet paoge,0
baap baap hota hain ntodhi sharm karo tere kala jadu tumlogo le duba,0
phar palra murshad da,1
cow smells zi party blood lol,0
sahi bola tumhaara baap,0
sincerely request coke appoint atif aslam more songs.,1
trophy naqvi le gya victory parde nikal,0
bro mera,1
beta papa bolo papa ham tumhara bap,0
apne baap tum kabhi nahin jeet paoge,0
abidi bhaiya ji,1
baap baap hota guys deserved loss,0
shi kaha bap bap hota,0
song makes soul cry longing love,1
baap panga munna,0
baap bap hota,0
lota was disappointed because juli don t know him,0
its birthday,1
such great personality,1
aaj rula diya aapne,1
everything just perfect beyond perfection must say,1
gamla chor sa machar nahi darta uska apna fufa chacha uska alawa usko aata,1
hit liko wohs lisn tis sng,1
nishadhawan,1
chakka mara chakko mara,0
wish best your endeavours dears guys extremely fortunate got chance help educate people bring about change god bless strength courage needed love smriti,1
abe pagal iske vlog baaki logo vlogs lakho antar,0
love,1
insha,1
bhain dyia lourhia mac wala,0
itna chila ha walo apna shake de diya ha iske muh nislye nehe yeh bikaristan ha chori no allah allah karle behen bhai shaddi karne no teririsiom no,0
wow motivational story,1
quran koun jute bolthe ohh muslim nahi hey,0
mighty sagar veena,1
greeting love love our hearts flowers,1
music has no boundary,1
beauty,1
chardey panjaab,1
bhai kyu pagal bana rha tera district sonepat,0
aura moment,1
thanks,1
pakistani kitne delusional feel very pity them kaum jo imf loans pe zinda vo sab kese bol sakta,0
pta chla baap kon,0
bharatiinteriors sahil,1
masterpiece music composition heart-touching,1
chor sab inka charger chori hota,0
his powerful vocals,1
oyeeeeee jamshed send ur link,1
ali noor amazing,1
aap ausam love your thinking great plz iska start aap apne gaow kare,1
pure udana chahiye tab pata chalta rafel kaha gira,0
bhai yai rathee sai bada dogla insan nahi dekha maine aaj tak kabhi kaihta ramayan nahi maan ta tau lagta esa hua nahi kuch but next side paise kamane kai liye mandir jakar vlog bana taki log soche banda tau indian culture badawa dai yaar jau mera comment padh sirf baar bas soch kai dekho iska dogla pana please koi aise logo kai jhanse aye,0
big fan mam,1
mach jyada maja yaha inko dekhne ata,0
beta pata chal gaya kaun bap,0
heavenly fusion music,1
sahi kaha bache hahahahaha,0
now dark room,1
noori band just awesome,1
too would love join one day common goal,1
heart touching & emotional,1
ali noor voice,1
aapke naseeb rona likha,0
bhikari happiness dekhooo,0
pakistani choro des tu charjar liye ro yanha pakistanio tarofi nahi chhodi jis des karta darta khud chor wanha janta ummed karni chahiye,0
rafale gira diye saboot,0
gujarat education pe video bnaye nsarkar government school main bharti nahi kr rahi gujarat jgiyaye teachers khali fir aha gujarat months contrac pr bharti krti,0
got goosebumps after hearing your story more power di,1
lhe,1
sab log joker pahle khus match khatam hone tak rona roni chalu,0
music at its best,1
hame es bat dukh ha tumre yha maal achcha,0
kitna harega tum log ncricket alvida kar bandhuk trainning start kar cricket tum logo nehi payega,0
rafale dakha kabhi jindaghi main gandu,0
absolutely stunning finish,1
tm mkct mcd,0
pigs shouting,0
sohni mahiwal story song will feel more impactful,1
bhai hmme dukh hota jab vaha sundar sundar meri maal roti tho,0
sagar veena portion,1
when proud,1
nice content hoping match level simplicity our vlog some day future haha,1
session,1
really like your smile keep smiling like forever inspiration,1
power mesmerising music,1
dhruve please make your coure affordable like under as middle class people impossible buy,1
two words highly,1
today birthday,1
miss too much,1
abbu jit gaye nor bete ro rahe,0
short clip two pigs was bad,0
aapki hansi bahut axi lagti,1
pata chala baap kaun,0
kyun beta hummy chud geyi,0
better than romeo juliet,1
man right,1
tumhe pata tumhara kitna papa,0
really beautiful performance,1
' tiktok,1
thanks dost,1
song parwaz,1
hn bhai charger gayab greeb whn log,0
chillao beta batao kon bap kon beta bhai indian bhai aata dedo,0
beautiful,1
haar bardast nahi rahi pak,0
uska charger koi leke gaye naur usko kashmir chaheye,0
bap hey,0
help bro,0
bahut bol baap baap sale mere bacche tumhara hmesha baap rahega,0
agree,1
aap chootka anmiye check karo karachi,0
rizwan apni bhen raat liye dedo hume maidan mei jung suru karne liye,0
charger chor trophy chor,0
pakistaniyo tum makkhi nahi gira sakte raffele girana bahut door baat bechare ase bol bol apni dil tasalli de dete hain,0
hook up song,1
not fan fake filmy heroes but real life heroes idol inspire us,1
still best,1
brainwasher,1
pak ldkiya hum sohar,0
shubham meena,1
charger chori gaya bhai inko match jeetna,0
wow just got addicted song awesome singers,1
baap wahan bete alag krdiyaa jmeen kuch tukda dekr,0
ya arif lohar song ha aik bar usy sun lo ya bhol jao gy sab,1
softness,1
roti khane liyea charger chori,0
awosome song,1
baap baap rahiga wale jhuk rahane kabhi jhukega nahin sala,0
very nice good effort,1
surprise,1
peace our requirement,1
romantic,1
charger gayab kar diya,0
wow outstanding rathi bhai basic your near hathwala,1
ghar aata,0
love amritsar,1
youtube hu mere channel aapko help hogi namaste uttarakhand uk nice video,1
song sung beautifully listened more than times pure emotions loved,1
thanks mam great singer,1
last bola har baar haar jaate matlab tum pakistaniyo pata,0
ma sha allah bhai apke jaise sundar gao,1
fav video frm your channel,1
camera man bhinku chudu,0
guitarist,1
baab baab hotha ok bhoth baat mat karna tumra charger chori karke kaya,0
atron thanks bro,1
inko kashmir chahiye,0
your laughing soo anoying,0
bahut bol rahe jaang meddan dekh liye jaang meddan hua,0
time favorite,1
one blog worth more than shaurav joshi entire currier,1
tooo,1
live opt airbase proof destroy feel war such foolish pak people gov,0
shukriya allah rahmaat,1
red wall beginning video people can relate super proudddd,1
favourite coke production,1
ha bhai baap baap rahega,0
good,1
listening masterpiece,1
abi tum katcha,0
baap baap hota beta beta hota,0
white buffalo good,1
process will always special place heart,1
proud nyou doing great nand inspired lot nyour videos apni kaksha easy understand good nthank muchh giving free education nand will always remain microsoft wali ngood luck future,1
aisha,1
indian but love song,1
wahi kaala jadu tumhre bapp piche dal diya,0
ali hamza love,1
janta kah rahi bik gaye kahavat gyi jab angur hath aye angur khatte,0
bhabhi nlove respect bihar,1
kon sun rah,1
yaar nu milegi aaj lash yaar di death,1
life pak jit skta,0
sale sahi bol bap bap hota bap bap hota bap bap hota bap bap hota bap bap hota bap bap hota bap bap hota bap breve,0
bap kn hota dekhe liya nindia bap okk,0
bahi last bala epic dekhna charjer chura leta,0
too,1
apni army jakar kabhi pucha pair abhi tk kaap rahe honge,0
superb doing very brave job our blessings guys,1
hat off,1
father cricket team,0
meri hansi ruk rhi inko dekh,0
best song season,1
tumko pata baap baap hota,0
really inspired,1
hum indian tomara bap ha,0
mere ishq asa e anjam,1
re wah haryanvi chhoraa,1
legends comes towards comments,1
wo jahar veer gogaji maharaj mandir,1
very nice video small youtube ar,1
nashedi chhapri kaum apni sarkaar chataya chuuran chaatti war wali baat jhooth pe jeeti jis din unke jhooth pakdogey us din shayad haalat sahi tumhari warna aise salwaar dance karna saari zindagi humara hum aagey badh rahe hain,0
bhai juli indian dress ma bohut acha lag,1
still fresh full feelings,1
thank rao,1
rafale sapne giraye,0
noori powerhouse,1
kich kaho bnda life mje le,0
microsoft wali dii apni kaksha wali diii,1
amishyadav v sman gay sb kuch man jao gy tumhara pura mulak man jay ga bs tum ma education kami ha wo hoti tum log apny jhuty media py kabhi yaqeen ni krty,0
sun beta tera bap dada bap hu samagha aya tere data itna dum nahi mig gira nahi saka rafal bat kar,0
best wishes ur future mam,1
job not microsoft wali will permanent,1
charger chor trophy chor sabhi hain,0
aam aadmi party spoon stop bjp,1
bro plz don t come bigboss chahata tum us bekar show jao,0
one favorite songs,1
save woter save earth,1
salaam sarhad paar song sounds like our common heritage,1
mam your voice just lovely,1
goosbumps ' called music,1
very nice peaceful but dirty,1
hua last bolti bad hasne bad rona parta yeh wale pata hoga jo pehle hasta bad rona parta,0
ducky bhai,1
bhaiii jo tum course banate vo free diya kro kyun everyone rural background people not afford plz nbaki aapke uper depend haii,1
feel emotional how much people doing education boom our indian indian will shine more up coming year,1
ghadeya,1
gulmurg restaurant th nov now - times daywhat masterpiece,1
itna chillaya cup chhodo,0
bap kon aaj pata laga bhikhariyo,0
love performance,1
fantastic song music,1
sapne rafale udana,0
thnxxx brother appreciate alot,1
bhusudi bale jau re,0
besttttt :,1
tera baap jit gaya,0
pak coke got love,1
amazing acting,1
thumlook pakkisthan nahi jeethega thumlook kibar ziyadhahe foo foo,0
video will lead million subscribers,1
extraordinary efforts future god bless ya,1
agree mate,1
music cant any more diverse than goosebumpy,1
wonderful thoughts,1
dekho abhi bihar gaya kitna bar ham log tumko laat maar wapas bhejo har gaya,0
well maintained privacy,1
nice,1
thank sharing story,1
st part,1
wahhh kehne,1
lov song,1
hanji bhagt ji,1
jang tumlog sapnon jeeta,0
log sapne bahar kyu nii nikalte ntum log sapne jiya kro,0
very nice bhai,1
baccho sikha rahe kutti jaat kabhi sudhregi nahi,0
loving since first time,1
kon,0
aab lagina jhatka hum bale bap bap hia,0
indian team koi koi baap ban jata,0
hum aapka sacrifice kbhi nahi bhulenge naurr hum phod kar dikhayenge,1
shamkhan went better than expected,1
tumara bap rhahaiga,0
vry good,1
nice express way built by modi govt,1
inspirational di,1
most underrated song coke .,1
bap,0
rafel gad ghus gayi logo,0
highly motivational,1
acha woh banda pgl gaya muje laga pak aaise log rahe te,0
baap baap hota jai hind jai bharat,0
besharam logoko like comment mat kiya karu year please,0
best your hard work ndon t sad because different paths makes people different unique,1
kala jadu kar apni amma andar dalo,0
just mesmerizing,1
people would give up their life work microsoft life becomes easy taste real success microsoft dream,1
waooo amazing fabulous,1
desh khidmat,1
harne baad trophy churi karke bhag gaya chor,0
touching depth heart,1
youtube nmera short channel mere channel aapki help sakta nice video,1
love your beauty,1
thank edit man..' emotional❤,1
wasim akram world cup dilwaya use jail dal diya,0
song take into another world,1
punit vacchani,1
best an inspiration,1
apne abbu jit badiya nahi doge kiya,0
jaise may mohd masjid udai thi waise bikhari pakistani udaiye yalla yalla,0
purva moond abe convert hua yeh muslim,0
still fav,1
else listening masterpiece,1
addicted song now,1
lahori churan bahut strong,0
visit,1
bhai ak kaam kar tv tod de,0
what song story,1
saale namuno desh,0
songs reminds ducky bhai,1
sahi kha bhai baap baap hota,0
rizwanvlogs baap baap hota nor konse rafel giraii apna airbase bacha paii,0
good were days,1
just wow,1
goggle tesi up jowan tesi e hota ha,0
income rota hua reaction,0
good,1
attendance new year special,1
hats proud,1
itni aukaad rhta muslim tuhje dhaura dhaura nahi marte,0
absolutely true,1
really hits different,1
rao elevated song whole another level,1
harish rauff jo ungaliyan dikhaye,0
how can say bachhe like seriously,0
punjab kashmir culture best very super chudithar looking nice everyone should eear salwar kameez chudithar insread saris,1
coke pak always rock,1
please visit satlok aashram dhanana,0
bhai charger mere pass nbeta baap baap hota nwe love,0
amy yup because true love,1
usko pita ji bolo yar,0
madar chodo kar diya,0
social media platforms,1
admire lot,1
incredible,1
humara coke,1
vikas garg welcome bro,1
bunch hypocrites potential terrorist,0
great motivational video,1
chor,0
rao phenomenal,1
thoka thoka surnder thoka,0
shivani ji most welcome,1
hey elder sister god bless god bless our country,1
violin after next level,1
bap bap hota,0
logo rafel kis kis kahan kahan ghusa batao,0
shilp rao love,1
allah porkio muh pe moot diya,0
really totally speechless nyou really great,1
wow very beautiful,1
best season,1
[cleaned text]: song hits different when know whole story behind,1
noori fans,1
also jaat hardworking as bhaiya,1
sohni maiwal,1
finally brahmos gira diya pak par,0
music qawwali,1
bacha duao paida karoo,0
hats off noori,1
ha bosdike ghum kyu atanbadiyo paise nahi mil rahe,0
editor surprises everytime,1
best season,1
love much coke team,1
fakstin fakstin,0
salam big fan your chanel received alot new knowledge your chennal thanks alot mam take care,1
kon kon kewal maje lene aaya,0
pkmkb gaya,0
finally found video other tshirt,1
jokers still believe whatsapp univercity,0
charger samal nahi pate desh kese samaloge,0
want like song many times but can't,1
she did an amazing job,1
omg just discovered song amazing,1
after reading subtitles,1
hato bosari balo,0
proud haryanvi,1
last year' listening song,1
wow love song,1
song at good level,1
sahi main baap baap hota,0
bhaiya kbhi apne bachpan best friends milaiye,1
salute your music feeds soul love,1
nice blogger bhai,1
one best landmarks,1
mujhe v bohi lag,0
waah paar chana de,1
comment section after ages,1
three great singers one screen,1
kelsea jackson,1
tum pakistani balo thik batao kitne rafael gira hoo tum,0
sahi bol rahe baap,0
charger chor dale,0
please give us evidence ndo nnooooooooo nonly daydreaming,0
coke team kirdar kiya,1
finally accepted baap baap hota hh,0
aman bhaiya just passed somehow now after year want join,1
"specialty reflects same sweetness as used listen these folk songs air, almost non-polluted by over instrumentation",1
aap bolo choda liya sab pakistani,0
yes should follow afghanistan syria halala culture kaabe pathar choomna chahiye andhnamaji moot dena chahiye karamaati toilet patthar pe shittiest barbaric religion,0
yaar noo mile gi,1
mausam nakul pichhwade rafel grey indian,0
laajawab,1
abe thumhari aaukaat toh match jeetne nahi jung sapne jeetogo,0
rathe vlog bohot kuch sikhate jo kisi debate main nahi milta,0
tayari abhishek sherma out karne karke aaye naseeb surya our shubham gill out gaye our kutto laga match jeet aayega our khushiya mana rahe lekin verma pasa palta diya sabko thokake,0
jo board uthaye kadr sb bakchof hsi bs pic khichate asal saf katna kaam karoo,0
love kashmir,1
barma bramosh ayega ruko,0
kon kon sun,1
speechless goosebumps everything,1
agar wo rehta chhapri nalla kar leta,0
bhartiya chora videshi chora gulam bn gaya,0
great step,1
agree baap baap hota,0
favorite,1
bar lele,0
cameraman hors pawar jhatka mil gya,0
song good,1
rafale b tere sapne main gire,0
baap hindustan,0
ayeshai,1
not going remove video keep history,0
jay jahar peer goga ji maharaj,1
baap baap hota,0
hua ma chod de paijan endiaa,0
illiterate country,0
cartoon log hain madarsachaap,0
rookietookie likin andbakht tho her jagh unhe rokege tho ulta vo hume deshdrohi bol dege,0
bahan lawdo jyda uchla mat karo aukat raho new papa salam thoko verma,0
very nice initiative protect water bodies,1
bhai eb kidhar gya hindu bhaichara nfaltu jaato bura bhala bol rhe,0
entire indians especially engulfed by religious cultural superstitions,1
congratulations tum haar gye beta,0
nice couple,1
gazab nirlaj log tum log papiyo,0
bete pelte rahenge hum,0
haha same here,1
time favourite,1
sheer awesomeness,1
dire dire malom pare gha,0
di make proud jharkhand,1
waley ladke khana khila yr koi,0
very beautiful noori,1
strongest every aspect man,1
totally love speechless,1
haters will say not indian,0
operation sindur yesa thoka,0
mtlv bhai tum rhte,0
respect your words,1
log apne bacho b sikha rahe abhi b jahilo tarah baat karte,0
good luck shraddha,1
rinku betting milti bol pe match khatam jata,0
well done aman,1
fabulously sung,1
tabhi sochun microsoft itne bug kyun aa rahe hain but thanks god left,1
charger chore,0
bat par chip lagayee thee la inzamaam,0
chlo wild card entry lo bigg boss jldi jldi,1
let' good neighbors please,1
aman dhattarwal,1
ktava log bap bap hota,0
vlog knowledge,1
jeher khake marjao,0
charger chori hote,0
thanx appreciation keep enjoying our good music,1
leaving comment,1
rakhna sikho pahle beta,0
emtional heart touching,1
gym jaya kr lodey,1
pakistaniyo upper mujhe bahut haasi aati,0
dream microsoft company ceo,1
hats off amazing nice combination noori rao,1
jatt jatt,1
garib dub mar jayega walo mkc,0
julie visiting sasural,0
bhai iska emotion la jawab mere inner feelings jag gayi bhai,1
lots wishes ur upcoming life di nloads love apni kaksha team,1
great content,1
pta lg lg gya baap baap hota chuttiye,0
luv dis collaboration,1
will visit there next month lol,0
oh beautiful was beautiful,1
anpadh gawar fans yahan hindi ch d rahe english wali video inke palle nahi padti waha support dikhate,0
chargerbhi apne aap khisak gya,0
amazing start melodious,1
soo true,1
jaat,1
may peace b upon nsalute,1
kasam bde lo bas,0
haha sab chor lol,0
thanks coming coke,1
very nice couple,1
aand forces aam awam asiacup jeet gye sirf social media pe,0
follow your passion,1
bhikriko tumhare abu jeet gye,0
want like mam,1
yes bap bap hotahe indian tomara,0
silly fellows doing comedy theres paak bap yee literally drilled entair paki,0
coke ours,1
haramzaada jaisa khud waisa neech parivar,0
art,1
really like way laughs everytime talks his wife its humble comfortable,1
hatts off bottom heart great decision,1
song satisfying,1
pel diya,0
feel as guilt miss,1
one most favorite,1
pakistani army b jung darr kar baag jaati,0
tera too charger chura hamari too trophy hii chura kr le gya tera abbu,0
junaiid thankss,1
lovelies,1
toos till,1
tum log match pura dekhte nahi bus wicket hote kush hona start wicket hone pr hara de kala jadu kro ya pila jadu,0
oh god way narrated entire story,1
mother dhanana too visited place multiple times childhood nice see video,0
really impressive always wanted something society got way how can really impressive guys keep going,1
yaar kia music,1
real,1
abbu,0
saalo kahi level rakho,0
best song nice ever heard very very good voice,1
thetigerkings yeah living way better life than,1
greatness,1
great vlog,1
thorpy choor,0
fvrt oll tym,1
somewhere song,1
tumara baap jeet gyena,0
isi jaahiliyat vajah tumhara desh kabhi aage badhega loqn jindagi jeeoge,0
never get bored noori best combo ever history music,1
umeed maat krna tum log kabhi jeet pauge gandu,0
singer dude looking really handsome,1
song hit after years,1
music dreams,1
visited twice cousins live ambala nand live trichy tamil nadu nharyana was really good,0
wonderful story two lovers gujrat,1
respect your decision di always,1
phirse tera naya baab peida hogaya varma,0
love nd respect,1
she sung beautifully,1
heartfelt song,1
nice thankyou much like,1
tomorrow paper was enjoyed,1
katonki kay gai maki c ghus jao,0
terrorist bab bab hota hei bacha bacha hei,0
coke best song,1
kuch nahi got song,1
she inspiration millions,1
love bangladesh,1
inspiring,1
still love,1
beautiful description,1
lo match tumhara hain lo le lo harahua match,0
haha cute,1
mam nalid love your voice,1
love,1
dear mr nchannel your seems holy life line your nnow looks dirty can spread disease villagers as well water body creatures nwhy don t take up cleaning planting tree saplings along both sides channel nmay require few lakhs rs ni think can nplease share renovated video channel ni sure will get two cr views,0
thumse nahi hoppayega betta,0
trending number,1
loved lines lovely sung lovely voices,1
match haar gye bechare charger chori kr liya,0
love great,1
coke only thing indian love,1
war b har bar haar jaate bss war live hoti bichare khus hote rahte jhut,0
its but still love song,1
love music,1
emotional story really cry after listening story because also middle class family dream get job good company started learning code,1
music just beyond boundaries imagination,1
tere baitri low gai,0
bohat jung jeet li bhikariyone,0
bhai match fixed koi yakin karo yaar,0
win social media,0
baap baap rahega,0
havent border songs,1
hardik pandiya lofing corny,1
zindagi kuch acha kiya hoga,1
perfect one,1
beautifully sung,1
best decision,1
what masterpiece made honor utter love,1
omg can relate much both same story first person pursue engineering even dont exposure want city prep jee currently at rd year ece nit warangal inspire us nmuch love,1
jung haare match haare nakara,0
papa nahi uncle,0
chu yo sath asa hona,0
jha jao bas apna best try chase goals then goals will chase,1
microsoft indeed provides an amazing environment ni don t think any other company has such wonderful work ethics ni also said good bye team last week,1
sale garibi choro rafael baad girana pahle charger khoj le,0
sari awaam full laundiyon wala dance kr rhe,0
charger le gaye naqbhi toh trophy le gaye,0
please bhai apni privacy maintain rakho yar love up amethi,1
process,1
best luck journey ahead,1
shilpas voice absolutely magical,1
mam thodi bahut help de dijiye guidance please help,1
bete pahle humse match jeet jao jung baad jeet lena,0
full energy,1
anurak chhetty most welcome,1
're outrageously amazing,1
verma silence whole none man army npak aand forces claim shot down jets njahil qom claim npak pm claim nwhole pak nation confused because lahori churan,0
aukaat ni tumahri harane baap baap hota salo,0
hats off dii,1
educated person doesn t go big boss show,1
hope very best further achievements guyss,1
zakir khan,1
ja beta ja ja baap nazar nahi milate kabhi,0
papa papa e hota papa,0
song ultimate masterpiece,1
sare loke chor ha bhai gussa mat kar,0
sab yha gambling wale log,0
best,1
baap pela,0
maal yar,1
nice voice rao,1
elevish fan like kare,1
bachhe toffy hni khelnge,0
pakistani gaya sath,0
itna chilla rahe munh de diya,0
hats off people trying stop further pollution river also surprisingly not many people here seem talking about them,0
your voice soothing,1
vidhi but khobsurath sehar angay alfaz hein hein bhai but aala,1
allha failed allways,0
kyu beta baap kon pta chla,0
inspiring,1
inspiration proud,1
studiolove,1
log jhuthe shan jite hain pune sarkar batati nahin hua hua,0
has full package entertainer lol,0
storytelling,1
thumbnail superb,1
stay blessed,1
peak pakistani music,1
words very less praise guys thanks making chage making better life people there many goinf abroad study big package living their personal goal but person like thinking about other taking action them thanks good work,1
bahut acha vlog last one important,1
birthday th september,1
pyaara,1
sahi bola tune baap baap hota indian baap tum logo,0
oh soul literally shaking goosebumps,1
careful happy enjoy your life,1
sugro tumari allha nahi suni allha phone nahi uthya bhiya kare,0
congrats get enlightened beautiful music,1
thordi der baad yeh tv tor denge,0
nsit nahi milega pr aman bhaiya apke sath kisi din kaam kr rahi houngi main taki apke iss educational revolution contribute kr pau hat off shraddha di,1
baap ghenta marta hn,0
baap baapi hota hain beta betaaa,0
princekapriboy lol,1
tum toh paisa pooja karte uske chakar apne desh khilaf itna glt bol lete,0
song saal hue youtube pe but hamy aaj pata chala wo b insta reels,1
tumara abu verma chaya huwa,0
bap beta,0
mr its nice vlog,1
abbu jeeet gaye bhen londo,0
remaxed songs,1
love cokestudio,1
can touch them also l can t help laughing,1
proud haryanvi,1
marvelous song,1
حalia mere kaam,1
love song beyond words,1
rao noori awaz,1
thanks sharing,1
ha ha ha ha ha ha ha suno,0
chor kam,0
thought new but its good song like,1
want join,1
di r best teacher poor students miss behan,1
kacha meri methe kacha meri name,1
never got much satisfied after seeing these dumbos silenced not just made day but made year,0
khayyam abbasi band,1
bhai tujhe kisne bola wo hinduism khilaf bolta nwo bs galtiya nikalta,0
pooja karke feeling acchi aati bhale sab myth,1
kuthe mirgi lagi,0
cant believe its been years song,1
super bro,1
rizwan bhai kitna majak banwaoge bta tumhari team gali mohalle team hara de apki public bolti shain kha,0
day,1
noor khaan bace,0
tumlogo yhi prblm match jitne phle itna celebration pura hawa urne lgte tvi tumlog jte phle match jit lo phir celebration krna,0
ammi chud gai porkiyo face blue smiling,0
hahahaha agree by,1
morari bapu ji,1
haan tumhari job kaisi chla rahi,1
mann toh kar rha itni galiya du par phir yaad aya gali toh humare players match jeet de di inn kutto,0
please can travel japan make vlogs over there really like see both visiting different parts world,0
baap baap hota bete janam hua koye baat bete aapna khayal rakho,0
garara karle halak suk aya tera,0
yr aam c baat gai inki aisi video dekhna sala har baat inki besti sale isi layak,0
awesoommy fav song,1
mujhe laga naya song,1
modi bjp government bnaye expressway pe chal rha usi modi government khilaf bolta,0
honour,1
real indian fake human,0
kachi mitti,1
think video shooted april may at ending rabi crop season shooted secretly recorded nwanna see also behind scenes because also same region watch regularly,1
aww super magical,1
dank rishu,1
best part,1
papa pata chl gya,0
sahi kaha baap baap hota baap jeet gya,0
thats what they teaching kids,0
pakistani bhai sale sare din sapna dekh te rhte,0
will always rock at any where ur keep doing can t see anyone can teach like,1
dude his vlogs calm peaceful nbgm was awesome,1
pakistani yo sindoor laga diya,0
love way always cry,0
beta pak baap,0
luv porkistan crying,0
hello di really wanna talk some reason plz provide any contact info any email plzzz diii hope understand,1
kha gye bo jo bool rhe thye baap baap hota btao usko baap baap hota hain tumhara new baap hain tera baap jeet gya pure raat party karo,0
amazing story,1
bhik maango china phir,0
honestly pakistans coke way better than indias,1
bisma haseen,1
shayari,1
re true motivation one day wil meet as programer,1
inspiration wish may success your life,1
lagta tum big boss wali video dekh aae,1
gee,1
bheek mango tum log katora le pure duniya,0
surya prakash,1
now sharadha di ceo apna college,1
haaan,1
badalti duniya badalne wala chahiye really most inspired,1
happy birthday uma,1
lotta,1
charger chor rafel girayenge,0
has years back!!!,1
gand mar chal gaye indian team,0
kabhi jeeta jo abb jeet jaata,0
mja aa jata tumhara pakistaniyon,0
tu kyu khus,1
rap noori amazing song,1
jai hind jai bharath jai congress love kerala,1
inshallah,1
chor pakistani charger le gye baat krte raphel girane,0
tum kagaj rafele gira sakty,0
trofi chor atanki,0
best if dont share ur personal information abt ur home ancesteral home not safe as some bjp bhakts r very dangerous,1
khankir chhele,0
guys bigger journey bro god bless chote bhai,1
start pink chut last wahi pink kaali kar diye,0
great initiative towards education,1
lots love brother,1
lavde itna kyo chila,0
abhi jita nahi bap bab chillane laga,0
dii aap osm,1
anyone tho november,1
acha huwa live match thaa varna tum log jit jate chutiye,0
ana hu qana tawaba,1
baap baap hota sahi bole tum log bhot aache jante baap kaun,0
chup boasadeekke boasade jauoo,0
thanks yaar,1
baad ch v nach laina c peo di jitan di khushi ch,0
're wonderful singer,1
hrami com,0
very spiritual song very good song,1
bass silate raho ham tumre muh date rahe ge,0
hat off tge best,1
jalebi bai country,0
bigboss aa lia bhai dikhe,1
harish rajora,1
bhikhari reaction,0
one best songs coke songs,1
muze aisa que lag bigboss jane scene,1
q apni besti karwate pwerkiyon,0
amazing songs,1
ahmer khank,1
anyone earth,1
mastermind behind,1
tera papa,0
beta abu salam bolo,0
aap logo khaali muh chalta,0
jitate tum sapne,0
maja agya chilla,0
r age doing much feeling jealous inspired already,1
song ha,1
song very close heart,1
mussa kaleem,1
pakistanis live fantasy land building castles air was good match was hanging by balance better team won thought was better team any day was waiting some luck go their way allah some miracle none happened now they will content stolen cup which naqvi sahab might smuggle plane keeps flying higher higher,0
video aakhir mei asal wale aukat dikha di chor wale,0
think one best songs season,1
rafael ghirane claim chaand tukde karne claim milta jultha hain,0
vipuldrockstar,1
seat belt seat belt seat belt where seat belt please don t forget best keep up great work salute respects,1
dream meet work one day,1
bhai jan ammi jann chud gyi,0
tere bhain nu aalia tere kahin te run out dena,0
jazak allahu khair,1
pakistani o thoda saram karo,0
there also some very talented musicians,1
bhai tum galata,0
growth level op,1
deenguy bro its bhagwa love trap trap muslim girls right,1
allah bahut weak,0
feeling proud,1
khusi khusi apni maa behen khod diya,0
hold drink,1
behena londha tumara pm ku puchha sindhuru kon jita,0
very nice awareness through your vlog much appreciated hope people will understand make place clean,1
sharma ya verma sindoor hum lagaye tumhare,0
tum log ghamond bojoho har roha hain,0
hua rizwan abbaa pamper change kiya tumlogo,0
yes when country formed basis hate towards religion what can expect,0
swithstudent nahi wo nahi jaanta tabhi aise baat usne,0
noori just amazing,1
coke really cook everyone,1
listen awesome song makes cry,1
nobody going talk about professor determined trying clean waters an inspiration,1
pakistani songs heard,1
thank your awareness water restoration very very important mr professor really suport your group,1
gand fat gai,0
isko out karo wo last tak our nay hua inka baap ban gya rafel rafel karte rehte pata nay kaha gira unka mann kare rafael giraynge sapne,0
desperately waiting one,1
border paar karke coke aaya hu.,1
mahiwal kahani,1
its noori masterpiece,1
jhula jhulo magar baap mat bhulo bkl,0
only some people can understand lyrics ones know sohni mahiwal ones read urdu adab,1
ind baap naur nazayaz aulaad,0
kahe bas,1
kintini baar haroge bhai,0
tum log cor,0
koi itna gwar kaise sakta,0
welcome aboard rao,1
government need take action against people littering rivers making as dump yards nand as citizens protect our lakes,1
mene aaj suna . zabrdust,1
love extreme left xd,1
haris rauf remember name kohli nyou got new papa varma nyou talk win,0
aata nahi jada mat chilawao nahi bhukh lag jayega bro,0
aman bhaiya please make course adobe illustrator would great learn your team,1
lucky,1
maja ya bhai bap bpa hota hei thik hei,0
bakloli chalu,0
surrender chutiye,0
f jf pakoda gira diya airbase saath saath awacs,0
poopjeet spotted,1
sharma ya varma bana shawarma,0
antankistan aawam aaj pata chala baap hota,0
agreed,1
mike wala khus chumma le liya ladki harne bad wapas dena pad gaya,0
emotional passion,1
music,1
rinku singh naam missile pak may drop karna parega,0
same nbaap baap hota,0
dhinchak pooja fans too,1
noticed his t shirt,1
son abhisek now happy sad,0
bikyariyo jaw bidesh bikh mangne,0
your thoughts unbreakable keep,1
pak hmesha lega,0
hsrris rauf an indian agent just doing his duty,0
best luck your new endeavor,1
etni khusi milna chahti,0
verma your new dad,0
bhai jaat nikla,1
heaven,1
charg choda,0
thanx adding lot values life,1
pakistani banda bol bharat cricket jit sakta lekin jang nahi jit sakta nbeta bharat tumko torkar tukre kar diya abe tumko bangladesh jaisa bhai mila njyeda jahilpani karoge bache huye tukre kar diya jayega,0
wish very best mission love,1
pure raat party nahi nad pure raat pak matam hoga,0
god bless them,1
mere comment pe like karne aaye masterpiece phir sunne liye,1
bol jita hua match haar gae tum kab jite bhai,0
dhan jayabhad,1
bhai apka gaon ekdam khali admi hote wahan,1
dont miss,1
tumhaari mach d dii,0
bhut khubsurt song,1
allah kaa reham,1
present brother,1
baap toh baap rahega,0
fr pasoori cant beat,1
baap baap hota tumhara rahega,0
united punjab dude,1
super,1
if someone thinking why there phone number written pole nit gutter cleaning service nin these villages every house has its own underground gutter which cleaned by tractor nwe call these numbers call them clean gutter,1
wonderful,1
trending ooh god,1
nalayak tum log ghr jaake padai koro last inki walo sakal dekhne look thi,0
absolute gold,1
biggest fan uae,1
kuch ukhadega,1
ali zae,1
r happy ur soul mate return not bjp bharat hope understand,1
teri maa poochna kise,0
q hawa nikal gaya,0
vibes,1
last words aman bhaiya reminds robert frost road not taken,1
love,1
chutiyo bjp criticise krna mtlb criticize hota jahilo,0
wish she sings these verses hers any her concerts,1
aukat nahi hara paye kyo baap tumhara,0
tum log nontki baj,0
allaha nahi match nahi khalna nsamjhe yaa nahi,0
tumara abba bharat paap hota beta,0
bkl tum log zaahil rahoge,0
big fan god bless,1
pamper pen peshab kar lega,0
rathi yeh video dekhke haters logo kal rahi hogi,0
best future dhidhi,1
marvellous melody noori,1
life tu aesi,1
hats off coke singers,1
wow,1
hero,1
tumari nasle chali jayegi tum hamse jung mei jit paoge,0
bolo kaun hein baap baap baap hein,0
yetna din,1
pakistanio tumlogoko bazati hone maja ata ei tumhara national sports banalo,0
how missed masterpiece,1
ithna chore hey tumhara desh tumhara charger gaya tumhara baap,0
how can connect also similar goals life own,1
new abbu verma,0
superb ending,1
coke thanks,1
har din tumhara naya baap aata tum log thodi thodi khushi bhagate bahut papa,0
proud was born bharat nursing home,1
bap re bap tera bap,0
never use public transport your country promoting them,0
hamid khan love back here dear mashaallah may peace upon dear friend,1
wonderfull vlogs,1
should like first should watch ni think like,1
thank much explaining story,1
operation pura hua,0
abey saalo tumhe toh bass aate bori khareed sakte tumlog paiso bikne baat kar rahe,0
good test music boundry doesn't matter,1
radhey shyam,1
rafale kala jadu kar giraya,0
father also loved because liked old songs kind taste,1
chota mota abbu tho rinkku,0
its such an addictive song,1
din tum khud murdabaad bologe,0
only world beautiful song outstanding,1
noor khan base tumhari phir tabah kar diya lol,0
nikal gayi hekdi lawdo,0
bat kohay gaya song,1
line,1
baap baap hota beta beta bharat kat bane yaad rakhna terroriststan,0
hahaan bro,1
lagta ap big boss liye pe aye howe,1
exactly,1
agar cricket match live sabke saamne khela jata saare match jeet jaati sahid afridi victory parade nikaal deta,0
allah never bless terrorist people knows your foolish mindset,0
tum log dogle sale,0
hu bhai would love meet someday,1
[cleansed text]: performance was great alaap was excellent singer long hair was wonderful,1
abe tuhi bola baap baap hota hum vale baap paki log bache happy dashara,0
gadha ham bheja sharma ji verma ji tum gadha bhaga bhaga marne liye,0
bata beta kaun baap kaun beta beta layak nahin,0
punjab,1
masterpiece nov thnks reels,1
nmatch tarah,0
best wishes sis get greatest success ur journey,1
kaz g respect,1
noori group amazing,1
magical music at its best,1
chup ro yaar abhi factory reset maarke reeboot krdunga saara system,0
swad aa gya beta pta cla bap kon beta kon,0
only here rao,1
awesome love cs,1
bol paap kaun beta bolo huggies change kiska karna agha ya rauf,0
sharadha ndidi lovely,1
paida kiya baap baap hota,0
history parh bete baap hum tumhare pakistaniyon,0
aaj sharma ji nahi verma ji nlooser pak,0
tumhara abbu jeet gaya,0
let dream aim come true,1
[cleaned text]: last day world ' listening masterpiece,1
very bright student,1
why definitely,1
abhi pata chalega baap baap hota,0
song finally receiving its due,1
baap kabhi beta jeeta,0
andhe inhe andhaa rahna pasand,0
avi tum log tv phodo,0
elvis yadav fans,1
shardha follow your videos also learning by your best knowledge,1
love nepal,1
percent off karne bavjud jyada,0
true they give chance true talents,1
tu sahi bola baap baap hota rafale girane v proof tere pas tune apni kitabon,0
hammad mian,1
mujhe maaf karna,1
don't know if right wrong but listening song after smoking weed. can not explain vibe just want tell ' been days since 've been listening song now song favorite song ever listeners there great taste music,1
teen baar tournament harke bol baap baap hota,0
achhai burai jung thi isme duae kam karegi tumhari q uprwala burai sath deta,0
big fan fro,1
kacchi meri mitti kaccha mera nam ni,1
favrut,1
paisa nehi hain aa gaya rafael girane,0
sbse fuddu mulk,0
nice good place hariyana,1
both strong voices,1
pak pel diya guys pelne bad kaise laga wale,0
nicely composed sung love,1
noori has his own unique style,1
yaar nu mileygi ajj laash yar di such masterpiece,1
tum jada bakwas bolta,0
ig wale hazari lago,1
bhai some rupees invest your better life your,1
ali noor part took song next level,1
heart soul,1
abe saalo tum log kabhi sudharoge beta,0
love power ali noor' voice,1
yaaaay,1
pak nahi napak,0
pehle match jit lo,0
yeah why want go into research,1
bhai tum utuber contents creater log aapne self dekho kabi manipur bareme batau sarkar darte ham log aapko kyu support kare,1
when aman bhaiya said one thing fulll dedication,1
bangladesh kyon bana agar saare war jeete bhai soldier surrender kie hein uska video proof abhi ji base destroy hue hein uske proof satellite images,0
isiliye kahate hain jab bacche ande bahar nikale bacche jante hain itna badi duniya lekin hakikat baat adva kitna bada jaaye rahata land niche bhukhe nange cho,0
shilpas voice,1
wow mind blowing,1
just great proud lot love support,1
super brave girl,1
bhai tum toh desi maine socha videshi,0
yaar nu mily ge aj lash yaar de,1
yar no milay gi aj lash yar dii,1
tumahari sarkar apni nakami chupane liye afwah tum logo batai apni nakami chupane liye jhut bola rafel girane aukat tum logo aaj asia cup de har hui bol baap kaun baap baap hota tumhe pata win bharat aukat hoto ground mat aaya kar pakistani,0
music like can ignite flame,1
sharaddha,1
perfect sufi reference,1
too much overconfidence most pakistanis shoaib akhtar,0
welcome your legend,1
pura match hamara nahin tumhare abba abba hamesha abhay rahega,0
congratulations very much shraddha,1
kesi lgi haar ajeeb jaheel log,0
isliye bap samne uchi aawaj bolne bap bap hota,0
wale sabhi log beimani hote,0
baap baap hota thumara naya baap puttar,0
will support keep growing upp,1
girl voice,1
fantabulous,1
baap ha tumhra hence proved,0
love very nice outstanding as usual,1
bacho mirchi lag rahi ga ker puch rahe kitne baap,0
real beauty love music,1
sale rah ja sale kahan bas gya tu,0
noori magic,1
sitar sounds,1
also near jatt bhavan sector if don t mind want meet big big fan yours please please reply comment,1
rao queen,1
bekar insan,0
very nice,1
well done druve admire your success,1
awais dar ya right,1
best luck,1
not good decision,1
supper,1
glad see both guys again our bharat,1
really inspirational may god bless lot love support ni hope achieve great heights your life,1
kachyan da honda kacha anjam ni what performance by noori,1
bittuvlogs ndidn t after being taunted nit usual neven didn t show his house nthat true vlogger nnot like other fakes what carry roasted,0
pak bale abhi tum bacche ind sath khel nehin sakte bethke dudh pio ind bap bap rehega jay hind,0
kamal pakistanio jo log ph charger nahi chor rahe wo log harayenge rafale girayenge,0
lo kallo baat charger chori gaya aukat tumari,0
dictator then freely roaming,0
ayya ra nee ayya nproof chahiye tumari bikari jindagi proof chahiye nne inti peru haar ra,0
kisi din bahut pura pitega beta tu,0
behtreen,1
juile dogs,0
wonderful music,1
r such an inspiration ican see yur character,1
tumhare desh chor chautha chor chor rahega,0
deserve shradha,1
dark psychology tum mansik gulami niklo,0
shadab raza shaikh agreed,1
kutto hal dekha,0
gareeb logo yaha chori gyi wo charger had beta bar abbu bol de charger charger milega,0
gali gali shor moshin naqvi chor,0
great maam,1
tempting,1
dude she gives much inspiration hustler,1
thank now can understand just because,1
big boss jane wale isiliye wapas ae mumbai jayenge,0
walo sapno rafel girao bhikh mango,0
sahi kaha baap baap hota,0
pahle kahate hain bacche bacche fir rote bahut bure bacchon rote,0
greetings love beautiful,1
top level roasting,1
wala match cahiye agha ji,0
narutouzumaki qg op tabhi what app university muslim batana laga hain,1
one,1
ma xho di pak,0
baaaaappp baaapp hota,0
thankful listening masterpiece after years,1
tum pakistani log har bar sapne jitoge sirf hakikat nahi,0
something new really good,1
mere bhai baap baap hota beta beta hota samajh aaya,0
ro hans hans mare,0
ine logon hukumat media jhooth bataya six rafel crash kiye hain yah jahil aawam sach lagta,0
song gives goosebumps every time listen love kashmir,1
german pilla,0
hatts off,1
tamara bp v lo hone wala,0
mobile charger nahi chodte bhikhari,0
jet tumne aise giraye jaise umpire sorry aayi thi mute video sath,0
hahaha bus nikal gai hawa,0
magical,1
aniruddh singh,1
excellent song tune,1
baccha jab chillate hen baap tab yechehi chup karata hen,0
respect,1
gali gali shor,0
thats why coke better,1
hamza ali,1
please god,1
kacchi meri mitti kachi mera nam,1
bsdk tube pe tumhara gujara jayega lage raho,0
rachel viccaji,1
khoushall raky,1
kitna zalil hoge tum log,0
noori best,1
ultimate beauty,1
what fun watching their faces after work favourite pastime watching fools,0
mohsin naqvi trophy chor,0
song has made love rao like anything,1
prabhjyot kaur ji,1
paki ammi body count jo har mahine badhata rehta pehle vad hua gya paki aami bade rangin nikali allah khush mohalla khush,0
zakir khan reels dekh kon kon aaya insta,1
mam noor zehra,1
bases players brahmos indian players at end result win our proof live real bases holes cricket team burned asses,0
aisa decision bhut himmatvaale log le sakte powerful,1
beautiful amazing masterpiece love love love,1
dii always know ur going change entire education system aman bhayia,1
your new subscriber kerala,1
can hate him love him critize him but cannot ignore his team his knowledge views,0
koi war nahi jeete tum wahan match pata nahi kitne,0
baap baap hota,0
mohsin naqvi pass charachar tera trophy,0
agar yeh match live telecast hota toh runs par out thi,0
cheating cheating,0
dua gand ghus gai,0
jaldi wahan sei hatoo,1
beta apne baap aisa nahi bolte tumara new papa verma,0
atleast once life will help mam your goal makes us proud may god give need,1
loved song noori best combo finally song worth listening after afren afren aaqa,1
pankaj mishra kahani,1
big fan rathi nfrom punjab,1
baap,0
bap kaun beta kaun jald pata lag jayega murdabad,0
feel blessed hosted her too,1
also missed masterpiece,1
baap baap hota jo hum hain ground par war tum lahori churan khate raho surrender karwaye tumhare baap,0
most favorite,1
tum mera l le lo piche,0
tumara ammi poocho tumara baap nasm,0
after years amazing,1
munna naa,0
what earth was,1
har bar haroge tum log bc,0
ghar tv food dete esi dar public match dekhne aaye,0
sale charger choro,0
love listen new show july,1
shukria janab great voice,1
iska charger chala gaya abhi phone band hua hoga wapis ja ghar,0
beautifully sang,1
dhanana birth place world spiritual leader sant rampalji maharaj ji nhari aye hariyane nu thanks showing dhanana,1
pcb pakistani comedy broadcast,0
baap panga loge yahi hoga,0
wicket lunn le le tu mera,0
very inspirational,1
sush sgg dushmani apna mza,1
thanx bhai,1
ham yahi kah rahe hain baap baap hota,0
what mean should avoid speaking hindi,1
mashaallah,1
nice see where came,1
hehe bhut rafel rafel kr rhe indians gali de rhi bye bye tata pakisysn,0
bap bap hota jay shree ram,0
better than other states looks,1
want meet nif comfortable please arrange meet up,1
woww awesome maam,1
tumhara baap kaun pata chal gaya,0
not know but feel relaxed happy while listening,1
middle finger salute those dislike,1
love noori amazing voice,1
mc kom,0
bahot jald khushi matam badalne wali ya,0
baap baap hota bachcha bachcho yaad rakhana baap tumhara hindustan,0
keep up bhai,1
tumhara jaise londe army bal bonka nahin kar sakta,0
charger chor,0
great job di,1
slay song,1
gudda respect likes,1
mubarak aaap haar gaye,0
gaon khoobsoorti baat hii kuch hoti,1
bab bap hota beta,0
supreme rao,1
kul faqeer khair,1
muhammad churaya le ja,0
thank very much indian friends such nice comments,1
thanks dii,1
aaj pta chala gaana,1
last gand mr gyi,0
why showing then if don t like eh make money tube will anything degrees germany but only job making money tube showing his shaadi showing his unattractive wife,1
stories fables wow,1
پaar channa de,1
iavade gadame dala mume nikala,0
raat bhar ro ro einki halat kharab gayi inka janam jalalat liye huva,0
masha allah beautiful community indians friendly despite scary things media,1
jab tak aasman chand sitare rahenge,1
true living master,1
love,1
no time waste,0
lost respect eyes trying find logic islam not always correct stupid religious video made,1
beta bapp baap hoya,0
best resemblance peace prosperity,1
thank bro meaning what song meant,1
nd finally after yr ap aman bhaiya mrg jayenge nd ceo apna college,1
tumhar kon bapp hua pata chala,0
waaaaaaah thank,1
your anti nationalism,0
great gesture shraddha,1
video jihad,0
strong lyrics too encouraging inspirational,1
lmaooo,1
each passing second,1
pel dia beta,0
rathee rocks bjp cell sucks,0
nice youtuber channel can help,1
bhai haryanvi old scool b support kro,1
pak bas bat nahi bolo sikh aane,0
tatti nikal gayi,0
proudfull noori,1
love your song feat ashviriya ranbeer at club,1
bluemotion,1
abe dalo pahele tv todo,0
really awesome love amazing singer,1
prabhu darshan nvereey mitti,1
jaise tum rafael giraye ham tumhare pure karachi kabza liya kon sa nasha karte bhai log khud sapno ji te masum mulk taare jamin par,0
oscar winning,1
carolina delgado salvador,1
truly soulful,1
god bless always,1
bap bap hota,0
truly most soulful song ve heard,1
nam pak samne kaphi,0
superlative,1
aaj din vehre vich,1
dogy boy,0
bikharistan tu l lag gaye,0
rawt nailajavid,1
abbu jit gya,0
tum log saath khelo hin maat,0
its amazing their music simply great,1
verma pakistani mummy pel dala,0
indian cricketers match tumhari ma bahan kardi nloudoooooo,0
finally angle change kar mara,0
sare rafale ghus gaye,0
jung ya game aukat dikh jata,0
such masterpiece,1
our neighbor has great taste music,1
classic song,1
nayyar javaid peace unity love,1
there no exercise better heart than reaching down lifting people up nlove,1
baaaaaaap baaaaaaaaap hota firse bol,0
pakistani teem pakistanio pelte huye,0
seems totally disorganised,0
proud beta,1
wahab wala muhabbat,1
kala laaund,0
love,1
mam big big fan,1
hassan abbas shes friends sister met her july asked her about her trip,1
feeling proud volunteers spreading awareness,1
wah re tropy chor yhn kisi iska charger chura liya whn moshin trophy mtlb sara pak choro bhara,0
music,1
vo vha trophy leke bhag yha iska charger leke bhaag gya,0
ap atif,1
ali noor was fabulous,1
want someone look at same way as buffalo looks at nit nice not lost connect your roots,1
nice guys,1
hats off shraddha needs lot courage take such decision proud your journey would inspire lot students,1
bhai bhutiya gaav lag rha koi jyada dikhai de,0
rone video dal beta,0
pata chala baap kaun hota baap kabhi jeet nahin sakte beta teen bar har gaye,0
baap muhchodi kerni chahiye kyo uske power beta paida hota,0
mujhe lagta tumhe tumhare asli baap mil gaye,0
hats off masterpiece their makers,1
jerman seaford dog,0
aryan fg yq g nd jal rahi,0
apni ghnnd ma lage charge phn charge hu jae gya,0
bad pele jaoge,0
if possible something your childrens your,1
apni kaksha puri team topo salami,1
insalah thora kam bholo sayad kuch achchha,0
bap pata chala tumhara kon baap,0
bhikhariyo comedi achha lagta,0
rizwan ahmed thanks,1
soni ni mehndi,1
rao your voice beats heart way pitch your sound love your sweet voice swing hand thanks such combo,1
outstanding sitar banjo orchestra beautiful poetry composition,1
' hospitality,1
background music too good ut perfectly fits video vibe,1
abu jit geye vikari salo,0
match pahle chala jitega jitega hua rifle khud ghusa liya apne pichhwade,0
microsoft wali now shradha,1
bhai pure video mere face smile miss huiii,1
don t words say thanks they way want thank god bless healthy long life,1
never think about win against,0
hindustan pichwade laal kar diya maza aagaya,0
porkiyo premature ejaculation,0
sardha mam aman bhaiya being inspiration salute guys,1
true ni also want,1
proud sista much love respect bangalore,1
inspiration mine,1
love apna college,1
teri charger chorikiya your country,0
thank story,1
super excited,1
tumko aise dekhkar sukun milta,0
hey coke please bring mohit chauhan javed ali create some magic,1
baap baap hota paile virat baap baap,0
wah song maza aagaya ali noor thora gana chahiye,1
mere aaj status per saal purana itna acha gaana lga,1
famous hua song,1
memory,1
bhai yah log match shuru hote itna kuch bol dete last main rona padta nyaar pakistanion thodi sharm kar liya karo yah pura match dekh kar muh khoola karo nwaise sahi kaha duaon bahut taakat indians dua karte hain winner banane liye,0
google say mt puch allha say puch vo shyad sahi bata de,0
education new business right jitna paisa kisi mnc nai milta utna abi education mil ra,1
kai baat,1
rohit abhishek nvirat nno escape,0
match live varna pakistani kehte match unhonehi jeeta congrats,0
aaqa,1
shipla,1
pagalon kami nahi main,0
jd d ala,1
quite an interesting song,1
jpgaming abe yr,0
usne phle kabul kr liya,0
appreciate support,1
chood gya,0
paki lok bahuth rora aa maja aaya,0
starting story same as mine,1
superb bro,1
wow dee really amazing really inspired,1
burai kar di,0
anyone steps here listening powerful song,1
good videos ma,1
butiful song like,1
mark dawkins,1
kaun baap btaa de bhai itna uchalte thoda wait v ni hota inse,0
oh champaran gandhiji first satyagraha place,1
song well-crafted,1
sahi main nindia official baap hence,0
best best best,1
favourite song,1
msr pakistani,1
beejati karke manoge pak walo,0
haa sahi baat baap baap hota bharat tumhara baap,0
haha awesome thoughts brother,1
re either dalit muslim refuse believe re hindu,0
shreyayadav tn rx there nothing jealous lil kiddo,0
ending song was awesome,1
such simple yet lovely poetry,1
aaj tak tumse virat kohli vicket toh giri nahi rafel ganta giraoge tum bhikharistan abb toh hogya,0
much love song,1
tum logo bap beta,0
hats off singers musicians,1
tera baap bharat yaad rakh bs,0
nmy favorite channel youtube nshraddha literally pro,1
last minute,1
salute coke team,1
pak rafale proof media pe dekh lo real real kaise dikhayenge,0
indian always your bapu hoga pulk batch off,0
lahori churan khila diya rafale girane koi proof koi evidence sala sasta nashe karne wali kaum,0
marvellous,1
buhat pyara song,1
pakistani suver sahi bole baap baap hota beta beta hota,0
inspiring indeed,1
shradhha di di best decision aman,1
fahad sandhu thanks bhai,1
next video bigg boss ott,1
charger kaha beta,0
konsi jung jita,0
last gand lathi pad gayi,0
soft music,1
sale charger kharidne aukat nehi chale aye rafael girane,0
end,1
bhaichara bhai apna sardar ji haal,1
love alot wish apke spne pure,1
war separates us music can never love song,1
filmyverse right nwo apne tour de lgta koi unknown place pe aaya chhote chhote chiz pe surprise rha,1
song incomplete without understanding very last line,1
whos here coming awesome speakers,1
yeh log unhi chizon jeet skte hain jo live aasamani bijli inki ammi feinki thi jab rafael toh inhone gira diye,0
itni khushi walo jit nahi manai jitni log match wicket le kar mana rahe,0
great video buddy loved edit style decided go feels like made white people just overall feel video,1
rao,1
over humbled words,1
finaly found track where not fighting,1
jao beta dudh pi jao tum payega bdsk,0
vier good songs,1
processed: one them still listen song after years love,1
tumera number mil sakta ha please,1
duwao hargayeee pakisthan,0
tumhara umid par hamara lllllllll,0
rao wow beautiful voice goose bumps,1
just came here know your now got one more reason feel proud being haryanvi your follower go brother love lot,1
good bro,1
pure magic,1
buffalo man,1
sukoon naam suna,1
kyio alfaj nahi milrahe,0
amazing video,1
don t like villages,0
bluemist studios,1
hamesa aap jaise loog paida hote rahe hain jo apne desh liye kuchh krne aage aate rahe withing apne carrier risk daal kar foreign croro job chhodkar njiske karan aaj hamara desh jagah pahucha,1
waalo yeh vlogs maat dekho inn porkio dhandha paani intezaam hum kar de rahe aise,0
last tumhare aawaz gaya aawaz nahi aa rahi,0
masterpiece,1
r welcome,1
its about also trust them trustworthy,1
respect,1
bsdkk walo rafel dakhe hooo,0
esi vid wait kr rha,1
sab maa baba ji jai,1
allah body diya par dimag dena vul gaya,0
aap best thi,1
also nproud know too,1
truly,1
kiya hua bahut nikal gaya,0
wale humari trophy chura le gye tera charger bhot choti chiz,0
why song underrated,1
rao could justice,1
too love,1
sukar manao match live nahi tumlog ese bolta hum jite jaise air forces raat pela indian team rat pela tum log,0
uff itna khubsoorat,1
good bhaiiii,1
tatti jesi shakal aadmi tmlog humne har jagah hara chuke,0
gand tod diya tiger,0
ja tera aamku pele deya varmaji ja beta bap kon hotahe dekhana mg chal mg,0
out out complen,0
usee ptaa thaa yee saale kb haar jaayein kuch ptaa nhii jb tk time faayda utha lo,0
whoa song,1
hum jeet har chin lete,0
insta feed,1
itna darrr kafi,0
subhan allah,1
pichhavana garam gya hoga,0
wow mast voice over mast,1
koi baat hamara trophy chura liya mohsin naqvi tera sirf charger chori hua,0
trouphy tho chori dekho kahi nakvi charger chori kr li hogi,0
tum salo abhishek sharma tayari kar aye tumhe verma pel gya tumhe,0
sublime transcendence,1
rathee best youtuber,1
thank coke,1
ending noori very good,1
really good person best wishes wishes can achieve your goal,1
thanks,1
bhaischoro shukr match live tum log jit jate,0
also stage where not able decide which direction go but gave clue kuch decisions lene padte agar kuch acha lage proud feel jo karo dil karo dedication karo will keep mind decide ny next plans,1
masterpiec,1
galti kala jadoo pe gaya,0
bhikaryo pahle ghar jake check karo daal roti saman jahilo pahle educate bano phir bhaso,0
jang tum sapno jitonge,0
paki charger gayab hogai,0
bap ha tum logo,0
currently working sbi want something big life,1
bete pata chala bap kon,0
thank ai course,1
bol beta bap kon lllll,0
yha apko dekhkar bhut achha lga,1
baap baap hota beteee,0
itani bezzati karvane baad bc rukti jhatuyo baap jeet gye beta,0
bap bap hota hindusthan pakisthan bap hota hey,0
most beautiful song ever heard,1
very very inspiring guys amazing amazing work very few people kind work,1
kudos apna college team,1
tum ro lo,0
tum log padte shi main education banned hain main apne economy dekh lo pahle ladai le baat karte tum log tum log kahe jaat paoge humse,0
bhikaristan,0
great sorry bharat,1
indian plzz video dekho,0
great work,1
salute mam,1
still better,1
moye moye,0
tum pakistani kis yug ji rahe nindia bahoot piche,0
but song was,1
sunny baloch,1
aand ketna bada jaaye laad niche rehta beta,0
music has no border,1
what video graphy background music nlove,1
tum apni baazi teyar rakh sale teri baazi le jayenge,0
baap baap hota bhai,0
har bar har jate yhi tarika,0
touched deep soul bhaiya,1
next script mr rathee delivered know title how hindus encouraged attract muslims nuh riots how hindu rally was going peacefully doing something which they re doing since many years but time teased muslims make muslims attack kill hindus nall fault was hindus happening everywhere now days nhindus should stop teasing muslims by not following their rituals muslims stop killing hindus nand last will show video gaurakshak will say look theses kind people spread hate will totally ignore muslims killing hindus nthe video will get millions videos same amount will credited mr rathee account nbravo mission accomplished nps was hariyana hmm nkhi apni pyar dukan isine kholi nuh,0
ghar khane kye apke salu,0
kal ratbhar log idhar papa dekhne busy kg aata deke ghop ghop kr rha,0
kiya howa gai khane wali gobor,0
tremendous piece work,1
heartfelt gratitude efforts team,1
gareebo ghar tv nahi sab yaha pe aa gaye dene liye,0
apni aukat dekh kar uslla kro,0
bc charger tere bachaya nahi ja saka tu harane chala sirf banda pure bc sakta,0
great,1
deserves more views,1
god bless,1
bc aand forces,0
song remains silent,1
welcome coke,1
rupee chingam indian batsmen singham,0
bamsi ali noor,1
excellent teamwork,1
welcome back,1
awaz,1
joker people nstupid country,0
proud pakistani,1
singer sweet,1
tum pata last baar kub jeeta,0
sale apna varsh khud per le aao apni jindagi sarthak banaa le,0
violins just add full spectrum songs every song by noori till now,1
warm welcome,1
youre saying right,1
re chhinal,0
black magic piche ghusa diya tumhara naya baap verma,0
chora yo bhes ku aesthetic bak rha,1
truely inspiration story,1
hamesha tumhare baap rahega,0
sab sab dhokebaazzz,0
augmentation process,1
hope she don t eat beef now,1
one time favorite song,1
loser hein loser rahega,0
bache bache baap baap hota hahha,0
coming big boss ott season glad see big boss house,1
hats off shradha love lot nthe decision made definitely future will proud sure nwe journey whole team makes studies easier way as much as they can lots support lots love nlove more than none day make proud,1
vlog must april month as wheat at harvesting stage fields,1
love your everything,1
uff song just amazing,1
har bar har ja tere team,0
bahut chal hua pichhwade aag lag gai,0
perfect example good things take time go viral,1
whos listening beauty right now,1
likes boom quitting drugs,1
wow they doing great work,1
laedy starting,0
aulad hamesha maidan pata chalta,0
tum logo saari zindgi rote rote nikal jaegi pta lag gya hola kon baap hain kon beta,0
baap baap hota baap baap hota,0
lora mera tumlog war jeet sakta cricket jhutu sab,0
apne kis college padai mam,1
emotional great,1
last maja gaya gand fat gai rote rote jitega baap baap rahega,0
tumko jitna dubara jnm leke aana oky,0
no pasoori mast dil shaanti deta,1
thank posting gave courage keep going,1
abe tu yha karne aaya bhag aaya,0
after year hope,1
r good,1
bap kon pata chala,0
aaj yaar nu mila gi,1
humari army tumhari army thokti players tumhe gaali deke thookke aatey hain tumpe,0
wow yaar really inspiring best your goals,1
kachi meri mitti kacha mera nam niii....han men nakaam niiii..,1
profound,1
abu here,1
bhaut khoobsurat,1
kuchh toh saram karo re,0
acha check karliya baap kon patha chala check karliya,0
pakistanis kithna papa,0
friend told song but couldnt understand single word then turned captions had goosebumps several times awesome track,1
bhap bhap ta,0
dekha baap baap hota nor beta beta rhta suor kom,0
lo de,0
oey wah g wah brilliantly sung,1
super song,1
amazing music after veena instrument other things said by everyone,1
salo jab haroge tb bologe paisa paise jeete phle khud upar kam kro,0
heart rending very sad but beautiful story,1
your great father,0
jin log gala phad phad kar chila rahe chila rahi thi unko sab dhund dhund lao,0
sohni mehelinwal,1
one favourite show,1
baap tu tumhare sab indian,0
sahi kaha baap baap hota leya tumara baap baap rahega,0
bhai big boss aajao apko support karenge,1
diksha singh,1
bap,0
mu gali nikalte nikalte baach gaya,0
only like,0
as good as song,1
baap baap hota aaj phir bta diya,0
go quite search charger,0
gan maru bhusuri tilok new bap hey tum lugu,0
match haarte humko pyaar chala diya,0
proud ma,1
legend what can say after watching video set an example here youths students best,1
sasta kero cource,0
atif aslam,1
hahaha abbey charger chura le gaye,0
inka rona dona dekhne bohut majja aata,0
aunti g rocked,1
doing wonderful work god bless,1
agreed dear,1
love her voice,1
its already famous man,1
cant believe heard masterpiece late-,1
finally t shirt changed,1
varma poore laga diya zindagi bhar mita te baithna mkl bkl,0
love beijing,1
coke every song see hear,1
kitani time pass public,0
iska matlab aaj ham baap ban gaye wow,0
bhai jaan suji,0
beta tumhe pata chal jata kisne kitne karaye jese match live hota ha agr war vese hui hoti,0
abhishek gill out karne full practis kar maidan aye mach uda le gaya tumhare sare armano pe pani fer gaya,0
bhai bhabi ji hindi sikha nisi chiz kami bass,0
hate toh quran nki kafiro maro,0
before knowing daddy nafter knowing daddy,0
beta tamish abbu hum tumhare,0
hey yee huee naa baat support yahi chahiye ess desh baut bahale mene sirf socha tum kar rahe happy,1
pravesh main,1
karwali besti,0
wow love,1
inspiring ndidi no nmicrosoft wali thik,1
take love,1
bitoda naur ish gobar gose hote nbahut kuch bhul gaya nnice video ni been waiting video last years,1
breking news pakstianiyo pura pela,0
ma awesome,1
rizwan blog humne bar baata diya baap kon hota nbc age kabhi tere mu nikle baap baap hota nmai sunna chata hu tere mu pakisthan baap,0
jang jitega huh,0
love nepal,1
song has another meaning when get know real background about,1
baap baap hota nindian tmri papa rohega npehle sindoor abhi,0
sahi baat baap baap hota jaise tumhara baap bete,0
bhai tune khud apne bigboss wale video vlogs itna criticise kiya khud vlogs bana rha nmatlab doglapan v had hoti yarr,0
sala khelna aayega nahi karoge,0
pure rota dekh mere dil bahot sukun milta,0
ive no words describe feelings,1
one fine singer,1
july kon kon dekh rha,1
pata chal gaya kon baap,0
cheel nigaah hain teri,1
but grandfather love,1
archer mean soft influenced people,1
bechara views mang agle din aate jugad bi toh krna,0
tumhare,0
pak coke,1
your voice,1
elvis aane pehle nikl jaaiyo,1
halo beta,1
really believe pak forces defeated ind forces times dont schools aint allowed study facts,0
voyerism kr lo dosto,0
baap baaap hota baap kaa httt saalo,0
two father varma,0
walo jang bat mat kro phale cricket jit dekho uske baad jang bat karna,0
baap baap hota abbu abbu hota salo,0
bhai bjp join kar lo tuja life time support karunga,1
baap aek apka woh pahrli bap tumhare aab abhishek tumhare baap,0
yeah song years ago realize now after many years,1
exceptionally good,1
bro want meet,1
salute microsoft,1
exam varma aa gya,0
're welcome,1
ram setu jai naur ram setu fake kehne wale parajaya,0
papa panga lena,0
glad reels got back gem,1
lu d le,0
ak song kitni bar goosebumps ayengy,1
fatima hasnain,1
easiest thing universe make fool indian people man doing,1
very inspiring stories nbecause want learn,1
first time laash word used song beautifully,1
alllah pak maa chud gayi mahadev ji aage,0
mindblowing,1
bhik mangne pakistn,0
noori stole show,1
papa panga ni lene beta jab jab papa khelega tab tab pelega,0
not belong engenring nor iit background but love see your effort nand aman effort hads guys naishe padega ntabhi badega,1
thanks aman phone number,1
ppl gunned down by pakistani terrorists pahalgam just because they were hindus terrorist nation has no shame terrorists dragged sporting game into,0
yaaaaaar lovely end,1
respect may allah give great success your journey ameen,1
tum tw,0
real hero,1
actually also born completed engineering think both same age but took great decision proud shradha best ur bright future take care,1
baap baap hot,0
aunty apke bap paise nahi,0
smart youtuber,1
love,1
shi toh mujhe lag rha maine shi kuch kiya thanku di motivation wish aap jarur apne motive sucessful,1
she girl our nation greatly need bless,1
seriously song years old mean seriously reels revived master piece,1
iit hu mujhe pta chl rha yahi hota,1
great mamyou yr voice lovely,1
good job,1
timeless music,1
thanks coke,1
what music,1
sandesh advani coke,1
abb pta chla bap kon nchori kro apka yhi kam nmangna v choriya krna,0
inspirations,1
bhai kr rha jo har bar har ja rha ntera cha rha tu log napak soch ha,0
else watching,1
ja ja tu ak bana hum raffles baneynga,0
finally microsoft wali apni kaksha lead karegi jut lover her way teaching,1
baap baap hota mera bharatahan,0
ji welcome forever,1
zehrile pakion haq thu thu muh pe,0
baap baap hota pta chl gyi tujheaor teri cheli beta roti pani kha aaram thik,0
kiya hua kar rahe batavu tumare log kar rahe malum nahi but hamari indian team pichabde rafail ghusa rahe dekh liya bhago nahi tumare pichbade rafeil ghusega dekh liya baap baap kar tu sahi tere baap yaad karna pada,0
sourabh ese kisi apna dada mt bana liya kr bacche buri baat,0
will always remember as microsoft wali nbest luck your new journey,1
these guys rocks,1
song happy place,1
wo toh kaho match live telecast hota vrna inki government yaha keh deti jeete,0
besharm insaan log,0
govar koi phn bahar nehi rakhta yehape thaki radioactivity kam jay line,1
kitna kud rahe bacche baap sant kara diya,0
tu usane apne paise banaya waya nham janta apise tu banawaya,0
wale,0
god noori everyone,1
akhri kaun baap hogya fr,0
indian pakistani combo always great,1
mera punjab,1
appreciate love,1
superbbb,1
dumbest people planet will believe their army generals same generals haven t won shit since lost half their country lmao,0
dada ji jeete gye aaapke papa haar gye hahahaha hahahaha hahahaha toh dada ji baab bde hote aisa bolte munna dada ji enjoy your dada ji performance,0
awfully inspiring,1
season best song,1
sabas beta,0
must very tough but people like gem world,1
notlo mogga petti kottaali langa kodukulanu,0
woman at such skill mastery,1
bap bap rahega pakistaniyo jija varma,0
love,1
wale like kare,1
per modi bed men,1
abb bol baap kon bc npure gnd missile ghus gyi,0
rao next level singer,1
baap baap hota pakistanio baap panga nahi liya karte bea,0
wala match chahiya haaga ji,0
inki duae hamari bhakti aage zero,0
what beautiful punjabi song really like,1
touchwood,1
pata chal gayi okat bete aakhir baap baap hota,0
song favourite,1
microsoft dd,1
ok xd,1
gradiator keralite know meaning,1
give lot inspiration,1
kachiyan te rakhiye umeed paar di outstanding,1
beggars sounding much more,0
swear its masterpiece love shilpas voice zindabad,1
bole inko mana b kr sakte entertainment sabal lge rho,0
best coke song ever,1
tum log jhut pe jee rahe,0
tere kutu mari tilaka verma,0
one best video song ever grace internet,1
tera baap ghochu,0
thank zomato,1
walo har sunday bezati apka kuch karo bikari garib,0
bap bap hota pakistani chuhe,0
bhaaaaai bhaaaiai bhaaai,1
love,1
bap bap hota,0
jaahil kaum,0
din b din aap dil dimaag alag sthan bnaaye jaaa rahe,1
aap har gaye bole paisa liya tab bahut nache jab ham hamare out gaye,0
starting most beautiful lyrics,1
rao noori,1
beta kale jadu kuchh nahin hota match liye mehnat karni padati jo tum jaise jahil log nahin jante,0
nice punch,0
tahir wazir thank brother,1
tv tutne bale indian,0
maa chdute hue pakistani,0
yaar tum log sach bhikhari salacharjar nahi chhoda,0
kon bola baap bap hota ruffle tere desh ura diya,0
our brethren across border,1
god what just listen,1
hijra fauj baap panga nahin,0
those last minutes song,1
kitna chillao tum har gaye,0
oloolooooooo match chyaa bache koo,0
ive been listening song since years never got tired song,1
song lyrics,1
aapka family sath vlog,1
islam ahmiyat,1
gar dhila gaya,0
coke,1
nehi tumara ganda marao,0
agar wale mutenge pura dub jayega,0
proud shraddha goodvibes,1
baap baap hota ha,0
love song yr,1
song has mesmerizing effect,1
big sacrifice us will not let go may allah bless success brother love,1
digital skill ni very inspired your struggle ni think,1
bap bap hota,0
best your future ahead,1
kala jadu ja chita jadu kro hum wale aap baap,0
religion freedom,1
sapne jet jate,0
aaj charger chor gharme ata aa jayega charger,0
bullay shah baba fareed shah latif bhatai they marvelous their poetry deeper thinking,1
hats off coke bravo,1
bhai talent bahut pura kute tarah bhokte pehle harne bad bhigi billi,0
koi baat nahin asia cup abhi nakvi pass wale bol dena asia cup tumne jita,0
kuch kuch mere tarah tiktok sy sun kr aaya hy,1
sohni mahinwal,1
tumahare bangladesh muh jeet chhinne chhamta rakhta beta,0
kamal yeh song,1
sahi kahata bap bap hota ha,0
new abbu aa gye,0
yeh bhikhmange hamesa rota,0
pak sar zameen,1
yaar tum mere age,1
rafale proop mango pak army,0
hey myself rahib hussain currently pursuing bsc food technology final yr few weeks ago frnd suggested learn coading bcz big companies gives high package those students good coading decided learn coading know coading totally different thing what doing right now don t know weather decision good future not hope best,1
ishq yaad bhula diya,1
rafel tumhare puste gira payegi jahilo npkmkb,0
sab chor charger leke gaye,0
masterpiece really loved song much,1
tum jaha jaoge waha horoge beta ham baap tumhare,0
novel moment,1
wow aap kitni acchi taraf samjhati hamesha eiise log sounna chahta thaa jo sahaj samjhaeh aap andaz,1
kyn bhai tu hindu dharam bht burai krta bht ulta seedha bolta fr pooja paath kyn kr iska jawab koi,0
jihadiyon baat sahi bolo baap baap hota,0
nsamjh too gye honge nbaap kon,0
ni yo lelo kap,0
your land too,1
woh atay sath bolain gay,1
pau pakkar baap bhikhmango,0
insta kon aaya?,1
lode lag gate,0
no words its totally amazing,1
allah pak,1
slow motion,1
ganja pi aaya log,0
maa pocha bapp kon,0
charger karidh nahin saktha chori kar lagaya jung jeetnay bath karthahay chindi chor,0
ravii back,1
super music,1
love love please promote peace love tolerance,1
what pure song,1
bade bhai joli hindi sekhao aor maja ayga,1
most favourite,1
microsoft wali,1
love shraddha,1
just love your spirit,1
jat bhavan,1
baap panga nahi liya karte beta,0
rao maam,1
very nice ji,1
chaudhry lovely,1
baap baap hota totally agree,0
nali kida,0
loved amazing,1
noori brilliant job,1
vo vo love im,1
hahahahhaha itni khushi mat manaya kre keoki khushi apko hazam nahi khushi matam main badal jati pakistanio,0
inki okat nehin hain muqable kisi cheez main,0
love,1
finally changed ur shirt,1
thanks instagram,1
teri aukat charger jaisee,0
dakshita mitra,1
nice song,1
really love song its favorite,1
report maro sab log eske video hm indian gali de,0
kyon kuch kuch,1
tume trofy ni chodi charger kase chod ge chura kr le gye,0
deep effect their voice,1
youtuber hun mera tech channel mere channel appko help mil sakta nice video,1
juice nice,1
mere baap,0
best teacher bibi don t sad,1
love guys,1
savita rathee mam role ni dikhaya,1
chor sale,0
tara aabu sa puch lena war bara ma,0
tum chud gye guru,0
tune shi bolo baap baap hota bhai pakistaniyu sab baap ban gya congratulations pakistani niyu,0
pura chor sala charger nahi chora,0
bapa,0
aab bol baap baap hota,0
gand fate fate lekin ahankar ghate,0
next level,1
may more developed but something which can never ever compete as has one best music.....,1
andhbhakt achha sa likh la whatsapp university sa graduation,0
rafel sapne gira diya,0
abhi munh jalebiyan nikal rahi thi munh tatti nikal rahi salon,0
cracked vit,1
next level music,1
thum bikaristan keze jeetheki,0
huva abu daal diya,0
lyrics leaves long lasting impression ones life,1
amazing things didireally proud,1
gand fati bola dabar hajmola,0
thanks sharing story,1
glad shadha us,1
charjar chor,0
fellow pak civilians nthis just game move,0
ali noor last garda uda diya,1
thankyou litti love bihar,1
even vlog also informative little bit full enjoyment proves great see your ansector beauty love,1
tumhra abbu jit gaya,0
ahmad khan,1
rona tumhe accha ata,0
revenge ravi,1
just thinking whole video how struggled,1
jhalak,1
accha,1
terrorists base hum apke baap hain hamesha rahenge jai hind,0
vitaminputin bhenchod kattmullo aulad waqt aane par talwar kiya pistol chal longa,0
bete baap thara sun vale kahde,0
charger chori jayega,0
hats mam,1
noble art veena playing,1
rafel ghus gya tabahi macha diya aaj rafel verma,0
baap kon hen,0
kahin insaan paida jaye lekin main,0
pakistani tera baski bat nahihe cricket hkelna,0
yahi hal charger nahi chora,0
harish rao le le tu pahle tu hare sharab jindabad kar,0
tumare abba b kabhi rafal dekha,0
sajjad ali raavi song,1
kitne bar haroge kuch sharm karo sayed bik mang mang sharm bik chala gaya,0
great love story,1
bhikhariyo country yehi hota log charger,0
pakistani coke better than ours fact .,1
karwa li beizzati beta mstii nai beta,0
god,1
bol baap kon,0
lovelysong,1
bahut strong dil aapka,1
first view shradha di,1
when did visit your,0
last main tumne apne asli papa dekh liya,0
baap baap rahegaa dekh liyaa,0
yeh wph log joh apne desh besti kerva l views lene la hahaha pta lhgda baap baap hotha,0
thanks giving masterpiece,1
huge respect decision,1
bhukhe nange kom jokers surrender kiya rafel allha faad di,0
alvish kcutte,1
bahut fudakrahi thi kaherahi,0
tumhare mas alah tasala bana diya tumhare new papa verma,0
way they treat their artists,1
daily dose,1
jo log galat fahami ji khus unhe galat fahami jeene,0
an inspiration us dear,1
app aman bhiya apna social media jariya akbat pucha sakta ha nimcet cat exam liya class start kara,1
extraordinary things please explain,1
great vlog nwaited since long,1
nikal gyi tatti,0
baap baap hota tara baap,0
lore lag gaya bhay,0
foollll,0
manipur burning,0
baaap kon baap baap hota baap rahega hamesha,0
charger chura liya kisine,0
awesome sister hats off wish best may god bless channel,1
beautiful melodies,1
thats why always think both nations should accept each other,1
unke bate mante unke bakat log,0
hagne baad khudhi chaatne maahir porkies,0
paxistan only most gay porn video views no only,0
lanka laga di nkash democracy bach jaye criminals jail,0
jinka phela koi existence nahi wo apna aap baap bol rahe,0
baap baap hota,0
apni ammi usme rkh de,0
baap varma,0
listening july,1
awesome voice nori doing perfectly well,1
verma tumhara baap,0
song always shook,1
rao mam,1
love find music amazing gives sense peace its been years youtube just recommend,1
suru bhoka bhok laga lag gyi lanka,0
love coke,1
really emotional song,1
bhai jaat rathee logo its not hate but suggestion nlove sanskriti,0
kuta pap kon,0
dhruvrathee bro extremely lucky born same where supreme god kabir sahib ji present avatar also got born year humble request please give some emphasis his deep rooted pious proven spiritual knowledge,1
nahi hain jo live match main light chali jayeagi sarm bilkul v nahi lag rahi nbaap itna der diper change kar hain dikh nahi hain nek baat sahi bola baap baap hota hain nindia baap baap raheaga nwar ya cricket match result same nthumare sare base udha dye baccha samajh choor dye baap hain daya aa jata hain,0
kala jado karne baad ulta gaya,0
baap tumhara,0
best,1
your strong,1
war mey apko pela hey aakhri war apka payjama bhig jayegi,0
hanan,1
abdul raffay,1
tum log pakistani sor,0
right age experiment choose what want your life,1
mere khayal main kuch nahin,1
pak but pak best,1
just want say thanks,1
favorite song ever,1
harne baad rote kitna,0
best wishes ahead,1
go proud guys,1
country full pf jokers,0
pahele tu logo dilo dimaag kaa korse kar harmkhor,0
sb sasta nasha fuk kr aaye,0
too much inspired mem,1
rafel iske gar ghus gayee,0
good song,1
thank mam,1
jese asia cup trophy le gaya nvese rafale giraye sapne,0
bhai ase ase ase ase kese kese kese,0
apka allah bahut jhuta ha duwaa kam nahi aayi,0
pel dia balo,0
wow what song love noori,1
zahil qaum tumhri bad dimagi,0
inspirational ndidi computational physics jo terms use hote ya software jo jaruri hota uss topic upar video cource uplaoded kijiye need,1
dua hua,0
lots love,1
teju bhaiya wala reel wale like,1
pakistani cricket team doesnt option like their centre gravity military,0
yr app toh kamal,1
kala jadu kidhar gaya,0
one heck soulful song,1
lekin andhabhakt kahenge rathee muslim agent,0
haha yess,1
wow such surreal,1
love qatar lovely music composition,1
music lovers song should given an honour being most cultural,1
much love respect,1
sung nice,1
hello bro your same like pakistani villages big fan,0
bhag new cheater vs,0
blackdiamond sahi bola bhai,1
bole pakistani mera baap verma new baap,0
as if our beautiful channels considerate,1
waste pakkisthan very waste,0
thik kaha bhai tune baap baap hota,0
still beautiful best ever,1
pakistani dek entertain hota hu,0
yess,1
isko kon samjaye sab sab power hitting betsman,0
fed by wrong news by government people still belive them,0
bring back love,1
music,1
ur voice magical,1
beta baap baap hote,0
keep rocking,1
lyrics just way too awesome,1
rao voice magical,1
best coke year,1
punjabi language,1
queeeeeen,1
nice couples,1
dekha baap kn beta kese thaapad lagata tumhari peeche gusaya,0
when starts paar channa de just lose,1
haa dekh liya bap kon hota,0
anyone december,1
kaise jitenge batao jo log maa halala hua wo khudke papa sath jo cricketor dadaji abbu insaan bolte pehle confuse wo match kaise jit sakte,0
oh god maine aakar paata chala song baare,1
beta baap baap hota aage yaad rakhna baap,0
big fan sirrrr,1
man best song,1
awesome lyrics heart touching,1
see rao was there which cant even imagine today,1
thanks transcription,1
chor log,0
baap toh baap rhega,0
wahi toh baap baap hota beta beta hota bhoola mat karo chahe kuch baap tum logo rahega bo bharat sar jameen jis naam rakh reh rahe betaaaaa,0
very inspirational started watching your videos today only could not stop myself watching next one god bless keep doing what doing,1
not scared nand also they looking at,1
love every single moment song beyond words,1
love,1
rafel pakistani pichhwara chali gayi,0
gawara wala comment karne aava tnne,1
his voice truly magical,1
its forever,1
tari tati nikl jau,0
're gem,1
music goes beyond borders,1
dua nehin dawa chahihein munir bheej,0
love bangladesh,1
legend just makes feel proud moment,1
totally agree,1
well done man,1
coke truly rocks,1
toh congress wale gaav nahi rehta,1
should also make video how created food cats dogs produces minimal waste but till now why not been able make food cows buffaloes such way their waste produced as little as possible only talking about,0
since was great fan noori,1
no bro powerful people make places powerful,1
r very inspiring,1
memories song amazing,1
gagan choudhary ask his mommy why wet eyes,1
august its birthday,1
hiba arnous stay safe,1
pakistani tum log batcha batcha banke raho,0
actually helped her her child reach shore safely,1
pakistani still fake,0
here hear soulful song,1
bhabhi muh bihari shabdh sun bahut achha laga,1
always motivating,1
wow very beautiful soft song classical touch,1
good story,1
chapri log lndvish apna idol mante love,0
rafaele humne bheje nahi ndrones naam suna bhikario,0
love couple,1
airbase udaye tum logo,0
anicca,1
abhi tak tumhare abbu jitte tumhare jiju aa gaye kah lenge,0
chardy punjab dy sady sardar veer g auri keety ny,1
yaaar nu miley gaiii aj lashh yaar daii,1
bhap panga mot lo,0
hope now everything goood,1
lovely voice,1
tere ajnabi :,1
ham dekh rahe,1
beautiful song,1
log raste tv dekhna jab chhod diya tumhara log abhi raste tv dekh hamara ghar teen teen tv tum raste chala rahe hain bad ro yah,0
wo bechare shuru bol rha sabko,0
tumko pta fir chilla rhe baap,0
biggest fan,1
papistani jokers,0
charger gum geya nchor log tum,0
every time listen song,1
bap hum humein tumhare jinha bhik porkistan diya o,0
rolo,0
sarm ve nahi ata aplogo nab pata chala baap kon nkisi fild nahi jitoge q tum sab salo kalank,0
phck guys double faced,0
bhai log,1
yaad rkhna hum indians nishani pehle bacho lollipop dete fr unki g marte kaise uchal rhe theh bechare,0
lalankumar-flc tabhi maine viral again likha bhai,1
after whatsapp wala video coming here,1
thank gandhi throwing these idiots hell named,0
lovable song,1
price not affordable please tak krwa dijiye,0
baba ji thulu,0
song going brilliant,1
love nreally amazing,1
welcome rao,1
soni mahi thanks,1
bhai kbrastan murde kabhi nahi sudhrenge besharm murde,0
hats off your decision thinking,1
location mil gai sale vhi jake pakdo,0
can miss song years,1
awsemmmmmmmmmmmmmmm,1
love da song,1
makes us also proud aage kch krna apke dedication level dikhata best luck your upcoming journey god bless always full support thanku providing such nice thoughts which give strength as well as human being,1
why song soothing,1
rao' participation,1
abhishek new baap,0
guys doing funny dance other guys cousin lovers,0
gobar radioactivity wali line bolkr bhai saare andhbhakton roast krdiya nlove bhai,0
dekh le jeet gai tera nana jeet gaya gal per tamacha mare hain ham log samjha,0
beautiful,1
end ma bab koun huwa,0
saale last bata jate baap kon,0
garib pta th lekin itne pta th itne logo ghr tv,0
har jagah ham tumhari maarte hain pakistani,0
thank sharing moment,1
thank sharing,1
beloved lives other side chenab river,1
wonderful song,1
thanks,1
very best,1
noori never fail amaze us,1
coke only can produce such master piece,1
together,1
etna old song abi suna,1
rota rota mar jayega,0
q re mkc aa gya swad,0
bachpan vo din npar aaj baccho bachpan smartphone kitna dukh hota kash vo bachpan vapis aa jaaye,0
such soothing song,1
rafale wala live nahi ata varna vo tum nahi jit sakta,0
jhod,0
bhikaristhano rote dekh maza aya,0
log kaise maarte hain aise nahin champion,0
bapa ponga bhari pada,0
chaitanya singh arora,1
aman bhaiya bht waqt apki videos dekhta seekhta kuch karna chahta hoo apke saath milkar education field dream meet brother,1
allah khila phir haaroge jihadiyo,0
awsm noori just nailed,1
rao here,1
dii will support,1
good lesson,1
kis kis ishq gaya ?,1
bacche kitne b ucchal kud le shuru nbaap aakhir awaz hoti sab chup,0
log dil wale bahadur janbaz hote hain,1
: most favorite,1
salute your decision go ahead mam here support,1
hoga aman bhaiyya dhamaka,1
king up bihar haa vahi message jata jo vo dena chahta,1
valerie says ali hamza indeed very handsome,1
lavra why dhit shouting like sick piglet,0
always welcome,1
r efforts awesome,1
baap baap hota,0
never come close indian losers pak,0
gand mara li apni papa baar mara dard bahut hua hoga,0
was great,1
tum beta sale beta rahoge,0
love coke,1
sacha bole bhaiyaa baap baap hota,0
after brief,1
char chawani gohre pe npakistani verma lorhe pe,0
dii inspiration,1
literally very surprised happy after sieng because also,1
foreign chi patlin,0
sala pura pagal,0
ane salo tum hare match tumko pta har baar trah jung tum hare achai maan lo super logo jai hind,0
bro baat bolu tere,0
wonderfull superb fantastic lovely,1
haan thik baap baap hota,0
saarae kae saarae unpad paagal kae bachaein,0
nikkei gupta,1
ducky bhai suit,1
tera baap beta verma,0
kia kamal alfaaz hain,1
jung kaun jita sab duniya maloom gandu baap baap hota new baap varma,0
axelblaze jutte chappal mala pehnane isko,1
its evergreen,1
also hindu men why itna hate falate aone religion kilaf,0
bhikaristan charger yeha pe tere gaar dunga,0
respect button,1
itne sare terorist ak sathe match dek,0
tuba samad,1
chila chilla kr gla fad rhe,0
work awesome,1
wao campaign river,1
litti bihari food good bloging,1
ladkiyon kiii rafaellll maaarrr diiii,0
very illiterate people,0
ae kuthhae match haregay isliye jung baath karthe hei kutthho jung jeeth hamari hogayai already kuthhe loge,0
bhagwan yah log kitni galatfahmiya paalte hain,0
knew she gonna life partner our beloved aman bhaiyya ni really very happy them both them look very good together,1
thankyou background story,1
nevertheless ll still our microsoft wali,1
mera sawal ap log itna cheekhte chillate kyu aram dekha ja skta,0
baap baap,0
basic problem,0
good shabaas,1
loveliest song,1
yar nu melegee aj lash yar dee,1
very good dhuruv ap apke gaav aay apke mammy papa mile behut acha lega gendi soch valo juban bend ker di apne very good,1
abbu dekhte rone lga apni najayaj aolad,0
thari mar li jaye gi,0
legend yaar tum log,1
maddy raguvashi,1
inspirational,1
tum logon duaon agar takat hota asia cup teen bar khele teenon bar gand marva kar gaye,0
chutya,0
marvel,1
bhikmanga padosi when its comes music .....,1
best your team doing great job,1
instagram reels,1
pahli baar itne saare pagal sath pagla rahe hain,0
raat bhar party toh kiya hoga,0
coke songs,1
love love love,1
wo job mujhe dilwa,1
atkwadi haar gye mulle,0
some attachment song,1
kere paijan kare,0
kia bt ak love story p pura song,1
lagta uske big boss jaane baad himmat hui gaon aane,1
bikario ledo rafael deke tak nahi girane baat karte,0
love,1
bolo book laundiya baap tumhara,0
kaun sa nasha karte yaar tum log sach,0
will obviously miss whatever going,1
social media jeet declare karne wali jahil jalil mdarsachaap dimagiapang kom,0
yaa boss,1
tera new abbu verma,0
thanks julie as she mentioned litti as traditional bihari dish,1
hlw dear future self!!!,1
itna purana hogya hammy abi q yad aya gaaa sunnna,1
uss bkl nashe sae uthao pehle,0
kaala jadu karka pal diya ra,0
love unity,1
inspiring story shraddha wish greater heights your life,1
ram aaghe allha jadu tona kam aaya,0
salo baap tumharai har baar kahi jeetaigai hum,0
such masterpiece,1
cheers bro lovely description,1
gaaand chahiye yaa muhh,0
app jagah par mujay laga lo microsoft,1
bhai apni gajjab bessati karate hain pakistani,0
tumhara salman ga paint kholkar ghar utha bhaga,0
mine too,1
old vlog video,1
masterpiece year,1
amazing song truly genuine effort made by singers impart message hidden its core,1
baap baap hota beta haroge,0
bhukha nangaa desh,0
inspiring ak nayee disha,1
hello just came comment box say welcome our country,1
very good,1
wow awesome kachtyan te rakhy umeed payar yar di,1
nice bro,1
rao has made every indian proud,1
rajbir bembey punjab,1
bol la vde bap bap hota,0
rizwan tere ma beta jo bola o tere ma bosra,0
wow was inspiring aman bhaiya,1
musician' longing,1
sun le beta nbaap tera hindustan,0
best message canal water purify,1
cute puppies mere area puopy relocate kr diya kisi dhundh rhi unhe,0
sagar veena played by mam noor zehra was beautiful,1
compositions mixing tribal touch,1
pata chala bap koun beta kuon lawodo jita jate nahin jate,0
bhai gao bahut bada developed shocking sare bache rathee,1
kamal yara,1
wow masha allah,1
rao' voice beautiful,1
pakistani motherhood sala,0
imagine if people come back think about our country start contributing towards our development,1
rohtakii gandvaaa,0
still,1
cheese pizza very nice,1
worthy,1
tumara baap varma over action nakko karo every time pak celebrate early finally crying,0
sandesh advani rather amaze,1
bapa,0
rafale tumhare g dal,0
bulleya,1
listen join bca mca become full stack developer need learn html,1
jate jate charger v le gaya,0
wow documentary,1
nice see where grandparents belonged since childhood being told about migration inda,1
bahut sundar bahut sara pyar,1
bhai sharam karo match jita jung match live hota tum jit te pakistanio bada beshrm mene aj tk dekha baki pkmkb,0
no one ever does what done its amazing,1
kn baap jana tune,0
gaon asli hindustani vibe ati ha,1
baap baap hota kabhi baap panga mat lena baap kabhi panga mat lena love,0
sala hum kabhi itni badi pich dekhi nahi,0
bhai foreigner kese set kare video iss par banao wese sharif hu kisi chhori ankh chak dekhya,0
lovely pakistani artists make masterpiece,1
khud bare tum lok bol rehenho jo bol rehe hoo bo tum sala tuamara air bese kese udaya jakar dek le tera udadia khasake salw papisthan,0
rao female singer,1
starting bok sale bachha god godi dal diya,0
ham yahi boltey mere bache baap baap hota,0
kyu bhai aa gya swad,0
jung live hota tumhara fat char hojata,0
nepal always happy know about but why ask people mask their face,1
amazing amazing amazing noori,1
abhi tk toh sharma g sapno gye verma g sone denge saalo tk,0
baap tumlogo okad jitne bharat mata,0
achaa hua match live nhiii toh tumlog pak winner bnate jai hind bhart mata jai,0
amazing wow,1
shaurya ghanghas jatai years old your big fan whenever come dhanana plz come home,1
harish rajora thanks bro,1
nice bro,1
dikhawa karna padta,1
wow nice music,1
your work dedicated greatest person one day your channal goat national award like bharatratna nthanks always impowering people background,1
great revolution aman bhai,1
nice vlogs,1
sahi bola baap baap hota,0
tum jung jeet paoge match jeet paoge pak public dil jeet paoge khud desh agle saal tak bacha paoge china afgan baloch aapas baat lenge,0
beautiful tune,1
gem how did miss been big follower coke since more than decade hats off,1
main aao,1
chor,0
military base permanent military personnel dead permanent permanent,0
great peace,1
valo tumahari ladkiya utha le jayenge hamm abb,0
wahi bajrang dal jo berozgaari aadmi join karta,1
kis qadr khoobsorti gaya wah janab boht khoob,1
pehle kohli paki took aab puri indian team paki tooookkk raheee,0
yar nu mile gee aj lash yar dee,1
low battery walo nur icu bed upper njyaada chillaaaana math nvarna battery low oke oxygen cut hoga then,0
war recording karna hoga warna tumhara hukumat jo kahega,0
trophy chor tu kiya rafael giraega ak match nahi jita jata trophy chor kahika,0
bhai tum dogle desh namak khakar desh burai karte,0
may god bless both,1
bacche abhi,0
finger dikhakar bata rahe tumhare piche abbu,0
rafale gira diye fhekate papistani gira nahi pakistani govt jhut fhilaya,0
mohabbat agar,1
best piece music cs pk has ever produced,1
roj sunta hu song just love,1
tum hamara neya,0
kachiyyan ty rakhiye naa umeed paar di heart touching line,1
waah bhai masha allah,1
great decision best,1
rao :,1
jo bola food sunkar bahut achha laga mujhe love,1
huwa kala jadu,0
best may your risk turn into success,1
very beautiful,1
love jammu kashmir,1
gotta go long goal big,1
meena lochini alkasundari same dear,1
apna collage vali,1
thousand army tumhare thi jeans sender kiya har jang thumri army haari,0
bhai yahan pe bewajah gyan mat dena gaon wale bahut pelenge,0
amazing composition,1
bhikhmango ghamand kitna bhai bina bat,0
just subscribed,1
allah bi hum kafiro sath deta hrr bar,0
every indian report account beacuse use bad words video our country,0
justin tyree,1
sahi bahut bara decision liya aapne microsoft chhor diye baap re nbahut talent jarurat partee decision liye,1
ha bhai elections aane vale ha tu bhai ma dekhe ga kuch gav saher video dalne bade bharat khilaf videsho sa jehar ugalna jai hind,1
charger thik lakin wale trophy chori kr le ja rhe,0
comedy,0
apna gand de paise mila,0
pakistani lando,0
then cried,1
microsoft bhot choti chiz ndidi hajaro lakho loogo dil per raaj kre ge,1
trophy chor poorkistan nrafael hunter evidance social media nairbase strike media,0
vdo bnane wala tere baap fir jeet gye,0
bhaiya mere idher mulberry tuth bolte,1
tumarah gar mar diya,0
chor trophy medal chura le gya tujhe tere charger padi,0
bap rahega bap bap bsdk pkmb,0
brought tears eyes,1
aukaat pta chal gyi hogi tum logo,0
baap mami nehi hota daad hote yadrakho tum jesi bacho keliye,0
lots t love,1
now they can understand baap baap hota,0
kon kon reels aya,1
ita amazing sufi touch,1
loved how they met,1
shujaat hussain noori,1
inspirational,1
nice vlog yt,1
make your path much more brighter grow up high as never before,1
team chudiya pahna,0
naam sunke kafi garv mahsus hua,1
serving guest best,1
haar baad chhillawo,0
chhakke ball per chhakka maar diya hamare prerna hindustan jindabad,0
ese kehte asli desh bhakh germany settled hone bavjud apne desh gaon say lagav abhi utna well done dhrvu bhaiya god bless app aise desh naam roshan krte rahe,1
dhanyawad,1
pray him,1
very rare singer dashing,1
aisha ali,1
sapno gira sakte rafell hjar seniko gand mari thi ham logo,0
cameraman pampers change kar lo,0
baap baap hota,0
goher mumtaz jal,1
splendid,1
depiction soni mahiwal drastic night,1
maar diya tumko duaye kar koob chllila rona aata,0
greatful people like your team,1
first part,1
good job,1
best worshiping,1
at leat bhai got what dreamt about,1
listening,1
bhai bachhe bol bacche inke baap nikle,0
come uttarakhand bhaiya please,1
bap tarika bhai bap bap hota,0
condolences bereaved family,1
beggar,0
kaunse bhai sab jihadi napne delulu delusion nikal nisliye tere cringe comment pe koi like nactually inka allah fraud nikla,0
gharrahyaa,1
dii,1
bhabhi ji namaste,1
average halala paida hone wali kaum reaction,0
ya song hit abh howa,1
baap king kohli,0
very important useful,1
lehan boday pakistani,0
ma our motivation too nthanks video,1
tum beta aab tumhara baap aayaga,0
love paris,1
rafel sapne girao mach sapne jito,0
inspiration,1
baap baap hota beta beta lulli atankikistan,0
abe sb chori jayega bch rhiyo hmse km pakistanio jyada khatra tujhko,0
aya swad btao bap kaun rafel kha gya btana zarur,0
shradha made more inspire your story was inspiring learning about thankyou your contribution,1
listen again again,1
trophy chor mohsin naqvi,0
mujhe aaj pata chala pagal,0
wow coke amazing,1
ravi river,1
bhabhi dekhna axa lgta,1
they made magic here,1
mashaallah ali hamza,1
moments pure bliss,1
inspiring story now big fan madam kiya normal graduation arts kitne age banda html,1
goosebumps,1
abe kha tu sale tere marn bc,0
want visit more make more videos,0
appreciate your comment,1
thanks instagram introducing gem,1
bhai saari zindagi t shirt nikloge,1
battery discharge wala google challenge kar hay usko patanahi google baap zoho hay,0
just realized most underrated songs,1
january,1
really love song,1
juuuu nice,1
song too good,1
bapu thilak varma npakistan beta lok,0
mumtazjahangir,1
yehi baat samjha re beta baap baap hota nh bhulna chahiye tumhara baap yeh yaad rakhna,0
jokers,0
white dress wali indian singer,1
its amazing fabulous song,1
quite inspiring gave up work under any big ca firms sake doing something mother land request every decent soul look beyond financial part stress more knowledge growth our own motherland,1
lakho celebrities janam hua proud city,1
agreed quer,1
yaar nu milegi,1
betaa lnn lele baap abbb,0
beautiful place,1
first part song more beautiful,1
what perfect demonstration fusion folk modern,1
big boss welcome,1
samjhe baap baap hota gadho,0
pel diya baap fir,0
ikz rulezz,1
can visit also will like,0
please share video your school journey,1
batao baaap kon hy,0
wow aap society bohot socha nthank,1
di ur life inspiring,1
tumhari chu niya thukawake uchk rahi,0
karod baap wale,0
minutes bad inka randi rona shuru gaya,0
sohni mahiwal,1
har bar lora log harte b c kitte tara bhok te gaad bum nahi jitne,0
unke sune acha lagega,1
bhai bhai mere dost lyrics,1
soni mahiwal love story,1
feel like flying,1
soni mahiwal,1
nice mam,1
thank giving our artists much love,1
mam yours big big fan,1
veena abid hussain,1
naa war zeet pae game,0
baap baap hota beta,0
mene jyada pay kiya chatgpt course liye,1
kukuro jete bhukile kn hebo sabubele sei kukuro heiki rahibo,0
true her voice,1
tera hoga pakia begam,0
salman maqbool,1
sahi bola shuru nbaap,0
mere mily ajj lass dî,1
pak sharma kiya pel diya verma new papa,0
jai jahar veer baba jai druv buai apki video mujhe bohat achhi lagti ap sach bolty achha lagta,1
belongs indian culture,1
w,1
wicket teri ammi uha ma ghar diya,0
acha hua hardik match khela varna oski crore rs watch chori jata,0
kala jadu hua tera insaallah basa nehi paya,0
agar jitna macth live mat dikhao fir duniya koi takat nahi hara sakti,0
its favorite song,1
tom lok sob joker,0
indeed she,1
noori absolutely nailed,1
abe vah sugar baccha tu sugar rahega sugar baccha theek baap baap rahata beta beta rahata,0
music wonderful,1
finally found,1
alarm bag gya uth jao papi pakistani abbu jit gye dekho,0
listening headphones,1
these guys was doing really great job,1
sometimes feel proud myself why don t want leave always education only medium can bring change suppress poverty lead better social life only possible when crore population literate make nation best happiest place live best culture practice kudos,1
pakistani nashya karke bolte pgl,0
samne match khtm saant baitho lose lun,0
wow,1
story sohni mahiwal real,1
hats aman bhaiya shraddha man,1
best one coke,1
can please give us tips get jobs microsoft,1
hariyana tine samjhdar log nikle hain wow,1
german maal,0
female sonu nigam,1
love music,1
yar nu milye gi aj lash yar di,1
love song,1
down earth bhai,1
bangladesh hara kar apni awakaat bhool gaye,0
beta raat gaya ghar chal ja,0
proud shradha,1
music divine thing universe,1
kohli bhai talak de diye bhai halala kar rhe,0
cricyatribokaro pehle virat kohli varma,0
murdabad murdabad murdabad,0
love music no religion,1
miss best your new journey,1
techninja qw qf good,1
loved,1
kitna chor log tera charger chori karliya yarr,0
when silpa sung part ghar aa,1
duao hua kitani power tumhari duao pata lag gaye,0
pakistani logo lgta sher aut gya match jit jayenge par enko pta bap bap hota,0
gundo netshidzivhani ameen,1
vishal bhardwaj,1
cause noori special,1
song shining now,1
charger nahi sef trophi chori jaygane,0
love superb,1
amit bhai never expect ap app dobara use karoge its obviously fake app dont again please,0
love your vlogs,1
most backward cultured people most backward language one only,1
classic awesome,1
iamnisheth,1
awesome should done every small towns,1
old gold,1
romantic river punjab,1
sahi bola starting baap baap hota jo tumhara aaj jite raste pe khade hokar match dekhte,0
music,1
zahil awam,0
when she said litti was shocked does prepare by haryanvi people but then she said traditional bihari food steal heart arw also like bhaiya,1
love shradhdha di bhaiyya,1
ethereal,1
pata laga baap kon,0
focused nconfine yourself nthink small steady steps ndont think big,1
thank bhekharistan entertainment,0
bless beta,1
rose ali,1
superstitious log bahut jyada hamare seh nadiyo dudh,1
btw ise ham voyeurism nahi kahenge kyuki isme isne jageh visit kiya waha features interesting fun facts diye jabki voyeurism wali videos banda apne din har choti detail include karta jisse viewer esi feeling aae hame iss youtuber bare sab pata,0
bhag bhag bhos dk,0
love singers song,1
baap samne bacche uchhala nahin karte beta,0
sahi bola bap bap hota,0
ban gye r esliye bola jata baap baap hota,0
tumhara allah baap saat bete saath nahi,0
mujtaba,1
inshallah ntelent njai hind njai shree ram,0
mily aaj lage yār,1
mc match haarne baad rd match etna confidence lata kha,0
hu sukoon mila logo rote dekha,0
aman bhaiya aapki last sentence mere body sivering la di nmai bhut inspire hue hon v nlife suces krna chahti hon now first semester,1
what song awesome,1
thank taking decision,1
charger gaiab,0
baap baap hota sahi bola tum log apne baap bhut jaldi pechan lete har bar tum hari mari jati,0
han bhae may,1
sun tu rafel tu chhor no kagaj jo uarate jhaj uska budget hoga tere majbab paas,0
coke pak ap aik request krni thi ptcl catchup pr coke season wapis add kr dein plzz,1
love,1
thank noori,1
punjab raiwind,1
gajab bhai dhruve david attienburge bbc earth wale gajab bhai,1
rafale andar gusa diya bhaijan,0
agarwalkaditya like how hinds try make fun others think they won just look mirror not fooling anybody troll,0
fully agreed,1
lo bhai maan liya baap baap hota,0
harga chupu lele,0
superb,1
time jab betha bap tarif karta tab bolta bap bap hota beta beta,0
beta aagya sawaad tum log pahle sab karte isiliye zaleel hote,0
full support till end,1
har baar aisa kyu hota tumhare saath,0
tunnel sach kaha baap baap hota,0
charger tera chori hua tera khandwa chori hoga koi bharosa nahin,0
maa ku bola papa mara,0
sahi bola bap bap hota tumhara har tarah baap,0
thank mam every student got admission tier college student,1
chutiyapa sima cross kar deta pakistani,0
dream reach one day homeland beloved,1
tum sale rone bhikh mangne liye paida huye,0
its good shraddha,1
amazing,1
unfinished love,1
chor sab pakistani,0
beta kuch der samjh aa jaye ga koun beta hain koun baap hain,0
isliye tumhare papa hamesha rahege,0
fad gya beta,0
jaat bhawan,1
pakistani koo naday boltay saudi arab may,0
what lovely song,1
before taking chat gpt course does mandatory learn computer languages,1
kukkur dekha aaj bas bhokata rhaa mc,0
tharak takreeban her admi hoti,1
very good efforts,1
tum fir world cup haroge fir aa jaoge dekhne,0
bhabhi ji cute beautiful,1
super,1
inspiration elbowcough goodvibes,1
tumhari yahi soch vajah tum yaha wo waha,1
baat,1
beta tere bass ja allah bula,0
desh dorhii aa gaya apne desh,0
tu apne upar kalank,0
ji,0
pkmc kasa laga,0
abhishek out korke tu kaya bola abb bol bap kon hay,0
mashallah there anyone can say ghazal more sexily than ali noor don't think,1
same,1
beta,0
sindur bhar dia,0
bhikaristan vale thodi pehle khushi dekar marte hain usi main maja ata hain,0
salam lil kull shaab,1
thnku much,1
keep up sacrifices those unable sacrifice,1
like comment,1
mujhe bachha pasand if every need ll definitely find microsoft,1
tumhare saath allha nahi tum log juthe,0
mooonnn saadheee huueee hh saareee,0
buffalo famous gya,1
uther poora chori lokhe,0
arey inko itna pata nahin jung mey rafaell use hui nahin kahan giraye pata nahin bhai shayad yeh log f rafaell samajrein,0
please thoda time spend karke comments jaroor dekhe,1
tum log chor,0
beautiful couple their sweet life,1
shilpas body language,1
literally got goosebumps,1
wow simply speechless,1
baap baap baap rahe ga njay shree ram,0
shweta tiwari,1
iam learning coding will become web developer,1
kachiye te rakhiye,1
much emotional song,1
pak new papa varma mubharakon bosdivalo,0
besharam kom,0
songs season good,1
tum sirf sapno jeet sakte bete humari nayaz aulad,0
legend thinking about pink,1
yar nu meelegi aj lash yar di,1
پaar چانā daryā-chanāb dairyaan de baadshaah,1
finally t shirt change kr liya,1
beautiful pious love story,1
an example knowledge not only used get jobs but also make more knowledgeable people like yourself,1
love country,1
sach kaha bhai aapne baap baap hota,0
bap bata g r r diya,0
nobody else would perfect song,1
salute,1
if see one day,1
tumhare mulk pura chor,0
beyond dimensional music,1
charger koi chura le gaya chor kahin,0
thank,1
pata nahi aage journey kaisi hogi lekin maja aayega,1
greatest salute,1
hindi medium students liye teacher padhaye iit jee neet dream archives kre thank,1
bap bap hota beta nbeta beta hota beta nteri ma jai,0
dirt great nation,1
always better high notes,1
still metals belief heir government bed time stories about war face green smiling face green smiling hey mental sick people,0
baap baap hota chutiya,0
fan noori & rao,1
genuinely loved arrangement play,1
tumhara behen pe chadhaenge,0
your song,1
mast song,1
zhaahel log,0
congratulations nyour new daddy barma,0
ham log jo karte hain proof sath karte hain tarah hawa hawai baten nahin karte samjhe sapne sirf rafel girate hain ham log real brahmos markar tumhari air base tabah kar diya jismein kuchh aaj operational nahin tum log sirf baten badi badi kar sakte tum logon aukat nahin samne kuchh bol sako karne kuchh baat nahin,0
wow just wow what music,1
love,1
mam kis field jau th chuki aap bas guidance de dijiye field jau mehanat kr lunga please,1
baap baap hota indai bta diya,0
kitna besarm kitna tum log yar sch baap agr out jata tum bete log pr baap bhari hota sukr kr izzat bachye varma gusa dya tapa tap virat koli hota chupne jhga milti sarm mgr ati tum pakistani,0
aapne roast kr diya,0
jhula jhulo baap maat bhulo,0
real baap ham aapke,0
abe dale jab hara tab riyecsan dikhana chahiye,0
tum logo inhi harkato future match jeet paoge jung jeeto ge,0
what an amazing step world needs more people like good luck your new journey,1
great,1
dholi kameez ala master pakka balka joot maarda hoga,1
saalo haar gya tum,0
anad forces,0
just love your voice,1
after understanding its meaning ' here,1
dhruvratheevlogs thanks clarifying big fan daughter law poland watching guys always reminds son dil they just had baby what your plans starting family,1
really inspiring story luv,1
taras atey tum logo par,0
naice madam,1
phle ball pakdane sikh lo,0
sahi baat jaise rifle apne aap hero banati vaise dikha dete hero,0
duwa dawa kaam ayi molni,0
your such big step will not let down,1
chur tum log salo,0
congratulations everyone dream pura hogya changed plain t shirt,1
thank salman sahab beautiful narrative,1
thanks god iphone,1
harnese bad bhee khushiyam mana rahe besharam,0
thumara naya bhaap thilak varma,0
yee booommmm nand coming,1
love way dubai,1
jayda over hua karo tum log allah tum logo had main rakhta,0
paiso liye apni bezti vdo uplode kr skte,0
leaving your job work country different type satisfaction,1
kala jadu gaar andar ghus gaya kiya,0
pak g mar di ind wale,0
best,1
they missing education but export terrorism their spacial,0
lovely thakur,1
earned respect,1
foolish pakistani talk short runs indian players were playing planned manner,0
pride,1
coke at its best,1
rafale tumne sapne giray,0
noise pollution bolkar mandir ganti sath kr rkha,0
loved traditional indian cultural vlog,1
pakistani fans trh dogle fans maine khi dekha,0
yes bro,1
kud dofa,0
goosebumps almost whole video love your dedication thank much your support,1
lovely lok song,1
enjoying vibes,1
bro julie bhabi looking damm beautiful indian dress lots love jammu kashmir both especially brother,1
dekho,1
hlo bhaiya mae apko bht closely follow krt hu apke motivation mae apne aas pass bcho jnv entrance liye pdhaunga apki trh free cost apne kaha li kuch bada krne liye shuruwat jo jaisa wahi shuruat kro mae wahi shuruat krunga njai hind,1
video bola bache krenge,1
apka mission jarur pura hoga,1
very beautiful everything,1
raat haneri phuddi thaatan maar di,1
bhikari charger bhee churaliya,0
yeh itna yeh yeh karke chilla lagta gaand rafael ghus gaya,0
ha baap baap hota tumhara baap,0
insaallah maa chud gai,0
beta baap aise nahin baat karne,0
jada vok ta keu,0
wow nice,1
soul touching,1
anyone can enjoy,1
hum jeene waalo jalne waalo jo apne dil sunta wo kal sabke dil hota chill koi tension nahi apna college zindabaad,1
fabulous,1
ohhh syria allah,1
starts singing ' like breath fresh air,1
good luck shradha,1
anyone says ' addicted song,1
one best song,1
imaan arshad,1
mat kar lala,1
katai zeher,0
best story,1
sach yar bap bap hota o,0
bhai tum sab battery lo gai,0
thank recommendation,1
ise kahte hain babaji thullu,0
shilpha g what soothing voice,1
soulfull,1
favorite rao,1
sale mrr jaaoge jeet intezar,0
karandahiya happy bro,1
thank music,1
baab beta,0
hats off,1
wow love,1
noori ur best,1
baap baap rahega,0
duaa mat karo mere land mey bohot taket hay,0
pata cala baap kon,0
mumbai love,1
wow saal phale,1
hamare bete tum bacche hamare baap aaesa ni kahte beta,0
desha ma desh bhart bhart ma love rajathan,1
love see rao pakistani ....,1
love its music,1
aishwarya rathod hahaha,1
great ma aag laga bade logo jina muskil kar rkha paisa nho education proud aman bhai motivate people change world very young age,1
life very short shouldn t forget our roots also show roots their beloved wife,1
acha laga apko liti khate dekh,0
nice vlog,1
bap,0
shi bola baap baap hota,0
subhaanallah,1
cannot get over song ever,1
amazing dholak beats perfect teamwork great,1
please apne resources bachao apna bhavisya bigad jayega,1
whenever listen any song coke any pakistani song,1
music without borders,1
been listening,1
song has taken over heart way did not expect,1
wale harkat dekh pagal lagta,0
video bachha huz,1
amount times they said inshallah but no use,0
bar sharma nahi varma pel diya,0
axelblaze rahi baat namakharam jake pak mullana video dekh le wo support kar,1
last voice clip unexplainable,1
very very very beautiful song,1
ready going bigg boss,1
ali hamza' part was most awesome,1
shradha inspiration,1
never watch your videos still videos keeps popping here there ngerman,1
sri lanka tropical place place has similarities karachi,1
pehle charger kharid loo baad rafel girane sapna dekhoge nbhikaristan,0
neeraj mehra noori,1
baap baap hota hindustan,0
invitation punjabi,1
hijab wali andar ghus gyi boll,0
bap bap hota cutyo,0
nfrom bangladesh,1
sonimehwaal love story being described song,1
charger chori kar diya,0
baap baap hota beta beta hota putra,0
cricket hara sakte jung baat karta sala,0
one best song,1
great,1
walay zara like karay,1
ruk ja beta,0
last anab shanab bolne lage pakistani,0
amazing closure by noori,1
kiya wuha nae utardi paijama tum logo itna uchal pahad girna jaye chillao chillao,0
last two minutes very painful heart breaking,1
nashukri gawane thanks,1
think she didn t like because looks dry dirty around but she likes people because they invite unnecessarily their home food,1
nafrat bhaichare khatam kar rahi . ache raho bhaiyo,1
one plays well will win father,0
gand gussa dala plen,0
apni kamyabi khushi gao walo ku dawat diyo rathe bhai,1
baap baap hota sahi bole bete,0
charger gayeb hone per esa lag rha pel diya paise diye,0
apne abbu pareshan karna band kar halala jayega pakistani aawam samjhe,0
hello how watched videos your teaching style amazing thank microsoft,1
wow wow wow noori never disappoints,1
happy th anniversary still song,1
listening sufi-ism mind tears eyes,1
appreciate how coke produces such masterpieces,1
love much nplz pray ur little brother bangladesh,1
mujhe aaj pata chala song baare,1
main aisa kru ga din mujhe call aaye inshallah,1
hizra kis mandi,0
rohit sharma our champion our hero not winning wc doesnt make him failed player failed captain great player great captain,1
jung baat karte kay aoukat tumari,0
fabulous composition selection words,1
ali hamza stole show,1
juli motivator love bihar,1
bhai tumhara dua kahn geya halala karne gaya,0
log charger bi gayab kar yaar,0
still can't stop listening,1
chor charger le gya pura chor,0
gusaa diya muhme rafel,0
beautiful nice,1
yeh sahi kaha isne jung nahi jeet paoge,0
found song after years,1
bhai tumlog jara upne dil pe hat rakh bolo je tumareko humare indian army kitna thoka,0
like environment issues,1
koi bhai hota bache kabhi jayda jeed karte toh unhe aise daat chup kara diya jata tumhare abbu rahege,0
bhagwan aapko jada tarakki krwaega,1
bhikaristan isliye charger kobhi nahi sora,0
sunao trophy choro,0
one request pls remove ads,1
baap baap hota pata chala,0
guy,0
baap baap hota,0
yayyy,1
gantay kashi nahi jeet saktay no pak zero anda papa tumhara,0
saalo match jeet nahi pa rahe batein shekhchilli si aukaat e porkies,0
enjoying loop,1
kon kon reel dekh aaya,1
actually art,1
litrellay schoking but proud sradha,1
amazing selection,1
coke song just mesmerizing,1
really amazing,1
july looking very beautiful suit plazo,1
navratri chl rhi bharat haar ni skte hum,0
jiyada chiko mat kahi pichhe leak jaye,0
bhai porkiyon kay naseeb khushi porki haari hui koum bhai,0
soul touching song,1
rafal giradyna froof dhikavo,0
your decisions fulfill your expectations,1
kyu re jada bhauk,0
tumluk jaise luk rahete isliye toroki nahi kor pate beajori liye bona,0
noor khan airbase vedio mere pas tujko beju,0
best word song,1
usman farooq,1
gusta,1
looooosssseeeerrrrrrrsssssss,0
just like atif aslam gets visa,1
sometimes reels leads song otherwise did always ignore past,1
goosebumps last few minutes,1
abi bolo paap konay tumara paap konay saalay kutthay,0
sara din kuttye tara bhuka last mach hara,0
yahi jung hota beta thoda sa lad lete pahle bad har jate vo jeeta hua thoda part tumhe tumhari army bata deti fir tum log ham jeete ham jeete,0
tu logo jingi baitri lo gai hain,0
te log zindagi khosi nahi,0
aap mere inspiration ban gyi,1
music love,1
q pakiyo jli ya sujii,0
its fabulous,1
mesmerizing,1
good poetry folklores,1
cinematic experience,1
tu jo apni last video vlogging dekhne krne dono glt bak rha l,0
love video bro,1
what fabulous song was,1
shahza usmani,1
soul like mardi,1
listening beautiful song,1
trending,1
listen song like motivational song august,1
lady instrument did best,1
noor zehra' music sagar veena,1
aap bahut aage jaoge microsoft wali love,1
overall great song,1
forever favourite song,1
oh dosto ay panjabi gana si tay tossi sara yen angri zi which la ran lag gay,1
foreign jaane baad log apne dosto ya wife kabhi apne gaav invite nahi karte kehte awkward lagega nbut respect rathee especially julie video,1
sharam name chije kutte tarah bhokne beta baap ban jata,0
tum pakistani kom dua uper wala kabul nahi,0
really want listen someone education everyone saw many students not get enough good level education start b tech year many plans children here some teachers teach them very wrong way even they don t teach hindi good way basically bihar if your team some plans students pls contact,1
nostalgic song,1
dilko bahot sukoon milta bhai nkyunki inka soch bahot bhura hota nyehlog bahot nafrat karte october hanuman mandir gaya hoon bhai keet wajah,0
jo dekte toh yaad rakna tumhare views iss atankwadi views paise deta toh isse mat dekna sirf yehi likhne aaya,0
bar patkhani khakar sirf sirf comedian pakistani logo nehi aisa kar sakta hay last bhukte hue ghar jane kaysa lagraha,0
punjab ao fan hum,1
education should free because there chance finding genius compared previous decades not possible,1
love c such beautiful comment,1
epic masterpiece,1
why addicted song after years launch,1
usko aap jantay,1
paisa khatam gya aab jao dubai soudi arab katora pakad vik mangne,0
haar nahi haag gaye haha,0
youre right dad dad but,0
tum srif duaon kr sakte bs yhi waqad,0
soohni mahewal,1
quarantine song,1
beta school hoke aaya,0
modi ji way nikal le bahar,0
log bs duaa kr skte kyunki cricket inki bss,0
really inspiring,1
pakistani public jit pahle jasan mna,0
not only but pakistanis too also inspire your work,1
tum pass hokr khush,0
big boss aa rhe iska matlab,1
cricket,1
chairman trophy chor nawaam charger chor,0
beta hum indian pahle hasate fir rulate nkya swad aaya beta,0
manipur burning make video manipur,0
simply master class,1
baap kise kehte pata chala,0
what education did her keep growing mam goodvibes,1
pakistani majja aaya,0
: use headphone feel music,1
nice episode,1
great thoughts keep up ngod bless,1
ghar jao jao naata dekho ghar jake,0
tum payega swad aa gaya jala kar jali jali,0
trophy chori karnewala charger churate hain,0
maa chudhgaye pakisthaniyonki,0
kaha inka inki inko pilake aisihi dikhati,0
pakistani tum nahi dialouge yaad aa gya,0
hiba arnous love,1
deserve more views,1
luv noori brothers,1
jang jeetenge ninka pm thank kr kr bhikh maan rhaa jang ruk jaye bs kisi tarah sbke pairo gir gir,0
arfeenminhas noori,1
song stands peace love,1
america jesi new team din bar haraya,0
abe ham tumhare baap hain hamesha baap rahenge isiliye jhukte raho,0
charger dhund le phele bhai shok baad mnana haar,0
pagal lok insa alla bolty roh,0
iwantlikesfornoori,1
best lots luvvv,1
listening june lockdown,1
isliye kehte papa saath khelna achi baat lekin papa aage niklna nahi,0
bolo papa verma,0
trophy chor bhikhari log,0
noori ur,1
r blessed already doing great hope will achieve everything want love,1
music peaceful,1
wo sabko pta baap kon tu abhi paida hua sayad,0
baaap kon tero paatta lagaya haii abhii,0
jajba ghus gya piche tum logo,0
seeing yt first vlog social msg,1
well very difficult quit job company because only one main goal job nbut apne jo kiya can t believe nand forthcoming journey,1
da muh de diya,0
harris rauf maa chod diya consistency,0
rafel gira karachi,0
just one viral indian instagram reel boom its viral,1
mc tu bhul kaise gaya mc chla rafale giray,0
problem starting love old classy ones,1
real bap bap hota beta beta hota tum hamse nikle,0
huge respect aman shradha,1
coke performances,1
mahi bot jana ta re,1
bjp godi media pe aese video banate rahiye good,1
reh kr sanatan burayi karke safe rahega jayega german yeh,0
nice vlog bro keepit up ma sy hu engineer hu good knowlage provide indian people motivated vlog your,1
process not want stop listening soothing mind felt real love,1
logo wkt nai girte raffle khaak giraynge,0
tumhe kitna pele bhul jate abbu bolte jab maich aaata fir baap banne koshish krte but fir tumhe acche pelte fir baad mayush home abbuu bolte tum hamare najayaz aulad bhulo mat,0
ali hamza love,1
masterpiece deserves salute,1
' amazing work,1
like very much,1
wonderful melody,1
really im love song,1
score dho out hogaye bacche tum kitinibar aiesa out hogaye doesnt matter how late matter how completed history dosent remember how started,0
thank your vedio different,1
cricket maidan hoo jung maidan hoo har baar pel dita hain,0
hanji mere,1
love both aman bhaiya shraddha,1
love coke,1
sab milkar bolo bhosada,0
love sister,1
baap baap rahega baap baap rahega,0
sohni' soul,1
same mission,1
acha lga apka video,1
love thank much encouraging,1
hope help,1
sohni mahwal nu aakhdi,1
wow bhikhariyo desh baar fir haar gya re,0
bhai iska charger chori karke chale gye sab chor jaahil iss desh,0
meraa dil,1
came here fromashnoor ls story anyone?????,1
sale baap baap hota hain nyea baat sabko pata hain npar tumlog baap kab ban gaye hamare alag hokar yea bana hain toh tumlog bete huye baap,0
tumara bap anevalhe,0
get well soon,1
song add life even deepest hardest movement life,1
never disappoints us singing,1
hats off professor his team,1
upper nhii khelta,0
fantastic poetry enchanting music,1
extreme honesty,1
will always our microsoft wali,1
moment when,1
inshallah one day,1
bete hum vhi kh rhe,0
bta tere kitne baap gye,0
wahhh kmaal ap,1
pure hindustan mei iklota state jahan mahilaon purushon zyada samman kiya jata jai hariyana nsource trust viewers,1
proud please continue,1
besttttttt,1
these channels entertainment sure but these people live such delusional world,0
kala land lo maja kro,0
will always our microsoft wali,1
god bless shradha,1
brush kyon nahi karte katwe,0
she will our microsoft wali,1
haha xod dia salo,0
tears eyes amazing appreciate admire,1
great job,1
mdarsachaap kom jalil hone liye paida hui,0
rock,1
osm guys big love,1
agar tumne rafel giraya saboot dikha pakistaniyon,0
konsa party hay bhai hamave dakhaw dom hay kitna sas bol tak hamara dom hay,0
salo tum kabhi jeete aaj jeeto ge,0
usi paas mere masi rehte hain how can miss opportunity,1
nikla hindustan bachha sare log tumhare abbu,0
healing music,1
seriously thisss song has years old ... though its just released,1
rafael girane tumhe sapne dikhaye tumhare baap,0
courage shown present your view hatsoff,1
bhai itna emotions late bhai,1
just loved,1
kon kon reel dekh kar aaya song sune,1
trofi chori gaya bhai pak valo milega de dena,0
chatgpt course epic explanation,0
noori voice very peaceful,1
papa abhishek dusra papa wale bar mere baap,0
she plays sagar veena music,1
sitar player,1
mindblowing nourani awesome,1
tum bus spno duniya bahar mat niklna,0
must deepak kalal fan joginder fan,1
baap baap hota ji balo,0
saala kisi comment reply deta,0
juli bhabhi traditional awesome,1
kre jnab kre,0
wow such softness,1
tumare paap jeet gye,0
tum hindu pe kalank,0
such talented family,1
gaon door accha lagta rehne pe pta lagta chutiapa,0
bapa ham tere papa pucha lina,0
tune sehi bolatha baap baap hota,0
tumhara baap hum nbeta,0
marwa lo saalo,0
absolutely love your voice,1
our neighbors enjoying collaboration hope see such collaborations more every field ' cool see indians discussing csp detail what lovely gesture,1
rafail apne gar ghusa liye gira kr,0
such great courage,1
jokers bache logs,0
match per dhyan nahin dena chahie charger per dhyan dena chahie,0
wowawsm love,1
coke one only platform jahan indians pakistani pyar bt krty han,1
just precious,1
used listen song repeatedly but happy see people involved .,1
love,1
chinese j gaye,0
pure hearted man,1
lahizdon senaa kabhi nahi sudhrenge,0
superb song love,1
study gain lot knowledge rathi video one best teacher respect him as teacher good work,1
thats power music,1
charger chura le gaya,0
coke season best,1
happiness seeing many people,1
bhikaristan aage chal,0
jang nahi teriben humechahiye,0
sale tum log chor,0
ruk lodu last tu rone vala,0
rao respect,1
shameless,0
wow got courage,1
trophy chora kar lekar bhaggg gaye bolenge trophy ham logo pass trophy ham log jite,0
can much your,1
kaun jita tera baap jita kaun jita,0
proof ni neta bolta social media dekh lo khud kuch malum,0
voyeurism pleasure,1
hum honge kamyab din mann viswaas pura viswaas shall overcome allthe best beta dekhna din tumhe microsoft dubara approch karegi baar tumse kuch sikhne liye,1
process amazing,1
bhai charger mila nahi milega,0
strongly agree,1
aapke sath hu hmesha meri achchi job lg jaye financial sahi jaye bhaiya sath jud jayunga,1
here september listen beautiful song,1
operation sindoor operation tak successfull,0
more than awesome,1
punjabi pride,1
really bro music breaks boundary,1
litti love bihar,1
o o le le,0
rizwan tilk verma tera new abu nikla,0
pakishtan log rendi badsa,0
thought same hardly anyone talking about him comment section by way respect thinking about them too,1
rafel girane proof,0
maa chod di indian sab aa gye hoga beta,0
rao thi thi jis aaj nahin sochna,1
brother being practical having scientific temperament visiting temple like questioning your videos,0
vahi hm kabse kahre bap bap rahega tum samjhte ntu samja tu samja,0
usman ali dil jeet li ta,1
mene aaj suna,1
song give goosebumps whenever listen song always make emotional,1
o hoye hoye coke end kr gy oo,1
duva nahi guva nahi bhen chot kidar gaya re bhen cho,0
thank ma learn lot your tutorial videos,1
pakistani apni beizzati karwane koi kasar chhodte,0
acchi lagan,1
superb vocals,1
yaar ayesha age bata rahe,0
hua walo fat gyi,0
thank posting,1
bamsi beyrek,1
d best,1
rauf rafale porkies gaan ghused diya,0
good days coke,1
song which love,1
just love coke,1
love,1
baap baap hota pakistani sun le baap baap hota hindustan jindabad,0
coke pride,1
bhai banda raat bhar soya nahi hoga mobile toda nahi tv poorani gyi,0
gaanv bahut pyraa haii last wala seen bdya laaga uncle ji nehar safai,1
soul bigger after,1
bhai har jagah meri tarah chadda pahan nikal jata,0
baap baap hota noperation sindoor noperation asia cup,0
bhaut badhiya bhai,1
very interesting story,1
good girl acha keya microsoft chor very good,1
take back whatever words said showed gestures against d beginning your video mr rizwan dont worry will b always your father nn think twice before speak anything against your countrys cricket nil but ur peoples mouth never shuts shame people go hell,0
pata chal gya kon baap,0
tum log sirf spne jeet skte,0
ahhh just magical,1
jang ladna ya match khelna tumhare bass baat tum log trophy charger chori kro yahi tumhare bass baat,0
more power,1
action lena chahiye bcoz wo fir lightly le lenge sochkar kuch karenge nahi take action against them,0
thanks masterpiece,1
too much brother,0
know always talkbabout negative about bjp but why didn t talk about manipur incident doesn t touched deep down brother as confident person always talks about right wrong why not time expect,0
awsome song,1
awwwww le mela bacha phir haar gaya apne baap bete baap baap hota hamesha hindustan beta rahega jung baat naa kro behen lode pele jite naa aage jitoge kabhi dimaag daal lo,0
har bar izzat es tesi krwane pta shock inhe btw baap baap hota dhek lia,0
baap baap hota beta tumse payega,0
pta chal re bap bap hota,0
sucess mantra,1
magical sound,1
love,1
kon si gaali du logo samaj ni aarha,0
super hero,1
simply best,1
jaldi hatto jaldi vha hato htt thori miya chapri sela,0
shes only living legend play instrument,1
khane aata nahi chali chimkandi pati dene,0
inko rote hue dekh sukoon milta pahle bc karte baad rote,0
bhikhari pk sorom nahi ahta,0
arbaz abid thanks mate,1
vry niceeeee song,1
kachayn tain rakhiye umeed par di,1
sare mia khalifa bachhe,0
nooris voice heavenly,1
kashmir,1
anyone bangladesh,1
kyuv fay gai,0
ruk abi waha bi congress raaj aane wala,1
same magic,1
hero sis,1
jaojao jaakar muh nicheka dhaadi nikaallo jao njai bharat jai hindh,0
superb,1
cock best,1
jung haar jaate,0
full support di,1
vaise ammi bete kitne papa abbujaan,0
very inspiring story keep up,1
atif hussain jutt menu par langha de,1
really good song real love,1
being was fun watch them explaining those things,1
yahi soch rha,1
find him sexy,1
pakistano okad nahin hum indians hara sake,0
tukde kiye bhool gaye mc,0
juthi kom,0
can feel song after listening story behind song,1
baaki kuch log acha nbaaki sab bda b c nshuru bohat gaali de ak bnda,0
rafel tum sapno girana suvro,0
kachi merii ❤,1
shi kha aap baba bab hota bab tumhara,0
always love song,1
song motivates,1
main bangladesh houn apko bajaca bohot help meltahe dreem web developare tnx merako fb sa add kalrlo plz hamra id name xtylish akash,1
lovely song every line has some meaning,1
gadahe kom wala,0
baap baap hota love,0
abhishek sarma out kar diya beta varma,0
beautiful magical song,1
apni amma puch lo kaun tumhara baap aaj dobara pta chal gea kaun tum logo abbu,0
trophy chori charger chori welcome,0
best coke,1
abb bolo bhai kon asli bapp,0
bhaiya microsoft wali can also join your team innovative campaign educate students,1
quality,1
kala jaadu kaam nahi aaya,0
jung kab jeete,0
best course guys,1
true story every student doing job his background status middle class but determination become great also writes great history future like apna college,1
tum log tv phoda jisme dekh rhe her her mahadev jai,0
vaiya sabhi members take part every youths life love will also,1
such difficult decision thanks di your sacrifice,1
nice your,1
nomad shubham jaise lagta,1
amazing juli too lucky see places,1
spread love peace,1
love dd,1
talented beautiful,1
baap lara gira dye ntum sirf sapne jeet sakte bc,0
rafel girana tumhare bap bas nahi tum sirf social media rafel gira sakte,0
best ever soulful beauty,1
ayse gauon video upload kiya karo next saifai,0
camera dhang lene paisa nahi quality dete,0
come dude,1
coke t series,1
at magic song begin,1
yes very good at least if education improved here then less depression rate after jee better opportunity jee,1
song magical,1
introduction qawwali,1
good fusion punjabi folk,1
sala bhikharistsn aap aspect kar sakate,0
sahi bola bap bap hota yaar,0
favourite,1
baap baap hota nbhai jab pata tho kyu chills chilla bol nab tho sure gaya fir chilla chilla poochega nsudher jao bhai,0
ssu mi,1
abbu pel diye,0
how missed gem.. listening frist time.,1
strong word mouth melodious song,1
ha baap baap hota pta lga hoga,0
tumhare aabu wale manlo bap bap rahe ga,0
aarey sahi toh bola baap baap hota,0
tera baap jit gya,0
hey stranger really good music taste,1
chor sab tumhare udhar,0
maa behen p l kardiya,0
its folk love,1
massive respect,1
ma chodlo r ur good father,0
agreed bro track awesome nori legend,1
tumse nahi hoga beta,0
bharat tumhara baap hamesha liye tumhara baap rahega,0
please not come don t want anything happened please stay safe stay another country,0
benchoooo talk ind always win every field,0
pxmtrcuske aage bht kch bola toh usse sch maante hoge aap,0
tum pakistaniyo yu jalegi,0
respect your,1
nbe carefull inside nu may trapped by centr gov their party nur videos nuissance their propaganda nleave country comeback after election,0
match thik raphel kab gira diye kuch bhaang gaanja daaru sutte kam lgya karo tumhare muneer khaniz bech diya trump,0
one best song season,1
while listening close your eyes feel song,1
how beautiful noor,1
tumhara allah firse haar gaya,0
song way way better than pasoori many more songs coke,1
garam karke thanda chhod diya,0
ji god may bless,1
tumhara ammi sohar indian beta hu isi layak,0
love storyline songs its awesome,1
chud gye,0
vitaminputin bhai jaat thik but apna hindu dharm khilaf bola ramayan fake batava,0
walo dua kaam nahi aati npakistan walo alla nahi sunta,0
goto song,1
love each other,1
bro perfect hides their relative face too,1
thank,1
most beautiful song ever,1
abe phli baar naam dikhaa kyaa jhaat kaa,0
what proud haryanvi because german shephard,1
congrats pray,1
o bhai hm campare kisse kr rahe log pagl,0
gh gaya brahmos phir inki main,0
ji face expression bhot acha,1
st video got trending youtube ni had not seen before,1
wish more music together,1
thankyouuuuuuuu sharing your experience journey us,1
song was far ahead its time superb,1
starting voice best,1
yar nu milay gi aj lash yar di,1
sala tum log pagal baap harane nahi sochte beteeeeyyyyy,0
sari raat party hui terrorist suicide bomber,0
bsdk jung toh hum jeet chuke,0
true connoisseur,1
match harte sab hijde bhaag gye,0
proud shraddha,1
most beautiful music ever come across life,1
rafel photo bhikhari bad bola,0
season bewajah,1
juli likes kuch bol rahi achaa lag,1
thanks lot bhai show us land ancestors,1
amrinder paa,1
kacche mere mitti,1
chup raho kiun tumhara abu yahan,0
one best noori ever produced,1
noori just unbeatable,1
ali noor,1
indian brother sister,1
kuli yaaar di,1
charger churane valle desh meh esse jyadaa umeed khar sakhe,0
cant get enough song,1
does your relatives face flak due your political stance though not ur relative face supporting your views,1
kutte bhonkte itna,0
rafael pela humne tumko pela,0
good luck,1
hggg diya,0
alis hamzas mother,1
bhabhiji traditional clothes dekh mazaa naa gaya nlooking cute,1
lewra argeya,0
kon kon meri trah december sun raa first time ??,1
just realised song years old how can missed song such masterpiece deserves more recognition,1
check kru sab bekar,0
kis kis background music pasand aaya,1
blessed di nsince will joining college year can t wait learn,1
nice hear sister law nbihari food litti chokha nlove,1
sahi kaha baap baap hota hain pel gaye bhikhari,0
saari raat,1
tum log bhikhari chor hie,0
forgiveness,1
poori qaum premature ejaculation aadat lool,0
world best coke,1
fav,1
naya bap suryavanshi jaiswal abhi field pe aaye nahi vo bache pure team nanga kardeengee unka match dekho jake,0
tik bolata bhai bap bap hota,0
bap kon samja kay chutaya,0
oye tech burner copy cat,1
r black spot,0
love dhule,1
real party real hero,1
love appreciate music iran,1
baap tu beta tera beta kahane layak nahin tum log,0
aap hum,1
were good here,1
aapka gaon bahut achchha,1
addicted,1
: mind blowing,1
hijab wali ladki bol hoon tera pappa jita gaya,0
your peace looks clean,1
ducky bhai,1
want crack gsoc plzzzzz bring course th,1
most anticipated topic video by viewers ndidi microsoft yaa apni kaksha nyaar rula diya yeh video banake nat aman bhaiya annouced shraddha ceo apna college unofficially,1
hum pakistani peaceful nation hen,1
listen chan kithan,1
hamara coke,1
cricket agar live nai hota tho pakistani tum log bolte final win bolte,0
superb vlog,1
music tell pak ishq,1
tum log karke aao border cross karke sabko humlog jannat pahuchate,0
tum log intene bhikhari bik jate,0
proud moment request make video jats please nabout jaat jatt,1
waah re chhore love rm hissar,1
nice one ourr comment face red heart shape face red heart shape face red heart shape eyes pink heart shape,1
excellent explanation,1
sbse murkh issi city log hain,0
nikla baap hua baap match kase jitne deta apne bete baap baap hota,0
process beautifully explained,1
father name,1
tum log malum nahi bap bap hota,0
real information giving man dhruw rathi lovely person real journalist,1
happy diwali,1
respect love,1
channel owner like bezatti krwa kar indian views le leta hu month rasan jugad jayega,0
beauty punjabi,1
please don't listen,1
abhi b asa lga pdh rha hun,1
bhai bhai jaan nikal di bhai jaan,0
beautiful isn't,1
mohsin naqvi chor trophy leke bhaag gya,0
inki okat kahi jitne ni badi badi bate krvalo porkiyo,0
only coke good health.,1
same position,1
thank bhiya aapse bohot kuch sikhne mil thank heart,1
nif will sacrifice life porkistan had face,0
fly high,1
bhai ghore bech kr rhe war jo sare pak wale spna dekh rhe rafel gira diya,0
jang kintebar jita pagl jang jita crekt only,0
she got beautiful voice,1
love song,1
love canada love pakistani songs specially coke,1
aapka gana bahut achcha laga mujhe,1
outstanding lovely lyrics,1
oo ritla mahara t mat sikha tera t jyda gyani sale,0
yaar nu milegi aj laash,1
hum indians ullu banake hamari view paisa videshi leke ghumte bangal jao videshi leke panchayat election time bomb murder accha vlog milega tumhe juthi useless secularist,0
what great performance by noori rao,1
more than welcome,1
can meet plz,1
can say somebody can truly your ideal not just their profession bcz their soul their story alot,1
channel,1
soohni mahiwal,1
abhi dikh gya tumhre nuclear port tabah kartdiya tumhara baap,0
samje baap baap hota,0
what about people throw garbage name religion,1
listening soni mahiwal perspective felt entirely different,1
still hits differently noori your part literally gives chills,1
because she loved him,1
love,1
agreed,1
sahi bola tu baap baap hota beta beta hota baat jita,0
hari huyi koam,0
funniest part video,1
nice couple god bless them,1
gr work nkeep going,1
brother can good men,1
thank taking efforts,1
asa indian respect pakistani music,1
beyond amazing,1
're not alone,1
discovery,1
listening nowafter listening became mesmerized now can't other work except listening,1
what an incredible tale eternal love,1
trust first time song see,1
also favourite,1
thank bro,1
hats off writer,1
obsessed,1
still hearing,1
never gets old,1
masterpiece song,1
entire population delusional mad,0
best future too much love support,1
song just amazing wish coke comes back music genre again,1
indian public literally good test music boundry doesnt matter,1
love guys,1
jagah bramhosh gira pakistaan main naur rafel koi proof nhamare pass proof,0
best song ever,1
yaar nu milegi aj laash yaar di line just gave major goosebumps uffffffffff,1
love apna college team nsach apne apne teachers,1
enko dhk saaf dhkta kitni jali padi enki indian,0
surrender karne wale jung jeetne baat karte hain pak army sirf apni awam gulam bana sakti jab hindu army takkar hota tab sidha surrender,0
indianko kese jitdega,0
finally justice masterpiece,1
bso claim islam sense,0
bhagwan manta nahin mandir kyon aaya abhi views lene sale dogala insaan,0
punjabi laughter,1
tumhari team khali zimbabwe jo anda shrilanka jeet sakti,0
beautiful pakistani indian songs,1
umid kuch nahi hota jahilo mehnat karni padti,0
bhakt banerjee finally khush hoga,1
its amazing,1
education kami hoti logo bde budhe log baccho tarah harkat krne lgte,0
etni begert kaha late,0
love song touch heart,1
apna majak bananwane wale phli bar dekh rha hu,0
chila chila kar abe pagal jayega tu,0
awesome melody,1
bandene samajgaya kon asli baap,0
carolina delgado thanks love ecuador latino world,1
nice songs,1
song love story,1
vo starting bolne wali behenke loudi kaha gayi aja deta hu party mu,0
hum jitne wale nindian beta uth jaoo subha gayi,0
hahaha,1
gaane papa gaate sunte,0
sahi kaha bhai tumne baap baap hota woh tumhara baap,0
come here after insta reels,1
nazir ansari,1
salute aap,1
aap log lakho baar allah allah karte rhte lekin phir kuch hota tumhara,0
love aman bhaiya,1
apne baap mil lena systummm nacha baap bigboss nsorry sorry sorryy,1
rao mind blowing cant words express really,1
amazing coke,1
always favorite,1
bigboss there ill minded people deserves any coaching institute,1
watching ashish arora videos demotivated by thinking not getting iit,1
nacho nacho nacho nacho,0
wow great please pray become successful engeer like dii,1
allah nahi bacha paya,0
still listening masterpiece,1
chhakko lga chhakka mar diya,0
live chlte isiliye haarte bc war live chlti tbbpta chlta tumhe,0
nthat gobar radioactivity line was personal,0
love each beat composition beautiful,1
jung jite kaise its social media where evidence its social media,0
love brother,1
everyone perfect coke,1
love dadi amma,1
chutiyooo,0
[cleaned text]: buhat tyytth aapnikdum kadaaak song,1
achha beta charge chur liya tumlog itne bure log,0
pta chala baap kon,0
bha nnn pakodo pahle pata rahta harna,0
zainjuttgaming now world also knows tumhe failed marshal chewtiyaaaaahhh banaya,0
learn swimming,1
rahul upsc vo tu apne bare btayega jo btayega toh soch smj kar bolna,1
miss version coke,1
dont know what say how say but r grttttttttttttttttttttttttttttt di,1
really admire best,1
respect sonipat,1
love apni kasha team,1
beauty,1
kaun baap kys hua yaar abhi missile pichwxde main daal le jalad log chor public,0
tumhare baap match jitwa diya pakistani verma,0
best vlog,1
dailog sach bolaa o,0
accha hua match live telecast hua nahi social media rehta asia cup jeet jati,0
ratt pada en jah ilo,0
most fav love song,1
bewakoof awam social media proof sab taraf dikha rhe hain,0
its fing masterpiece,1
undivided punjab,1
tumare sath toh threesome gya aage sharma pela pechhe verma pela beech tum,0
gnd masti dekho pak,0
varma bap ban gya bolo bap bap,0
papa bolo papa tumhara papa,0
really great motivation us,1
im hooked,1
pls reply if enjoy when these pakis entertain us,0
walo kuch sorom kar,0
theeth tabh sabh karega naa jabh suar khane fursat hogi tabhi naa bhai,0
great man,1
hope both safe,1
kaala jaadu misfire hokey khood bikaaristaan key gaand mey rocket ghus gaya,0
rao breaking heart,1
gracias lots love,1
shrma varma shi tumhe pelte rhege beta,0
noori best singer,1
sapna dekhna achhi baat par jagate huye sapna dekhna achhi bat rafel gir gaye salo,0
sabki gand mar liya awaj band gya dard rha ga dava jagah barud laga lena,0
best buhat khoob,1
kash hume phle pta hota lake jati aapse milne but acha lga dekh kr aapko,1
pal khushi hoti bas inko,0
clean masterpiece,1
no sad yaar pray allah may live long giving happyness life,1
coke pk,1
came here after watching instagram reels,1
fantastic vlog,1
reayonchoudhary,1
kitna badaa ghusta jo itna sound hota,0
kitna ganda,0
pleasant experience watch your vlog,1
rafell giraya usaka sbut dikhado sapneme jito,0
proof jhaat bhar backchodi krte rehte raat bhar social media par prof by way hogya,0
mar marke suja diya,0
achha hua tum log dadaji bhag gaye nahi bhaga diye jate,0
an absolute masterpiece,1
inspiration has came aman dhattarwal,1
har chiz piche lekin songs aage,1
bate jita jata tum pehle hote jajba jajba kom,0
apke mission judna chahta hu,1
wonderful video,1
saad awan why has plenty very good artists,1
nobody talking about how hard parents would worked give him life living now,1
ammar ahmad,1
bahut nice video,1
coke just awesome above music every,1
rafale tumne tiktok pr giraye hn lgta hn,0
new father,0
sab kuch mil jaiga toh ......jane happy new year,1
kuch maja nahi aya,0
hamare rafel pure ha air base ginti kar back kam gaya ha,0
every day play once month now,1
jat bhawan,1
oye khud rafel khud match end piche apne andar le liya,0
rao ji,1
soulful song,1
awesomest,1
tumse hamara smbhala jata tum hm sbko kaise samhaloge,0
teen teen baap nbaap no virat kohli nbaap no abhishek sharma nbaap no verma,0
trophy chor,0
tum sahi nikal liye vrna dunki krna padta,0
outstanding voices,1
trophy chor ncharger chor,0
sahi bola baap baap hota tera baap sabko malum hay,0
apni,1
muh chupakar bhag rahe desh sala,0
beta bap bap hotha beta beta hota,0
operation sucessful,0
chor kom,0
blessings coke,1
bht inspire hoti hun jb apki video dekhti hun,1
sahi bola baap baap hota,0
most emotion line,1
how understand,1
impressed what your name,1
these types songs never get old,1
youtube rr jade fed fot method teyri pass jo ladki fad fad horey petanahi time kitina bade londe tepa top choodeyga,0
bhai,1
kaala jaadoo rafel giraana bachu baap sae takkar math leanaa,0
its never too late,1
kyo pakistanio kaisa lagta bahut ittar tum nahi sudhrenge,0
operation sindoor yad mdcd,0
hopefully things will get better,1
jihadi kide makode apni aukaat bhul jaate,0
mkb baap baap hota beta beta hota,0
its feels beautiful,1
splendid work maam,1
apne khuda sharminda karte tum log,0
sahi kaha baap baap hota verma,0
dekh bura laga gaanv chee cheee foreign swarg kiu rathee bhai,0
porkiyo naya baap,0
wish can also join guys,1
ruchika tiwari love,1
such very tough decision an inspiration nmicrosoft wali,1
magical,1
jeet khushi pahle nahi manayi jaati gadhon,0
beautiful soothing voices,1
bahut maja aaraha,0
sameer bhaiya reel dekh kar log aaye hain,1
abe sale tom jese logoki karan halat asa,0
chomu tu hamara desh kharab mat kar chomu,0
bokne vale kutte,0
jyada uchhala kar bhikhari khane thikana nahi yuddh karoge nhar bar haroge abu panga liya karo nindia tera papa beta,0
was proud haryanvi until got know produced german shit too,0
don't know what but just love lyrics,1
appreciate lady,1
hats off covering their effort,1
noori noori only noori,1
thumara bap bap rahaga,0
jat jhaat samaj can t take joke now,0
kiya rey vlog karnay seay phahaley baap tumara yaad kor,0
great work shraddha,1
was superb bhai dalo,1
wanna take song heaven,1
charger chor,0
poonch jammu kashmir zindabad,1
arjunmandi v b thanks bro,1
engine tel lagake,0
baap baap hota beta,0
one few songs going live forever,1
bap bapse gali sahi nahithi,0
what wonderful life,1
pura match tumne bas baat aacha bola nbaap baap hotha beta beta hota,0
tum log din pure marva doge iske gunehgar tum pakistani khud gaye,0
may more developed but something which can never ever compete as has one best music....,1
sukar match live chalta aap bolte match bi aapne jita,0
bhai kisi samajh aayegi,0
mr. ali hamzaon base great,1
best art 've ever heard,1
chori chori charge chhoda chila beta,0
sb pgl,0
abe cr public paad uddh jayega,0
risk ishq,1
baba baba,0
ga baba baba hota,0
: mind blowing,1
match khatam hone pahle kitna kudte waise baap kitna laat khaoge,0
isi agent,0
apne maa pucha tu kiska aulad,0
lun pe chad jaao mere,0
good not show personal life,1
bhai wining trophy chori gaye tere charger pe ro,0
apna college team,1
bhai don t get offended please genuine question she our bhabi,1
such tranquility mood soothing,1
sohni x clay pot conservation,1
awesomereally,1
music crosses borders unites people,1
iam work biggest fan druv rathee,1
air bas uda diye yeeeee,0
thank instagram,1
baap baap hota isne sahi kaha,0
zabardast ha,1
pata chala baap kon hei pakistani walo,0
nooris part,1
koi proof tumhare pas tumne rafel giray th tumhare toh no bite jate kabi gira dete kabi toh kabi konsi duniya khayali pulav bnare tum war live cricket match jaise isliye jeet gy,0
very good beautiful vilage,1
papa bolu bata,0
match pura hota log pahle khushiya mna late nye chutiya log inshallah,0
pain huya nahi bahut uchhalraha st main bap bap hota,0
kaise chila rhe saale sab,0
jhula jhulo par baap mat bhulo father,0
microsoft waali awesome,1
tum pakistanoonki maaku choooo,0
pak won war history books social media nif these ind vs pak matches were not telecasted pak might won too here nduckridi going victory parade stolen asia cup lahore karachi tomorrow,0
papa jeet gye beta,0
love,1
[cleaned text]: yaar nu miley gi aj lash yaar di,1
loved work,1
bol rha baap baap hota ha matlab verma,0
amazing combination,1
love brothers sisters,1
andar andar promos maloom tum log andar ghus gaya,0
liked,1
looks like rao' hand sync beats music,1
chulu bhr pani hh,0
julie voice nice,1
lots love shradha ji,1
saala tera video dekh bahut maza aata guru apan tera bahut bada fan boss video smiling dood think no vlog brother,1
opium song. just cant get over once listen know meaning,1
sohni mahival perfectly,1
tumhara baap hota lekin ladka tumhara jija hote hain,0
super dil bihar,1
jahil log tum log,0
perk generation experience change series these songs,1
not cry,0
nnew lady aman dhattrawal shradhha microsoft wali,1
tum log mc,0
concern,1
gand madao walo,0
chiken pakane pahle marinate kiya jata,0
devenderkumarkaushik chal nikal andhbhakt shaan wo,0
love nooris songs,1
kyo pata chla chla baap kon,0
nange log,0
your comment,1
never knew was also live would ve loved meet but missed chance also subtle jab at gobar radiation,1
right,1
bar har gaya bhai asi ya firbi man rahe,0
jahilo fauj bhari padi yaha,0
congratulations aapko parents banane khusi,1
yehi islam kubsoorti,0
usman saadat thanks bro,1
kaala jadu ghused diya tumharey ander,0
lund lelo,0
then why bahman janta party government taking taxes people why those government departments there,1
bhaish saath suar v dikhaya,1
yar pakistani pure pagal,0
best example good person know won t get disharted anywhere brilliant girl,1
last instruction interesting wonder how many people went drunk boating before authorities put up notice,1
best your upcoming journey miss one more thing hum sb apke aman bhaiya saath,1
tumhari ma,0
abbu absek,0
bap name ok g,0
pel sale huva,0
love song,1
re great,1
tumahre bahn loura nahi kyoki tumare our hamare anter yahi lekin tumare gard atomic bom full energy sath army dega aala name per kg aata our lota pani dede white shirt wale liye gard dam hoga comment dikha dena beta youtuber pk,0
aree ghasti putar sari junge haare tum,0
not song masterpiece,1
ohh finally change t shirt,1
kata hakh kamon lage,0
best nwonderful video,1
beautiful outstanding,1
im really impressed guys,1
ever fav song,1
overtook both male singers,1
rafael pichwade gir gai paxten,0
love switzerland,1
tumhra bap,0
litti traditional bihari food invite came bihar,1
proud feeling friends,1
yeer bina chain kaha re re re,0
sahi kaha baap baap hota nindia baap,0
very nice bro video,1
shut up failed state,0
good luck,1
thumara new bab agaya thieri bap,0
public chor trophy chori gaya dul baap kaun,0
bap bap hota boxdivalo,0
btao allah nakar diya tumhe tho sharam karo tho barabari kr sakte bacho tum baap baap hota kitne kaale zadu kar lo rahoge vhi vhi,0
apne baap pehchano bhul gye bangla desh,0
now video gon no trending,1
ghadiya ghadiya song,1
bhai tum log cartoon network jao cricket leke chutiya ban gaye hoon apni economy sambhalo,0
baap baap hota baap,0
anpad jat padhe jaisa npadha likha jat khuda jaisa,1
refresh soul,1
desperately need people like lots love support,1
rahul upsc bura bolne mujhe taklif ni hoti toh soch smj kar bolna chahiye,0
phuddustan pla da chamcha,0
appreciation,1
kacha mere name ni,1
bal gir gaya chomu,0
aniruddh singh,1
allah pak sehat de ameen,1
har bar harte what joke,0
bhai mulk atta nahi uske fulfill karne liye log vlog banakar bheekh maangte hain,0
beautiful love,1
best ever coke song,1
inki dua inki gend daal di,0
hera alvi,1
what beautiful background music vlog,1
handsome both,1
loved last part song,1
hiba arnous,1
ہم سong شروع کرنے والا ہے اور ایک پریمیٹر کھیلنے والا ہے,1
agar yeh saal purana toh iske reels aaj viral kuen ..sach master piece,1
finally found inspiration r best,1
still awesome art,1
baat indian girls jyada match papi girls dekhta,0
beloved introduced song,1
uneducated log bolte hain,0
rao amazing lyrics,1
karvale bezathi edhar b jung main b,0
tum logo sharma je dar lekin gaad fhad diya tum logo varma je,0
very good vlog,1
aap dil gaty maam,1
halak tak diya,0
abe nallo hum bolke nahi krke dikhate sahi bat boli tumne kale jadu kyuoki tum vese jeet skte,0
elvis ayega din,1
initiative by people appreciative,1
our mother land love much our mother land dudh dahi khana yo mhara,1
th may operation sindoor sep pak mkc sep pak mkc sep pak new baap unlock opretion,0
leonidas sparta,1
was really looking like prajakta koli,1
actually contradictory too dumb why belongs place,0
mallus ❤,1
sensational,1
theman wq jt atleast isn t anti indian loyal towards his country community,1
love hansi,1
tridip dey deep love respect man,1
pehle aata kharid lo fir jung krna bhikharistaniyo,0
twist at,1
aaye rh v lena bhaiya rhoo lots love,1
vo londiya kha gyi,0
shipka rao jus nailed,1
mohtarma bol rahi thi dua bahut takat hoti ha par shri raam naam palla ni,0
really heart touching vdo real meaning education,1
excellent poetry,1
baap baap hot aapke abbujan fir jeet gye,0
coke stuff,1
lovely ma,1
first lead singer,1
oh bhai tu mhara guhandi bhai bahot badiya,1
ohh bhai ekdam walo waqt badal diya zajbaad badal diya,0
bhai truly amazing vlogs,1
wow coading hero,1
baap koun hain bhai baap baap hain baap rahega,0
sab mza lene sab aa jata,0
ali hamza did great job,1
touching soul,1
beautifully explained,1
big fan mam also software engineering student learn many things topic keep up,1
baap hain ham log tumhare,0
bap bap hota love ind,0
sahi kah rhe baap baap hota,0
rizwan ahmed thanks,1
match phone charger dono haath baitha bechara,0
sach kaha bhai,1
tum jeson chutiyon kahan jae usne apne ghr isliyeee nahi dikhaya pura baaat samjho phir bolo,0
doing awesome work guys love bangladesh,1
allah fake hain,0
baap baap hota sahi bol rhe beta baap tumhre,0
rathee jee while visiting your ancesters seen too much part rural culture nit almost over,0
thank your legend big fan,1
allah baap kaun abhi pata lag jaega,0
shaheen mu lele,0
love noori,1
dhruva bridge banvaya dijiyega villeger liye achha rahega,1
coke season,1
kala jaddu ulta pad gaya baap baap hota ha,0
khud hathon loade lagana usko bolati pakistani,0
salute your dedication level,1
kabhi north east arunachal pradesh bare topic daliye,1
shipla take bow,1
beta tum match jit nahe sakte oo bolte hein nam bada darsan shota like hamre new papa barma,0
bht khoob mam,1
baat batao tum log kitne baap olad,0
such great quality music lyrics,1
neeraj mehra most welcome love peace,1
vania,1
mash daal,1
tragic story behind lovely song,1
indains can describe best pakistani coke ! :,1
watching bhaktampalli karnataka love karnataka,1
last was epic ncharge le bhag gaya,0
tumhra abu jit gaya,0
your new father varma,0
pakistani tem har record bana diya,0
ayesha khan haan mangoes b phr mango,1
collaborations,1
bhai baat sahi bola baap baap hota,0
absolute cinematic class,1
well said,1
pakistaniyon new baap mil gaya verma,0
wish shreya goshal feature coke,1
greatest song ever,1
bhai vlog,1
kachi meri mitti kacha mera naam nin,1
gujrat city,1
will support sharadha di always,1
sab gand ghus gaya rafel,0
belonging nice hear rathee origin,1
always appreciate your work nice see your roots doing wonderful work keep up,1
arijit singh,1
wow ji next level video,1
tune sahi bola baap baap hote love,0
really great,1
aap mujhe coding sikha,1
paar channa de disse lulli yaar di,1
no one talks about immense energy perfect drumbeat : perfect ending song when sings tainoon paar lagave,1
beta abhi tum log,0
omg cant explain feelings about,1
trophy chorr mobile charger chorr,0
aa gaye aukad pr,0
your video good beta,1
sach rona aagaya your story soo inspiring thank,1
mawiya rehab,1
cannot stop listening noori voice,1
ya video bohot purani ibb dhan lag rhe sab jagh tune combine dikha rakhi waah scene bhai,1
was always meant long live zindabad,1
cxud gye guru,0
jo bich gali de uska jhanda apne mod piche le le,0
listening favourite song sung by rao,1
charger chori ja inko rafael chahie,0
tum logon raphale deka tho badi baat raphale giraya tumhari social media gunn gayega local media wah ware wah jaleem aawam,0
please visit northeast states also,0
nyce,1
murdabad,0
kashmiris deserve live peace too friend,1
sun lo bahi like kr dya,1
kamal bhai yaad aati,1
bhai bgm konsa bohot accha please tell,1
rao fan,1
bap bata,0
nice song good voice,1
beautifully addition,1
flower samjha fire jukhegaa nahi sala,0
match toh kaise harna tumlog bhai but last tumhara charger koi game kar diya,0
best teacher ever seen life best programmer thank,1
smk correct phir terrorists badayenge,0
nice very unlike dr,1
allah hokbar iloveu iloveu bhai iloveu bhabi ji good,1
man voice awesome,1
pata chala baap kaun,0
charger chori gaya yeh asliyat,0
thodi haryanvi bol kr dikhate toh mza ata,0
charger chor trophy chor yehi aukad,0
thanks dee educating forever grateful,1
great job,1
best season far,1
lovely song loving voices,1
tumne kon si jang jeeti,0
itna anti government person dictator country bhala aram gum sakta bhai fully biased logo fool bana ektarfa hate felake,0
tum pakistani log whole life prediction karte raho nhum walo humesha age bar hu,0
rafel maja lejie,0
perfection,1
anyone else,1
beta batao sahi kaha baap baap hota,0
bhai app khelle te paijaan njeet pate nehi khwab bade bade dekhte,0
bhai mic gaaand daal baat krta vlog,0
sab kutha kay mafat bhook re rok zara sabar koro thomara daba ghol honewala,0
bro yamuna nagar love,1
ma chud gai guru pak new papa verma,0
yaad aadhi pakistani kabje thi,0
mr jao sub dub,0
thts very bold move kudos guys,1
name akif jamadar nbro come bigg boss season real fake,0
like songs,1
pura match khatm hone de bhai,0
your place like heaven earth very nice,1
hum toh yeh bol rahe thhe baap,0
hope stays healthy,1
mrbhallion,1
sab pakistani social media bokchudi jayda karte hain khalna toh inko bilkul nehin aata,0
logo kai samani kapil sharma show v feeka bhai,0
yes bhikaristan rafeal giraye as per pak minster proff social media,0
lotha nthis nthis nthis nbest movement vlog,1
yeah yeah yeah yeah new father,0
smothwow,1
most famous intelligent personalities villages too feel proud somewhat because too spent childhood,1
beautiful linen,1
baap baap hota beta beta hota,0
rafel suuuuuuuu,0
video delete krde,0
more listen,1
itna confidence kese aata ata inme baar jit nahi pati new baap varma,0
chor tere apne logo sudhar,0
aale maro le tatu,0
maiyaa chod di abbu,0
mam no words nfor us only aapne bht kuch kiya haii naapko dekhke aman bhaia dekhke toh kuch bht bada karne kaa man karta josh aata nthankyou sooo much,1
its simply magic,1
amazing,1
techninja qw qfboth goes opposite directions,1
islami mulk khuleaam muzra hota,0
shilpha roa just awesome,1
op,1
song love,1
charger choro torfi chula leya,0
realistic,1
saala pattan tumara kaant pattukiya pakkitani kaand parap par oil,0
malik abrar farooq,1
means every pakistani has body count against indian batters,0
army wale tumhari ase nbjai napne muner jara video dikhane bol njhuth buniyad par jine wale jahil,0
love shipa noori,1
awesome,1
eyeeahhhhhhhh bol rhi madam,1
composition voice,1
sign like song,1
your father,0
wow guys inspire lot keep up too,1
hazor ghos pak ra farmate hn,1
girl got at :,1
just love his voice laugh,1
sahi kaha baap baap hota,0
tumhare papa bap jeet chuka ur kea bolo aap bhai hum too khud kehte bapp bapp hota jai hind,0
kyun naach rahe,0
waise bhai tumhare rahim yaar ttayyaren udna shuru hue nahi,0
r,1
get their ass kicked,0
thank short description,1
namestee london real life,1
congratulations paak new abbu,0
har gaye chla nikal pahli fursat,0
charger bi paki lake gaya,0
bhai tere hasi sunke mujhe v hasi aata,1
purani vedio gehu fasal uthi tb upload but loved d ancestoral home town,1
le tu khush jaa kr diya like,1
litty chokha garb kro hum bihari hain,1
pura bhikaristhan pagal,0
folk song punjab,1
love bihar nlitti,1
tomara naya baap,0
thanks much your kind words,1
gand,0
hope youre aware not trusted when comes politics,1
pakistani bhaiyo baat sahi baap baap hota kabhi kabhi sach bolte,0
roshan pai theek bol rahe aap,1
desi ha ji like karo,1
even though live but felt nice shown by juli,1
how smartly muted words against him,1
inhe firse ekdin yaad deni hogi,0
lovely song respectable words,1
rocks singers amazing never knew had much talent credit goes introduce us beautiful program excellent singers,1
ha bapa bapa ta,0
spread much positivity hope world can become as positive as,1
mara bala mu may lay balo,0
hamare hindustan kone janme hindustan liye bura bhala kahane wale apne gaon liye tune kuchh kiya vah dikha de kyunki log kahate hain tum bahut badi aasani lagta nahin,0
ma bahan kar di,0
special song,1
baat manani padegi porkiyon besharmi dikhane bahut zazba ndo sunday pele jane baad aise behave kar rahe jai final jeet liya,0
rafal kuch toh dekha fakistani ooo,0
look better,1
old doraemon vibes,0
moment where old lady playing instrument,1
ji kaash aap humen mil jaen,1
tum logo aukat yhi behc d,0
love dedication towards your work sometimes take hard decisions best luck,1
bhikari,0
im feeling sorry them after seeing their mental health,0
jab tak niyat saaf nahi hogi kabhi jeet sakte,0
best coke world,1
shi bola baap baap hota,0
its love,1
imran,1
love noori,1
indians audience unlike karo gaali channel subscribe karne wale baap gaali dene wale,0
music,1
beta zhula zhulo par baap nakko bhulo,0
here after rao interview,1
hawa nikal geyi,0
hazif zaroori,1
airbase phir uda diya players,0
noorie best,1
zabardast songs,1
burka wali maal pela gayi baap accept karo pakistanio,0
cristina fernandes,1
jo chor yeh lege gaya chori karke chajal b nahi chora,0
video banana bale pak captain banana chahiye,0
tum log khab sudharega re,0
hope doing great life,1
bal gir gaya chomu,0
baap kaun pata chala choro charger toh gayab hona,0
pata chal gaya kon baap,0
its coke studios world,1
thats hearrbreking...,1
she nailed,1
vai tum log jahar khakor mor jou,0
baap baap rahe ga thik kabi bi baap mat sata chitiyooo,0
song undoubtedly historic masterpiece those know story behind these lyrics understand how beautiful,1
germen dogy,0
apne himmat karke jo step liya haii woh lene liya harr kisi pass himmat nahi hoti haii hum app kii iss himmat koo naman karti huu bhagwan dua mangta huu kii app kii tarha kabhi hum bhii kabhi aise hii help karr sake jinko madat sakt zarurat hoo,1
beta tumase payega,0
subs,1
excellent,1
tumhara baap rahega,0
song gave goosebumps when understood meaning each phrase,1
chetan maheshwari love,1
nalayalqon itni barhi barhi chorh rahe hua ultimately wohi jo tum napaki deserve kerte,0
bakbaas youtuber ha j,0
mesmerising,1
cheating cheating rizwan chodu face dekhne lyek tera allout party night,0
super da,1
happy see,1
beta tumko jung main pela match,0
hua bai jahaj gir gyea,0
tridip dey,1
beta baap baap hota row salo,0
koun si video kab galat bola,0
kon kon instagram sai aya,1
chakko muh pe chakka mar diya,0
favorite,1
suor bachho kitna admi sirif,0
re really great,1
aman dhattarwal seeks talents use them his channel,1
accha apka,1
sahi keh bhai baap baap hota allah dallah hota,0
apne vo kiya jo bhut log kr pate never mind successful aap hongi,1
daily dose elegant track love,1
love iok,1
very nice,1
tunisian love pakistani music,1
rock,1
yaar nuu milay gi aj lashh yar dii,1
mil kar jana bhai,1
soooooooo inspiring story bss bolo aag laga denge kuchh v cheez achieve krne methank your efforts dil ut bhut shubhkamnaye aapki next journey liye,1
youre diamond,1
aise palne main maja aata anal double penetration wah,0
love your emotion here,1
bap bap hota hia jai hind,0
woah what masterpiece,1
thnk hiba,1
nice,1
blahyttu saale aadhi raat sbko reply kiya reply jaake,1
tumare sath jo hota bahi hogaya balatkar,0
sahi bola porkiya jakar apni maa behan pucho,0
vo banda bolraha thana wale war nahi jit sakte use bolna pakistaniyonko galat khabar mil rahi chalo hamare rafel giraye par hamare army jo andar jo tabhahi machai usaka indian army andar ghus chukithi bhai use bolana sachhi wali khabare dekha karo jhuti wali nahi,0
getting prepared university,1
aahi kaha tumhara baap,0
still listening beautiful song,1
brother year old comment,1
yr tum log bhokte bahut tum logo bap beta alag jaye beta bap ban jata rhi bat jang tum janta ager apne muh fuk de mit jaoge jaoge,0
want see more coke,1
doing what should done not full time,1
pure brilliance,1
log mc her baat pr allah aalaah krta haar jata allah sb logo sunta pta mc lol pura koum,0
shes more than perfect song,1
no music lover,1
bilkul shi bola bete baap baap hota hain,0
also villager like sraddha age now years want study computer science after twelveth,1
these best,1
porkio air karo match pahile hand masti,0
lyrics pure,1
chetan maheshwari,1
log har baar aukat bhul jate hen yaar hamko fir mehenat karna padta inko apna aukat batane kliye,0
bete fir land mila,0
respect,1
please respond,1
itni si jagah itne saare unpad paheli baar dekha,0
awesome song paar chnna de,1
amitdutta,1
pork tan,0
bharat tumhara baap,0
deep music,1
watching junior school at level proud,1
baap baap hota understand,0
pta chlaa baap baap hotaa lolo baap kaa,0
everyone deserves lot appreciation making masterpiece,1
really your coke outstanding,1
sorry sorry esa mast gana miss kese gaya,1
hamare desh log gandagi bahut failate,0
baap baap hota hey,0
kalu jadhu kam karahey,0
best thing ever produced by subcontinent,1
khane nahi aata bachhodii full peak par nhai porkii kabhi school gaya ya maadarse lurn liya,0
thank much gift,1
slejnoor actually knew some part story but didn't know much detail appreciate your efforts,1
noori brothers best singers nicest persons,1
puri zindagi harte hue aaye tum saalo kehte jaang keetoge ksm agr himmat kisi din shesha khud dekhr bolna baat sochna haal tumhara hamara saalo mut diya bah jaoge tum,0
tumhara bap,0
khud bol rha hr baar haar jte jung hr haar gye bola chhka mar diya haris chhka mar diya tera charger nqvi chor tera charger hmri trophy gya,0
respect pak singer coz they unique,1
gave your best,1
charger chori hogaya esiliye hardik pandiya nahi khela ghadi chori jaye,0
why people always problem everything,1
hamesha logo charge khatam jaata,0
pta ni koun si veham book padhte pakistani,0
charger chor,0
simply,1
really love,1
rao welcome coke,1
elderly woman playing sagar veena really touches soul,1
kismat achchhi thi modi tum jaise naajayaj bachcho operation sindur target kiya sirf airbase aatanki thikaano target kiya lekin tumlog najayaj baap najayaj aulad sudhrega modi ji tum aam janta liye dariyadili bhul gye lekin koi baat hamlog dekh rhe hain tum logo andar bharat prati kitna jahar bhara para agli baar tum jaise log target kiye jaoge achcha hua tumlogo hatho bhikh katora aate liye line lage rahte barna tumlog apni jahiliyat pure world parsan kar rakh dete baise abhi tum jaise jaahilo pura world pareshan,0
operation insha allu haa,0
sabse pahle pakistanio ghabrana nahi nsab pakistani girls vejo,0
deep inside knew will take over apni kaksha near future actually happened,1
aap dua karte raho ham tumhare baap hain wale,0
wicket khushi dusare gan mar rahe bhai,0
now aman become saiya jii ngod bles both,1
good job njob,1
please visit mumbai one day,0
beautiful soulful,1
kuch chez jab aati han notice nahe hoti han jese song,1
feel sad cover face your relatives,0
beta beta jaisa raho,0
your but married foreign women live foreign country r idiot,0
beuti song,1
song very good,1
why isnt anyone talking about,1
saley kaha jarey arneyka bab abithak chillatha abi mumey kyarakka abi chillavu mumey kila rakka,0
agha jaani tel lagau ya paani,0
kon kon reel dekh kr masterpiece sunne aaya,1
bhai kitni boring video thi,0
پھڑ پلڑا پکے مرشد دا jiںتino پار لگaoے jiںtino پار لگaoے,1
bap bap hota gandu,0
kon baap pta chl gya,0
abh muh lelo porkiyo,0
satoor was incredibly awesome,1
wheyeh,1
love too syria,1
always support,1
abe behan pakodo rafel girane sapne bahar aao match jeet lete kam kam,0
thanks video,1
one best video content making best rathee,1
gazab,1
now too,1
probably most beautiful song ever heard,1
chor bhikhari kai ghar main chori baat,0
december,1
appreciate way guys working unprivileged but full talent kids pray allah will succeed eagerly want see succeed guys truly inspiration others,1
composition superb,1
ali hamza was amazing but rao added whole new dimension song her voice making almost mystical,1
tumhara allah dalha kuchh nahin kar sakta,0
كاala چشما ریمیک,1
actually she affected by such kind soulful environment,1
love respect,1
charger chori kar liye sab,0
ali hamza ali noor singing together at bliss,1
official original coke definitely worth watching listening,1
o barmmos thudi maa d,0
wordlove,1
tumhara video likes comments kam hye our indian kids will get minm likes even if they say jai hind,0
noor zehra' father,1
beta baap baap hota poora match baad reaction diya karo,0
abid khan,1
bhikhari one frame,0
bhikaristhan apni aukat dikha di,0
love mam intelligent please quide how can join microsoft improve coding please help,1
want recite any song ghazal tribute our country' fragrance like poetess madam parveen shakir,1
such an amazing gem,1
shradha has separate place now,1
only one thing like about guy yes guess correct,1
mubarak bhai t shirt change karli,1
got,1
land lelo chahiye,0
jai guga jahar peer,1
very good presentation can not believe its made by haranavi person ngreat,1
tumhare reporter ishi intajar thee haregi vivers liye bhonkna abhi,0
love laddu,1
haye haye haye,1
ak kachre dibba kuchh nahi,0
kase kase log jo unki government jhoot bolti use man lete brihammosh misle bhol gaye sayad ya inki kitabi jung ve ya jete,0
ali noor too song next level,1
salute noori,1
tu hava agye jmeen pe pair rakh le tere te pahla ham bhar batye tu seraf modern logon lye banata murakh ha ha no not sing beta tujhe angrajji atti abhi ok murakh nahi samjhana chye bavkuf admi,0
mulle,0
your story,1
was soooo touchy sis love bd,1
nailed by line yaar nu milegi ajj lash yaar di climax point song,1
off pakistani padakas,0
new papa tilok varma,0
bachon check kar lena apna birth certificate nfathers name aage likha hoga,0
pls love help animals birds fish creatures pls adopt street animals birds injured animals pls drive slowly don t kill animals birds by driving speed drive slowly ur life also save they life also save plls put water food roof top birds ur local surrounding animals pls awareness share everyone like,1
beautiful songs vocals,1
inko sapno jinne aadat hogyi,0
teri team jahaj gir gaye bol tu bolane layak nahi chhoda tujhe njay team,0
re always,1
mera beta aa gya swad tera papa hu beta mere beta virat papa bhul gya,0
baap baap hota sale,0
biwi aisi banao log apko nhii apki biwi dekhne ayee,0
support di,1
great decision ni also learning your channel,1
bruh north shit,0
jo samajh gaye oh like kre ch pel diya abhishek sharma,0
solil somadhi,1
incredible people,1
converted duplicate pille imaan,0
aga ji kar diya,0
go ahead di think good decision your journey future,1
bar sare bolo baap jay,0
sapne bahar niklo,0
guys awesome,1
love d park,1
jalliii nabbu panga nai lene,0
indian fool,0
chanah,1
man chod gai,0
brahmos naam lo noorkan rawalpindi airbases tabah kiya,0
sach baap baap hota,0
mam mera btech final year bhaut confused hu qki iss time logo placements hore b placements khayaal rkhta hu nbut dont want normal jobs ni want work good mnc companies nso if final year student enough achieve goal selected mnc company,1
thanks buddy,1
shasha hari,1
music connects people,1
hahaha jita kiya hara,0
coke seriously better than coke,1
baap baap hota beta beta hota samajh aaya tere babu pahchan liya hoga beta,0
best song coke,1
watching after daljit dosanjh reel,1
tum bekar,0
billionsssds likes mind boggling,1
abe kitne bade chutiya tum log light band krne liye light off gye thi usko sahi krne liye match ruka bhai thoda sensible baate kiya kro yr rahi baat reality jina sikho social media bhar nikalo match jeet pate war ky khaak jeetoge tum log bache dont fight indians your father jai hind jai bharat,0
ghiraya ghar,1
pakistani etna bebkuf kaise hote hoo camera mujhe lagta haii alaa tumar sath nahi detaa,0
apni bhen ret bata,0
awesome song heart touching song,1
bhai aapke hisab bhagwan kalpnik,1
bhai apki education through social media brilliant lot love respect abbotabad,1
sab low hojayega,0
isska charger le gaye wale urf bhikhristan,0
very inspiring story,1
also nani bua dhanana visited your love bro,0
sahi kaha chhutti tune baap baap hota,0
rao indai wali hain bulleya wali,1
jaat bhawan,1
arrre super mam no word,1
khane jugad party chakkar mulliya thode der liye match dekhna chhod jee jugad karne lagi,0
love rao,1
mehndi naa hot,1
dua takat hoti mahent hoti,0
yes supports guys,1
thank cokestudio masterpiece still listening,1
abey salo pesse hardwork jite hum jo tum kbhi jeet paoge face green smiling,0
soultouching,1
bro an masterpiece also its emotions unmatched,1
pagal,0
beautiful classical songs never lose its magic,1
most enjoyable songs,1
bap bap hota beta,0
lota not lota jhara phirne wala bhai batao bhavi ham bihar walo sab chijo kisliye use karte bhabi pata hamare bihari food litti chokha love bhabi,1
pata chala kaun baap kaun beta baat tohar choda ration chod chhod denge,0
finally video out been waiting long,1
sale makhi mar sakte rafale girane aaye,0
louda kaa duaa kabul nai hua bodaa hinn kamjor allaah,0
manipur pe video banao,0
fir har gaye laude bapp panga nahi,0
bhot bdiya bhai,1
rishte hum tumhare baap hote naam sab jante bharat,0
awosome,1
yea match tere baap,0
proof npak minister believe comment,0
tum jhute tumhara allah pak jhuta,0
meri smart aunty mean,1
aami appi salvar burkha bheeg gya,0
beautifful,1
lun lun mile jaa rahe inko,0
tuhadi ma di fudi,0
then say,1
super brotherfolks songs singers them very good job,1
maine apne life mey itni gandagi wala nahi dekha bhai yrr ncome himachal pradesh,1
gir gaya rafale beta,0
desa des jitt dudh dahi khana nice,1
youtuber mera tak channel ha mere channel apka help nho sagta ha,1
gautam kamat bambolkar,1
bhikhari desh ur uski janta bhukhi jha mauka mila bike,0
baap toh baap hee hota nindia,0
sabji log namak daalte swaad anusaar tum pakistani sapne dekho aukaat anusaar bhikari,0
first minute loving,1
rafale tumhari undar chali gye,0
vikas garg,1
much love our syria,1
sahilkapoor yes yes always here,1
best video druve rathe lot happiness feelings nature main english sikhna chahta hu plz give any idea plzz sirr,1
good,1
kaun kiska baap pata chal gaya,0
hello dhruve ni wish visit country sure will become fan homeland bcz totally different pak which discussed media negative way ni watched several videos your channel which very informative elaborated things such wonderful simple ways,0
final match no perform,0
mume diya hilakhe,0
nothing has changed since independence female infanticide,1
hamzah ahmad true,1
gajab jat log gajab inke sanskar nhar kisi jo inhe pyar kare apna bana lete,0
microsoft temporary but microsoft wali permanent,1
sister suggest song yeah song something else,1
chal maaf kiya ni was laughing like minutes nit really nice include memes videos ngreat video,1
how beautiful composition,1
moon star,0
pyar nehi bolegi phir chu kholke jayegi team samne,0
thx much salman,1
shit yaar baap baap hota yaar,0
sasi punnu,1
shraddha di re inspiring,1
charger le gaye tumhara,0
she brilliant ly inteligent good soul,1
august list,1
every video never fails mention his secret weapon how doing service society by inviting people his chat gpt course,1
may allah shower his blessings upon hiba,1
process most beautiful song coke ever,1
love brother,1
gand maro,0
well played virat kohli,1
hasi aati jahilo pe,0
jeetna aapke aukat bahar,0
go get life your father biggest regret,0
super super super,1
tasty music,1
love rao,1
video pe rathee wajah nahi aaya nlekin unki wife jo bhgwa dress pehni uske liye nye bjp cell wala naccording andhbhakt,0
rehne wala hu l love,1
salo tum sare pagal,0
pure music,1
yeh lugai kitni cute,1
season just getting better,1
stand syrian brother sister,1
charger chor chor pakaestan,0
baap baap hota bhikharion,0
jab pta baap baap hota interval itna bhokte kyu bhikariyo,0
haram dia hun fake bahane labhdia salio pehla khedna sikho hun ni tapdia sulia janga ch vi harre,0
pork chops khao,0
love lyrics,1
cry more,0
maan gye baap kon nk match harne baad mano gay,0
sahi kaha baap baap hota,0
ha ha ha ha ha ha ha ha ha ha ha ha bhai wahan trophy chori gyi tu charger dhoond rha wakai yr hansi aayi last,0
trending no nedit thank likes,1
liking stay blessed,1
ohh bhai tham jaa phat jaega tu saans lele don t tell us what what not religion about which talking never seen heard something about before mohd saw believed whatever told following blindly years killing people nam religion feeling proud not taste hindus continue,0
proud part ummate e muhammad pbuh,1
bhai usne mehnat kari,1
still vibing,1
timeless,1
story telling videography was next lvl,1
dil nahi gand tute tumhare,0
asli pakistani tu hei kiuki itna bewakuf brainwashed insan mei nehi hosakata kalyug issamy par jab media biki hue hei agencies bik chuki hei tab yehi eklouta seer bacha hei jo sarkar neend haram kar rakha hei salute hei druvh bhai,0
legend,1
great step god bless,1
respect button litti,1
ankushmalik tu,0
aam pakistani nkya joker log,0
lunnn lo mera abhi app lokk,0
thanks babi,1
love song,1
sadiamubeen,1
goosebumps,1
love folk songs,1
beautiful,1
verma paint khol pakistaniyon le li,0
proud bhaiya sachi mujhe rona aa gaya,1
verma new father roo salo tum maja agya tumara roj,0
music noori,1
oh bhootni deo jung ch tussi jeet leya kuch nahi match jittan di aukat nahi thuhadi team gal jung di karde jung tussi kade v jeet sakde kyo jung ch sher aa lumbdi,0
proud bro,1
apni aokat pr rha kro tumhare baski baat nahi,0
gar path gaya bete,0
bola baap baap hota,0
baap baap hota mc,0
after long time something gud,1
ham itna kala jadu karate alla gayab kar diya sala dikh nahi,0
pakistaniyo lgta wo jung jeet sakte sirf chhodkar wo inki jhatu army aand forces,0
hu bhaii g,1
every genre has epic,1
saimunahmed ha bhai,1
love,1
watching your vlogs continuously,1
baap kon hain pata chala ta baap,0
pakistani khali bartan sirf bagte,0
love hamza bhai,1
song can feel love,1
baap kaun,0
re best,1
tumne mobile battery bahana mara,0
log charger churaya nakvi trofi churake ghag gaya,0
guys lucky,1
pehle virat kohli papa abhi new varma papa,0
nice mam thanks motivation,1
chapri no systemmmmatic chapri,0
bap bap hota beta beta abhi samjhe,0
must say she such an inspiration good luck,1
rao totally nailed hope can more indian artists come over,1
yah virat kohli dusra nahin only virat kohli pura,0
positivity guys positivity,1
pakistani father virat rohit sharma father hardik pandya father kuldeep th father abhishek sharma th father varma,0
papa,0
abbu chuso,0
bap hota beta,0
la dbhakt,1
actually she going union public service commission ias thats actual thing true story,1
app bahute acchi hain like independent welcome new journey,1
baap baap hota beta,0
thank,1
processed,1
last chance join us at free live hand virtual workshop advanced sycl concepts heterogenous computing r r nhttps software seek intel com oneapi advancedsyclconcepts r r nlearn practice advanced concepts features dpc live sample code intel devcloud at end workshop,1
haan beta pamper change kra match baad lagataar teesri baar din,0
meeran tu toh bada maryada purushottam jaise,1
kyuki actually jhutha,0
media goverment inko chutiya bna kr rkhi inhe lgta war jeet gye,0
jay goga ji maharaj ji,1
she gem,1
oh look has printed t shirt finally,1
sahi kaha bap bap hota beta beta hota,0
its better one depression,1
lovely punjabi song,1
aa gaya swad beta bhikari,0
when old lady starts playing instrument at god takes different world where ' just those strings,1
sahi bola bap bap hota tumhara papa,0
best songs,1
first comment youtube,1
tum log aise sapnon jite rahoge,0
jeddah way home listening master piece,1
ha ha,1
yar tumhara insha allah tumhara sath kyu deta tumhe her bar harva kyu deta ha,0
bhai jo dikha rahethe google pe koi proof dedo looser,0
aabba dabba chabbaa pkmb,0
god ' beautiful allah,1
lady ghanta maangne lagi,0
charger leke gayeb gaye ntumlog waisehi njuban bada chalta hain tum logoka,0
aye auket chori karna media chori karo walo,0
himanshuhk bjp not trusted when talk about,0
absolute master piece,1
suraj dada,1
haider,1
wish song had likes button,1
awesome solid voice,1
reason visited koi ghar lock issliye,0
coke,1
varma pel diya nalha,0
pak pappa indian,0
soulful,1
just amazing speechless,1
shilpas voice really amazing,1
shahbaz munir america gaye roti leke ayege,0
prakharchauhan t x nowhere bhagvad geeta such superstition about gobar written what happening these days pure madness,1
watching something new,1
sahi tum logo baap baap hota baap tunhara hindustan,0
love your roots good,1
very similar,1
bhai khali charger chori gaya nhamri trophy chori chori gayi nkoi kisi gher rashan aa jaye ga naccha hua hardik ghadi nahi pehni nahi wo,0
trending nice,1
most beautiful ever composition ever heard,1
loves song,1
bb jane kai leye aye hoon kiya,1
aryan fg yq,1
voh bta rha ta baap baap hota always father,0
f kaise giraya gaya saalo har match hrao,0
dii hats off,1
abhi ruk time baap aane wala baap baap hota,0
such lovely video story thanks sharing inspired lot,1
pakistaniyo nko nightfall jyada hotihe,0
love apna college made coding easyy learn thankss your coding videos,1
thanks lot di,1
love best,1
bhai jaan alfaz nahi niklenge kyuki ammi jaan chud gai hain abbu tmhare,0
bhai pata laga baap kon,0
charger chor bhrai huai desh,0
thank shradha keep teaching us help us some great things some great people,1
its actually,1
aisha usman,1
haryane aalo like thok,1
tumahara baap bhai suno kabhi pongo mot lo,0
kala jadu ulta peche gusse jayega,0
pakistaniooo kaise laga har,0
kudos sagar veena player,1
maha mrityunjay,1
only thing good vlog,0
pata chala baap kon hain tera bohate ud ta tu naya abbu varma,0
like aman bhaiya,1
keep uppp,1
dont know how thank person suggested song,1
beta wah bap jo lollypop bachhe de uski maa le le ta waise tumhare sath huaaa kuchh wicket de khuss kiya fir pure pak mar li,0
yeah bro nbhaiya added values everyone life,1
shradha di muze aapse bat karni plz mera career aapke sath share karna chahta hu bca fy hu muze aapse bahut kuch sikhana plz help nmy name sachin rokade,1
but kuch chapri aapke state gandi image bna rehe,0
aap aise video bnaye jisse hum inspired,1
wish best,1
best luck,1
just look at her,1
abhi tak bohot chije jo ham logo dekhi know time explore,1
its really amazing song,1
mam no words how graceful mam,1
tumara baap ha,0
pakistani hlala bcha rhega,0
pehle dicide karlo bola whatsapp university wale rathee pakistani bol rahe tum khalistani,0
indian army bhawalpur may pak terrorist camps udadiya masur azhar family udadiya noorkhan airbase bhoolgaya rawalpindi stadium par drone kisney giradiya kirana hills kisney udadiya,0
driving through beautiful alps rivers austria,1
women empowerment,1
trophy chor naqvi nalla pak chor minister,0
tom log pagla choda,0
what journey di,1
jahil awaam bewkoof banati aayi inki army,0
baap ham hain ok baap upar jaane jyada ichcha mat rakho theek,0
jhalil log yar kaisi language use krte ladies shamil hans rhi charger chor aata chor trophy chor,0
tu christian nindia jo ricebag christian unko buri nazar dekha jata nbaki jo real christian hote unki full respect,1
masha allah bro,1
wow di love,1
best bhaiya,1
same question mind economist,1
watching paar chanaa de over again,1
melodious,1
yeah video family samne dekhenge toh galat sochenge,0
dekh beta bap tumara tera abu kon,0
desh drohi,0
baap hamesa bda hota,0
noori brothers,1
يار نون مleine gi aj lash yar di,1
ganghishan tim tiq sepneme,0
ham log tum logo jaise social media par plane gira war jitte ham log aysi live jitte proof shat match war,0
indian music,1
tu angrejo aulad,0
naa jung naa cricket bs social media,0
shame bro tu haryane kar kuch nahi janta,0
take calculated risks believe yourself,1
great find person here comments section finally,1
last part song,1
yeh anpadh gawar log kis rafale baat kar rahe inki army unhe bewakoof banati yeh log uski khushi manate yaad karo,0
rathee kind diligent man lucky got opportunity explore world however,1
love her,1
indian bap tera,0
just awesome,1
major difference between these gutter people nindia inspite winning last years matches,0
dil sabke tute hue ngaamd tuti tumhari,0
inspires something good apart regular job personal goals people like true gem world best wishes your endeavours lots love pouring,1
song deserves cross millions views,1
end mey wala bolratha jab game nahi jeet rey toh jung jeetega bhai jao tumara tema ku thoda samjao abhi rona shuru karo,0
beautiful sohni,1
tumara abbu varma,0
charger chor kon ha mc sab tmm logg,0
thank ji,1
rafale girana tumhre bus mani nahi bikharistan,0
coke pak,1
love again,1
lahore apka swagat ga,1
jay shree proud santan per hume jay shree ram nagree like,1
baap bata kaun,0
kyun pakiyo suji,0
baap baap hota,0
abe salo match jit nhii pa rahe jaki pani dub maro salo,0
jung b hum jeete proof b puri duniya de diya galich aulad,0
pata chal baap koin bata,0
shukar mere rabba,1
yaar nu milay gi,1
lot prayers love,1
sab sab sale bevkoof kahan gya kaala jaadu,0
world has many nice things offer,1
mohabbat suchi kahani,1
harish rauff kohli sapne aata varma aata ji,0
bating,0
baap baap hota beta,0
toon amazing,1
desh virodhi hindu virodhi,0
really nice music,1
airport ranway boom giratha yaad naa pakistani balo,0
rao' presence,1
ur abbu barma check karo yarrr,0
bapu sabke pakistani mar di,0
gaya charger gayab,0
wish very best luck shraddha dii our truely growing by people like lucky,1
harris rauf mkc,0
bhai tumhare yaha charger safe nahi rafel kese giraya sapne dekha karo lekin raat dekho beta,0
inki murkhta dekh mujhe sharm aa rhi jai hind jai bharat,0
full support side,1
rao' soulful voice took next level,1
likes,1
bakbas,0
tum kaha bhala banao ntumhra charger gaby hua kahi tumhe gaya kar de tumhre mulk,0
sometimes must take tough decisions human welfare,1
faisal chaudhary,1
jo kaum sirf jhoot pe pali badhi uska kuch sakta haa rauf paisa kha liya mat bol dena tum log har bar us bechare pelne lgte harne baad,0
thanks loving,1
maaanty,1
good decision also leaving ms best your future aspirations,1
charger gayab gaya,0
babai tumara booking bapti strike kavi beta naijitega,0
ham odisha chote gaan apka video bahut achha lagta,1
gyan videos banane liye microsoft chhod diya waah,1
baat sahi baap baap hota,0
unprecius,0
aap apne vlogs hume connect kr skte,1
may achieve success your life sister,1
rafal ura par lend huya tum pakistani o gaar main,0
shocked know dhanana,1
din life shradha aman vaiyaaaa xe mil pata kab mil payunga but milna love assam,1
thank very much explaining,1
tarikh match pahele padh aya sharma gand marke asia cup laya hamara varma,0
what an honor,1
won our hearts,1
suru itna shoor kyu karte yaar,0
pak nahee jeethega chup chap bitto,0
proud because also form rotak english,1
yaar yaar lga rakha zahilo,0
superb improvisation,1
left microsoft facebook,1
listening background music video gave lot piece,1
halala karane wali hijabi mohatarma kaha chup gai jiske shohar krke ishara kar rahi thi,0
find similar chhap,1
allah ag nahi bulla bag,0
background artists,1
ali hamza totally nailed,1
alokkumarsingh koi rok saktaa unko,1
kiya hua bete,0
love your work just awesome,1
waooo,1
kala jaadu like seriously kala jaadu kaam nahi kiya uneducated ppl,0
pure sufi touch,1
ohhh what masterpiece,1
merese gun marwalo beta ajj khush kardunga,0
aapane rafel gira social media per lekin tere bhagalpur noor khan murid terrorist camp airbes damage kiya pura proof sath,0
right father father hota ha ur father never change,0
mujhe laga abhi abhi bna hoga,1
stop talking about r pe frivolously learn respect women,0
"such an amazing voice both noori , each unique mesmerizing. conversation between sohni her clay pot heart-wrenching. coke seriously gift humans",1
shraddha best,1
united punjab abe hat sab jaghe sirf occupy karta,1
came here,1
wonderful background music,1
process never gets old,1
samjhe beta baap baap hota tumhara ma puch papa,0
love your effort,1
kitne baap,0
bap bap hotha final over patha chala koun appka baap,0
un dono gadho kaho aaj khana nahi khana kyuki haar gaya,0
nice thumbline sweetheart,1
such beautiful ending,1
love ndoing such great job bhaiya di nmay allah guides more,1
trophy chor pakistani,0
bro was eagerly waiting vkog,1
process using clay pot as instrument,1
mohtarma kaha gayi bolo apne kapde khol rakhe bahut tagdi maal thi,0
melody beat pleasing ears even though dont know what song means,1
dua namaz dono fail gaya itna dua gail bkl war haroga sab jayga vidoe delete kiya audiences comedy dekhar paisa kamoaga dua kiya,0
tera bab idia,0
bhikarioy,0
pata chala baap kaun,0
har gye ma chod diya sabhi pakistaniyo,0
bhai pak harne dukh nahi nbas uski charger kisi chura li uski,0
wo chapri aor goo,0
sound,1
woww hats off inspiration many,1
ms apna time aaega,1
bhai apna anergi ku cilanem kerab kar leta,0
beta phale bunbita kha aa,0
jag tumari kitani bar had mar li tak nahi sudhare tim,0
ters baap,0
dreamin love,1
zehra mam rocked,1
womens cricket team vajah song pata chala years old song,1
ha bhai shift kar rahe abhi tere pas waha jane liye paise nahi latak lena kahi,1
now can proudly say ideal after parents more more success bigbro,1
allah charger chori,0
muh lun d ghus gye,0
man keeps hitting noori boys youre out world,1
rao did fabulous job respect her talent respect,1
animals,0
saram bahut dekhe par pakistaniyo niche ghus gaya rafel tumhari gaaaa,0
trending wow,1
love portugal,1
start baap baap hota nend hamesha haar jaate,0
kyu aukad bahar spne dekhte paijaan,0
beautiful both,1
like mem,1
laj sarm bech ate,0
beautiful music,1
thanks bache school kharab nahi kiya waise v eeducation kami bht,0
nice song narender rajput,1
napaki logo badeka ghosh khake dimak nahi hum bolder par peshab karenge napak beh jayenga,0
war cricket will show just wait dont celebrate advance,0
rafale gand dal liya,0
gav jaisa sukoon kahi milta,1
goosebumps moment,1
wala match chahiye hagga jee,0
roots humble,1
umeed tujhe pat chal gya hoga baap baap hota beta beta tumhara baap hindustan hain rahega goggle karle bete baap nahi baap beta peda hota chotu,0
loved line gobar has lot good uses,1
indian har kam light band kar karta hiiii,0
elvsh yadav like,1
duaa krne kuch hota khelne hota,0
ham aksahar yeh bhool jaate pyaar,1
love,1
tu backward aaj break fail gye ha ha tujhe talyar bhwan najar atta expoj dekha konye bhar dunya dakh kudh bhut chotta samjha bolta acha tune rathee kom dubanye kosish ntu ullu,0
ni elder than nbut ideal,1
acha kam kam ayese video bano paisa kamate rahe,0
understanding vibe,1
superb rao' voice just amazing,1
stymmmmatic chapri,0
aaj tumhare new papa abhishek varma ji bane,0
wholesome,1
bhatta ni kaha,1
bhai baar modi gaali de kr,0
tum logon par gussa taras aata kitni jaleel kom tum sarm tumhe aati nahi,0
modi jindabaad,1
kisine paad maar dii,0
baap baap hota,0
takes away breath till,1
sal sal abbu letha pakistani log,0
pakistani army chahte hain pak aawam bewkuf bane rahe tab pak army fayda aawam bhukha more,0
shilpaa,1
super mega song,1
charger chor public cup chor minister,0
baap baap hota,0
rafel gush gaya gaand bola baap baap hota sahi bat baap bete thodi der ucchalne deta baad tamacha marta samaj aya beta,0
great love coke,1
trophy churaya naqvi,0
take love bangladesh,1
amazing lyrics,1
joker public,0
match gya charger,0
dikshadadhwal tere pyar,1
process just amazing,1
baap baap hota baap baap hota,0
osm voice sidha andar dil,1
bhai big fan,1
indian bap bap hota,0
cheeting,0
thanks beautiful people,1
ali noor part best unique something beyond music infects real soul song,1
sweetheart,1
thankyou your music love indeed brothers,1
sirf pura gao samjhdaar yrr great,1
wekh chhallaan paindiyaan nah chhaḍḍeen dil ven,1
as song years old tooks years back when was just wow,1
great brother,1
bap nehi bua tumhara,0
mygurumygod,0
think one most underrated songs coke,1
respectful woman plays instrument,1
lovebabbar at right side photo,1
bhai jo gandagi bahot inke gaon dekhkar bahut nirasha hui,0
jeeti raho,1
appreciate your journey,1
yar besarmon jara si saram nahi,0
very small vlog,0
guitarist long hair was vibing,1
your editor has different level mind hahaha funny,1
requesting indian govt please block account,0
kaise haraya kamini sharm nahin aati har bar harte haina har jung harte haina tab sala sharm nahin aati,0
maja aa gaya jay hind,0
love bharat,1
bas chal,1
toh hame kahne sharam aati hamare bacche hum inke waalid urf abbu jaan,0
bap bap hota hein,0
baap baap hota mere pyaare bacho,0
ending was awesome,1
wow beutiful song saved song songs album,1
baap panga,0
@judwaaz review masterpiece,1
great achievement,1
baap baap rhega baap baap rhega,0
har bar gaar kholke marta hu firbhi kayse tumlog bhul jate suyar aolat,0
shukran,1
when she says nyar no melegi aj lash yar di,1
will always back,1
song speaks language river chenab,1
yes baby,1
rafale girane proof par pants jo utari gyi thi uski videos padi abhi jo brahmos mari thi uski videos padi lol jhatu desh jhatu awam,0
long haired man,1
its august still loving,1
god bless,1
bare baygairat log app log,0
happy grateful iss channel pr aman bhaiya shraddha sath jodi vi hu naapki sari video motivational hope aage sb shi hoga,1
beta baap baap hota,0
mkc,0
favorite song,1
itni kamm umr itne bade kaam very inspiring,1
pakistaniyo har bar aate muh kala karwa jate,0
sheikh zayed,1
those listening great taste,1
inshaallah has been biggest hoax since years,0
great success microsoft wali,1
bilkul sahi kaha bap bap hota,0
yrr love,1
rao coke,1
inspiration,1
god bless shradha,1
kapil sharma show bula yar isko,0
lulli yaar di,1
placing love best companies microsoft,1
kon kon dekh rha,1
bhai tumhara naya abbu jit gaya ha ha ha ha ha,0
tum logo pass aukat rafael touch karne jahil go check airbase terroristan,0
bap bap hota shi bole hum vale bap tumhare aaya mja,0
amazing vlog,1
luv,1
yhan sb jayenge btw your big fan,1
amazing noori,1
tu jhoom,1
tum log aise chutiye bante raho humare entertainment hota rahega,0
love,1
noori great,1
master piece music industry,1
team nif can anything mission pls inform coz also want help those students,1
ہزری لگند hazri leegend hazir hon,1
rao ji wah wah,1
right there across chenab river lies beloveds hut,1
last sale charger pel le gye koi,0
awesom awesom awesom,1
bhukhe nange papistan khelega last par sab jaldi bhag rahe bahar aate chana dal line lene,0
match suru hone pahle sahi bola baap baap hota,0
zindagi aaisi warna nahi,0
huge fan mom just love your voice,1
anyone feb,1
aapke jaisa bnana chahti hu,1
rao just amazing,1
madam noor zehra kazim,1
khoob soorat yeh duniya,1
song still peak like,1
دعaily,1
rat has no clue any topic imagine can anyone know things his posts arw fool,1
yaar nu mily gi aj laash yrr dost,1
full love emotions feelings,1
bar bar har geye tum,0
bol baap kaun hey bhai baap sirf bolne nahi hota hey uss liye kuchh karna padta hey,0
like your sprite,1
good luck your new journey ni wish achieve yourdesiring goal,1
baap baap hota tabhi apke papa jeet gye,0
kela kahoo abi kuta bacha,0
voice touching,1
still obsessed song,1
best agar aapne kuch students kisi tarikese jiss level par thodi si help kardi mam pata un students microsoft kai jyada achi companys criate jaye uski shuruwaat aapne best mam,1
kuxh sharam kr lo haramkhor tharki sale khud russian liya shri baba bhageswar fraud kehta sudhar jaa video delete kr de njai shri ram,0
thanks telling story behind song,1
hamza blessed unique voice,1
beta tum apni ammi puchna bhul gay tumhare verma jaise kahi sare baap indian team,0
your guide,1
maa chud gayi,0
one best song season,1
jung thoka tumhe,0
mesmerizing performance,1
powerful people come powerful place,1
best song season far,1
thenkyew,1
hua bahod usal rahe,0
great decisons always risky,1
beautifull,1
lots respect microsoftwaleakka,1
block pakistani youtube need mass reporting,0
tum log nich hay,0
chenab,1
ap kero ap support hu agar koi issues problem tho please bol pta kabhi us solution mil jye nap kero logo mt suno,1
love song,1
baad main roya khub jhuth maat bolo,0
bang,1
mere mere bhai tarah lad rahe,1
can together,1
sala sath janam nena podaga war jitnekelia jay shree ram,0
nikle aap log baap hua beta,0
great choice song,1
shuru bade chilla rahe bhilmange akhir matam manao bhikario,0
already watch but now may watch again,1
team bs entertainment liye bani,0
abe yyar shitt yarr gya yaar ma behen kardiya yar nnice nice,0
season sab gane gazab hain,1
kyu bete aa gaya swad bat batau tum pakistani bolte bahot karte kuchh nahi,0
hamza beautifully singing,1
team nahin team tum log writing kar isliye gaya jakar roti khao,0
vena sagar,1
fev..... song kareebi badhati ja rahi,1
may allah bless ali noor health speedy recovery,1
she perfect song,1
thankuuu sacrificing your job improving our indian education,1
only platform where indians appreciate pakistanis,1
agli bar jang huyi yelog bolane kabil nahi rahenge kaha kaha brahmos girenge inko pata nahi chalega,0
baap batana nahin padta vah duniya batata,0
happy liked,1
baap baap hota sale bhikari love varama,0
comments section,1
allah like nikalo yaha game lekar hugne mutane tak baar bula lete,0
totally love pakistani music,1
behtreen video,1
yaar di,1
best second innings,1
pakisan sare chor,0
solid commitment,1
hua dogle govt paise liye ya visa khatam gya,0
tumara bap beta mot ro tumari amiko boldena papa bhot mara jay shree ram jay shree shyam baba,0
bhai dil chhota mat kar tumlok harne liye bane accept karlo kabhi nahi jitoge,0
bhai sach mujhe yehi lag,1
buffalo like fashion,1
sabhi player baap,0
loved no words express,1
said hates hindu bhkt modi nhe normal man like indian except bjp bhkt,0
lagta bhai nlla kha liya,0
grok chat gpt which best,1
carolina delgado thank dear,1
song gives goosebumps,1
not judging but wish every jaat was like polite smart sensible nyou actually making entire proud god bless bro,1
beauty guitar,1
beta aaj pta chla gareeb ku gareeb,0
baap sambhar pel diya,0
dekho main itni garibi charjar chori kr bhag gaya fhir trophy pakistani chori karega,0
chanab ta sukk jaani,1
thank sharing us,1
kb bhai burai,0
world perfect harmony,1
melodious,1
faad dala,0
when comes music producing beauty,1
chal maaf kiya,1
allah dua ni sunta shayad pakistaniyoki,0
inspired,1
koi bat ni nalayak naqvi trophy chura bhag gya kal bo trophy dega jeet mudda un jayega,0
indian pakistani people must clean your beautiful country ngreat job,0
masterpiece fav coke,1
jao raat sapne dekho jake bade bade,0
mubale battery low gai power bank bechare pss,0
ali gali shor home minister mohsin naqvi asia cup trophy chor tatha sari walon chor banaa diya machine nak,0
sharib wellsongs,1
masterpiece younger generation,1
aap hu bolta aapko really gaav nikal itni badi company placement milna naseeb baat lekin aap hume jhhod kar jaa rahe wo bahut pura lag rha seriously recently abhi join kiya maine apna college aap jhhod jaa rahe jaise lag rha mera best friend door jaa especially coding duniya aapko aage liye meri best wishes shradha,1
amazing performance,1
hahahaha abhi batao baap koun,0
outclass amazing voice,1
pura pakistani nasha kar rakhi fk yar,0
bache beta abhi tumhri team,0
sry nehi tisri baar,0
taraf,0
attitude chad pr nperformance jaant bhar,0
maza aa jayega,1
alos war loss bhramos video dekha honga,0
tumchi layki nahi,0
bikharistani baar tapa top tapa top tapa top pel diya,0
blunder plunder surrender formula,0
your brilliant work,1
baap kaun bosidikey,0
trophy saath charger v le geye chor sale,0
section was awesome,1
kiska kon bab wo pata chal gaya,0
bda dil hona chahiy aise soch aap mahan,1
an excellent work proud,1
itna chilaa rahe aab huaa brahmos ghuss gaya,0
baap baap hota,0
found masterpiece reels what feel what voice combination brilliant performance,1
charger nai chodte trophy chori lenge hardik pandya isi liye nai khela,0
uss rafel tum nahin hum giraye ntumhare aukat nahin,0
thank god such music exists,1
dis song very addictive,1
torfy chor hayi charge chor,0
inspiration today youth mam,1
finally nkya hua kandumaarthiyare,0
harayana rocks bhai,1
naya papa mubarak bete,0
such beautiful soul,1
verma pakistans new abu,0
yar no milay ge aj lash yar di wo,1
mujhe tu aj pata chala song,1
team best,1
chapri kuch milta life,0
hope peace prevails,1
love aman bhai shraddha dd dil dil love both naa sirf eduction kliye infact real life zariye motivate karne kliye,1
muh kala gya,0
badke naotanki logo jab girta ya alla ya alla yad aata fir banch jata ushi alla apne bhul jata isliye harte raho alla tumhare shath nai dete jhuthe,0
like his simplicity always half pant,1
taze kar di,1
tera charger chori gaya hamara asia cup chori gaya,0
exceptional effort,1
hide ul kyaaa huaaa bap bap hota beta beta baas hava nikal gai,0
will support as possible sideas student,1
thanks amazing soulful song,1
containent very good informative like watching,1
sab sab no jokers,0
her love unmatched,1
lahore,1
tumara baap baap,0
still will always our microsoft,1
beutiful,1
epic composition,1
filhaal jo aapki video whatsapp channel pe aa rhi nwo download pa ya video download pa rha kb something par laake chhor de nor aapke subscriber badh pa rhe,0
haryanvi bahu great down earth congratulations dear your good choice,1
jay shree ram nram bhagavan liye like karo,1
tum lik pak guy khati gobor bring,0
jung bkl jeete kab proof kuch,0
bap bap hota,0
home theater,1
porkiyon rota dekh kr dil bahut sukoon milta,0
happy proud see young generation doing much society underprivileged not easy let go your job contribute society especially at age keep up good work guys future,1
tujhe kyu bikaa tuu unn chutiyon pass nsalla secular chodaa,0
first,1
bhai ni big fane,1
vlog lao acha lgta,1
aap dafa jang nai jeeti sharm karo kuto har bar har jate jung,0
land five rivers,1
bete bap jit mubark,0
how can join your team interested doing same thing,1
bhai rafale tumne gira diye koi proof hoga wo dikhao bas truth aapka government aaplogo bevkoof banayi kuch,0
kitne jahil madrsachap hote log,0
eargasam,1
hopefully read comment,1
one best pieces coke has ever done,1
wonderful not sure if move will earn anything,1
enjoyed video,1
pr toh nehar saf gai hogi khud kyuki moonson toh bhari barish padi,1
abb pata chala baap baap hota,0
burai kyu nahi kar pollution bahut,0
beta haam tumahre asli baap ham panga maat lena,0
felt,1
noori love your voice,1
happy independence day,1
teri ma shod diya,0
by wheat can say nthis was recorded march april e crop harvesting time,1
pel diya,0
story sohni mahiwal,1
love,1
kux bolo mall uk,0
pakistani jitna marji shor macha lo beta beta hota baap beta hota,0
logic sarcastically bol rha hu toxic fan,1
hum q lak rai bigboss liye aiya hua,1
bhai rest karlo,1
bhai bar nahin bar nahin teen bar har chuka tum log kuchh sharm karo,0
really ' min never realized superb amazing yr noori whole team done superb job wish never ends music soul really,1
sounds better,1
should supported them by your video by yourself nit would really helpful them,1
ali noor ali hamza mohtarma,1
agar roa sabh hote tu khatam,0
sagar veena,1
absolutely stunning,1
music arrangements fabulous,1
aprail vlog aab dal ha,1
hey dear,1
lonewolfe asked about those bricklins right has maximum per capita income whole country worked hard achieve since secondly people come inter states work because wages they get,1
ma bca ma st year ma hu kuch tips bataaya software engineer banane liya,1
love paka ghariya,1
peppermint,1
kyo kaisi lgi bap bap hota,0
pakistani varma pel diaa,0
oh good hard working,1
true indian,1
goosebumps amazing,1
proud pakistani,1
hats,1
rao shab,1
sad decision but good intention help society very inspirable,1
khizartariq,1
most awaited vlog here,1
baap baap hota,0
sahi bola papa papa hota beta beta hota papa win match,0
bap hamesha bap hota tera video dekh le yad aya future,0
teri aukaat bhar de,1
anurak chhettry beta,1
sale nalle tu hindus bhagvaan khilaaf itna kyo bolta sale,0
love love,1
earthy,1
eid mubarak,1
was best song ever,1
beta baap ban kasish maat kar,0
yes now can feel type girls going begin great revolution best luck loads support,1
nwe will together will change our education sytem know its very hard but doing great job nlove lots support your students,1
congratulations pak aapko papa huy,0
baap harane koshis karte hue bete haar gaye,0
rao ji....l❤❤❤,1
here' processed output: here another greeting morocco,1
very nice vlog,1
madrasa padhna chhor,0
bhai bigg boss jao want see there full support system band bajao,1
hum baap beta tum beta banane layak nahi tum nalayak,0
alla tala lgg gya,0
spiritual,1
claps uncle,1
sahir ali bagga,1
thanks,1
voyerism,0
sooo sweet,1
views likes damn,1
your taking your steps great work really appreciatable good bless wish best,1
suru agar bdiya backup bdiya education,1
divided by borders united by music,1
thank information,1
pata lag gaya baap baap hota beta beta hota,0
kitne baar bejaati hogi inki prabhu sudhar jao,0
jang nehi jit paoge,0
bhaijan man chod gai,0
very good decision congratulate helping mindset nice both aman shraddha also once said by elon musk don t think about your success but think about helping other people will automatically succed someway other your life,1
common people very stupid,0
forget vlog,0
love di,1
sahi kaha baap baap hota baap pak,0
kn instagram reel dekh idr aya,1
yar nu aaj lash yar di,1
sahi bole baap baap hota congratulations urf aatankistan,0
sooo nice,1
beautiful full love bro,1
aaagaya swaad bhadwo,0
vai diaper change kiya,0
best teacher aap dono,1
timeless classic,1
esi karan hum tum logo pelte,0
music has no boundaries no hate,1
should move pakistani nvishram lo,0
bro mali gam pa bi vlog bnao,1
love,1
tere hum baap,0
same heart wrenching,1
wow njust speechless,1
awesome song yrr,1
har indian sapna final pahuche phir haraye kyonki har indian pata hamara team kuch jae magar jitega,0
divine folklore soni mahiwal,1
abey yaar tume shrm aati,0
pakistani logo bato dum duva kaam nahi aati hamesha inshallah karte rahate inko pata nahi allah nam koi cheez nahi duniya iske baje baar baar fail jate itna paak jamin log q khane liye taraste bakar life vaha logo most muslim countries world unstable log suffer kar baki religion compair agar allah naam koi cheez hoti wo abhi sabse khush hote jo nahi,0
bhaiya how about starting channel apna school,1
hania arain,1
tumhari sacchai yhi accept kro baccho baap baap hota bete,0
cant get better than awesome word,1
funk man,1
abbu jit gaye bhai inke,0
thanks lot guys,1
pathon kahaaniya,1
respect nmaam,1
beautifully melody,1
everyone recommend listen translated subtitles,1
thanks idea,1
sahi bol baap baap hota hamse nikale kohli bad new abbu bn gya,0
beautiful lots love,1
may god bless artists involved making great song,1
bindle thanks,1
good nexcellent nto see nbecause nyou means nyour naptitude towards ntelling truth against any politician ni like your nthe gives ngreat courage brilliant indian nratee ntake care,1
baab baab hota,0
kaisi jaleel kaum maine itni besharam awaan apni life main nahi dekhi bacche aurte mardo sabke sab pagal non performer hone par celebrate kar rahe hain aakthooooooooo,0
funtastic,1
pata chal geya kutto bap bap hota koun bap our koun beta,0
jitne wala bab hota harnewala nahi,0
ri idhr bhej de di bana bhejnge,0
thanks sharing lovely story,1
thankyou explanation,1
bahut pyara,1
kudos people like,1
hua bete bata papa houn,0
abhi patha bap bap hotha hii,0
pata chal geya kon bap tera gir geya,0
mehar isne content nikaala,1
charger chor trophi chor,0
ghus gaya tara mhu ma varma baa ghusa kitna voo live ha tum jhuthi koum bolti wicket sa haraya ya jhutha loog bolta voo live ha,0
its good video,1
beta tumhara bas pakistani toh pakad baith gy,0
mera rafael muh loge,0
pak present his music colcher,1
typical noori khusboo,1
brother can't imagine,1
haram khor charger v gayab,0
rizwan pata chala baap baap hota mc,0
listened song,1
tumhare abu match jit liya akele dum par ha lodo,0
o pakistani bhaiyaa badhae tumko tumhare baap aabu jit gaya,0
vah madam kidhar gai mere pass bhejo usko teen din liye usko cricket sikhaunga main raat,0
samjh aaya aaya baap baap hota beta beta hota,0
blessed listen madam noor zehra,1
ajj naam pata chal gya shraddha,1
right microsoft wale walo bahut dimag use kiya nnot its high time start our own,1
mehbooba,1
pagal,0
just amazing smooth song,1
inko lg rha ball pr bna payega ipl khelte bhai rhi jung wo jite tum churns de diya tumko,0
r inspiration us,1
god bless di,1
bap bap hota adarchodo,0
amandubey agar ishwar par vishwas ishwar btaye dharm kyu follow karna apna morals alag banao can take inspiration atheists philosophers,1
ma chod te papa aaj fir,0
great bhai,1
gujjar khan,1
sahi kaha hum maante tum indians nazayaz aulad,0
inspiring keep up will always support,1
wotta great vichar,1
best elbowcough,1
baap kaun beta walo tera baap,0
febraurius lol,1
such nice song,1
aapke gawone vlog dum bhadiya aapki sadgi bohut acchi lagi level pe rahkar,1
saare pamper change karo,0
icc one day kitne besharm yrr tum log wale,0
behen l bho reha behen sath tum log shadikrte toh kon hua ben aap cricket tum tarh army aise harte baat sirf jeh bhan madia nahin hote aap army aapko babkuf bnate bikul mach terh bar bagwan magna hotha tih sayed aap man lete hmare bagwan but allah uski hmare bagwan bnaya hum bura bolte sb dharm azat krte,0
nakam ni love yes know nakam ni means abhi tere kam nahi hun,1
god bless shradha help achieve your goal very best,1
remarkable song singer,1
sapno jitna aab riyal sab tumhare baap nikal rahe,0
typical upper caste showing his ancestral privilege which they got because casteism,0
kala jaudu pichawade gaya,0
ja kr bhukhmari lado pehle,0
hearttaching,1
tumhara naya abu,0
soni mahi wal,1
mach jeete nhai rafael giran baat,0
baap baap hota pata chala kon baap,0
le le trophy tu,0
darirfan,1
saale chor charger utha le gye,0
mulla ji aapka sapna kabhi pura nahin hoga jindagi nahin jeet paoge sapna dhare dhara rah jaega per sapna dekhte raho tum har jagah,0
par paijaan,0
wo tumko pta jung jita,0
voice,1
walo pta chal gya baap baap hota yaad rakhna,0
best best best explaining ever two lovers,1
season best song ever,1
gem person connected roots too,1
love nlove aman bhaiya,1
what music.... mind-blowing,1
thank very much dada,1
thankfully southern,1
match jeeth nahi sakthe jaatoo tum log raffel giratenga jung jeetheega,0
its timeless tragic song,1
acha pela,0
shi bol rhe baap baap hota beta beta hota pakistani kom prevejaculation marij,0
bahut acha laga ap gao dhekkar,1
pakistani pagal gaya,0
tum log paagal sapno maja letae,0
tumara char cori gaya nvapar pakistani topi churaliya,0
gar mar diya,0
baap baap hota beta beta hota love,0
bol beta bap koun,0
when she started sing,1
last mupe kapda laga jana,0
its june still listening masterpiece,1
sabse acha vlog,1
katwe logo katna dekhne maza aa jata,0
papa papa papa,0
party jga matam maan gya,0
match dekhne jada maja toh inko harna baad rote hue dekhne aata,0
saale rupees charger chori karte aukaad dikha rahe,0
' song,1
rao was nice,1
apni op,1
baap baap hota hyee hamesha baap rahega,0
hn shi kha baap baap hota tumhare aabu,0
at starting porkies inshallah nat ending porkies hay allah,0
thought leaving handsomely paid job working towards free education,1
system,1
gaurav raghuvanshi anku bro dont take personal before partition same border sirf naam badla but ham log wohi hain jo partition phele they,1
need exactly people like her our country risk taking,1
pehle airbase rauf jo anidiaaaa khoda silwa lio,0
accha mic lene paise beta,0
bholatu,0
one most inspiring videos ever seen,1
yaar kiyaaa,1
soo anyone can t attack family because make videos very sensitive topic,1
wall when,1
y apna game khel rha nis pta kese famash hona nsab mho maya kuch log bus sosal midiya pr logo hero bna dete,1
andhbhakt like rathee shorts pahen mandir kyun gaya,0
sala charger vi safe nehi hain,0
muje saare pagal lag rahe,0
waoooo any sufii kalam,1
jai jhaarveer goga jii,1
video perfect embodiment making yourself center laughingstock,0
pm bolra airplane,0
fabulous decision heads off,1
sade aache english nahi aata,0
was very nice vlog especially foreigners,1
nice vlog,1
bap bap hota hay beta,0
song heart touching wonderful love song,1
andha vakat distroy everything,0
pakistani friend introduced when asked music his homeland,1
noori saving year' coke,1
thank subtitles,1
tum log yehi hoga,0
bete pahale tu ja pampers badal le,0
favorite,1
gobar bhai bitoda,1
chor sab sab,0
blow away every time,1
aand kitna bada jaaye rehta laad neeche,0
celebrations thoda jaldi start karli tum log abhi bachey tumara baap bankar baita hey bumrah ney gussa diya plane party karlo har baap baap hote hey hamesha liye only team,0
press f pay respect,1
last sab jagah sannata aisa chaa gya jaise sab muu lavda fas gya,0
love sradha dii,1
best one,1
gaana purna,1
rafel giraya nahi but pakistani sarkar zooth bol public oolu banaya pakistani public pagal,0
love,1
julha jhulon magar baap mt bhulo,0
tabassum tshagufta hussein,1
tum jumg sirf social media pr jit sakte real apne trum china abbu pucho bramhos hal kia pak,0
true reflection strong sweet pakistani music,1
garib desh garib log unki garibi,0
tumhari jindagi aise bolate bolate gujar jayegi tum kabhi nahin jeet paoge pakistani,0
awesome song one can,1
isiliye kehte padi hui lakdi ni leni chahiye gnd,0
pak harkete,0
good man bro,1
aaesa tho log charger v chory kar liya,0
charger udaa le gya koi,0
abe itna kyo chilate pichawade tatti nikal jayega,0
rehne de tera bakwaas,1
talak de diya bharat toh nakvi trophy bhaag gya lekar,0
jhahilon ghron main tv nahi hei jo sarkari tv dekh raheja hein,0
bap toh baap rhe ga,0
suunnnyy x wahh bhaiya sahi baat khi appne,1
behan lado thodi padh liya karo tak jitni jung hui usme jitta kon,0
super nice wonderful performance excellent,1
watching video th september,1
true re doing biggboss believe they gonna defame if true,0
performerc jhaat bhar attitude raat bhar,0
chetan maheshwari same line mate goosebumps even now after many months,1
big fan,1
rao awaaz,1
kati hu ui lulli,0
trofi chor kaya kar saktey chori,0
bhikaristan charger chori karke le gaye inki auktat trophy chori karke le ja sakte bhikaristan,0
broooo finally wore new t shirts after decades,1
kamal kardita,1
nice,1
bhikaristan khusi pagal gayi,0
tum sab pakistani zatu,0
goose bumps,1
apne airbases bukhar pehna betha hee pehle pehnab deta satelite chupa pata,0
punjab awwaz,1
shrma pure crore pak aabam pell dala ninsaallah kiya rat bhar match jita jhat bhar chutiye,0
voice,1
mushkill shamathey,1
abe haare toh hua aakhir l toh mila tum logon l bahut pasand,0
always welcome brother,1
ur big fan also meri aapse milne bhot wish thi but pta mujhe,1
hme maza aa rha tum log haar gye baap panga lene chala verma official abbu,0
creation,1
respect other vloggers they only show their family members,1
shukriya,1
aaj padhaai band inke maje le lo maje lo,0
magic begins,1
solah aane sachi gal,1
inspirational many generations indeed,1
great initiative,1
gaad main ghus gaya verma g,0
shilpaa has great voice,1
alla ghus gya gaand insaallah,0
compositions nice words just flow,1
ary hamare par dadha dadha lavdo tumlog haro ge har time fight match,0
such an awesome song,1
just wonderful,1
song full emotions beautiful lyrics,1
superv mebulas,1
amazing voice poetry super awesome love,1
best song season,1
battle music instruments,1
thanks tip,1
shala shala out shala,0
rocked,1
abe pata chala baap kon beta kon your papa won,0
made right decision work right thing good luck,1
imagine dhruve speaking haryanavi,1
kangaal,0
charger chor ntrophy chor,0
indira gandhi,1
finally crossed well deserved,1
sohni mahiwal true love,1
dil arma aasu bah gye,0
ha bhai thik bole baap baap hota,0
pakistani songs,1
pata cala baap kon,0
fav line,1
respect your decision shardha because microsoft will not effect by your decision,1
when music starts heal,1
pakistani music best,1
ham lok passa bhuka nahi ha game bhuka ha,0
listening times day,1
expressway nahi jana chahiye youtuber andhbhakton papa planning kam main aata modi ji prachar kar,0
amazing view,1
khiladi spelling abhishek sharma yad karke gaye lekin spelling verma poochh li,0
best luck,1
koi amazon chor rha koi microsoft heading towards future where indians will not work under any company remain as slave they will self employed give jobs others,1
ending was best good message,1
really fallen love song,1
microsoft wali,1
maa chud gya tera,0
jhalliya,1
listening just now mesmerizing,1
apka des hamara up chhota socho apka hoga agar poora hindustan border paar aa jaye,0
land lele vicket jagah,0
great son ever herd,1
his wife not weard sindur means now isnt hindu,0
shayad,1
amazing voice girl,1
support your dreams,1
hmara kala lddu aapke pichvade guss gya nbap kbhi challenge kre,0
why not visit khajuraho temple madhy pradesh place world famous,0
dear dhurv ghairat wali guts your personality like pakhtuun ndon t shear your personal things world,1
rathi bhai dam yehi mujhe achha lgta kahi jate lower,1
bachoo akher baap baap,0
such nice video,1
bjp propoganda finish hindu muslim andh bhakt party bycottt,1
rafale tum social media par giraye beta nindia tum hara baap,0
tum jhat bal gire rafail giraoge,0
accha devlopment bhai apke sahar lekin second yaha bjp sarkar,1
thank,1
coke wale kahan sikh rahe hain yaar mtlb har song itne ache profound,1
best luck nlots love bangladesh,1
rafael ghus gya lagta,0
bato baap koun,0
kala jadu backfire kargaya,0
rafail mara,0
season music,1
saale kam dimak bale pura match dekhne wait karte suru tum log jeet jati lekin last tak ate ate phat jati tum logo baap bhul la yaad rakhna,0
mardo galti pakistani maa behan sar mat dalo,0
awesome guitar noori awesome,1
log gadh mar li thi,0
got addicted towards song more than smoking,1
baap panga mat le bhai,0
pel diya nsahi kahaa baap baap hota nbaap uchi aavaj nahi aokat rahoo,0
blind if stay there will get any hard sickness cancer etc,0
pakistani cock rao mam song awesome,1
ha baap baap hota,0
' voice orchestration,1
one sweetest couple nsome time dhruva become leftist nbut otherwise content good,1
sound like aman dhattarwal btw wish best,1
papa pel diye,0
love kashmir islamabad,1
bloody paki,0
blore. bro..,1
abee dil jura kab,0
r chore,1
bht badiya bhai nram ram bhai njai,1
isi kahte baap baap hota,0
surprised,1
bhai sacchi inki sarkar inko chuna khilate pakistani chuna churan sath khaa jate,0
tum logo sankar beta jahil,0
vaibhavi bora same,1
simply divine,1
baap baap hota,0
very good,1
super talented pakistanis,1
rouf th bap aya abi gand gusadiya,0
kachi meri matti,1
paddha lo,1
inspiring,1
woow what motivation great,1
sahi kaha pakiyo bab bap hota bar fir sidd gaya,0
tensn mat lo refail wala bhoot utryga next time ap logon koi harkat refail cheez uska pta chlyga,0
cokestudio,1
many good reasons,1
sale dekha sach baap kon,0
may path choose,1
rao noori rock,1
foolish v agrasive hatrate too much possasive criket indian dont bother if loose win as game campare pakistani,0
need more indian singers,1
chodte hue,0
after being taunted come show why didnt come before its first vlog his land,1
pata chala tera baap kon samajh gaya rahi rafel wali baat tumhari army v jhuth bolti hamara v rafel nahi mar paye tum log bharat mata jai,0
face make thumbnails really cracks up nkeep smiling really suits your spirit,1
duniya islam jeetgaya pakistani o haar gaya paaijan,0
shakal dek kar comment kiya kar,0
also surprised these set ups even existed years ago,1
sambit patra,1
simply superb,1
very good visit old memories,0
rags rich perfect story,1
brave di,1
bc inke mooh dekho,0
proud proud proud,1
cant believe gana saal phle think koi new song,1
charger chori kiye inki vazeer asia cup trophy chura liya,0
khel doya nahi tecnic jeta jati hey mother bhod,0
no one smears dung their phones lol nailed,1
harauwa sale tum log,0
agaji wala match chahiye,0
she something surreal,1
beijjati dekhne jo sukoon milti moothi marne pe v nahi milti,0
back roots bro,1
love still,1
bap bap rahai ga,0
god bless di di always miss,1
thank mam njo aap ham student education liye itna bada compromised kar rahi nhats off mam,1
kuch hojaye kam kam padana mat chodiyega please,1
mindblowng,1
low life wale log kuch inki zindagi cricket terrorism bus har har pagal hogaye sab,0
nice touching video took bold decision after struggle yrs business failed now society will never understand listen story struggle going back search job goodluck struggling people,1
todays generation know value treasures,1
appreciate,1
must visit,1
they into lala land mil gaya asia cup losers,0
process life something else,1
harish bhai kuch kiya harish bhai pucho use kaisa pela gya,0
theroyal thanks,1
ma bahen kardi yr udo,0
tum log jese gire hue vese tumhara zanda gira hua uske upar kala njadu karte,0
jhutta desh,0
really best,1
nikitasharma lol haven t watched vdos,1
yes mashaallah okay now by grace god,1
(body language awesome),1
back then used listen song day daily,1
your voice nailed,1
don t know why nbut ni feeling proud although don t know much,1
also student software engineer learned lot your videos made good decision spread education around knowledge power everything also related also want spread education wish will also walk your vision good luck,1
taras aata tum logo prr,0
bigg boss maja ayega,1
dil,1
dont comment much but these song story behind really melts heart no one loves,1
tumhara pcb chairman chor chor chor,0
bhai bb jate aagya fattu,0
ha gaon hr koi kutto roti dalta hh,1
after besharm rang 're an intensive beauty,1
itni mehnat,1
beta hum baap tumare last khud bol jaoge tum,0
bap bhai,0
thanks sharing time favourite song,1
love ramkali multan ancestors were gharaunda district,1
please visit punjab harimandir sahib ji,0
shafqat amanat ali,1
haris rauf hm logo khareed liya bechare paas vapis jane paise,0
tune,1
uf hare krishna,1
what remarkable tale sohni mahiwal,1
wonderful nakam nee,1
aalha tumhara alhar maze heta tum sab baap bap hotaa,0
tera dusri baap bola about rafael haha apna baap gaya laura ginne,0
jgiya khali teaches hum sabhi exam main pass pass students fir srkar hame months job deke nikal dege hmne itni study krke exam pass krke government job sirf months de rahi,0
noori rock,1
next time bharmos civilian area taarget krna chaye tab janke inko pata chlega,0
masterpiece songs,1
will try nfor great change,1
love,1
rocked shoked,0
bhai v systum fan hu lekin rathee hater hu kyuki rathee video accha msg jata apne society,0
nice roads seems developed country,1
veena player,1
r really such an inspire youth thanks lot,1
sang,1
palestine,1
atleast sanity prevails,1
keep up good society,1
kacheeayaa da hond kacha anjaam ni love lyrics coke drug lonely souls way go good luck guys,1
malayalikal undoo,1
logo dar apna ghar sara kuch dikha nahi rha short vlog bna diya saale desh virodhi faltu video bnata,0
shi baat bhai privacy jruri,1
white wali sath party karunga hotel puri raat chal aaja karenge party,0
jung jeet paye trophy,0
incredible,1
jai,1
muglo najayaj olad hamko drayegi,0
baap picha ghusa diya ra,0
thank your great gratitude,1
yor story very grate,1
tumhara sirf gaan,0
selab waly saal,1
shukriya translation,1
ball inki bat inki lekin mila kichh,0
can someone like comment can listen masterpiece again.,1
hua kala jadu,0
if life will definitely meet big fan sandeep,1
tumko pata mujhse kabhi nahin ji sakte tum itne kyon bhonkate,0
listening masterpiece dec,1
love how thta buffalo vibrating its abdomen fits juli buffalo,1
best epi,1
beautiful melodies soulful vocals,1
was exactly thinking same rn your comment appeared,1
rao' part,1
rahafuuuuuu fuke,0
tera new papa unlock hua beta,0
yaar nu milaygi aj lash yar di,1
fond man,1
bai muje tho mila now why,1
l lag gye bap bap hota,0
devotion which noor zehra plays sagar veena heartwarming,1
sojni mahiwals,1
allah,1
like please love masterpiece,1
how beautiful sounds together love peace,1
yes microsoft everyone dream job,1
baap baap hota,0
think come biggboss,1
tera baap,0
thanks love,1
best future plan,1
marvelous piece,1
best reels song,1
very jealous much kohinoors gobar your,0
very inspirational video beginning programmers,1
amazing performance by,1
baap banne liye dum hona chahiye,0
[cleaned text]: sohail asghar ary bhai jo peyar sy bat kary usy peyar sy reply don jo nafrat sy boly osy usi zuban reply,1
abbu jeet gaye lavde pair faila,0
aammy chud gaya aatinkistan,0
emotional story but very inspiration story,1
ever wrote literally don't words out world absolutely beautiful ethereal,1
waiting vlog such nice couple love,1
thanks sweety,1
trophy chor madchd country,0
best teacher,1
thank your love country,1
haan ji hum,1
love respect beti,1
sutta was nice,1
bihari food litti,1
airbase masjid markja stadium runway nuclear plant udwa liya abhi win,0
pakistani coke rocks,1
nice story by way hats off,1
bhai sand jaisa chillattte yeh,0
whole vibe,1
has become one major lab riot wing over past few years please stay safe,0
sohni singing,1
tune baat sahi bola nbaap baap hota,0
wah maza aa gaya pakistani drama dekh kar,0
luv uh,1
perfectly awesome,1
ali noor never cease amaze,1
bolke apne nabi beti ayesha age batarahe suvvar sale,0
aap bohat aacha kar rahe inspiring students also learning coding staying motivated channel,1
bol kon,1
dua bahoth taakath hotha beta jigra taakath hona,0
baap hum baap,0
yaar nu milegi aaaj lash yaar di goosebumbs,1
inke ghr b gyi thi mtlb bahar aayi thi papa sath dhnana,1
dekha baap baap hota baccha kitna udhe baap,0
during mughal empire reign indian subcontinent,1
bc e mujhe bigboss ane vibe ku d rha,1
most awaited video,1
bhikhario,0
bohat achi vouce ap,1
bc dara diya ekdum chatgpt bolke,0
cooking mutton curry,1
rahetabidali sethiumair jaswal jehazi noori shama omnia etc best,1
bhai tumahara charger chori gaya hamara champion trophy chori gaya bhai pata chale batana,0
anti women communal,0
baap baap rahenga,0
keep up hope will contribute too,1
shraddha plz make video bsc computer science course jobs placements,1
tera ammi pela khagei tu aluoo khaoge,0
abe tum kabhi kuch ukhad paya bs sapne dekhte raho tum,0
one most underrated gem,1
tumhary baap hm indian ngu kha manty,0
gaan fat gyi bete nab taiyari karo,0
danny pandit reel dekh kon kon aya,1
khud nahi pata uske kitne baap,0
yeh match live nahi hua hota toh yeh log firse victory parade kar lete hahahah proofs puchoge toh bolti bandh jaati hain hahahah,0
shraddha an inspiration,1
hutiya awam hone fayde bina proof itni khushi,0
kitne nirlajj log,0
every middle class couple dream life enjoying juli love both,1
bap love,0
apane gav ajnabiyon tarah ghus bhai,0
ghusa diya,0
want more pak collaboration coke,1
afreen afreen,1
nice see home,1
sahi bola baap baap hota bacchu,0
may allah keep safe muslims around world,1
love geo,1
sab songs pe thora sa bhrosa jagta,1
hum toh yahi bolre hain baap baap hota,0
ہاتھوں سے نچا ڈاؤن دی beste song seazon کا ایک such ending ali noor,1
kon kon instagram say aya,1
share yessss,1
jitne indian yaha dekho walo gali dera iska channel report karo,0
tum logo khus sirf pak army kar sakti wo jhut bolkar,0
warma,0
god bless ur courage,1
amazing song thank much coke,1
superb noori,1
most awaited,1
love much ma love your voice,1
thanks love likewise,1
watched acts like happening movies only salute courage,1
tum log uchhalte bahut beta beta rhoge,0
sahi,1
its soo inspiring may ur dreams come true always there support,1
porki,0
yeh piche wale indian,0
bol bap bap hota,0
super but look one andra pradesh tdp new government attack ysrcp leaders voters,1
match jeet ni pate salo jang khaak jitoge,0
believe perfect bunch,1
koi lo green harpic,0
inspiration many like,1
such soul song,1
hiba arnous thanks,1
bhai elevish bigboss mei lage haatho uske maa baap mil aao kesa chapri ladka paida kiya,0
itna kachra kyu karte tum log thodi safai rakho yaar,0
shraddha,1
even tho rao indian,1
pata kyu sare nachne wale mujhe bhara pe nachne wala jaise pratit rha,0
hiba arnous love,1
bap,0
one things want say nin each every video give message ur audience,1
very nice superb vlog,1
varma father,0
inspiring just giving directioon thoughts taking into totaly different direction life,1
tum log koi sharm nahin,0
its april again crying while listening masterpiece its breathtakingly amazing,1
can walk anywhere but there no peace like,1
safyan iqbal meray dill baat keh dali qasm say,1
will listening masterpiece hit like,1
samepart,1
behan loro tera bap dada thae nara dhila gaya,0
please make videos learn adobe illustrator,1
guys rember what said ramayan not real those his biggest fans hindu just stop celebrating diwali request stop watching his videos,1
awesome music,1
hope music can common denominator,1
truly masterpiece,1
bahut phudak naa gaya swad,0
bahar bhok tu pehele tatti khali khatam hote,0
bangladesh,1
mee also,1
failed state nothing celebrate other than cricket,0
shradha di really your team soo aspiring really proud guys as our future leaders changing system,1
new papa,0
tumlog etna har baad etna bezat hone baad etna confidence rehete kese yaar,0
absolute bliss,1
form api apny mjy bhot motivate kia vidoe sa sha allah will succeed,1
divya yadav,1
love di really an inspiration wishing lots luck your future best mentor,1
mil gay bap kon najayj bete,0
yaarno milegi aaj,1
inn logo chutiya banana kitana easy bhaijaan,0
support till death dr,1
jahiloo desh haiii tumhara sab unpaid nazar aa rahe hii,0
abbu teroko ganda mari dea,0
noori rao,1
bhut abbu har match e new abbu bante haii,0
vamp our elders were not forced by aurangzeb our elders became muslims after seeing truth islam thanks allah saved hinduism amen,1
gobar yaha kyun rakhte hoo nandhbhakt q de dete toda brain mil jayega unko,0
wowww,1
next time dont celebrate early,0
desh liye itni ijjat hoti tumhara flag jamin pr rakhte gyan kuch,0
acha music dunya hamari achi pehchan ban chuka,1
varm bina kandom pel diya aaya rafel girane vale,0
amazing just amazing,1
love amazing track,1
tttthuuu tum logo zindagi pe,0
perfectly done,1
bachha sahi bola baap baap hota beta beta hota,0
ali noor guitar,1
more power shraddha,1
players paise khagai lagta drop catch,0
bolo bol rahi thi baap beta npata chal gaya baap kaun,0
process still love,1
gujrat shan sohni mera pyar shehar gujrat,1
zindabad,1
andhbhakt keh rahe agar iska pakad lenge but koi pakda,0
tum loro hamara jhaat bal nahi tor pavoge ben loro,0
best lain,1
simply awsum music,1
if want spread education spread free,1
musician,1
chor country chor mantri nkoi charger chura koi trophy,0
tooo good,1
sal purana mjhy lga koi new song jo itna trending,1
came after watching karachi rain reel,1
sare sare apna apna hath apne g main dalo,0
love folk song music,1
lo fir chod diya,0
kaha gya vo chapri,0
anyone today can't understand but enjoyed lot,1
fvr nowadays,1
papa alwys papa,0
ofcourse,1
jermani dog,0
thats great,1
your father understand,0
sindur bhul mat,0
best song listened was sooooo goooood,1
varma nd shivam dube dhodala,0
respect bangladesh,1
happy see rise punjabi language once again,1
watch every day,1
indescribable lyrics singing style,1
lucky clicked video,1
bhai biggboss liye gaye machega tehlka,1
boys heart' desire,1
sahi kaha baap baap hota,0
saala har baar yaad dilana parta baap log history nahi padhte,0
log real rafel dekhe nahi liye rafel helawa samajh rahe,0
nice sweet voices,1
alarm baj gaya uth jao,0
chalo pakistani toh khush hua charger churane wala,0
joi hind bharat mataki joi nbap,0
good luck your new journey,1
pagal kardeya,1
charger gayab gyaa,0
amazing decision students hum dekh pa rhe decision kis had tk sahi microsoft wali dd means our shraddha,1
tum log chor sale tera charger chora pata chala tum log chor,0
shradha,1
juute kabhii uopre main nahi pahentae peer nije hii rahahtahai orr pakk tuu hamare juutee barabor hoo,0
look how much care about missing songs,1
bhagwan tumhara blackdiamond,1
moye moye gya,0
wonderful play sufism music no words describe just amazing both story play,1
yar nu milay gi ajj laash yar di,1
white kurta vale indians gali de reha ha baat dhyan rakh jung tumhara baap dada jeety tum jeetogy world history dekh lay tumhe apni okhat pta chal jayega chinta mt karo jaldi milengy,0
luv,1
shukriya janabe aali,1
sach kahi chale jao gao khusbu alag hoti gao hu nreally love vedio,1
she real one,1
help,1
valo chod diya,0
solute professor sahab,1
charging toh sambal rha yeh mukabla krne chle,0
tumhara bap your father,0
hahaha tum log manty ni hmare rafail ni ghiry aor sy tumhari phat kiu jati ha tumhare cricket board bhe phat gai jb haris ny bnaya hath sy agr tumhare jets ni ghiry phr tumhare board ny complaint kiu icc ma tum logo bhe pta ha jets ghiry han pr wo kehty han besharm bany huwe,0
radioactive,1
absolutley amazing beauty cannt expressed words,1
its,1
maine toh socha main ate jail main hoga no hate but aisa laga jaise bina dare videos banata hain,0
rathi ap v log hamain pasand hn kyun ap nafrat pak batain krty love karachi,1
nice song,1
bheekh mange charger chori karke bhaag gye,0
yt recommended may agree,1
bata bap kon dekh liya,0
love each others,1
bahut jazba chahiye lakh naukri chor kar startup lagna more power shraddha,1
yaar tum log kitni bar jalil gaye,0
pehle apna airbase theek kara le baar vedio bheju vaijan noor khan pe attack huye,0
kaya din aa gaye sachh bikhari gaye charger choori kar liya,0
bhabhi wearing indian dress instead western she comprised bit,1
wo pakistani rafel,0
hello big fan yours st year cse student but how did particiapate microsoft internship really want know details,1
kon kon subkraib karega,1
bandariya jo pehele fudak rahethe last unke muhn dekh jo maja aya wese smile suit naahin karta ap terrorist face par,0
got video after yr,0
best buddy,1
thanks god r safe now go inform neighbour,1
great work di,1
just stunning love,1
present bro,1
hm pooja krte vo pooja krte,1
well done dear rathi,1
hats off lady modern lady lamp,1
cricket team jeet sakti jis din match live nahin hoga,0
kon kon ducky video dekh kr ayya,1
nice brother where,1
wale,1
hashim nasser,1
gand maar de bina teel btana bhai aaja jab marji ya aauuu aadesh bta khunta thok dunga sb dashi wala,0
heard song,1
hello welcome,1
sahi bolre baap baap hotaa beta betaa hota hei,0
nice re loved watching monkeys,1
harne adat chuki pakishaniyo tumse payega beta,0
sweet lovely song,1
thanks great words bro,1
aweeeeesomeeeeeee,1
baap baap hota hata,0
lovely beautiful voice,1
hua bete,0
try keep ur mouth shut till last ball,0
respect love our algerian muslim brothers sisters,1
batavo bap bap hota hain beta beta hota hain,0
greeting songs recommended,1
bahut pyara gana,1
bhaand logo alag nasheri,0
saira zeeshan,1
mera muh lele bhai,0
charger mila,0
bhai sahi kha tune baap baap hota verma tumhara naya baap,0
best way vlog give some message,1
anurak chhettry,1
match jite jung jite,0
inspirational,1
chapri sb pak,0
cricket stadium should keep some police personnel because one donkey,0
im speechless how beautiful song how well they performed,1
bhai war pak army cerrender kiya thoo tum par op sindhoor main harkar jeet khushi manate,0
hamesha pakistani awam neta bevkoof banaya pak media faild marshal bankur chup gaya,0
dekhe bhikhamange tera charger nahi bachaa,0
sasure aagye khali pet bhart circket khelenge gand gush gya sare teyare,0
bhikhari kon samjaye jab match jeet skte jung door baat,0
jive punjab,1
mast song,1
sahi bol bhai bap bap hota bap,0
always their coke,1
mache nahi hota gandu match hota ha,0
what strong collab noori rao,1
sach kaha baap baap hota tumhe apni aukaat pta chal gyi,0
great dedication di nmay god bless,1
bap bap hota bete,0
seriously coming making video rural such pathetic thing as if were born some royal family pathetic,1
proud,1
love soft songs,1
bap bap hota beta dek liya tum yrr kitni bar haraya saram nai ati besaram log,0
kyu bhai aa gya baao haath maar kh kar,0
match tmhara ni abbu match hahahhahahha,0
im gonna make derek,1
pakistani music very nice,1
sohni,1
wonderful poetry amazing music,1
psnd,0
yaar subh subh kiski gandi shakal dekh li poora din kharab hojaega manhoos sala,0
allah unhay jald sehat yaab karayameem suma ameen,1
loving cook,1
thanks,1
bap bap hota smjhe pakistani beta vale bap tum logo,0
just beautiful,1
match pehle bahut uchhalna,0
abhigyareddy,1
iam bid shafi real,1
juli looking pretty indian dress love both,1
rao ji voice made song,1
excellent yr nham b shaher padai kar semester break kar jab gar jaty hain dunya sokontareeen jga apna gaooon e milta haiii one excellent vlog,1
ha ha ha mobile charger gayab hogya inko match khelna sath,0
rafay janjua,1
beautiful song beautiful music composition,1
katuwa hogayi lulli,0
welcome cs,1
operation bhikaristan,0
lived loved masterpiece,1
phle tumlog decide kro giraiye yeh yeh yeh npakistani awaam kuch bol rahe,0
one beshram,0
dil wala yarr nu miley ga,1
aapki sarkar aacha bewakoof banate,0
bhai mt bolo,0
zabardast,1
sahi bola baap baap hota hindustan gaana ga rahe party night,0
maternal uncle while being devoted writing his book used listen coke studios songs always,1
tumhari khud public thik bol rahi kuch nahi hoga nwahi ma c d,0
always favourite,1
rafel maa burrrrrr gire,0
im bangladesh but song night medicine,1
motivating,1
land land gya,0
mera youtube channel kbhi grow krega,0
really happy see next tym when visit plz make detail vlog,0
mashaallah shaaandaar,1
haat le kar chale gaye match haat ma de kar chale gaye,0
best thing touched,1
sahi bola bap bap hota,0
only soul,1
chenab' banks sohni & mahiwal' love,1
saad,1
operation sindoor gand para umlog operation,0
very inspiring video huge respect,1
rao kitni cute hain,1
losing as supporting evil go destroy evil places will win luck turning towards,0
lovely,1
shilparaolive,1
first time trending no,1
old lady gave beautiful touches music at mindblowing,1
lund topa chilla kyu,0
song amazing,1
beta ky hall khana halat utar,0
tumhara dusra baap paida hua,0
what if noori amit trivedi come together,1
yes,1
pants down ceremony yaad bade aye bhikhariyo jang jitne jake ata kharid pkmkc,0
she legend,1
hard decision but r right way best luck mam,1
goosebumps every time hear,1
aliairwn,1
wish best your journey reach your end goal,1
tumhara abbu verma,0
what pure vocal,1
hereafter tinak dhin,1
mestory,1
even more clean beautiful than your buddy,1
rao did great job,1
need people like world,1
gaav bohot sundar hota but waha jo gaavthi log bhagwan koi sudharo unko,1
hats off uu diii,1
very courageous should learn become like,1
amazing lyrics kamal hain,1
sharma ji soch rahe tum log verma ji pel diya beta,0
raosaheb,1
nice song lovely voice,1
rao awesome,1
yaar nu milegi aaj lash yaar di masterpiece great composition,1
dont underestimate power indian,0
sare chor sale charger le gye,0
best moments life,1
rao beautiful,1
tera abbu jit gaya,0
shame less peoples,0
nice,1
such beautifully explained by brother,1
roa best voice,1
number vlog bhai ji,1
zahilon desh,0
aap sach bola baap baap hota ha,0
mujhe lagta pakistani,0
waiting kind hearted person will support,1
bol baap baap kon tumara,0
t r e,1
dono apni aane wali generation bacho bachpan nafrat jeher ghol rahe ndono desho sharam aani chahyue,0
loot loads love,1
isliye pehele nahinn bhok te hain,0
good flog,1
congratulations big boss,1
amazing earthy,1
hara hara huwa,1
suleman ahmed garayal,1
kaccha someone baat,1
every time favorite,1
sure gen z will bring out best version,1
lyrics touch soul,1
woow truly an inspiration gratitude respect,1
jaha par yeh video shoot huya hain uske piche building terror camp hain,0
rathee tum enjoy karo hater ma c liye bethi hu,0
kyon baap baap hota,0
best season ali hamza rock dost,1
unbelievable move nkeep going nwe nbye way,1
laga harke bhai aagya suwad,0
rafel sapno main giraye,0
awesome track,1
chapriyo sardaar,0
amazing voice,1
mashallah stay happy together,1
yar tm deen aage je rahi,1
hindustan tumara baap,0
charger cudddd gya,0
visit maharashtra villeges,0
baap beta,0
bap bap hota,0
best part starts,1
thoda sa khusi de kar fir chhin lete,0
now im college nd year has been long enough when left listening music almost years after th ...but when ever find meaningful song which connects heart listen...,1
coke bharat wow,1
maa chud gayi naaa,0
di,1
paksithan sabse bekar khiladi shaheen afridi rauf gavara labour attitude,0
r bap bap hota,0
wow great job rao,1
what being,1
proud,1
bai tere pass paise kami agar chatgpt bare batana tube pe video bana daal dena lalach koi ansh nahi,0
dekho bol rhe apni sapno,0
amazing loved,1
baap panga nehi liya jata,0
always follow your videos thanks ni want software engineer,1
' masterpiece,1
loved one best vlogs had ever seen buffalos everything was lovable enzoyable,1
pasoori deserves brilliant,1
jaise asia cup jeete waise rafale giray,0
varma new father,0
tumhara baap aaj tak v jang jita jo tum jit jao ge match jita jang tumahara bap v chor tum sab v,0
good morning mam nmam diploma mechanical engineering hu nme design areas kuch karna chahta hu nme start kaise karu please suggest,1
baap baap rahegaa,0
pls help those protesters working your home,1
bhali,1
paar channa,1
yaar nu milegi aj lash yar di,1
aukat dikha di porkiyon lost wars,0
jita nehi abam patanehi rafal gira rahahe,0
go sister,1
way julie explaining process making tandoori roti she cute man,1
thum logo naya baap varma haa haa haa congrats,0
kam jante chori,0
bikkaristhan ex dads dhoni,0
lagta operation sindoor modi ji dobara dekh,0
came back after teju bhaiya video,1
akhirkar malum pada bap bap hota hain pakistaniyo,0
great sister,1
soldier surrender kiya bhool gaye,0
please please again make video manipur issue also criticise called double engine govt,0
hellooo g mere husband dhanana apki video bhut like krti hu good job,1
kaun baap kaun beta maloom hua,0
sings yaar nu milegi ajj lash yaar di,1
whos listening masterpiece august,1
best luck,1
beekh mange pak jane hmari aulad hokr hmare ldte,0
sale muslim aulad,0
coke best thing youtube,1
thanks aapke wajase maine apne life joo risky decision liya uspar khud aaj achese bharosa huaa,1
salam which gives us true indian hero,1
now if not pure soulfulness music don't know what everything such rhythm harmony coke don't let your fans down,1
junaid malik,1
pta pda bap bap hota,0
really great people can take type great decision,1
most underrated song century,1
aap bol bhadave baap baap hota tera baap,0
good morning dear friend please when coming london please let know know,1
ali just nailed,1
ti tak say sune,1
see beautiful masterpiece facebook,1
tum log hinjhde ok,0
wow just wow,1
big fan,1
agar thoda sa dimaag istemaal krlo rafale jo giraye uska proof maango apni sarkaar wrna aise rho chutiyon,0
pavan mehta agrees,1
thankyou mam your kind response,1
ssc expose kar bhaiya,0
was epic lota,1
lo dekhna teri koi gaa maar jaaye beech raste,0
bilkul sahi bolra bnda baap baap hota match aakhir baat prove hogyi thi,0
tum bhikhari rahoge,0
love,1
jung tumari army jeeti kab thi bhai sapno bahr aayo jhoothi khabre mat dekho suno sirf app logo jhooth bolkar gumrah karte ta awaam army gaali mat nikaale koi refiel giraaye koi jung jeeti roti poori ni aa rahi aapke logo,0
city stokes,0
mkg such sweet comment,1
aa aa,1
tum sab suja diya,0
bap bap hota hindusthan,0
download directly coke site,1
great step,1
joy pursuing one' passion,1
match haara charger chori gaya end,0
tumhare abba tamiz baat karo,0
aala jaat,1
prakriti senpai said right inshallah will give best partner life full happiness,1
druv bhai app agrejn shadi foreign ladki nice beautiful wife muge v foreign ladki shadi karna,1
ali hamza' voice aala,1
awesome improvisation great work,1
nooris electric new anduril,1
itna pelenge gand lulli khoon niklega,0
pakistani music awesome,1
baap beta nikalta jaise hindustan,0
best piece,1
acha hua elvis big boss gaya big boss house ba jata,1
vishwam prakash,1
dogla,0
jab har baar haar jate itna bura kyo maan rahe agali baar harane phir taiyari kro,0
mohammad wasim,1
episode best,1
song luv,1
beta itna khush nahin hua karte hain yah cricket match nnaam pata hoga abbu,0
lo bhai aapne apne awaam asliyat bta di,0
new abbu varma pakistani tumare,0
love,1
yeh sahi bheech harkate toh sari wahi,1
tum bkl rawalpindi stadium pe girne wale drone nahin gira paye tum rafale giraogee,0
kaun kiska baap dekh lena wale tumhare,0
kala jadu fail gyaa,0
shameful always loser,0
dil nahin seal tut chuka,0
barma ney puri dafna diya,0
dil bada rakhho yaar,1
nafarat krte krte mr jao,0
bhikaristhano,0
she awesome,1
vahi tumhara charger kabhi nahin chhodega pakistani bacche,0
heer ranjha' echo love,1
still hearing master piece,1
amazing song cant believe its yrs old listening first time th november,1
inko khushi azam nahi hoti,0
baap baap hota bete,0
bhai aapki aukat nahin jitne aap sahi kah rahe baap baap hota beta beta,0
indian backpacker meetup kro bhaai,1
batao asli baap kon tum log isi wajah aj ro rehe pakistani team ku janaje namaz dubai hogi ya kam bola karo tia bawaseer gaygi,0
faheem awan,1
song went ordinary at start legendary at middle end. song always top list.,1
hero goodluck thanksdoc,1
di always ready learn adore,1
tempu bapp bapp hota aye samaj,0
just listen violins,1
bold decision,1
juli such sweetheart she embraces everything beautyfully,1
ibraheemahmad wow satisfying read really reason wish write make others see beauty such music see enjoy glad made appreciate new dimensions music,1
tumhara bap jit gaya,0
baap baap hota thode der kushi proud an indian,0
love salo pesuwade ghosa deya hein hamne,0
she much talented saying heart respect her,1
aata le lo aata,0
bss chij udhr coke,1
under rated,1
rao' soulful voice,1
thanks di,1
baap hu,0
come give brotherly hug,1
arijit singh at coke,1
such an amazing composition,1
first time,1
indians apne beto congrats kar jaana,0
best luck guys,1
emotional song,1
fakhrus,1
industry has great lyricist,1
was amazing,1
sep kaha,1
tu kuch bol,0
finally mere bete log maane baap baap hota inka baap,0
first time trending one vlog channel,1
reel nahi dekhta life rah jata amazing songh,1
isko kis kutte kaat lia,0
tumlog sale jaln bdle bhwana match khelte isiliye harte agar aisi sochh rhi life tum log kbhi bdhoge,0
delicate,1
meaningful love song,1
chalo hamne kamse kam rafael nam yad karwa diya gadho,0
beta bharat nikla samj ja baap kon,0
dil tute gand fati,0
thanx amrider gill,1
friend forever,1
maja,0
tum apni ami bhej pelega,0
rahul upsc fact yeh tu mere bhare nahi janta toh apne bare bolega,1
aadat hogyi hogi haarne,0
love,1
villager respect your opinion,1
amazing love,1
man composite being angel inside wants something meaningful,1
tumhara baap thaa rahega,0
new papa warma tumhare papa jite gaye,0
muh de denge chocho,0
baap baap hota mere bache,0
thanks buddy was really,1
tumhara gareeb reporter amtumhara aaawam gareeb charger nahi chhod rahe,0
ro rha lekin gale aawaaj tk nikl rhi,0
outstanding work,1
she an emotion us,1
politicalroaster bhai jaha dekho sabko social media pe abni badhas nikali personal life karan better than buddy,0
why pak coke hits differently,1
really like way showed your best part was showed proffeser your vlog way was explaining things,1
masterpiece song,1
paijan kutte trh maar khane baad,0
bhaiya srinivasa ramanujan leke video please nramanujan found mathematics black hole,1
what soulful song,1
salute,1
an indian loves pakistani songs has great respect,1
bahut sandar aap log jo kar rahe wastav har kisi youth liye inspirational keep,1
shilpiy rao your voice love,1
aman bhaiyyas name will remembered ever,1
really terror people,0
both atheists,1
haryanwi phir bhii elveeeeeeshhhhhhhhhhhhhhhh target karta banda,0
ali noor baare sochta woh mohmayi hogaya,1
sari junge jeeti esa aap logo apke siyasatdan bolte vese kabhi koi bharat jung jeeta jeet sakta kabhi aap unko puchho ekbar junge kasmir liye hoti jitne bad apne kasmir liya kyun nahi,0
let there peace,1
socha kuch pagal sala khandan pagal,0
think still they out mind kon hey bap abh rifle as put our missile not bekarri,0
hope see again,1
kachiyyan da hunda kacha anjam ni ay gal aam nin about,1
bap bap hota ha,0
huyi baat ni salute,1
performance zaatbhr insha alla rat bhr aise kaise chlega atankwadiyo,0
jaanab raafel janaab raafel janab rafel janab raafel proof janaab social media,0
only here see shraddha her smile,1
karenge wo karenge ma chud gayi,0
bhai tumhara charger tak chori rha,0
bhap bhap hota beta,0
inspired lot doing great things,1
rafele kabhi dekha,0
uncount rohail,1
hello aman ji mera beta th student,1
baap baap hota bar bolna,0
ap bol sakte ap humaray bap bolne kuch hota acha agar bolu teri ami pakistani shohar hoo tu ban gya tera abu,0
whos listening amazing song,1
itne assholes hote hain zaahil g toote toh toote lekin nawab naa chhote,0
shahrukh ali hamza ali noor,1
st thought its rajasthani song,1
omg t shirt change,1
gen z at december,1
bap bap hotahe benkelore,0
respect bro,1
mungerilal hasin sapne jaisa pak sab public bada maza aaya,0
brother ijjat beg' name,1
dheerajsolankki op,1
tumar bap,0
thank inspiring many us,1
overconfidence tum logo baad main bekaar sa muhh leka chle jaata,0
woooow awesome song,1
proud pakistani,1
north indian villages such messy dirty unlike south indian villages,0
walla diya aapko,0
systemmmmmmmm jai shree ram ji,1
these people video should watched not abhishek elvis,1
damn strong girl microsoft wali diidi,1
baap pe uchi awaj bat nehi bnkl,0
chor mulk le gaye,0
which video abused our motherland would like know type uneducated people,1
sab log iske channel report kro taki iska channel v crash kar jae,0
koi baat aate paise aajavege view,0
improving,1
ham log kheyke lene wale insan sab,0
taanpura,1
baap baap hota betaa,0
tera sala charger chori huwa itna tensn hamara cup chura le liya,0
girl apna college team very much inspirated journey btw microsoft wali aab sirf shraddha,1
tumhari mkc,0
brought tears eyes,1
hate vro,0
r doing great job very best,1
pehle tu tera charjar sambhal,0
o kon baap,0
top per rahenga,1
love aman bhaiya microsoft vali sahi baat yar sath chije limited time liye sakti,1
superb brother,1
bigg boss jao full support apko,1
good people beauty subtle but substantive tranquil serene,1
really very inspiring story,1
amazing poetry,1
panjsher province,1
aaj apne andhbhakto dil khush kr diya,0
united by music,1
huge contribution music by channa,1
ajib jahil log hain,0
wheat dekh pta chlta vlog march april post,1
alla fake hey lagtha hey,0
finally arts combining us,1
best song amazing really love,1
true love story,1
sutia tu sutia rohogi tumlog,0
peace,1
love chennel,1
music zindabad,1
really great step wish success,1
charger sambhala nahi jata hain desh khaak sambhaloge,0
emi liya bula ha imf,0
probably greatest coke song till now,1
kaala jadu pe chal gaya,0
rehab,1
could meet but left us oh shit,0
baap bapp hota,0
if happened then truly sorry no point clinging past lets become one again undo bad happened past,1
bhn lodo jeet gye beta baap tho baap hota,0
lahori churan chatke proof maango apni aand force,0
ever best,1
watch,1
charger chori hogaya,0
bap bap manlo beta barna gir jaogi sambalne bala koi nehi hoga sudarjao bete,0
kisi notice kia isne apne dadi ghar baahar dikhaya lekin privacy bahana banakar ghar anadar nahi gaya,0
god bless,1
kala jadu fail nallah fail naggression fail,0
yeh kabhi jung jite match kon sa jeet lenge,0
please make long vlog video like just opened was over,1
has listened song many times days,1
mohdshahad xv eu also can tell crop harvesed video,1
baap baap hota bol,0
respect bihar,1
jeetmanjeet solotravelor han china maal ny kiya china business bhe zyada gya tum koi khtyar ni dy ga saly jis sy bhe khtyar lety unki bhe bjati krwaty aor business bhe khatm krwaty unka jest raffail krwa diya,0
baap tumhara,0
wt idiots not win,0
please jaldi bhejna,1
same here sardar jee,1
process too hilarious,1
annu miss faridabadi,1
cricket khelna tamhari bas beat nahi,0
operation sindur lok sob morne wala lekin maff kor diya bharat mata jay,0
aare baap tho baap hota lekin tum sala nazaej beta nekly galti kar de gandhi,0
now season getting interesting,1
tumhara baap varma,0
tu hindu naam pe kalank inki baato samjhne liye dimag chahiye wo gawari pass nahi,0
coke best,1
rafeal gire nahi gire koi tention nahi lekin wo jinko dojakh bhej diya wo wapis nahi aane,0
thanks giving us better understanding magnificent,1
trophy churake legey,0
dhakkan,0
ha sahi kaha baap,0
proud best,1
just starting new chapter life college nlearnt lot microsoft wali nmicrosoft wali op nbut now onwards will bi apni op,1
kon kon mere jayse log en logo maja lene aaya,0
keep up,1
salo baad rona nahi,0
ali noor man,1
charger chor trophy chor,0
best forever,1
proud hope apne jo decision liya wo successful hojaye ntake love nall best,1
heavens,1
manipur wala video kab banayoge,0
allha haar gaya,0
more listen,1
baap baap hota beta beta hota,0
shivani rana g ham ap kay sath kheray han ap kay pyar wajah say ham zinda han,1
miss father law after listening song,1
shame pakistani agge demo hota,0
love yamunanagar,1
namaste vietnam,1
rone maja aa,0
yaar tum apni okaat par bahut jaldi aa jate,0
bab konhe bab,0
chinti nahin marta cal tum rafel girane chale,0
zindabad,1
welcome event,1
well bohot ala nlove,1
bhai bhabhi bhens bach kr rhna moka pate singh marti,1
hope not planning go bigg boss,1
best part video at last,1
match fixer haris tepiya,0
people don t know real reason watching,1
abhi ya vhadua dhako jindagi ma aek jang jit nahi pata phirvi katua bol rahaha,0
kafi development hua,1
starting log khudenge last log humse chudenge,0
kis sun,1
support,1
keep up change want world respect,1
best performance best song,1
beautiful text,1
what lovely song singers,1
bolte rahoge yaa kuch karoge hahahah hua proofs nahi mile hahahah milega nahi hahahah,0
thankyou,1
choro ghar chori,0
love bhai educated youtuber,1
accha pel diya indian,0
reall love story,1
sabashh putt sari video main baap baap chila kr last main jita diya apne papa ji chal koi,0
such an amazing song,1
submissive slime what can give her,0
outstanding,1
too much similarities both neighbouring countries nlove,1
tere bina tel pel,0
r inspiration many people nlove,1
kitna jalil honge log,0
beautiful video,1
han kuch jayada grounded,1
metoo,1
kamal yar,1
shayad khudka zet gira nindia barame bol,0
thank mam also such dreams,1
read meaning words but perspective sharing amazing,1
congratulations pak khao suar biryani,0
yes baap baap hot,0
tumara bap,0
bhail beta,0
complete video reminds hometown southern part really amazing,1
good decision dedi best,1
yrr nu mila de ajj laash yaar nu,1
old video because wheat crop has been done long back,1
vineetyadav thanks brother,1
feelin great see ur love cs,1
bc chor log charger le gaye,0
bro eased life,1
bro found ur,1
bashermo dul gai dal kahte niche bateh bateh kar khate,0
beauty come assam will show what beauty,1
mahi ve mahi,1
nooorri never disappoint,1
birthday wishes,1
log agar aisa karenge kis mukam tak jayega soch par khushi milta big salute thank,1
first time listening noori,1
har keepers dhoni hota,0
best song season imo,1
once again trending,1
bahut aacha laga bhai jai bihar,1
welcome brother reading your posts delight read them keep up,1
watching now,1
pak music at its peak,1
best di nwe proud your student,1
sab milker gand de aram,0
sahi bola baap baap hota beta,0
youtuber mera tag channel haii mere channel vjh shyd apki koi help sakti haii,1
invisible samne dua mangthe kaise sunega koi ny waha,0
bohot sundar gawon,1
song exquisite,1
abe tu jermany chomda nhariyana tera kabse gaya sale videshi,0
boht kam samajh aya par song boht sundar,1
rai,1
codewithnoormj,1
bhai sahi kaha baap baap hota,0
says unbelievable,1
don t know how many got emotion after watching video but quiting job not small things but someone said achieve something great life sacrifice best di,1
o ham hindustan vi bolte bapa bapa hotel aatngwad pilo,0
kamran khan murhad here allah,1
nach bkl indian gano pe rahe,0
at feels doraemon cartoon brigde,1
love bhiya,1
aunty ney apna chhoti si dimag lagai paisa paisa,0
haanji!,1
also thought new release,1
great decision,1
one most favorite song,1
porkiyo,0
noori best,1
abhishek sharma dar inko,0
ji ha ma apse bht kuch sikhne mila age v milega,1
music coke perfect blend old new,1
dreaminlove,1
una meraviglia,1
kha ghus gya kala jadu gaad ghus gya furrrr,0
wow obrigado o abdul,1
bhul gya hain tukade gye,0
song defines music,1
welcome indian singer pakistani singer lots love respect,1
geo meray dost,1
chor mulk charger chura liya trophy chura le gye,0
bahut dino intejar iss vlog love jharkhand bro,1
great person rathi lots love,1
ruchika tiwadi love appreciation,1
samjhe bap bolne kuchh nahi hota,0
harshdeep kaur' voice,1
love vaia ni can not express entire body responds which come out love upon nthanks come earth,1
discovery channel show lagta bhai aapko vlog majak hatke,1
thats why im your fan noori,1
hardest choice require strongest wills ngreat going,1
really really beautiful,1
rafel le liya pichwade,0
le teri charger rafael le gye,0
graduated civil engineering percentile but still jobless,1
abe trophy chor kiya dala pakistani o age v piche v,0
mast joke mara,1
pure treat,1
microsoft wali apni,1
bjp zindabad,1
coke best,1
years old song,1
amazing stuff mate feeling lost,1
opretion porkio new dad,0
rao has ability touch depth hearts,1
q change karliya bachcho wala nare yaar waha toh bahot mahga milega hum log bhej dete,0
amazingspeechless,1
miya sahab bap bap hota,0
very nice heart touching,1
saale gaane humare gaate gaate party night becharo pass apne gaane nahi,0
aalu khaoge,0
here comes passion,1
felt aman bhaiya words,1
love your team,1
loves nand will always love nbut bjp destroyed tells reality andhbhakt illetrate people like hate him cause can t accept nindia kuch ahi china saamne,0
beautiful story,1
both guys one good boi another one chapri iykyk kiski baat rhi hate mat phelana,0
match mei hei ullu log baap hogaya,0
she knows she can earn youtube better than microsoft if agree press like,1
sahi kha baap baap hota,0
thank much sharing was painfully beautiful,1
chor dekh charger chori gya chor tum log,0
beautiful voice,1
always adore di,1
sabhi pakistani sahi bol rahe baap,0
papa hum tere beta,0
yup thanks respect bro god bless,1
love sister,1
stay happy blessed your family,1
yaar noon mile gi ajj laash yaar di goosebumps,1
yaar nu mila de,1
motivational songs,1
ham tum log baap,0
konsa video liye disrespectful zra mujhe batata aaj tk toh dekha,1
baap baap hote nlol bro bura laga bichare bhai,0
lovely rendition,1
good,1
how could these bastards remembers these stupids losses every time every area,0
came here know what rollo vikings doing coke,1
love bhai lovely bhabhi gs yadav mathura,1
fav one,1
very nice song,1
check karo indians check kro check kro,0
great dii,1
chlo kisi charger tho mila,0
faltu bhai tumehare bhagwan kyu butch late sarm aani chahiye tumhe,0
she left her job got microsoft wali as our tutor,1
our music love,1
only one thing people,1
instragram rells dekh aya hu,1
beyond border,1
video inspiring,1
your award,1
baap baap hoto bete humbhi yahi kahte tum mante,0
how everyone enjoying while making song makes heart smile,1
nice see your vlogs always,1
phle kha yrr song,1
shetty,1
just hate monkey love animals because they don t attack without any reason but monkeys becoming major problem attacked our area public lot time need help can t came out homes because them their population became crores don t want punish torture them just want they go their place like jungles zoo,0
cricket tumse naa payega aatankwadi banane tum number,0
prakriti adhikari,1
wahi bol rahe ha ham baap baap hota ha,0
love indiani,1
usko kuch hua tujhe sabse pahle thokuga,0
katham giya tata bye bye,0
rao nailed,1
anyone listining song everyday like,1
lyrical poetry,1
baap kon nanswer,0
varma ji pel diya batao beto kaisa laga,0
finally mera fvrt song trending,1
very nice vlog like your videos,1
really enjoy her voice,1
best dii,1
simply mind blowing,1
faimly dekhti bol rha maa chud gayi bol video mute nahi kiya,0
your daughter has best taste music,1
pata chal gaya kon baap ja krle dyper change,0
saloo sharam karo,0
coke punjab,1
damn bro,0
superb performance ji superb performance,1
hua hua jo har bhaar hota,0
yaar nu milegi ask lash yaar di goosebumps,1
kre janab kre,0
hats off dii,1
cant get enough,1
beta sach baap baap hota tumhara baap,0
was point her piece,1
great ndidi,1
sweet best luck proud,1
best youtuber,1
superb yaar mind blowing,1
jai veer teja ji,1
good ha,1
godfather tumhare paisa tumare pass,0
tumari ukat humse kisi field jeet sako janwar samjao jo gali de islam gali dena haram chor charge kon churata isse pata chalta kitna bhukha des,0
abe tumhara battery low nahi hua nahi charger chori hua har bahane bana rahe,0
national anthem bhikharistan jalebi baby,0
ali hamza' vocals composition,1
very very good sister' love also very good background music,1
whaaa kamaal,1
kiya main aap sath kam kar sakta hun please,1
tumhari maar li,0
thik kaha tune bap bap hota,0
love across man-made border,1
avibi time hee apni aukad mee raho hamse khalneki galti jitnibar karoge utni bar haro geee,0
ram ram bhai sareyane love jind,1
chalo baap kaun dekh lo,0
pela gaya,0
bhai malese giro aadmi sayad bach jaye ga lekin pak malese pak chhoda bhai hadi bi hat aayegi kuch aesa kiya bharat bap bap hota bhai,0
need many more like,1
father' favourite,1
love soulful music,1
such intelligent guy but may request plzzzz study about islam please,1
bap bap hota naise tum operation sindoor chode gaye,0
very appreciated,1
apna college has best faculty teaching,1
cant get over song,1
gai tumhari man bahan sale kitna gali de rahe bharat tumhari man bahan gai dekh lo baap baap hota beta beta hota,0
energetic song,1
tum log jaise beta,0
abe salon aaj tumko bhuke rahana padega,0
dekha parkiyo,0
meray ghar buffalo good bro,1
usually come at,1
im loving,1
her voice touches inner soul love,1
ty bro,1
sahi kaha baap baap hota,0
chat gpt opek brother,1
best ever song,1
pakistaniyo kitna rote tum,0
nacha papistani jay hind jay bharat,0
motivation,1
itni besharmi kahaan laate hain,0
million dollar song,1
bhusriwalu bhag nikal khelna belna nahe ata bate bare bare boll lete,0
ur gaon pyara,1
haan humne last over chhakke maara,0
plane kanha land hua beta,0
best colab pak,1
aj chumma lekar rahunga kuch jaye,1
noori r best,1
beta tumse hopayega kuto,0
only proganda,0
tumhara charger chori gaya waha naqvi trophy chura le gaya kaum khoon chor,0
inko match muh dekar pel diya,0
listening again,1
part,1
sharma verma baap baap hota,0
tum log dahshat dardh koam,0
its been six years listening masterpiece going listen forever,1
good luck your journey,1
great decision wish greater success,1
mam love ur song,1
gaddar tu,0
perfect vlog not like other big indian vlogers only stupidity,0
really not understand meaning song but wish could give thumbs up touched heart deeply inside,1
gaining knowledge own basis,1
yes uzair sab,1
bomb gira fata nahi,0
abey poora hawa nikal gaya,0
ships part also very good,1
slowly becoming like aman bhaiya,1
visit golden temple,0
rafale munir apne gand le liye,0
thanks great time,1
trending woah,1
vlog apka one best vlog,1
best wishes,1
song whole world cant live without,1
only thing like about,1
pyare bacho abbu jeet gaye,0
like noori' voice,1
loved makes hum day,1
tum pakistani kabhi galti accept nahi krte,0
pkmb,0
bhayya sapne geera sakte real owkat nahi inki,0
want meet your biggest fan also plzzzzzz,1
tab tu indian dog,0
bhaut bola,0
wish bright future,1
rock sufi love coke,1
hame pakistani jadugar dekhna last dekho bro please,0
khel khelu jhaat bhar baat karu raat bhar,0
fariha f,1
looking awesome,1
really passionate their dreams,1
besaram log itna bhejti gya tm logo love indian baap baap hota beta beta,0
y sab log kabadi,0
tumhara baap rahega,0
inko dekh dekh apna kaam karta hu mujhe bada maja ata,0
awesome about awesome,1
awesome yurt,1
sohni met mahiwal,1
han har gaye har gaye abhi yahi lekar ghumte baitho agale match bolna ham wapas jitegi tumko aise mood pilaenge tumhare upar aage jayegi,0
wahh hitler najayaj aulad aayi hindustan rathee,1
sahi kaha tumlogo baap baap hota,0
lake side zoo agar wo explore hota toh maza aata,1
terabap khel,0
maro lolo lele,0
sukoon baat,1
cs video,1
besharm kahi,0
pak youth brain brainwash gobbar nindia,0
कero,1
aattaa chori,0
bhuban bhai interview dikh kar mohabbat aaya,1
was good step by noori they introduced rao pakistani coke appreciate people put aside talent artists,1
process v nice,1
education nahi bhai niq low rahega ncivilization nahi hoga,0
soo proud dear ni also feel same way,1
bol rhe abe khud thoda research bi krlia karo tumhare kitne gire hain,0
every time listen still get goosebumps,1
punjabī bahut khubsoorat zabaan,1
phata toh yese phata,0
tu pehle bol rahe baap baap hota nfirr tujhe pata chala kon baap ego attitude performance,0
thanks cute moments,1
jub song sun le,1
swimming mean polluting water,0
inko rote dekhkr sukoon milta hme,0
shobhitgupta tum yahi kro,0
hehe,1
kyu bhangar sakal baap jeet gya tumhara,0
pakistani punjabi music love,1
perfection,1
very impressive show,1
fav everlove,1
no words say,1
think should make video river condition really poor as well as ironic because treat river as god pollute them also,0
nice very beautiful,1
bhai tumari sakal jyaada khrab,0
tumhara charger chori hua humara trophy chori gya,0
magical mins,1
baap baap rahega bete,0
beta baap baap hota rafel gand kr diya,0
khud gai tumhari maa benstocks,0
keep up,1
shilpas voice pure mesmerizing,1
she adorable,1
kala jadu gandmaraya,0
ali hamza beauty,1
awesome,1
ali hamza' voice quality top notch,1
great work thanks,1
tum log marjaao,0
maja aa gaya tumlogo pelai dekhkar,0
no words appreciate kids really need someone guide show them right path hats off dear take such great decision,1
trophy churali porkiyo,0
bap bap hota ha,0
singer red kurta,1
tum logo dekh kar depression khatm jata,0
morocco love,1
love ali hamza,1
jata shora gori beyaa leyea,1
ser keh de,0
pura dimaagi pagal inka dinagi santulan kharb,0
field pelya jang,0
an amazing voice,1
went baap baap hota toh har baar haar jaate,0
proud national country,1
there many international universities which offering online classes working professionals can prefer instead quitting job,1
love bhai,1
waiting days see vlog,1
abhi lallantop dekh pata chala interview,1
come here line hits different,1
muh lele mera jhool ja baar,0
hope thats kill best way possible,0
much better watch samdish vlogs,1
she mature didn t even know what life,1
lovely couples,1
tumari ami hlala,0
most haunting yet beautiful song heard long long time,1
nikhil karur most welcome,1
sahi bola bap bap hota,0
dank,0
most beautiful soulful track,1
obrigado,1
moroccan,1
hello aman bhaiya,1
kiska pent phata beta tumhara bap rahega,0
congratulations aapke abbu jeet gaye,0
wow ' mesmerizing,1
imagining river,1
great job nyou doing fabolus job,1
its_about_weakness_of_devotee_to_meet_her_beloved_almighty,1
last pakistani apna aukat agaye,0
always happy,1
bhale pice oili legaie,0
beautiful sohni mahiwal love,1
aukaat q bhul jaate apni,0
anyone here yaqeen,1
sale chor,0
battery teri low honi hii thi bache bache nbeta baap baap hota,0
first nplease give heart,1
toooo,1
guys really amazing infinite respect soul love bhai,1
best jarur kamyab hoge,1
baap tumhara,0
kitne baap baap,0
love nepal,1
apne abba pucho baap kon pak wo baccha jise ghrse nikala aisi harkto vjhse,0
recently heard honestly good,1
was here listening masterpiece,1
dilwaly love,1
full emotion,1
finally heard beautiful song,1
bol gaali dene waale tumhara baap hamesha rahega,0
aagye aukat samaz mea,0
felt same when first heard song,1
har bari har jaate yar tu pakistani yaar tu kab jeet gai yaar,0
any time dear,1
jitna kutto beijjat karo sharam naam koi chiz aap dekhne nehi milega inme,0
just love,1
admire,1
big blast pak saath sabki gaa d fut gayi big explosion,0
shilpaa rao,1
stay blessed both dear best couple made each other,1
punjab,1
noori rock,1
oh yes,1
tanzeel khan,1
felt good when both singers started singing at last,1
kachi meri mitin kacha mera naam nin haan ma nakaam nin haan ma nakaam nin kacheyan da honda kacha anjaam nin aye gal aam nin,1
par chanaa de,1
nooris mother,1
love jharkhand jamshedpur jugsalai chaprahiya mohallah,1
bulla pakado,0
baap data deya indian,0
sara song acha bna end pe,1
smjh aa gya hoga baap baap hota,0
revive reels,1
bhikari desh hye,0
bap bap hota ha beta pakistanio,0
noice business,1
coke noorie mehman,1
fake not an indian only culprit guy think not great country,0
listening june indian occupied kashmir,1
maa c gayi,0
gangadharhs good bro,1
sahi kaha nbaap baap hota nakhir paida nbachha jo age jaa terrorist bangaya nab khud baap bandhuk dikharha,0
liston,1
thank much beautiful song,1
aap har jgh harte,0
best diiigreat job diii,1
finally some amazing music episode,1
super track,1
dekho inhe onsh bunde,0
tumne bahut tarkki kar li tum chor ban gaye sugar ban gaye tatti banoge,0
isse yeh shabit hua bhikaristan baap rehega,0
tere charger sath trophy chory karke le gaye,0
za v also haven t got any close relationships our relatives neighbours lots people envy towards each other because anyone not like see others get rich arrogant bad people here,1
haan kaatve,0
love nepal shrdha,1
lady,1
tum logo baap,0
hope safe,1
trophy chor,0
minutes pure bliss,1
augmentation,1
duaoo toh pr mere pas bhut taqat,0
its amazing pakistani music,1
giraye magar china madad,0
amazingly song sung,1
good see last one part video about saving water several pollutants due faith,1
sahi kaha tune lwde,0
himanshu singh its not people but its establishment thats creating hate everywhere pakistani friends here netherlands,1
verma new father bikharisthan once loser always loser,0
yar nu mile ge aj lash yar diii,1
awesome awesome awesome unbeatable,1
charger le gayab gya,0
know may heard lot but truly very good voice,1
baap land de diya muh,0
mad respect guys,1
sab dua sab fail gyi,0
baap baap beta abu jeet gaye,0
bap bap hota,0
varm mu lelo,0
tune sahi kaha baap baap hota,0
shame bro,0
meenal jain sings beautifully,1
beta beta tarah re,0
jhoote logo taqdeer hamesha dukh hota,0
when ever listen song only thing happen goosebumps,1
hardik ghri vi shor kar deti,0
time fav,1
beyond magical takes another melodious world where not want come deeply love soulful piece no words describe how satiates your soul still leaves keep wanting listen more,1
bhai paas powerbank nahi ban rahe jhuutuubarrrrr,0
amazing good music,1
amazing atif aslam voice,1
great love ur efforts,1
indian players play country pak players play paise,0
starting missile girte inki gand ftt gyi thi ky rha,0
finally t shirt not plain,1
abe majboori paidaisa,0
pani pene see harega hii,0
bus bhokna band gaya last time,0
love bhaiya,1
sadha really love,1
baap baap hota beta,0
tu nokar hamara,0
expressive,1
logo paisab v kiya tarf toh tum log dikhoge garib logo,0
forget how many times listening masterpiece,1
harane main sabse mazza,0
bhaiya aap sacme lagta aap kar sakte,1
tumhari badam hoga aise jhooth muth khush hoti bus yahi ladai yahi cricket bechare pahle roti khate dusron lekar,0
feel,1
itni besharmi kaha late nhar baar marwate nfir agli baar aa jate njung ya cricket tumhari hum hamesha bajate,0
lots good wishes rathi very good human being humanity still persist because people like him nmay eeshwar always bless him keep him safe,1
ya live cover hota aap logon govt ya bata deti match tum wickets jeete,0
baap baap hota beta yaad rakhna,0
both very grounded,1
let make our top world index,1
sahi keh baap baap hota,0
baap pela ghodi banake waah waaah maja aa gya,0
bhai mine rotak pass reta hu hisar mine love hisar bro,1
listening perfection anyone,1
soni-mahiwal: story listening since childhood,1
pura admi pagol kiya,0
baccha sahi bol baap baap hota beta beta hota beta kabhi baap panga nahin lena chahie,0
aya shitttttt chance miss gaya npelne,0
really doing well shraddha find same journey had feel very close please episode going,1
singer unsung hero coke,1
sapne dekho raat bhar nwo pure hoge jhaaant bhar,0
baap aulad har field aukat dikha di jati jisko,0
pehele chilate baad gand fad jata,0
log konsa jung jit reh hein jo sirf inki malum,0
fadd palda.. pakke murshad da,1
aree dekho andhbhakt mil gaya modi yogi balls lick krne wala,0
bhai tu charger phati hui chaddi v rakhta wo v le jaate tumhara kangla desh baap v hume kehta saram ati kahe itni jhuti dilasa dete bichare dua kar kar thak gae ja,0
last main hawa nikal gai pahle bahut paan paan kar,0
love composition,1
bhai vo sanik yaad beta surender kar diya indian army aage,0
sale tumari jindagi puri chillate rahna tum kuch bi ny kar sakte,0
german shafferd types dogs breeds available,0
well explain hats off,1
kamal,1
oi besaram bilkul sahi kaha baap baap hota tera baap kitne ijzat utarogi o tum logo ijzat nahi,0
gvjudd agree,1
abbe charger chori kar leta,0
terrorists dua nahi chalegi sirf propaganda chalegi,0
stay safe brother,1
charger chori kiya dekh naqvi aaya,0
music can very beautiful,1
no cricket only inshallah they know nothing else ignorant pakistani public brainwashed by false narratives by their army,0
rafale giraye bhikhari sapne,0
its not true want leave forever,0
respect your decision mam,1
song direct touching heart,1
next vlog bangladesh,1
great person mam,1
ali noors high notes just amazing,1
muttra putra,1
kaisa laga mera majak beta ghar jakar dudh pi ja abhi nind acche uth dekh le baap beta bol,0
bhai apke desh carjar sef nahi yaha apka charjar chori gaya vaha hamari tofi chori gayi,0
bap bap hota nsahi bol beta tu,0
song love,1
pakisthan rafael nahi giraaya lund shaving karke,0
sahi kaha baap hota ladka sahi kehra,0
vikha rio aata sahia mera susna parega,0
tumhre yaha sab chor sale koi charger chura leta koi trophy,0
baap baap hota re,0
motivating encouraging,1
video ma sahi bol baap baap hota baap baap baap rahega,0
yeh log badnam hote sath ola v badnam karte hain,0
dekhre friends,1
god bless,1
baap baap baap rahega jay hind,0
fir atte rate,1
really good,1
bhojpuri gana jitega jitega yah le mera abhi,0
aaj achha laga bhai,1
tyre raffel dikha ntumhe lolipop diya raffel tumhare mantriyo chuste raho,0
inko dekh rha hu,1
hats off shradha best,1
thanks instagram introducing masterpiece us,1
pakistaneo thumlouk bab bharat varma hero jai bharat,0
love microsoft wali aman bhaiya,1
shameless people even before win they celebrate at last they cry,0
premature ejaculation firse hahahha,0
aaj halala gaya,0
raos life threatening line,1
hum jeet tumko trophy de diya q tumare mulk bhwo bar gaya trophy tumare sarkar sell kar tumare pakistani bashi aata khila dena hindustan naam par,0
ara mam your future bright mam talent then don t worry jld kisi eessa achi job lgegi mam itna sara student blessing aapka sath mam,1
thank mam,1
noori not just band ' class,1
like hariyana,1
baap baap hota sabko pata woh baap,0
saare saare paidaysi zaahil ya kahi course kiya,0
achaa muloo case study karne koii jarurat nahi vaise puri duniyaa pata,1
out syllabus ntilak baap father,0
teju bhaiya edit end up here,1
bahaar desho may badnaami ker tu paisa cumaa yeh hum nahi bhooley,0
yeah pihle bnna video,1
vansh sports love,1
love community holds no barriers knowledge,1
app jitne log match dekh rahe lun lelo mera,0
pura hoga pura kabristan,0
dua accha prarthana karte jit sakte,0
biliion views like song,1
baap baap hota,0
love sound ghazal music,1
jokers sale aap logo galthi nahi terrorist koon haina terror jaise react karenge,0
listening repeat love,1
vikharika olad chor,0
jo jo log isko report marega meri trf usko pary bhai log,0
apna gawon apna rheta wah,1
wish find your love,1
aoche bohot kuch jana hay muje but reply karoge bataunga muje ae vi jana hay kayche mera life groth karunga plz help,1
noor zehra salute,1
revolution begins,1
beta baap chila bol baap baata diya baap baap hota,0
best,1
masterpiece best song season y,1
match agar live hoti tho match jit jate,0
im huge fan,1
video dekh maza aa gya sahi kaha baap baap hota,0
agiya bai ga nd,0
true motivation nbest luck whatever your dreams nlove,1
people came instagram watch,1
charger chura liya choro,0
proud di,1
even dogla v sharma jate khooth bolke lekin ue dogla v upar,0
always come back,1
very nice,1
december kon sun reha sohne mahewal daye story song,1
its amazing love,1
beta baap mat bol,0
huwa madam pichewarye dall deya tumhari jali,0
tumko jung pela nab match v pel diya,0
bhai biggboss liye aa gaye,1
rauf spy bhai,0
new father,0
hamesha looooonnnn milta lo d,0
rk thank,1
koi haarne liye itna excited kaise sakta,0
wo kaho sab camere par warna match log jeet jaate,0
process,1
bap bap hota tum bate,0
total bliss,1
aaj kon kon dekh rha,1
pakal country,0
what remember childhood shatoots were long sweet used pluck eat them trees neighborhood free t was fav thing world think still,1
tune sahi bola bap bap hota salo jahilo,0
superman pose,1
hats off ma,1
kase log tum bar bar har jate fir itna bolte,0
acha,1
rizwan teri baaji acchi vaar leta baaji chinese v dete yaar,0
abe tumhara naya papa aa gya verma,0
aniruddh singh wow put words effortlessly,1
beautiful people beautiful culture,1
liti kaisi,0
respect,1
hig fan bhai meghalaya northeast garo tribe really love your video once again hig fan bhai,1
oh,1
plane tumare niche ghus gaya,0
khuda gavah itihaas gavah tum log chhakke sari duniya pata,0
love coke,1
haa ai dil way,1
favt,1
match agar live hota khud jeet sabit kar dete,0
both aman bhaiya sharadha di motivation inspiration,1
lover sohni,1
just addicted listen beautiful,1
yar nu mily gi aj laash,1
best your future journey,1
love both ni will definitely contribute your journey,1
isi mahine pichla vlog dekh,0
report maro,0
villages as polluted as cities because there no waste disposal system go any ll find heaps heaps garbage plastic waste dumped near farms water bodies trees been cut down make way roads farms,0
tum log harne bejat hone liye peda huve,0
coke never disappoints,1
welcome dear,1
jitne sapna dekh sakta harane khawb deko,0
after such humiliating defeat,0
guy exposing godi media,1
tera baap jake apne baap puch,0
hilarious comment,1
rafel ghus gya gand,0
beautiful sound track,1
betaaa baap masti nahi,0
don t like ur video,0
wrote beauty,1
whole coke,1
aunty gazab haal,1
big brothers ducky bhai,1
blessing stay connected self origins,1
dnk shut up noobdu,0
jug water awesome,1
hey stranger good taste music,1
tum log bharat usi baap jhaat baal,0
camra leke bahut bhok rha bap pel diy sant gya,0
like cmnt want listen again again,1
g dam jito khali baton nahi match,0
awsome dil pa lga,1
jai hind very inspiring,1
great vlog,1
awesome very beautiful,1
quintessential cole piece,1
munshimemechand,1
true said baap baap hota isliye toh baap nwe believed,0
pure bliss,1
punjabivlog,1
saalay pata laga papa,0
kitty cute,1
gya nedit shat shat naman,1
sala vikhario hatt,0
har tarah fir laude lg gye insadalla laude karam,0
ali hamza awesome,1
love till even today,1
thanks translation really very helpful understand punjabi lyrics heartbreaking though,1
finally brilliant,1
song an extraordinary piece,1
charger tk garibi,0
by noori outstanding,1
tara bap,0
rafel labdo sapne giraye,0
sab meetha sath,0
wonderful seriously,1
musalman apne jhuth allah shamil kr leta,0
sweetness pakistani people music,1
thankful friends got masterpiece,1
love coke,1
ufff sitarrrrrr,1
yaar nu milegi ajj lash yaar,1
usne dharm bura kha,0
hope your family remains safe,1
nice di,1
was worth watching,1
music enthusiasts,1
after reading,1
sabut nahi rafael girane,0
tumlog rona ban kijiye mera awas arahahai,0
abhi,1
very nice sharing,1
baap baap hota,0
lots love sharadha,1
shradha,1
truly inspiring,1
month bar halala kar deya pak kavi saharma kavi varma toba toba,0
also,1
saala last nahi chilaa,0
bhai mere tkinter project kuch sugget kardo,1
rd round pak,0
inspiring,1
really superb hats off,1
well done noori,1
anyone celebrating now because virat kohli' birthday,1
bhai pehle btana love,1
feeling proud,1
outstanding music,1
truly amazing love song,1
real love starts,1
love,1
bhai maje mat lo inke vdo mat dekho channel unsubscribe karo karo bhai vdo dekhne inki kamai rahi bhai samjho jara,0
predict will win today start making money most growing betting exchange khiladi exchange,1
achaaa hm hm,1
whatever sohni did,1
gosh,1
buhari food,1
verma her pakistani baap,0
sare bandar chale gaye bhai,0
bap bap hote hee ni love,0
very true,1
tera baap rahega,0
trophy chor pakishtan nallah har gaye,0
she soul apna college,1
funniest moment monkey,1
tumse mujhe bahut kuch samajh aaya,1
best way nmonkey showing us how use dustbin,1
brilliant,1
welcomes,1
love can understand depth your vision as well,1
match pehle kitana bolate tum log faltu match hone bad bolo jo bolana bacche bacche kaun bacche samjhe,0
bring back songs like these coke,1
baab baap hota gadhe pt pure month pele sunday tak mil mat jana agle sunday,0
allah mohammad haar gaya,0
best its inspirational god bless,1
mint video wo sb kuch dikha diya jish pe srkar kam krni chahiye,1
simply great,1
bhai tera charger yeha chori hogaya udar tumara uncle trophy chori karde,0
aakhir last dekh liya hoga original baaaaaap sa love,0
upne rafale nehi goraya nahi hain upka pichbara check kijiye uske undar ghusa diya hein,0
pichhbada suja pada,0
jaat bhawan proud jaat,1
aniee malik,1
dear coke,1
amazing coke team,1
thank amazing story,1
love,1
moment ghareeaa,1
qulli yaar di,1
ali hamza wow,1
rao love,1
bihari king bol bihari soch,1
rao comes pakistani coke,1
bahen lorde batche nehi tumhare abbu salam koro jocker sob sob kitne mare tum logo,0
sipa rao,1
great personality,1
hazir ji,1
huwa nkala jadu nor tmhare plain v tie tie fissss gyi jao dyper change kr aao bete baap baap hota smjha,0
veena,1
prashant mangla pleasure,1
kyu chilla khala chud gayi,0
tumlogo rafale apne ghar tv girye,0
tutenge tv indiaans,0
y dono muliya itna ucchal rahi last inka baap nikla,0
youtuber hun mera tech channel mere channel aapko hel mil sakta nice video,1
uff these lines gave goosebumps,1
happiness your face encouraging thank congractulations your kind decision,1
lotts inspiration mam,1
ali muhammad thanks lot,1
superb music,1
ha bhai phayla maind thik karo,0
aaga ji wala chahiye npichhawade rafael gusa diye gya,0
touched,1
wow must had some nostalgic vibes while exploring,1
massive action if want develop our country then provide resources people has truly need,1
baab baap hota,0
miserable condition canals both sides borders,0
coke never fails satisfy,1
thumar thaqdheer ganduhe nisme pandukya kare,0
bekar,0
thank coke masterpiece,1
thumera gand mar leya,0
wholesome see shraddha di being herself best wishes di love power,1
bap bap hota beta beta kyuki bamb nalayak beta nikla,0
pak aatankwadi,0
season was peak coke,1
cried cried listenig masterpiec,1
fir b apko hum shradha nahi microsoft wali bulayenge was inspiring had never ever experienced much motivation through anyone thankyou much apni kaksha apna collage team your efforts,1
noori such notable asset country,1
futi,0
umar shah,1
hm gye accha lgta,1
evi bhai always top,1
just wow,1
beta har gea,0
anyhow its awwsum,1
iski yaha mari baha mari suji hogi,0
chor ghar chori gaya,0
music,1
tumhe jang ese pelenge,0
shradhha an inspiration best luck,1
tara abbu jeet gaya,0
heart touching soul emotional line,1
channel gives positive vibes settle hone baad unsubscribe krunga,1
big yes,1
varma ji nahe abbo ji bolna,0
government rafael girane fake news bata kar pakistananio brainwash kar dia,0
sale faat gayi jay himd,0
go girl follow your heart,1
charismatic beauty,1
vale aa jao,1
jra gugal per serch mar kar dekhna salo kon si jung kiti salo her baar tumari ghand mari force apni biki force gugal per no dekhna salo phir bolna salo agar yeh match live nehi hota yeh match aap jeet btate salo har kar jeet jasan mnate bahut koute hojai hind,0
nice watch appreciate efforts our senior feels bad how youngsters not taking efforts as rather said his father used swim lake but now situations worse,1
harish gand rafhel ghusa diya,0
uffo ja lush ha,1
wowwww speechless,1
back roots,1
rao totally nailed,1
wish sing sufi kalam here,1
strong decision need courage its time build new,1
was amazing,1
time favourite kangna,1
jhukisthan sabke samne jhuk jate,0
doing great job di keep up,1
kuch kaho yaar bgm bahut achi iskei,1
trend song main best song,1
big boss aa rha bhai,1
good teamwork,1
kitne bhare bhai,0
big boss entry liye bharat aagya sher,1
shailendra chauhan,1
bache excited gaye bhul baap thok kar liya batting gull aukad beta,0
touching dearest,1
someone re sungha tumne phle,1
soul satisfying,1
awesome once again coke,1
sagar veena awesome,1
willingly waiting vlog after weeks here thanku dhruvrathee,1
really inspiring nall best,1
jai hind ji nlove,1
what said trying show life river extremely right love rathee sahab,1
she very genuine true at heart nwe will support her more than aman bhaiya,1
kon kon maje lene aya indians attendance please tere bhikaristan abbu jit gaye,0
beta baccha tum pakistani,0
bachha toh thaa jo aapka baap ban gaya,0
bhains popular gyi,1
kaise kaise namune rehate bhikaristan,0
what more could an indian fan cs pak asked,1
bhai kan baap,0
pamper pehnke aao walooo,0
wiket girne baad pakistani reaction inshaallah inshallah nafter batting pakistani says hay hay allah,0
literally song gem deserve millions views,1
love really those soul punjab,1
noori family wonderful,1
نوری نیک لavel,1
rathe lagta bahut respect,1
such beautiful lyrics,1
mulla kab ban desh gadhar,0
nai paijaan social media sources pain,0
tum jung haar gaye asia cup koi khaaj toh aa jana,0
song voice,1
mubarak abbu jeet gaya fir,0
falling love song,1
ha bab bab hota kuthi kubul kar liya,0
lyrics story awesome,1
wow zabardast,1
bkl agr galti jeet jaatey mr jaatey log,0
duniya pahla esa mulk jinke pas fact nam per social media,0
aap baap rahega yaad rakhna jada josh aa baap bhulna,0
dillusion main rahene wale kabhi nahi jitte salooo bhikari,0
reels doing something good,1
sabhi sagi bahan ensagulaah kernge,0
what master piece by coke,1
thanks ma discussion about your story,1
telak tere mu daal deya keu ni chella ra lagta telak leleya,0
listening after reading main story,1
vigo vigo ghasit ghasit mara vikmango,0
ur absolutely bloody right,0
another masterpiece found after years,1
best luck maim,1
omgwhtaa songi luv,1
tum shuru garaz rahe baap baap kar rahe q udaas rahe baap jeet gaya,0
haaye rabbaa waar sunne par ronkthe khade rahee,1
god bless betakeep up no words describe your team performance,1
like background music,1
r best,1
soulful song ever,1
only xulfi can compared rohail,1
love see coke expect more collabs like love,1
bahut bhadak beta gaya shant,0
sarom karo ndub maro pakistani,0
tumhari ghodi bana sadak per,0
gana shandaar,1
legend pakistani,1
like song,1
bow down her,1
mine losser,0
bhai aap brown chunni wali par line maarne lag gaye,0
creating own happiness social media don t cry pakistani l understand pakistanis pain lost thier land cut part remove pant shame shame enjoy social media,0
pata chal gaya baap baap ta,0
kachi meri mitti,1
ja war match kabhi nah jetoge bata dena apne dosr jo keh rafel giraye,0
song deserves more,1
good bhai,1
just came know about masterpiece,1
pair channa de dise kuli yaar,1
isko bolte kutto chillana th hua shero dahar jai hind,0
nobody says thing ali noor,1
was really nice would say,1
party indians taraf,0
vai chat gpt wala rafale,0
best ur future,1
really like uh shradha di as person,1
vishal mathur bhai dogla apne dharm fake batava ramayan b fake batva,0
indian abbu beta gad mardi rafale,0
fantastic songlyrics,1
hariomrana kisi political party support karta bhai nbut antinationlist jerman sheferd hindu dharma burai karta bhai,0
no bakwas sidhi baat bharat maa khod di,0
fav song,1
please leave as soon as possible as anytime some asshole will file an fir against lead an arrest,0
sale lutte iske gaav log bhaav de rhe,0
teju bhaiyya,1
shradha very inspiring wish best new journey where,1
kerala more beautiful than,1
mere comment koi kaam kar masti dhun phir sunein...,1
sara world dekh rha khte asia cup jeeet gye jaise khte maine rafel gira diya,0
gana gaa rahe nparty night,0
inke yaha free condom batane chahiye kese kese log paida hote,0
noori never disappoint their fans,1
lithi chokha feverat,1
trophy chor ntrophy chor ntrophy chor ntrophy chor ntrophy chor ntrophy chor ntrophy chor ntrophy chor,0
bhut acha laga aapka dada dadi home npurani yaade taza gyi napne aana apne culture yad rakhna acchi baat,1
great respect those commented years ago,1
crore players aate npooare batsman aaye tmko out kiya esi match nhamara mohammad siraj tum log bna pate,0
salo match jitney aukat nahi kashmir apple chahiye inko,0
bhai tatti nikal gayee tumahri ya nikaley,0
jis desh allah jhuta us desh awam kon shi sidhi rehne vali sab awam jhuti sikhsa di gayi,0
wah wah wah,1
place where soul speaks,1
pakistaniyo itne tv tut chuke yeh road par lage tv match dekh pate ghar tv inke,0
wah sukoon milgaya iska rona dek,0
sal sa kidr yeh song,1
sukhwinder singh gem singer,1
mee tooo,1
rao' voice unique,1
best day,1
how indian people show their love,1
here after,1
pakistaniyo pata cal gya baap kon hota,0
hum baap tumhare tum aulaad beta,0
tumare bap,0
aapna jaat bhai,1
aata le lo balo,0
being pakistani akways inspire sharada mam other indian youtuber true champion hats off,1
kali cricket main focus mat kare football main focus karo,0
song dedicate soni mahiwal true love story,1
seriously mind blown out when saw title,1
yaha mere parents sahdi hui thi welcome naapko pata mera ancestral hum yaha har sal bar aate ni feeling proud isko hum johd bolte,1
bhai ringtone laga loo iss song ku kissi dusre pareshn kare,1
overall beautiful music,1
one video ncomplete roadmap b tech fresher,1
apni ma bhej tu,1
inspired deeply hope can achieve your goals time also,1
everyone,1
kacheya da hunda,1
kutte bhuk rehethe,0
best face dhurv raatheeee,1
manaskhanna well don t worry dude also lie same situation but maybe our bandwidths supposed something much huge which will give ourself prove much great than tag iitian,1
master piece coke,1
bumrah tumhara pm plain giraya wo dekha,0
rao humble personality ever seen singing amazing,1
roasted whole gobar bhakt mandali second,1
sarkari nokri chakar babu bhaiya nssc ya railway tyari kar lo,1
pta chala baap kon paizaan,0
mutarma kaa mhu uter gaya keya,0
mem aap buhat aacha kaam kar rahe,1
real magic begins at narh palah pakky murshid daan,1
match live bolte pakistani jite nwaise trophy chura le gaye,0
bap,0
sooo beautifullll,1
rafel pichhavade ghus gaya,0
last portion song just something else,1
keep coming back,1
tumhara aukat pata chal gaya janata team tumhara baat hindustan,0
why did nyou must worked very hard order achieve but hope your reason satisfactory one hope your decision fruit well,1
bachche bachche abhi,0
aby dogle gadhe bhas rkhne lge,0
love pak coke,1
emotional love much tension maat lo hamlog aapke saath,1
coke literally masterpieces,1
baap bta de kon hota,0
tin consecutive match harneke baad trophy chor mohsin nakvi trophy chori karke bhag gya,0
still listening masterpiece piece,1
pahle viral tu sunta bhai,1
tum sale kon jang jito wo live hota samjh aata tum log,0
dekho kotli masjid tabah gyi,0
bhaiya aapke sath hmesha hu love bro love sisi,1
chor,0
chud gai tum hari,0
name king,1
thanks making such an authentic beautiful music,1
nice bhayia ji ham gav walw,1
aala noori,1
amazing vocals rao,1
best shraddha aman bhaiya,1
bhai best ndhruv bhai always gave us right information nhaters gonna fade away,0
thankuu much,1
yea mate dont need shout like an imbecile nand lost lost game lost your charger nyou must feel pretty stupid now nits just game learn sportsmanship first then eventually can learn better sportsmen,0
lodu lakh nahi gao jahod ha vo,0
tum log jahil jahil rhoge hamesha,0
anjalidubey forget real og pandya,0
bap panga liya,0
proud,1
loving song,1
sab public chor,0
baap baap rahega sahi kaha tumne,0
your life,1
may allah bless made great decision educate your people lot prayers,1
tum log bar bar bhul jate indian tumhra bap hain haramjado sahi bola bap bap hota jai hind kolkata,0
welcoming tourists,1
bhais asthetic,1
sahi baat bhai jii baap baap huta indin baap,0
what masterpiece yr,1
kala jadu kanha gya,0
bap bap bap bap bap bap bap bap bap bap bap bap bap bap bap bap bap bap bap bap bap bap bap bap bap,0
porki o aachese pata chal gaya baap hein,0
bap bap tu bete samne dekh vale tumare bap,0
bsc cs per vedieo bnao di,1
east company go back,0
bhai vlog itna chhota thodi hota your vlog deserve hour lovely,1
ishq rang,1
bahi mera km dur bass waha,1
zindagi,1
love apni guys real heros today time,1
thank awesome,1
tu bata bapp kon,0
recommend by girl,1
jo apni maa pyar karta vo like kre comment love,1
wo nehi brahmos gira,0
kitni baar jalil hoge tum jahilo,0
an indian singer brilliant piece,1
tm log,0
jaisi awam,0
harris rauf bharat ratna de diya jaye aadhar card,0
welcome land art,1
yashkadian indian government know right federal government there one government state one center if your own people state government can t bring change than problem lies your society because at end those politicians come your own society has patriarchy,1
jhoot bolne yehi nuksaan yaad rakhna padta bola,0
saleeeee vikash dikh rha tujhe,0
ttoo goood,1
pehle tum hug aayo kar rahe,0
plzz upload next java video,1
rao' melody,1
muh chupa kr bhagne aadat gyi,0
kalank sala,0
video dekhlo bhai,1
dil thanku bhaiya dii aaplog video dekh kar mujhe kuch karne man kar ja hu aisa kuch karke dikhane jo puri duniya aaj tak,1
jise akal voh bhai surely pasand karega,1
soo nice song,1
don't know if ' but seems best choice song,1
charger safe nahi pak,0
beautifully described,1
great work help those needed,1
thanks alpansh banerjee,1
iske channel report maro sb,0
bap bap hota jay hind bharat mata jay,0
bhai nahi chorsthan b c charger chori kar liya,0
want web developer how can start perpration please suggest,1
spreading voyeurism through your vlogs,0
was mesmerizing,1
haramkhor yeah black stain hisar hu,0
halkat sapne dekh gadha,0
perfection at its peak,1
apna college great learning platform,1
jis mulk log charger chura lete,0
aniket patra,1
good fillings,1
ya alaah mahine teen baar chud gye,0
rafel girne sabut photo ya sindur jung jitne sapna ghum rahe jhute jasn manane tumlogo adat,0
exam preparation,1
wow feel proud see city your video ndesha desh mera hara bharra nseedhe saadhe log yahan ndoodh dahi khaana nraam raam,1
baap baap hotha,0
lagu bagus,1
sonu nigam' female version,1
suggest good institute azure cloud learning,1
its like power hitting song,1
beautiful song,1
noori just take over coke,1
outstanding song raise ur hand agar ap b yeh song suna ha,1
chor apka charger hmari trophy v le gya,0
noori love amazing,1
bhai big boss mat jana respect your intellectual mind,1
wasa haraga,0
jub bhee yeh song sunta hoon dil jhoom uttha,1
song beautiful,1
haseen,1
hassaan,1
new father ntilak varma avishek sharma,0
much hatred cricket saath saath bahut sari dusri fields tum piche uska karoge,0
mind bloving noor,1
pelne maja kuch alag,0
amazing artist,1
kitna vokte tum pakistani,0
jada chikh jeet gye midhaye khila ghar walo,0
thanks dear tuba samad,1
music piece,1
bhai please bigboss ajao maza ajayega big fan,1
toll tax lgta jese,0
achha laga rathee video trending aya,1
proud haryanvi,1
finally t shirt changed yayy,1
madhya pradesh vyapam patwari scam par video bnaiye bahut bada scam,0
bht taez nikly bhai,1
real yaar main padhaai chhod kar yahi sirf search kar rahi hun pakistani fan after losing game,0
but why require any murshid direct allah,1
baap baap hota beta beta hota nbaap kaun pata chala porkistan,0
very nice place god bless mam both,1
anyways its awesome girl completely different culture roots taking keen interest indian culture accepting things as well something great,1
gam ghus gye rafel,0
pel dia,0
maza aa gya bhai dekhke gaaw yaad aa gya apna thank rathee bhai,1
bahe l war tum pele gye,0
lol pk mc,0
please make video ajmer,1
mach phi rafel kahani tharah,0
any english girl here wants marry,1
kachche saharon par nahin hua ja sakti; pakkay mereeshid sahara surakshit par lagata,1
hit like if here,1
maja ayaaaa,0
maa chod diya bhaiya ji,0
song could not been any better,1
bundle thanks,1
very proud,1
abhi tu jinda mar gaya just wanted confirm tu hamara nazaiz aulaad,0
bhai nikkar badal de nahi kisi din koi nikkar jala dega tere,0
way old women using musical instrument,1
saw your videos very beginning also used ur videos one day exam preparation bcoz they educational but think should not put things your videos which show your caste as mentioned rathis here jat bhawan begining perhaps may wrong its perspective hope understand what wanna say doing great job brother,1
coke battle karwa hume itne sundar sundar songs mil rahe hain,1
noori rao ali hamza legend,1
tusi great,1
desh gaddar desh vlog bnaa rhaa,1
what great tribute,1
niklaye lavde,0
aj bat kerya dnana popular bne wala sbse jada pr bta skta ku,1
love shraddha nyou real inspiration us nyou best person ever met life thank everything very best your future dream,1
abhi tak thodi der pahle bahut uchal ma chuda liya,0
don t like guy always showing half facts his video never tells real truth,0
even listening after time song gives goosebumps,1
bhandaa aaya pura pak pel chle gyaa baap baap hota hatrik pelaa ayshi roteee rhoo fir bolo agli br fir jitenge inshallah,0
good luck your future,1
nice maze daar,1
allah talla markar gumshuda gaya mughals haram nazayez aauladey charas pikar ghoomte,0
bitode muh uple nikle kuch yaad aaya,0
nic video,1
chor charger,0
wow love song,1
welcome dear neighbors,1
true inspiration young girls across world wishing success future,1
pak wale kuchh ukhad payege lekin bade bade baat,0
coke cooks every time,1
bapp bapp hota haii sahi bola tune,0
wah maza agya,1
litti here bihari food,1
elvis bhai,1
rishabhdhakad good,1
naacho bhooko,0
noor iamazing,1
true doraemon fan brother,1
gala faad faad chilla pakistani samajh aaya beta,0
jahar veer baba jai,1
chal tere bas bat ni,0
thank bot,1
ali hamza' voice amazing,1
hands down,1
happy liked,1
lots love sharing story,1
operation,0
love,1
gaya fir har gaye nakali logon dua nahin kabul hui kisi gande nale jakar mar kyon nahin jaate,0
jio rao saab,1
song liked centuries,1
kuch tarah (lyrics),1
respect those uncles,1
bestest song heard life song actually flashed visuals sohni river struggling cross river meet her beloved unbelievable song hats off entire team,1
river expanding,1
was listening song,1
boy makes good effort,1
reminded nooris first appearance coke,1
struggle forever,1
underrated song one greatest songs ever,1
missile thoka bol nahi paye abbu missile america samne roya,0
bol kon bap,0
background music,1
abey loude jake history check kar surrender,0
sohni mahiwal kahani,1
sweet voice,1
sun lo pakistani pahle baap always liye rahega,0
such therapy song,1
hope join mission,1
love pyaari,1
tumlog konsi jung jeteho bhai behenki lolo,0
sirf nahi log bahar bhag jate jayen kyon idhar utna paisa nahi crime jayda,0
charger chur gya pakke chor maan gye nakvi trophy chura kar le gya,0
feel proud,1
kela,0
mia b sei belong karta hu duray love vlogs,1
noori never disappoints its fans,1
bahut old video,0
match enaam charger chor cup woo ley kar bhag gay asia cup ley kar bhag gaye,0
also nand also learning software engineering,1
trophy chor haraam khoar nmohsin naqvi haraam khoar,0
hats off brilliant try,1
haters burning nbecause bhai trending,0
apni gad dal charge kar le,0
still slave country because both got independence british,0
sahi time pe entry maari,0
eclectic epic,1
likenlove,1
rafael gira diye koi saboot pr chahta gante apka safaya kr sakta lakin avaam kasoor apke hukmaraan public pagal bna rakha,0
its been days thing does not get out mind,1
finally wearing new tshirt looking good,1
rao thanks visiting,1
angreez dekh aaye sb naa dharm desh virodhi chindi chor,0
aabu bhul gaye sale,0
really find back vocalist,1
everytime listen song,1
puri ratt sharma varma tum sab logo pele ga,0
bahut sunder apka,1
shradha great aspiration young learner your way teaching organized syllabus helps lot understand coding language what taught yu tube working govt organization interested learning also making basic clear ur channel,1
ancestoral gaon saari history nikal di,0
abbu panga nahi beta,0
melodic music,1
love dear,1
bjp highway kharab nahi bolege,0
awesome song deep theme very very heart touching,1
tumari ma upar giraye te,0
baap baap hota end main baap jeeta,0
huge success jitu nf dd,1
dard hua pura gudha anadr,0
match jeet nahi sakte rafale giraenge xd,0
movie suna mar khate fr aate lekin aaj dekh v liya,0
[cleaned text]: harsh aditya right good see positive indian also love respect our neighbors,1
sale tum log comedian,0
saw st time your video feel foreigner but still watching your video realise indian but saw video very happy know neighbour jai bheem jai hind,1
beta dekha baap baap hota tumhara baap,0
gao hu software engineer banna chahta hu taaki apni family support kar saku,1
verma akele inki maa di hahahaha,0
appreciate don t worry everything will ur favor,1
some songs dont need explained,1
dil bura lag bhai aap sab liye koi hota rehta bacche abhi,0
funny how julie non indian wearing traditional walking around shorts xd,1
great music great singing,1
si sweet adorable,1
sayed tumhare baap dada btai jung kisne jeeti,0
sohni' love story,1
great work man,1
doing great job keep up keep updating us thanks,1
lv,1
rao only singer sung paki coke,1
literally make feel nothing matters more than what our heart says ofcourse as aman bhaiya said ultimate goal reach every single child didn t afford access social media platforms enhance their knowledge make realise think deep about our society improve ourselves add value society lots respect shradhha aman bhaiya,1
terrorists kaha jaan parvah hoti jeet jao jung,0
beta nahi tumhare baap tumhare air base uda diye wo tumhari amma ur lallantop govt tumse chupa liya tumhe wala lollypop pakda diya lalle iss liye,0
love excellent singers superb musicianship brilliant indeed,1
bada gawar beta roj ate roj harke jate,0
beta nalayk gaya baap bacha bol,0
had jyada usalne natiza yahi hota,0
love music,1
tough decision mam but prove right,1
fantastic superb,1
love,1
great dii nyou always inspired by world students nstay happy your passion dreams comes true,1
sohni mahiwal love story,1
believing false information showing your uneducated blindness,0
look closely ' there above,1
assalam o alikium ni your content nvert full study,1
wekh chllan pendiyannna chddin dill weynaj mahiwal nu jana mil weynayho ai dill weynyaar nun miley gi aj lash yaar dinghadeya ghadeya no wey ghdeyanraat hneri ndi thathan mardinghadeya ghadeya no vey ghdeyn,1
salman syed,1
true,1
tare maa aankh,0
stories like help keep ego check make more humble thank shraddha aman sharing wish best life everything,1
alllah hain nhn kisse dua kar rhe,0
itne besharam log meine socha nahi duniya honge match lagatar haar gye media baaton aake rafael girane baat kaise krte khair tumhare bachho pta chalta tum training dete insaallah tumhe sochne sakti de,0
rafail social media gira,0
top,1
nice sounds good song,1
legends those produce kind music,1
love immortal,1
ja ghar ja nashvar khake ja,0
three weeks passed,1
come nepal your next visit wanna welcome,0
good luck may god bless let success your,1
dillu hahaha jiski madad sy bhe ghiraye thy ghiraye ny,0
whatever was shown your pakistani channels about rafale jets was fake those were just edited pictures your government fooling check facts,0
tum logo chor tumhara charger chori gaya,0
always here song hits,1
great way go proud,1
nailed song,1
bullah hara diya bhikaristan,0
sahi baat baap baap hota beta beta hota,0
tumhara bap humesa bap rahega,0
bc kab kon jung jite ajj tak yhi samgh ata,0
refreshed song,1
yay theyre back,1
let' enjoy,1
tum logo desh allah naam pe bnaya koi talent koi naam koi invention koi milestone nuclear khud apne yahan kyu giira lete,0
jo jo tiktok sy aya hy wo comment like kartaa jye,1
abdul raffay translator,1
still listening,1
sound touches directly soul,1
song an experience itself,1
ap apne maaata pita v kabhi dikhaiyeh want see your mom dad they r very lucky like their son,1
sahi baat yrr baap baap hota,0
rizwan volges pak saibu narendra modi foot were meda pak govt begging chesthndhi pak ladies first time gurkha lekunda begging crossing chesthnnru,0
music lover,1
your vlogs simply beautiful very delicately edited must say work very hard,1
kitni bar haro ge fir nahin baaj aate sharm aati nahin bilkul sharm naam chij nahin sharm besharm bar harne bad sharm nahin aati bilkul bhai aajata muh utha kar,0
great move shradha very true voice course will win no doubt,1
tumse paega,0
taiyar zoo taiyar lake went there last year,1
khud kabul kar liya har bari har jate,0
bhot ganda pani ara aj kl ghro seriousy,0
jiyo ji raat geyi tuhadi rehmat nal,1
thanks god now neighbour can same,1
farzanakhatta,1
bigg boss jane liye aa gaye,1
there different feeling when visit your after becoming successful life irrespective any kind success how many agree statement,0
tera baap tera baap samjha baccha love,0
e log duniya pe boj,0
coke presents real music,1
zabardast yar noori rao,1
sohni mahiwal kahani gaane tarah,1
mam uiux pe video banayiye basic level advance plz,1
song sohni dharti same raag think,1
decision needs much courage keep up,1
just love song,1
tera battery mobile lo gaya blue jaega wala,0
faheem ashraf baap tere ghar v gaya,0
aa gai sawad beta jhula jhulo magar baap nai bhulo,0
oh god very lovely song like very much,1
baap dna test positive,0
thank much sharing details,1
waqas,1
charger chori gaya,0
huge respect,1
bhai charger kaha koi chudaake le gaya,0
everyone should listen carefully,1
slayed,1
charger v le gaye chor log,0
yeh kab hua kaun sa jang jeete tum log matlab kuch,0
karlo duwayen mere bachhe,0
baap virat kohli abhishek sharma varma new abbu,0
patha chala bap kon beta thum sapne dekthe raho beta,0
baap baap hota jis paida hua chota beta bangladesh,0
thank masterpiece,1
har match pakistani apne alag alag papa bana lete,0
why true,1
compression mot karo tum pak,0
purpose visit biggboss,0
maan lo baap baap hota,0
wah beautiful,1
pata chal gaya kon baap tumhara,0
ekela pura pehle di,0
before operation sindoor nnow operation,0
rao amazing voice,1
saggar veena,1
most amazing transformation song male female singer what masterpiece,1
favourite,1
want more,1
pakistani pov nmere dodo bap abhishek sharma verma,0
social media par rafale gir gaya,0
bap bap rahega pakistaniyo,0
yeh log pehle kyoon celebrate kartey hain,0
saal pahle song viral hora,1
live nehi tum jit te,0
what great singing,1
whos listen masterpiece,1
maam thanks coming,1
hahaha international media bhe jhut bool rha ha bs media such bolta ha,0
dont love just because music but love humanity,1
ali humza,1
music violin,1
rightly said best luck apna college team accha laga koi bare sirf soch nahi,1
pata chal gaya beta baap kaun agar pata chal gaya acche bacche tarah pajama raho pajama bahar nikalne himmat mat karo nahin jaise indian team tum logon kambal khudai ham log vahi karenge mahine bad bangladesh jaisa nalayak pota nikal kar bahar jaega,0
kisne notice kiya last jeetne baad banda celebration kar rha,0
new papa varma,0
abbu abbu hote hain,0
actual fun starts son pigs asian cup hoona,0
made day,1
dialog idiots movie poora balathkaar kiya saamuhik balathkaar ney pakis,0
great,1
sania khalid shukriya,1
cricket match live abhitak aap aap pakistani achha match live,0
kitni jung jeettey tum abhi tak,0
kala jadu gar pe ghus gayi,0
uploaded video even after match lost by means good indian fan jai hind,0
sala log kabhi sudrega nahi,0
sandeep kamboj,1
surprised see song was almost years old pakistanis,1
bharat naam aaye hum aaye nhum har cheez guru,0
beta sahi bola tu baap baap hota,0
beauty,1
applause noori,1
waise rathee bhayya bich bich haste bahut nice bhai,1
de public dakho kanda kyu dakhya chupa nu trophy choro,0
lelo mera lauda,0
chandrakant wtf mean explain everything why people hate,0
islam haar,0
huge huge huge huge respect,1
really enjoyed vlog,1
dii will available channel please finish our java lectures,1
laast tu rota huye dikhega,0
toh tu bi nikal dafan jaa,0
only legends can understand,1
watch behind scenes,1
shipa rou legend she ....,1
sahi baap baap hota,0
aww shishtem kid got triggered,0
love paknpunjab,1
baap baap hota beta tere baap hum,0
give editor raise,1
baqwaas song ever,1
baap toh baap hote baap bas ha,0
masterpiece deserves more,1
kyu chud gye naa,0
beautiful song sung beautifully,1
was extremely excited see vlog thank,1
very rich music heavenly voices,1
auklsty ha tum logo harana,0
real goose bumps start,1
aunty paiso bhuke toh aapki puri mulak,0
vibe yaar years seriously,1
fahad sandhu,1
match pkmkb muh pe le le mere,0
real youtuber your video was interesting,1
baap baap hota beta dialogue churaya krte sale jeete bolte paise jeete chutiya pak vale jeete mehnat gazab doglapan krte bhai apne abbu,0
bheekaristan haar gaya,0
jaat power,1
intna jaldi khus niras jate jaise bache,0
lamba gusaya le liya mume,0
justice ducky bhai,1
jis highway pe chal rahe wo present sarkar den tumhare bap ravish kumar tum tabtak acche jabtak acche mudde uthate jabse tum ravish bacche bane tabse jaychando wala vyavhar kar rahe,0
bhikaristan hindustan panga,0
hypersmrtgaming only andhbhakto lagta,0
beautiful poetic,1
song beautiful,1
messi reel dekh kon kon aaya,1
zaf raja,1
aukhat rah paapio,0
rao beauty,1
ton friends got placed ms they happy their life happy see someone thinking out box,1
omg shraddha di brave,1
baap hain tumhara,0
system bnaya pr usne goli mar di nrip system,0
rafael r gira payrga pak nhar baar yshi hoga rote rahoge bhikhariyo,0
indian tumahre bap,0
best,1
proud,1
thank very much lyrics meaning most importantly,1
beggar country when comes music,1
go ahead br kudos,1
' love song,1
german dogs aagaya,0
ntu saudi arabia shift hole nshakal pasand nhin teri,1
very well done,1
wah baat hey,1
bihar litti chokhha everywhere,1
new papa tumhara verma,0
yar yar marli gar,0
aaj bach gye tum log babu please koi mera comment dekh hoto like kar jb dekha inko aake gali dunga abhi gali bs ise liye de paa hu kyo navratri oh aaj last din fast hu,0
pure chora dikh rahe sale tum loga ncharger chhode nduniya bhar lutere yara tum loga,0
thanks sister,1
our,1
guruji tranding number,1
listen manwa re,1
if here reading,1
sohni-mahiwal,1
rao noori love,1
lol inka jazba josh inko le dooobaaa,0
baap baap hota pakistani beta,0
heart,1
no problem,1
got goosebumps such tragic tale sohni mahiwal,1
how could missed gem,1
instagram brings back song after years,1
what beautiful,1
jitna pahle uchchhali lete,0
your voice beautiful,1
charger ghus gya gaand,0
khane liy aata nhe parti kroge,0
traditional biharis food litti,1
people like inspiration,1
wow feeling blessed,1
process,1
if chud gaye guru had face,0
metch tera baap,0
noori made masterpiece their soothing voices,1
bade duk sat hashana pad,0
proud jat,1
blown away,1
great step sister nu r inspiration,1
chakke chakka lagaya tv,0
sufi songs front meaning,1
pyaare baacho abbu aa gai pehle fir abb abe jhut toh bolo,0
ase public galiya dena normal,0
pura trophy chori karke baithe sallo charger thodi choroge,0
fat gi hun kinhi giya put,0
haters gonna hate but bhai best,0
paidha huvaa tumlok baap alag uvaa salee,0
charger chori jate,0
finally song recognized worldwide,1
beta tumhere bas nahi,0
totally mesmerizing everyone perfectly contributed,1
keep grow god bless,1
hor vi neevan noori,1
great shrdha,1
apne bhale chhod diya microsoft but ap hamare liye always microsoft wali rahogi,1
maryam,1
social media pr giraya logo,0
luche luche hothe hey,0
amazing music vocals,1
great shradhaa dii,1
idhr hmry pakistani youtubers family dhky content khtm how jy ga,0
faaad di pakistani team,0
ja bhikh mag le syd mil jaye,0
disappointed watch inhabitants taking water canal thrash bin nkudos awareness campaigners valuable job,1
thnx bro love,1
dukh hu,1
love bhai,1
bestttt,1
best,1
its soothing song,1
song always opens doors new world love its music performers especially starter singer wao hats off whole team,1
jab sidharth big boss gya tabhi aaya inda darpokh,1
usa really like ur videos post social media blessed,1
jo beta baap beta bole wo beta nalayak hota,0
baap,0
ravi sagar veena,1
sajid ali thank sajid bhai take care,1
every end marks beginning something else,1
great simply,1
google system aisi taisi kar rhe bhai khu,0
trophy chor rofel gira diye drone girane aoukat nahi rofel gira diye,0
great music doesnt need millions views,1
rom farooqui,1
bro iam also jhajjar nlove,1
bache beta abhi sikho ache cricket,0
bap bap hotahe,0
wow amazing song its touch directly heart,1
audience indian,0
baap baap hota bachho bas chori terrorism band kardo baap apne jayaz najayaz bachho hamesha pyaar karta,0
abbu jeet gaye bharat abbu abbu jeet gaya,0
neetusingh xs yu tumhara baap bhe sy zyada match jeeta huwa,0
' masterpiece,1
time fav,1
more power shraddha aman bhaiyaa,1
upcoming sourav joshi but better than sourav joshi,1
welcome anytime brother will honored host,1
pakistani jhuth bolate only,0
blessings,1
hamza,1
magadi bus aadha garib baccha baccha,0
uski c liya wal,0
tera charger gayab hua waha mohsin naqvi sala trophy le kar bhag gaya fir hui uske upar,0
inspiration dii,1
tum pehle ro lo,0
magical moment starts,1
every single time khan msj,1
may god bless di can any thing,1
baap aulad jawab,0
goosebumps noori,1
beautiful love respect,1
yaar nu milaygi ajj lash yaar di,1
nice vlog druve,1
shout toh aise kar rahe jeet jayenge arey yaar apni looser team par bharosa toh rakho,0
[cleaned text]: process millions times think best year,1
di love hyd really proud uu,1
kala jadu allah gya vi bejti karba diya salo,0
fuck,0
not interested,0
reel say kun kun aaya main ya hit hogya reel wajah say,1
wow didn t know too city,1
kon kon sunil chetri messi video dekh kar aaya,1
tumhara baap kaun pata chala waise jis zameen pe rehte woh innd tumhe diya bheek,0
damn respect great work,1
bhai charger koi le gaya biwi chodke aya us koi le jayega,0
oh song opened door whole new different culture language,1
gush gaha andhar,0
music soul love,1
german dog hamare desh aake gendh mat faila,0
meer,1
jindagi bhar duaaa kro inshallah bolo isse aage kuch krna tum log,0
aaisi bandi mile toh main deshdrohi banenne sharam,0
jang baat mat kar,0
last brown safa wali mall gayab gayi,0
listening song,1
song good but : hits different,1
has rich culture music,1
heard masterpiece first time its now loop,1
beautifully orchestrated,1
appreciate your effort,1
jeeta hua match harna koi inse sikhe nabbu abbu rahenge njeet kar harne wale hara hua bazzigar kehte nwell done well done,0
now go change your pampers,0
here after listening shubankhar mishra podcast rao,1
aiman khan,1
bhai mam achha dress laye goood massage,1
mam biggest fan really like now student software engineering our classes not start but want learn coding get job nd rd semister thanks plz can make one vedio mam plz regards by saadaffan khan swat belongs pahtan family thanks,1
loved ' part,1
may achieve your goal,1
just love song,1
faltu,0
close your eyes enjoy,1
samhaj aaya baap baap hota,0
walaikumasalam,1
best di feeling proud your student keep up best your future journey,1
log sehi kehte hen bhai baap baap hota,0
mdarsachaap dimagiapang kom,0
brammos guss gaya bhay,0
love besti,1
old nnew respect bhagwat geeta,1
nice see love bahadurgarh,1
bolo bap bap hota,0
bap bap hota tum lock bap,0
thanks ali muhammad,1
dipu barua,1
very nice video great,1
shivamhun paytm par rupaye prapat hue nfaltu bakwas kyo kare ha,0
jung live hote tum nak ragad mar jate,0
reply comment shradha rocks,1
kuch log cheer kyun karrahe hain,0
feel free come any time like its your own bro,1
season,1
now become shraddha dhatarwal,1
ihas not listn music frm pst - yrs bt sm snd ths musc rl nw hv lstd ths sng bout - tmz,1
blessing ears again today,1
sharm nahin aaya hoga l l,0
sahi baat bhai baap baap hota,0
love her sitar playing,1
ahokestudiowheneversomethingcomesoutitisbreathtaking,1
pehele istemal karo phir baad pastao bhikaristan,0
kyu gala faad rahe lomdiyo,0
baap beta tumhara bhulna mt,0
thank respect,1
love one story behind,1
boom di going lead channel,1
pakistani yoko dhoya abuu naya agaya varma,0
very inspiring,1
only music,1
among best ive listened while,1
thank much your efforts,1
aaj namaskar bole,0
yrs old song getting popular now man love pakistani songs,1
tum charger dhundh rahe hamari trophy chori gai,0
r best,1
shradha di respect,1
may allah reunite great punjab,1
lar chat gya beta,0
baap baap hota hain choto nindia world cricket bap hain,0
baap baap hota,0
what makes happy,1
ise pta elivish ebi big boss jldi jldi trip maar ata hun,0
something very unique,1
love music,1
love swam against tides,1
whole song was soulful but real thing start flying joy,1
papa peldia,0
baap baap hota pak beta samjhe,0
real magic starts,1
har baar haar jate hain yaad rakhna,0
bro its called love,1
teri maa udd gayi bhai,0
nanga vikari mulk,0
yar music poetry end voice,1
hii mam can plz guide was want masters there,1
tumhare baap hm,0
tumlog kavi sudroge nehi,0
love too,1
match tumhra tabhi nakwi ji traphy chura laye dekhe bata dena,0
shradha love forever idol,1
bhikari charger le gaya,0
good luck pakistani talent,1
sweet bhot alla big love big respect,1
maine toh shorts bnā li,1
big fan naapke name tattoo banbaunga nplease reply,1
pe agar jung live hoti tum log isase bura khatarnak hal hota,0
beta pta chal gya baap kon match jeej gyi,0
rachna dagar,1
jang medan tum sale waha pele gye yaha pele gye,0
good example women empowerment,1
bhai bap bacha bolte saram lagta kabi kisi bar haraye bhai paile woh bol,0
waheb yasin,1
chilla aab kiya huwa gala sukh gaya papa jit gaya beta aab lolipop kha,0
she proves why she deserves much love respect team us,1
ha bhai tu uske sath enjoy kar le,1
wow inspiring greatest person how not pm,1
love bhaiya nd,1
beta jang baat karo tu aacha bhikhariyo,0
wish kuch contribute kar pata help nplease let know how can help,1
ali hamza' singing beautiful kind soothing,1
wishes,1
still loving,1
bhai bhout late video dali,0
cricket live chal ra nehi ta pak team won hogya boldenge pak log,0
dec still listening amazingsong,1
aniruddh singh non muslim but still understood perfectly intelligent,1
sheran di shikar kade tittar ni jaande,0
lucky,1
nice thought,1
today did wonders yaar noori,1
challo challo,0
bap bap e hota ha beta hota ha keya,0
tufail muhammad,1
really motivational nresigning top owned company like microsoft was really tough decision shradha has made her career not easy take everyone like decision,1
hope bjps won t sack,1
thank madam,1
what song yrr sach saal phle aaya song aaj pta chla,1
trophy chori nand charger chori,0
people doing great work society may god bless your team nwe,1
yes baap baap hota vo,0
great guys awesome,1
bhonkne kutta ser nahi banta,0
bikhari tum,0
outstanding its,1
plzzzz sabi friends sa ma request karta hu aman bhiya bolo nimcet cat exam liya class start kara plzzzz plzzz plzzz,1
theres no love exit society without power,1
tum log kyo gala phad rhe bhartiya team final jeetegi her her mahadev jai,0
aman bhaiya grateful mission nshraddha keep up good desissions,1
ghar jake jao apne abbuu varma yaad kar lena,0
bache tera baap beta,0
was also smiling while playing,1
motivated your channel,1
oh god thank,1
trophy churanewalon charger churana badi baat muragichor saley,0
nach,0
verma baniya kela khilaya,0
iske paas power bank paise nahi,0
confused life still finding way nbut after watching now really very forcused something life nlots thanks,1
bina jite hain roop karna shuru kar dete tum log,0
your voice can melt anyone' heart,1
icc please ban live presentation match like war claim match win agaist asia cup bcz trophy inke pas asia cup,0
pakistani match pahle nmatch baad,0
proud ur family nan organic farmer delhi norganic acre,1
tere muh kuch daal diya jo awaz nikal rhi,0
last minute song divine,1
congratulations,1
oye failure,0
listening song,1
bach gaya koi esko maza q nai chaka,0
sama,1
kyu nikal gayi saari havaa,0
aap sahi bola baap,0
mere pyaar zaroorat nahi,1
background music usually use your vlogs just next level,1
apni gdp dihan yarr bacho parolo yarr tumse sal zyada ilm,0
katori lekar bheekh mango tu sab sa,0
jaldi waha hato,1
yad,0
let reach million shraddha di,1
song deserves million views,1
beta beta hota tumara baap tumari takat samne jitne umid rkhna ntumari viket misal gira diya samja beta,0
sal gye song,1
course much expensive low middle class students,0
looking forward,1
bro only km away your home love charkhi dadri,1
wah use kar,1
baagoo baagoo chutheeyoo bikaariyoo inasshaallaa beter nexte time opreshion teelake varmaaa,0
punjabi songs,1
baap baap hota mcbc,0
bache bache abhi bade fir ana jao baap baap hota ind rehega hamesha,0
baap kaun beta kaun pata chala aukat raho bete,0
khane shart lga rhe pakistani,0
baap kon baap,0
pehle neeche kachra saaf kar baad jitne sapne dekh,0
editor didn t hesitate,1
masterpiece,1
discover your new self,1
sweet song,1
papistan nab ap logo phat gayi hogi,0
itihaas uthakar dekh humne kitna tujhe pela,0
rizwan bullerrrddd,0
know whole muslim population migrated into rotak,1
she ll touch heights,1
awesome love,1
love sri lanka,1
process song describes what true love,1
she has an amazing personality,1
anujsaini europe,1
toh baap kaun,0
thank explaining meaning beautiful song,1
nice see natural world but pollution problem increasingly day by day,1
thats heer ranjha story,1
bhai bahut dino wait kr rha video,1
best song coke,1
what' great about love song,1
tum log maiya chhut gai,0
thankyou maam kaafi kuch jaana seekha aapsey,1
havent song beautiful,1
muje daya aati log upar inka confidance par jadu tona,0
video achcha laga,1
aacha,1
vai gar fat geya pakistani,0
bhaiya apki team hissa banana chahta hon,1
haa sahi kha tune baap baap hota maaan lo bc baap baap hota,0
chor,0
mula madhrcjod ya log kon sa nasa krta,0
bheno ghodi bna lete gandi kaum,0
also aim microsoft also,1
crux sell course,1
pakistani delusion reh tai,0
salam friends,1
o god trending unbeliveable,1
come back,1
sweety rxzq good wishes hope may achieve your goals if think can help anyway please let know thanks,1
aapne kabhi real plan dekhe girane wali baad baat,0
rom rom bhaiyo,1
pure jahil bhara pra,0
hats off shraddha,1
last gaand dhuaan fake deye saare porki,0
majestic,1
thanks everything aman shradha,1
tu match nahin jeet sakta jung jeet payega baap baap hota bus hawa nikal gai,0
bhai uske suppoter hu agar usko kuch hua sabse pahle tujkho thokuga baad jisne kiya usse miluga yaad rakhana agar tumhare baat sach gyi,1
tumhare hisaab toh pura kashmir tumhara lekin tumhari aukat aaur match starting tumhari wickets sirf run andar leli hum logo nabbu jeet gye,0
ji no pe trending video,1
daylok kom mar kamon dilo bol sata panga le lena mitti kar dunga,0
coke chakkar,1
best your journey really inspired think broader work hard one direction nit placement time nit college,1
khud gala khud katlo nehi ta pasi lagalo basdy,0
rafel khauf tum logo sar chadh bol,0
congress supporter road infrastructure under bjp govt,1
bap bap hota hn,0
kala jadu wala kaha,0
muhammad ilyas,1
hinduo jeet islam par,0
bs first singer awaz pyara lgta,1
teri tarha velha nahi betha tera pura khandan kharid lega,1
hypertension news solid daddy thanx,1
dhruvs scene humor getting better better wont get shocked if starts standup channel hand orange covering eyes,1
bhai maza aaya dekh,1
pakistani singer,1
aap log bas sapna dekh te raho,0
yar nu mile gi aj lash yaar,1
nall best,1
let hug,1
tumhare mkc bkl tum kuchh jeet sakte,0
golden,1
log delulu only solulu thoda seriously le haye,0
esbar ground vi rafal tumare gar husha diya,0
shilpavoice' music,1
g meharbani apki,1
why no baby,0
thanks coke,1
an amazing story,1
ali noor magical,1
sahi bola tune baap baap hota,0
little bit sad but happy at same time now much more time ll get learn many things,1
baap baap hota cup chahiye maro aa lyoo,0
abe bewkuf balok mat bana agar ese longono leta sath,0
thank god ' still safe,1
thanks giving english meaning song,1
enjoy germany don t show how make superpower dream,1
aman bhaiya legend no words him give him lots love,1
congrats new journey,1
sweet adorable,1
jaldi jaldi gaao vlog bana deta hu fir isi gao desh burai karni,0
bhai chilane kuch nahi hota kuch dekhi nahin bina chilane natija yehi hota kyuki app nchilane gala pad diaa abi,0
shocked miss song almost years ago,1
rafale giraoge salo pehle apni gdp dekho congratulation new father pakisthanio varma new father pakisthan,0
thanks sharing her name,1
jitna bhul jaav mera pakad zhul jaav,0
baap koun hain jakara bangladesh ku pucho,0
bhai tum toh boot dogale insaan taraf kehte vlog wale videos mat dekho phir khud dalte,0
sohni chan wargi,1
hearted,1
can enjoy music many times without getting tired bored,1
love unconditional,1
chor bas,0
wahajawaab,1
new abbu verma,0
would love too see your video,1
deep voice,1
rao ma' 're just amazing,1
har baat pe insallah insalah lagate dimag garam hojata salo bastards tumhre vasa sunke,0
very motivated great bounded financial click how big if no backup financial suppot,1
mad people illiterate banana republic,0
sahi bola bap bap hota,0
srsly makes sense,0
aj pura din song sunne mil youtube pe story dekhi,1
beautiful way,1
rafel apane nani giraye zhe,0
hindustan sarei cricket team tere baap koi tumhe apni ammi khushi banglades bhej,0
niteshdubey great then,1
jai siyaram jai ma laxmi namastubhe namastubhe dayanide sureshwari haripriya namastubhe namastubhe dayanide jai ma laxmi ma,1
air base pey bramhos marey they tumhare,0
mera desh abe beta germany rehta desh drohi apne desh chodkar jane wala,0
tumhari sarkar kahati ham jung jite vah tumhen chutiya banaa rahi pahle real histry utha kar dekho baap kabhi nahin jeet paoge beta,0
ali hamza' voice makes heart go haywire,1
tum hari okad,0
besharmi had hoti jo tum logo jara nahi,0
part noori,1
strong voice man,1
wow man realise belong,1
suna jayega,1
bus last pure hwaa nikl gyi mob en logo batrry dawn hogyi,0
bahut accha,1
baap baap hota hein beta beta hota hein tum bete geye gujre mulle,0
loved see bihari litti,1
really best song,1
beautiful performance,1
mud pot baat,1
tum bandar,0
humko jo takraega vah chur jaega,0
mannn cant better than,1
kitni baar yeh dekh chuka hoon world cup yahin,0
bap mil gaya naya bala,0
hahhahahahahahahahahahaha,1
rao amazing song,1
jab gidad maut aati aisi ucchalta,0
divya yadav ary,1
time favorites,1
har field mei pak harta,0
no video manipur issue,0
wow seriously great job coca cola,1
lovely song,1
abhitak sikhaya drubh vai thanks hindi kise bolta,1
wah dost its still /,1
thik kaha bhai bap bap hotahe yakin nehihe aapne maa puchle,0
jarasa char out gaya tumko laga jit gaya,0
loved song,1
abe salo jang tum haare khayali pulao banana band kro jang live hoti pata chelta,0
ali hamza rock,1
sahi kaha baap baap hota aukaad rehna bete,0
can listen song deeply composed,1
why criticisme players,0
bete kaisa laga bhumra plan,0
inch lomba daal diya pichuwara,0
notnki saale,0
chek kro chek kro khud geya chek kro,0
love nepal,1
sale garibo kisa laga,0
starting mae kaise uchalkud kr rahe sab jaise match jeet liya,0
take into new world,1
welcome indian singer,1
they both look very good made each others,1
kay huwa gosh de ya,0
bol kon bap,0
love,1
favorite songs,1
really nice song,1
super video,1
tum lok chor hoo charger chori karna tum lok liye mamuli sa bat,0
love your brother,1
beyond beautiful coke amazing craftsmanship goes behind creation music truly admirable,1
guys amazing mum she has been working an ngo free education very low income family students journey won t give financially blessing but will give lots blessing families they priceless keep working guys,1
looser,0
fear not good great yes proved ma did not only indians but us many more as well lots love afg,1
pak sur,0
such progressive,1
koi gaali bachi nahi dosto mere pass bhikariyo dene liye aap logo paas dedo tum log,0
sorry cant justice song but now has got its place our hearts,1
cell brainwashed kids logic nbjp kuch bol toh disrespect,1
bhai jo bol jang nahi jit sakte baar milla mujhe use kaat kar rakh dunga use bol saudi kab aa,0
apko dekh achha laga,1
yaar big log kithar gaya,0
' really nice,1
social media hamre view kamane bale chu tiye har match bajjti karana accha lagta,0
want more vedio please,1
ya jo behen chod bol ya khub behen shadi karli hoge behen chod kon bap bap hota vhai thora khushi deta papa,0
thesis ancient indian play,1
right bro,1
pehle hum abhishek karte fir lagate,0
attitude wajah allah khud tumhe hara dete oh bhai bdl gaye dum,0
atta sarwar,1
great di v apke jaisa wnna chhata,1
love,1
lady king zimbabar,1
really iam connected as brother keep helping us as iam entering into btech new hope,1
badia chu ti alag gaye out kare jahilo mach apna samjh liya,0
trending nthe way represent things amazing nreality seen,1
such great song,1
beautiful representation culture,1
koi baat nahi beta baap harne baad dukhi nahi hote,0
at did know she only person can play instrument,1
found new dad verma,0
abe sale ham log pahle sal pahle jasn manana chhod diya,0
baap baap hota tumare baap,0
walo ludo khayalo match tumhara papa khayalnge,0
beautifully sung by everyone,1
noori rock man,1
koun koun forever kar rah ha sun ha,1
aa gaya swad,0
after dictatorship im coming,1
allah bola dua dum maza nahi aaya allah isliye tumko haar dedi,0
pakistanio aakhiri over tak baitha pela,0
big like,1
continued your singing,1
proud brother,1
thanks sharing,1
process just love,1
rao awaaz,1
ekadam sahi bol pakistani baap baap hota isliye kl bata diya baap kaun tum log bar bar bhul jata baap kaun kaisa aadami yaar tum log har bar bhul jata tera baap,0
empowerment trust love fam,1
sahi bola baap baap hota tumhara baap,0
kyaa baat bolaaa ji,0
bro dont use abuse against baap hain hum,0
soothing soulful amazing performance by pak cs,1
mere citi sohni mehiwal love gujrat,1
proud,1
hee hee hee,0
pakistani aawam like mera gand fatt gaya last abu pell diya,0
sapne b inki aukat bat kr rhe g,0
favorite part,1
match pehle insallah haarne baad allah pela,0
paise bc tum log haar hito jeet bolte,0
samj gaya bap kon,0
noori was amazing,1
best best,1
desh jhande jamin par rakha ise kala jadu bata rahe gwar kahi,0
puja narula,1
ha chakkhi hay sala rock pklb shok,0
baap baap hot,0
sunday kysa lagi,0
she looks pretty indian outfit,1
see again here,1
waiting vlog long time,1
start song mesmerizing repeat,1
first time life almost cried listening song,1
love bhaiya growing stage day did something our country will nbenifit full nation,1
run machine haris rauf,0
new baap milgaya pakistani,0
bhai jisne inka charger churaya kirpya wapis karde nahi agla vlog ham log nahi dekh payenge please yaar,0
ala kar like,1
brahmos missile nnightmare pak,0
one inspiration starting tube channel,1
suno suno,1
loved sagar veena guitar part,1
bhabi hindi bhot mast,1
thanks coke staff,1
official bap tension mat lo bap bap hota bap jeetne pr itna dukhi mat howo tum log,0
peak music,1
bhai ussi gala ma rakh diya land,0
r great god bless member apna collage,1
tumhara bap varma,0
r best,1
deepali khare thanks love,1
dont worry textbooks tum jung cricket dono jeete chuke,0
dhanana near gaav apna bhai,1
bhai abhishek bhul gaye,0
favorite rao mam,1
wud name dis as hly anthm,1
people stupid they won t stop until put religious statue river,1
shraddha like our lifesaver,1
im just love song,1
mohsin naqvi jo trophy le kar bhag gaya,0
rumi wani love lahore brother,1
first male singer,1
tuber mara tuber chelan ha mara chelan sa ap friday hosakta ha,1
chaloo bohot r rona gaya milteee kabii bara,0
sumitx vidio banakar kiske khilaf hate failaya jo aapne kaha uske bare godi media bath karti,0
october bhai aaj,1
no one can beats life nkahi pr bdi bdi jgha gumlo asli shanti gaaw mee aaake milti,1
peaceful,1
ma youtuber hu mare youtube channel ha mare youtube channel sa apko help milsaktiha nice video,1
maetch caetch latke hueyein pakistanis nharris ya anyone else would positively won,0
song beautiful,1
love your voice,1
magic starts,1
their mother adds such soulful value,1
ey log bina pani dekhe nanga rahe hain,0
every line,1
thank much,1
ksm agar fake id hoti main kuch bolta sayad,0
pata chal ga ya kon baap kon bache,0
she has most beautiful attractive voice out there she was excellent ishq shava jab tak jaan now here too,1
pyare bacchon jo kuchh karna kar lo appu rahi,0
inspired by video,1
rathee hate villages,0
kitna chilla gaya tumhara gale new wala chhin lunga ham indian,0
charger gaya gaya,0
thank such amazing contribution,1
dua kr liya hota bachta,0
melody,1
really very big decision shraddha took not easy shraddha aman bhaiya guys inspired us by doing what guys doing end goal but now thinking why not can start today thank much will also contribute those don t resources whether starting little true if help someone gives us an amazing feeling never get anywhere again hat off,1
prabhu darshan,1
love too,1
dilwaly,1
but song like noori voice,1
tera naya baap barma pata chala baap koun hain tera bap hain isiliye kahti hoon panga mat le hasti mit jayegi,0
awesome aj phli bar suna mza agya,1
naya abbu mila,0
great poetry,1
september mera birthday hota,1
great inspiring,1
needs more such personality steps ahead towards betterment society,1
proud subscriber channel wish part apni kaksha,1
lowest iq earth they still not realizing they years behind world focus education economy,0
fiancee moroccan she loves,1
beautiful family nice ur brother,1
duwa hua alllah bhul gaya tumlog duwa hur chakkar,0
wat masterpiece missed,1
great memories,1
gratitude,1
life about khatta mehta one after other,1
amen sum amin,1
nora el-hadi,1
pakistani social media pe rapahle gira rahe hain us taraf massod azhar kaa pila live stages pe ran di rona hee,0
song gives goosebumps every time hear,1
speechless respect,1
tum salo kabhi jang jeetoge match bas sale sapne dekho kyu tmhri paidaish isliye baap baap rhega hmesha,0
thanks sharing its amazing,1
go ahead our true wishes pray mam,1
will love see,1
bhai gaana uski yaad dila rha bhai key karu yaar,1
apki video dekhne bad mere nind aate apki old video bi dekhta hun not student but like your video,1
charger v safe wha,0
match suru honasaa pahelay walla bockchoodi suru hojatihin harnaa baad roonaa suru hojatihin,0
pata chal gaya gaya baap ntm log saram nahi aata bolne ntumhara baap man lo beta,0
background music sun mazza aarha,1
ali noors part like hidden message like hold hand ur murhad can take across river like your spiritual leader will take across river,1
fabulous rendition,1
yes mee,1
r right baap baap hota itne baar haray kuch sharam krr lo,0
heartwarming love love,1
wow rahe,1
life' lyrics,1
always aman bro shradha hats both ur team really feeling grateful having both god bless both,1
your country fell,0
op sindoor live isilye jeet chura rhe aab op salo trophy chura vag gya,0
baap baap hota un bacchiyon bool dena jo bool rhi thi,0
was best season ever,1
norri,1
bhai phir new abu,0
good,1
irfan thank,1
very nice please stay connected,1
last rocket pakistani gar gusa diya varma vag pakistani bachaa tumara bap,0
last okat dekha di yaar tum log charzar bhukhe,0
can help by giving c language channel,1
yah kitna interesting vlog apka bilkul apnapan jaise feel r,1
very famous personality,1
kerala malabari,1
yaye gand danda gye hn jo yr kra bwalle,0
bap pel diya pak,0
good see city youtube,1
what happened during last month no vlogs sooo long,0
shi bola bhai baap baap hota,0
cant beleive missed masterpiece december,1
hmm thanks useful info,1
keep growing,1
thanks rao,1
what beautiful song just amazing,1
ali noor his brother ali hamza did intro song,1
aasmani bijli giri paijaan,0
beautiful,1
meri help kijiye ser,1
always simple best,1
baap kon hey pata chalgaya nbaap toh hindustan hey npakistan maa sath suhagrat hame manaye thye,0
hello,1
bf tumhara shadi kisi rhi,0
sorenutpal chuslims no fcking goats,1
emotional video love shradhha di,1
ganr mey ghusa le rafeil,0
microsoft wali apna collage wali,1
how even if people very low income consumption after taxes than too indian inflation rate not considering daily rising cost living,0
boht mazay,1
generation has really missed golden era coke but were waiting every season,1
love gujrat nice video,1
beautiful blog ji nice visit look around wonderful beautiful traditional houses food definitely give positive vibes thanks sharing fabulous video big like,0
great mix,1
always suport brother,1
wahhhh best song coke,1
lols hits yar bollywood dedeta hy wats difference btween bollywood cs now aap aik gana batado jo farid brothers qawaal fusion ya abida perveen rohail era qawwalis ya sanam marvi tracks aap la sakte us jesi mature music class music,1
coke noori,1
criticize also,0
kisi kam achhe ap sabhi bhai,0
mind blowing song,1
airbases yad haina bete apne baap pucch lena jung kaise katke bangladesh banaya,0
those know its story,1
topi waale dekho,0
story really motivates us thank much,1
xxx p,0
apka video trending wow,1
song has best coke probably should featured final,1
je ta karda tanu galaa kada tanu saram ni kuta,0
not only serving but also many us bangladesh benefited guys,1
usman arif bilkul,1
ending pure magic,1
best season far,1
very nice actually bola usne,1
kitna randi ronaa karte tum log,0
best luck enjoy your new journey know talent overcome any problem your,1
match gaya toh gaya charger chala gya,0
melodious poetry melodious singing,1
aa gaya swad bhikariyo,0
papa papa jeetega pakista anta kus hana nehi chahia bad hua abhi ra rehia,0
best example apne kismat badal moka bar ata use gava nahi chaiea,1
ha tera bap,0
thank much hometown birthplace,1
good job saaf suthra kro nehro,1
hmm bro baap baap hota,0
not an easy step nkeep learning keep growing nlove apna college team,1
right there across chenab river lies beloved hut,1
hum apke sath humesha respect your knowledge logo krne hate fhrk padta,0
whole these pakistani community living their own world,0
dur dur tak dekha pr koi pdha likha insaan dikh rha,0
gehu season vdo purre month late upload,0
operation chal gya,0
dont say coming big boss,0
listening first time,1
ha ha surprised after watching vlog,1
not really villages himachal uttrakhand much better,1
still its addictive,1
finally song getting recognition truly deserves,1
vikari log charger chori kar liya vikaristan,0
tum log mnts under full change jate kaise kaise log haii,0
avinash gandhi,1
most inspirational video keep up shradda aman best,1
pak walo tum bache baap panga mat lena samje,0
system upar,1
background music really heart touching,1
noori je,1
hu aapki shraddha jabardasti mam bol deti,1
tumko pela tumhara baap,0
funny prai ng bakras comments,0
bhai diya jalane ayr bell bajane noise pollution hota gya dene wala hutiya aaj khud sb kr rha apni german wife krwaya rha nchemistry basic combustion pdha tune nbhai mujhe pta tujhe science aati pr juli german education li use basic combustion law pta hoga nlog views famous hone liye kr jate tera crinzepan mere min brdast hota ntujhe logo mafi mangni pdegi,0
soulful music pure song sung by heart,1
trophy chori hone baad mobile charger v chori,0
kachayan ty rakhiye naa omeeed paaar d ghariyaaa,1
rfl gusa deya indian,0
malik rashid,1
love jind bhai,1
made video show how shallow loud could done something better,0
abe salo pahele jeet liya kro muh fada kro muh ghisod diya,0
beta tum jo jahaz gira rahe tum yeh thmhare jahaz give hhai aise,0
social media pe bhosdi wale rafel girya,0
sed dard hogyi hogi iski,0
yeh sab log jokar,0
awessome,1
bap,0
best wishes also great step much motivating,1
just love,1
[cleaned text]: saw rohit sharma edit was crazy touching,1
like song,1
dhurv lagai videshi nhai re choro,0
amaaaaaaazing,1
after elderly lady played her instrument beautifully,1
rafel price kitna yeh pta kar lo,0
most beautiful song ever heard,1
awesome blossom,1
waooooo,1
essence,1
bhai yahan log kitna jahil gawar kisam hein,0
noori pure,1
bicharon bolati band kar di bhai pel diya achhe,0
rafel giraoge tum log,0
nice dear love,1
maine technical chod police join thi uprvunl hu but aapko dekh seekh hu fir technical interest aa socha thoda side work karunga,1
muh pr thuk diya trophy pr beizzati kr di,0
wo videsi desi ban gayi aour tu desi videshi ban gaya gadha,0
gorgeous,1
like song very much,1
just wanna tell re favorite person just wanna make one vlog future ik far cry but can predict future,1
heart loves music,1
log aise hotey,0
last part vlog was most important,1
balo teri tisra abbu ageyahe,0
favourite berries,1
army airbase nikal gai aasliyat jaangke middan,0
bhai haar gaye apne bahan bhej dena,0
epic,1
sr welcome cs,1
how could contribute into your your mission,1
bharat itihaas sahi nahin batata pakhandwad badi safai support karta,1
vote like dislike,1
ha baap bap hota bete dekh liya tumhara baap varma,0
happy see juli accepting indian traditions culture without judging open hands nshe deserves happiness world beyond nlots love juli,1
one punjab,1
terrorists camp,0
great motivator getting very motivated after video also try become better than,1
very good videos,1
actually an amazing masterpiece,1
guy singers first ones awesome,1
waiting anxiously new season,1
funny chuslims,0
seeing first time jst want say god bless,1
dec kay,1
mc tujhe wahi bol hu baat kon o tujhe pata hoga paida hua pta,0
especially music was aesthetic,1
love best wishes,1
super duper video bhai,1
loving song,1
beautiful,1
kisi new t shirt dekha,0
keep up,1
right bro,1
sahi boli,1
kehte war har gae abe saaloo tumhare soldiers surrender kia haramzado tumhare soldiers pucho kaise dar mare fatt rehti unkii,0
baap baap hota hain lodo aaand forces,0
seriously these exact sounds which actually gold,1
bhikharin tu paisa degi aata khrid lo,0
abe o kala jadu pakis upar kardiya,0
great job nthanks lot,1
bhul gaye pak bap rahega beta,0
no performance only duwaien,0
great,1
out here,1
o god itne sare atankwadi peheli baar dekha,0
listen his nishaan,1
app phir gaurav taneja sale huye,0
pls read glorious quran will come know true super power allah,1
baap yaad rakhna,0
abe rona dhona tumhra chalu reporter maje le rhe,0
now onwards will calling shraddha di,1
jo jo like karo,1
boy sound good,1
le lehanga per le,0
harish roff th man,0
isy kethy apny mulk sy muhabbath salute sister,1
what about security your family now,0
chills down spine absolute beautiful,1
ur big fan courses very good,1
wah wah maza gaya,1
pretty nice,1
very nice like song,1
think because they try enjoy family time fullest without constantly having camera hand,1
baap baap hota one sided match jita mobile char jar chor,0
dimaag use,0
very nice place,1
baap baap rahega nbaap baap rahega,0
salon harne liye paida hue hain tum log,0
allah allah bolne nehi hoga bano,0
nice see your ancestral broader streets,1
nii tera karna thk sala kisi trah paisa kmaye,0
great man impression,1
sala paida hua bap beta banat,0
utter masterpiece,1
yahi aukat tumhari,0
pak put inside,0
rao sahab,1
sahi kaha baap baap hota,0
kon kon dekh rha,1
becharo hmesha popat hota ntabhi bolta hu beta baap samne mat uchhala kro,0
ap kabhi match jeet sakte itne uchhlo mat,0
kon postcard sy ayea yea sunny,1
now she shraddha bhabiji,1
superb awesome,1
thank really touches heart,1
beloved al rahman,1
too good,1
good job professor,1
fun tv,1
beta aab samaj aaya aasli baap kaun hay bete kuch pal khushi diya fir pel diya kaysa laga,0
suru bhut sor mcha rha kiya hua bap bap hota,0
heart,1
lovin,1
right,1
old lady,1
thank loads love prayers,1
wale allah nahin sun,0
tumhara baap rahega,0
achha!!! aj tk huya,1
wowwwwwwwwwwwwwwwwwwwwwwwwwwwwwwwwwwwwwwwwwwwwwwwwwwwwwwwwwwwwwwwwwwwwwwwwwwwwwwwwwwwwwwwwwwwwwwwwwwwwwwwwwwwwwwwwwwwwwwwwwwwwwww,1
sala gadaar,0
hehe,1
itna mehenga sapna dekhne aukaat inki,0
btw favorite lines,1
baap baap hota bolte hue bhul gaye baap najayaz aulaad,0
mahival sonin,1
bliss,1
love hindostan,1
travelled beautiful places,1
charjar chor tum rafel giraoge,0
gaya yaar abhi rinku tumko marega yaar tumhare man bahan raste per laga dega yaar,0
punjab beautiful,1
yeah no one can,1
porki palen kar rahe sharma ji kese pakd lekin inhko kiya malum sharma ji badaa bambu varma ji ghusede ga varma ji bina oil pichhwade bambu gusha diya porkio khun banad nahi,0
down earth dharuv proud,1
charger chor inko kashmir chaiyee,0
amazing shayri,1
tumhara gareeb mulk jahan charger chori kar lete hain trophy lakh lanta tuhade te,0
proud both di bhaiya,1
kaise lagggi aagaya swaddd,0
mera desh ese log badlenge salute,1
baap baap hota beta,0
really understand,1
wow yaar salute coke,1
should no differences,1
tumhara new baap verma big congratulations bhikharistan,0
tumhara paida jalil hone liye hua,0
wow rao coke,1
apni microsoft wali,1
may stay blessed your love sake love,1
maza aaya,1
raffle your prime minister lied,0
koi b garden ghumnega mcd uski suna tumne pakio rohit kaha,0
wish could met both,1
peak lyricism,1
jis road achhe ja rahe vo modi banwaye nisi devlopment bolte,0
beizzati karwa li charger chori gaya nkya awaam,0
atta lena bolo,0
kitni nafrat fela rakhi tum logo pta chal gya kon beta baap,0
bunch rathees loves nagaland,1
support shraddha,1
well done r follow ur bliss,1
comments,1
hali introduced song puchku,1
baap baap hota beta tu sahi bola halabola karne kuchh naihin hota beta nai pakistanion laga diya,0
keep coming back,1
next time will claim rafale giraye inko apna noor khan airbase nahi dikha yeh suraj par gaye proof social media par heh,0
mera bharat mahan,1
actually when saw your teaching videos,1
tum tum logo baap verma maja aaya,0
healing soul,1
even also shocked,1
vidyapatil pcxs why best your future,1
aab pata chala bapp kon kaise phora bom tumaha re upar liye bolta hu zada urna mat bache bache diya bom,0
harane baad apne charge rkhna sath ghadha muttt pee jana,0
nuunth pahad neeche aagya,0
rafale girana tumhari aukat,0
nice,1
hahahahaha hahahaha hahahaha bhul gya baab baab khel meand tere dada ji toh beta tu baap toh hum dada,0
par channa de,1
if not step forward nyou will remain same place,1
baap baap rahega,0
bahut besharam log hain log,0
chal bkl papa bol,0
when ali noor comes,1
abhi tum bachhe bete,0
gadha becho,0
gand ghus gaya rafale pata chala dard kaise hota bol beta bap bap hota,0
very best,1
sach itne bade jahil tum log taras aata tumhari govt tumhe bewakoof banati rehti har jung haarke tum mana lete waah history books padho kabhi samaj jaoge,0
sublime inspiration,1
haa bete baap baap hota,0
weekend start mutton curry beautiful song,1
watching vlog nexited see,1
hello rathee kuch development dikha bjp government leadership nahi ese other country beth unki burari karte,1
country needed blessed such more great persons proved what true indian by best way possible literally yaar salute shraddha di bottom heart man,1
tumhara baap ghada pahle mar chuka fotehi ja rhaa,0
instagram hota hum yha hote,1
history pad lo beta jang kitni baar jita,0
boht sundar song,1
inko rote bhilkhte dekh bahut mza aata,0
awsome,1
favourite most listened song december,1
sirf bol rahe rafel gira diye yeh kaho pakiatan acia cup jita bolo bolo nakvi le gya trophy pakiatan bolo bolo,0
kro party dekho khud aukat tumhra hirdum phle tut gaya,0
pak sht charger ma ch d gye,0
good job everyone,1
wow wow wow... year kese miss krdiya,1
wishings dear syrians,1
jung jitne spne dekho bsss opration sindoor thok diya,0
did something very unexpected because expectation now more,1
hello pakistanis,0
' good one,1
agarwalkaditya says look at state place losing land china,0
seriously hats off shraddha,1
collaboration indian pakistani artists,1
not only battery low can see more low,0
rao 're amazing song has become one time favorite thanks,1
now know why your name microsoft wale madam,1
ali hamza rocks,1
jung beta jor nahin jita jata,0
tumhari aukat yahi sath harna isliye pahle jyada nahin uchalna chahiye,0
more power,1
beauty vastness its richness culture,1
ghar ja ker goli kha leya,0
beta baap baap hota,0
hatts off your dedication always there support,1
tere aukaat jung jeetaneki bkl,0
haris qayyum can,1
chor,0
such sale sab jahil,0
inspiring di,1
virat bad inke gad bamboo kr diya,0
wah wah g kia bat apki awaz,1
baap baap hota,0
where your charger,0
rao blessed sing coke,1
khusre khusre,0
انکomeing instagram,1
yahi karan c wale sabulla c,0
tere mummy zyda sundar but,1
kitne namune yaar log,0
darya ravi lahore aaya,1
worth every second life,1
' what was thinking,1
match hota rehe ga parr bhai koi charger legy,0
abe jahil tum log kounsi jung jeeta tumhara fauj tum logonko bekuf banaya agar match live hota toh yeh match tum log jeet jaate,0
charger le gaya koi bhikari,0
original coke,1
indierock infused folk melody,1
best luck,1
real life hero,1
trophy chor,0
match bahot bakwaas karte hain ghusa diya naa,0
congratulations lavde nnaya pappa ayye varma,0
noori love,1
pak team humari uder team hara degi,0
pakistani,0
rafale v social media gira,0
yeh zuban koi si,1
wonderful music wonderful hearts,1
arsalan ali sayeed sorry,1
sab sala chor,0
year old song but aaj kyu sun rha hoo,1
better than son,1
just realized some songs can really make cry,1
shafaat aalam,1
pakistani but grant fathers rao jamal din belong city owner jamal ghari same country ni muhammad waqar azeem rao gother ponwaar rajput ponwaar rajput belong maha raja jugdesh ponwaar,0
baap baap hota beta beta hote hindustan baap yaad rakhna,0
yaar nu mily gi,1
thank love,1
: mere pass tum music,1
music industry would been at different level,1
sahi kaha baaap baap hota jese aapke baap hate,0
mr sri l know hindi but doing good jop pl translation tamil pl,1
anyone listening again again feeling loved song,1
good luck myam,1
abhi dhan ropai chal rahi naapke yaha gehu,1
achaaa jeee aisaa haiii kyaaa hahaha,1
sapney nehi social media,0
saale drone rafale bol rahe hei,0
ending lyric yaar nu milegi aaj lash yaar di beautifully portrayed,1
honhaar baccha desh bhavishya proud bro,1
big fan bro,1
wah bat hy,1
tumhara baap surya,0
har bar tum haroge kyunki bap bap hota,0
valo tum log soch kese leya bharat hera denge agar bharat jeetna vo sirf sapne skta sapne dekho hakikat tum kabi jeet nai paoge,0
baat jaye jo baar baar tumhare upar hag de,0
itni baar maar khane baad aap log police station fir lodge karwaane chahiye,0
beautiful song no words,1
awesome music knows no boundaries,1
loads love mam,1
nikle jati,0
proud haryanvi,1
parrot story instagram seen,1
views likes nhow positive good people here,1
aap aap team over action mach dimaakwale jeet te chillaane nahi,0
q bol rehe her bar har jate kebhi ai bolaa kero baap baap hotaa,0
romance casablanca,1
process soo perfect,1
kabhi sochta hu koi itna gawar kaise sakta gadho tulna karna aab kharab lagta,0
jo dekh hain,0
kaala jadoo karnewale pehle flag sahi desh pakdo,0
best wishes go ahead,1
love shraddha di nlove,1
lo dalo rafel apne pichh wade,0
reminds mohan swades,1
pta chla baap kon aand chae kitne bade jaye,0
gagan,1
dua tera garme ghusadia,0
magic song,1
gand rafel gush gaya hoga cup ghusa diya nseez fire gaya nahi paida hota pelne baad,0
singer' mastery,1
really proud your dreams comes true,1
tumse verma wicket gira nahi bs rafel giraoge,0
charger chor pakistani,0
tukdo liye imaan bech diyaa,0
charger chor trophy chor,0
really wow,1
favorite song last years,1
trophy chor charger v chori krte,0
aman bhaiya shraddha aap dono iss duniya kis level kam kr rhe aapko bat koi idea seriously guys really great aapka content bht awesome apki team apki story everything inspire alot fact inspires everyone out there think jo aap kr rhe wo koi nahi kar skta keep up guys love much aap boht aage jane wale sare aap grow kroge kyuki aap hume grow kra rhe apne sath sath baki bccho bada bana rhe know aaj apka jitna bada naam usse kahi jyda bdhega apka channel aap bht success milega aage chalke wish very best,1
bhai bigg boss jane plan hua,1
nice watch your birth place bmd,1
respect heart shraddha ma aman bhaiya too,1
nepal bikhari desh pakistani akuta nai mach jite,0
its almost year,1
sharma ji beteke chakar barma ji beta bhul goye,0
tharunkm bhai kha aap,1
why not make video manipur burning mub rap video hat north east indian hope read,1
would love know why says nomoshkar dosto at bigginig his video as know his native language not bengali,1
don t like film daily life family privacy now will only vlog form home,1
feeling very motivated by watching videos learning code day by day but no cs degree now wish work some day such company will possible does education age matter,1
love track,1
mesmerizing listening,1
match gya charger bhikarithan,0
no doubt nbest wishes,1
itni achi video zero hero ndislike mat kro,1
miss babaar,1
what masterpiece yaar regretting discover soo late,1
memories,1
did right thing if were working hyderabad then best decision your life hell means microsoft hyderabad,1
: eyes filled tears,1
best luck,1
awesome melody rhythm,1
noori rocks,1
baap baap hota mere nazayaz auladon,0
ise toh koi baat kr rha video wale khud sb bol rhe,0
land lelo salo,0
chargar chor trophy chor,0
ghariya mere liye,1
risk toh ishq,1
bhai mujhe chasme wale log pasand,1
hello guys what beautiful song its music oh amazing like obsessed wonderful,1
how can afford new father daily yesterday abhishek,0
last line were giving goosebumps,1
meeting soul,1
pkmkb pata chal baap kon ha,0
dil guzr rha,1
toh inpe gussa nahi aata balki illiteracy pe daya aati,0
same yrr mujhe lga shayad abhi kuchh din release huaa kyuki mere insta baat baar yhi aa rha isiliye lekin years old bhai sahab but love yrr,1
august superb,1
baap koin baap koin,0
tareffff,1
enjoying awesome melody,1
love story,1
baap puchh jang bare,0
yaar kyaa yaar,0
abbu jit gae tumhare baap baap hota chote,0
very sweet song,1
deeply appreciated,1
comment year,1
such masterpiece deserves millions views,1
bhai ali khan teri mehrbaani jeo jeenay,1
thank much brother,1
yeh bilkul mere jaisa gaav,1
very very impressive dear keep rocking,1
trophy chor charger chor,0
if everyone thinks about our nation will developed country nthanks lots dede,1
caw dikhane sarm aaya vensaa leaaye,1
jat bhavan dekh kr proud krne wale like krein,1
shes actually second one feature coke indian,1
phone charger chor tropy chor,0
mujai ya song bohat pasand ha,1
tumhare aabu jite gayee,0
abe lukho,0
r nnever knew ni also,1
song saal purana haii,1
like your non political videos,1
beta apki nani yad dilai bap,0
tumhra baap dekha rafael girate huye,0
abe pokiyo kitne baap badloge akhir toh baap,0
charger chor public,0
did anyone see hater was also middle,0
kon ha baap,0
kuch khaiye bhaiya bhabi dekh mijaj khush jata,1
listening aug,1
o,0
kon kon instgram sunkar aaya,1
haroon tahir bilkul bhai,1
tumara bapa indian tum bacha bap satha panga mat lo,0
respected mam noor zehra playing just amazing sagar veena,1
shuru toh bhot uchak rha yeh chomu,0
okat rho salo indian chup chap gusate,0
bata baap kaun,0
dua ni tumhe dawa jarurat,0
insaan,1
bhai ram ram nproud dekh lo waalo gaali dene waalo,1
amazing,1
baap baap hota plain gaya tumhare,0
sapne main rafel giraythe laude log,0
pakistani coke songs,1
gajab jahil yaar log,0
love people both nations,1
good see your nice message clean river by locals but not more than cry wilderness difficult making people understand should learn chinese people how preserve our natural resources anyways hope best enjoy vacation dear,1
peaceful emotional,1
pakistani singer,1
yaar yeh puraana song mujhe lagta abhi e-release hua,1
thanks video,1
hiba arnous love our syrian brothers sisters r always,1
most awaited vlog,1
beta rizwaan apne naye baap verma check kro,0
sohni g,1
ghumega dekho,0
thankyou saad bhai,1
pcs seekh kabab bna kr bech de,0
chud gya,0
became super favorite,1
dear if were one country would not listening such creative melodies hope understand,1
team kaudi,0
beta jahaz nahin pas china ghulamon america ghulamon tumhare pas,0
beta tumra baap hum ha aap maa maalum kr la,0
sab chor,0
mujtaba nget well soon,1
ur germany not dont tell peoples ur feeling shame because ur antindian propoganda,0
asad ameer awesome,1
amazing maam whenever feel sad,1
what success reach one point than after touching point if r not happy can leave by doing get confidence if become life than also can come back touch sky,1
thanks appreciation,1
abey baada kaya tho baap houta nahi,0
sahi kaha beta tumne baap baap hota,0
daddy,0
song feels like poetry woven into music,1
bhute khush bhai fr bade huwa,0
halala bacho aukat pe aa gaye,0
still listening,1
love mashaallah guys re united full love wonderful sweet peace re one name music love,1
outstanding performance,1
sahi bat bap bap hota,0
sahi kaha baap baap hota tumhara baap hindustan,0
root cause pta kariye khud achi jagah pe rehke koi badlav nahi laa sakta meri najar mei root cause money jab sabke paas good amount money hoga tab log sab cheeze follow karenge otherwise kisi koi farak nahi padta,0
yahi rafael missile mar rahe bhag rahe kyu raat places destroyed baat kar,0
trending brooooo,1
bohut accha gana banaya,1
finally bhai new t shirt leli,1
aansu pahunchne liye tissue paper bheje,0
abhimanyusingh madrakun bhai strong point bolo jo tumhe gaon pasand,1
soul full art,1
chutiyo ban kr rkha,0
proud,1
can imagine pak coke was peak even years ago,1
rahul gandhi instagram reels background music agrees ..,1
proud,1
there some music which appeal ur inner soul,1
litti,1
love assam,1
maria yusuf take bow,1
phir haro hamesha tarha,0
gand fat gai,0
iss bar bam gola nahi chalenge sirf missile chalegi piche dalenge,0
rao sahab like button,1
lol nhe propoganda activist doing everything money,1
ishq zruri hy meri jaan bicharnay liye,1
badi sharamnaak kom aap,0
plus rise bjp,1
no content ayega java course complete karna haina,1
doing great job keep up,1
rao coke,1
puri raat matam karo,0
svenkat rao your daughter voice fascinating,1
favorite version,1
love jehad hota kerla story film,1
affan khan thanx,1
love,1
pta chala dr foreigner q shadi hariyana isiliye,0
expecting more,1
new abbu verma,0
hayyyeeee,1
message perfect,1
pel diya,0
nori amazing,1
always watch your video,1
your vidio motivative please give many vidies like,1
wonderful person,1
bhai kasham etne jahil log kisi desh nahi akhir kar kaise lete sb roz jaleel hone bad kal phir waise jate,0
baap baap rahega,0
think ll still our microsoft waali,1
tu bol baap kon hain,0
baap baap hota hain bhai tumara baap jit gyea,0
dada virat baap varma mil gaya le lene,0
sahi kaha baap tho baap hotha,0
ha bhai bap bap hota tumhara bap,0
isko too hindu dharm vishwas nahi aab ky hogaya,0
proud,1
struggled lot,1
nice god bless,1
haaa friends plzzz aman bhiya nimcet cat exam liya request karo,1
saale pahale khelana shikh phale rona badame bolna,0
more respect dhanana giving us rathee,1
finally get video after long wait while was watching his old vlogs btw love,1
duaa kala jadu biryani murga shi beta tum t alag confidence bhag rhe,0
ghara toota tau yeh awaaz aayeen naheen dono judaain shikast jisme khakee paidan rabab erooh naghm serainn wisaale yaar rahat pe qurbann tareeqe zuhd o rasm paarsai,1
punjab music has its own taste,1
hare huye metch mu nikal lete,0
tik tok kuchh aaya,1
guitar,1
nacha party hogi jis ball kulla c ball mara army fogi,0
indian tho pettukunte anthera,0
shagunpandey see also main reason why refused,1
bring back rao,1
greetings karachi,1
shampoo sabun bechane wali army kabhi jang nahi jeet sakati,0
yeh tumari psl team nahin,0
pata gadho hoga kapil sharma comedy pichhe chhod diya,0
google prediction great f l doesnt know maths science,0
no flying beast harmed video gobar,1
bhai bhag jao hariyan ruled by bjp,0
proud,1
new fav,1
sala charger chor,0
bap ta bap rehega bate sapen mot dhek,0
such brainwashed people they don t even know how ask real proof their aand forces no science no logic f rafale girayenge chutiyo desh,0
southern lot well wishes,1
plz continue java dsa course plz,1
broooo,1
kusa desh kuse de lok,0
cool,1
chalo big bosss kuch hone wala,1
pura log kaafi l lagane liye,0
abe sale tum logon kahun yaar sharm naam chij nahin tumhare,0
such lovely piece,1
looked beautiful,1
very inspiring story now will also going clg very excited new journey exploration every time motivated by seeing shradhha love at home whenever new video came tube just told parents microsoft wali uska video aya they laugh bcoz says ur journey inspires thnks,1
sahi kaha tumne baap baap hota love,0
mister naive,1
beat wao amazing,1
haisam khan lol,1
mubarak mubarak abbu jeet gaye,0
music unites,1
aab pass bacha kiya bolne liye our ha aise tum log kuch bol paoge wale tumhare mu lu nd ghussa diya verma,0
th class tak yain,1
hua rafel ghus gyi,0
duwayein kaam krti bilkool but wo niyat dil dekhte,0
beta bete jaisa behave kiya karo last ball pahle against khushi manaya karo,0
jung asia cup dono ney jeetey khilaf jhoot bolna bandh karo,0
bumrah yu yu kr diya beta tere trh hmare yha gine chune bs player best hota yha sb hain jayega dusra ayega hahaha tum log soch khush rhi haarne bad lga hoga bhai hahaha jay hind jay bharat,0
bhai koi bataiyo zara pakistani konsi nasha karta mareko chahiye,0
tumhe troll hone wale nit much like cows nish par,0
noori takes bow,1
sohna punjab,1
proud jaat,1
operation sindur tarah bol match jeet gaye aisa,0
christain jat kiska dna best hota batana jaror,1
lion apna shikaar muh cheen leta,0
but song,1
will stay apna college guide us forever ever love,1
kaisa badbu match jeet gaye tumhare baap kaisa,0
sale cethada udgai,0
trueindian dimag indians kuch hota support projects pe dalte indians kbhi compiler design,1
ha bro,1
cant get over masterpiece,1
izzat loot gayi salo,0
har bar g marlete,0
nori always best,1
r bheekh mang gaya tere takdeer jung nahin bheekh mangna,0
girl your voice heaven,1
best hopingg can help ever life,1
haye yaar nu mile ge aaj lash yaar de words heart touching,1
areee gandddd fat gya,0
kachcha mera naam di,1
bhai behn pe chance mara nyeh pak e stan,0
kabhi kabhi mere dil khoja,1
itni bajjti hoti besramo bas karo tum log salo kbhi sudhroge nali kida nali rahta,0
proud punjabi love,1
people more interested personal life than his educational vlogs just saw his nasa vlog got around views his vlog got around views ni mean very bad habit many people same things their lives also nfocus self improvement rather than being interested someone else life nthats also same thing also trying implement myself,1
mi pak army salwaar otaar gand mari thi tab jk bangladesh bna,0
woww superb,1
odisha bahut sari turist place kabhi aneka ghumne liye,1
charger b chura liya bc desh bhai acha hua tum log alag hogye,0
top software developer kon kon sa starting course karna chahiye kon sa computer language read karna chahiye thankyou,1
coldplayfan agroha naur rakhigadi hadppa sabhyta suna nsapna chaudhary delhi,1
kitna purana video bhut late post keya aab lake kafi acche karde love,1
proud,1
itna harne bad tum logon mar jana chahie,0
beard guy,1
roo mat adat si gai gi,0
paky fans,1
blown mind,1
bhikhariyon ahi hum tumse kehte baap baap hota,0
come guys,1
song really lovable,1
thankyou much beautiful interpretation,1
proud feel horha aap krte dekh soochte dekh god blessing always,1
love hisar njai jai bharat,1
sahi kaha bhai aapne baap baap hotaa,0
ll miss diii,1
swaraag agreed,1
tumhari missile kheto giri,0
guys killed,1
watch end say again baap baap hota,0
befukufffff pakistannnn shoti c khushiii par kese pagal huyeee,0
bhukha naga bhikhmaga des,0
beautiful boy,1
hyee kee likh dititalove,1
music,1
sweet,1
apna bishti karne liye himmat chahie bhai,0
bucket list,1
teekh bola baap baap hotha hey,0
waaoo what song love song,1
exactly hajra,1
ali hamza song,1
esi har kat liya lok nei jite,0
turn caption,1
love bangladesh dream similar want teach those people not touched education pray god bless,1
nyc,1
sab land chat liye,0
porkiyo fitrat pahle chilate hain baad main haar jalil hoke bhag jate hain,0
bhaijaan duniya news link de jahan unhone accept kia rafale giraya,0
congratulations beta tum logo bas baad nahi,0
crazy like how years old song people finding right now . think its everyones spotify playlist,1
pak log mc,0
kaum eyse paglo bhara hey sabhi sapno mey khir khate hey one reason salute mohandas karamchand gandhi seperate these idiots liability baan jaata yaar,0
jai jahar veer gogga ji,1
huge fan ali ali naam q nhe singers main,1
amazing,1
awesome worth,1
match hare plus chori baat,0
congratulations new baap varma,0
really great decision your thoughts very great wish always success your work god bless,1
bhai kitne dilusion jeeto tum log kargil har gai solider surrender karwa diya iss baar ceasefire huaa tum jeete kitni jahil kaum,0
aale like kro,1
masterpiece under sky,1
let vote meet up meeting our idol,1
koi thora sa matlb bata dy lyrics,1
nice performance,1
everyone song phenomenal,1
party huyi,0
love too bro,1
tum sabka alag duniya,0
song one favorite,1
still heart touching lyrics sound voice way they present,1
touch your heart,1
norrii kamar,1
tu thoda pagal,0
also feel some love,1
abe ghatiya awaaz tum log khud dikha rahe hamara fail uda rahe hain udaan fir hua pel gaye,0
binod binod binod binod abhi tere ghar daka dalunga,0
also love lot,1
loved story,1
no body wants their right mind,0
ali muhammad thanks translation,1
tik tok sy dekh kr song sunny aya,1
rafael giraye honge dobara kharid lenge hame kaun sa loan lena ha,0
hajar sarendar kisne kiya,0
sapna apna aukat anusar dekhna chahiye beta,0
abe yaar inlog english kuu bol rhaa haa,0
haa phyare beacho baap baap rahegaa,0
mujhe samjh ata dictator pakada tujhe,0
sahin pet ander bol gusa diya tilok borma,0
tor dai,0
raat haneri,1
trophy chor,0
gand guda lanka kudne beta jung baat krta ghr pel kar aaya hu yaad kro,0
gaurav khushi hoti rhegi bhai,1
look today they r getting engaged feb,1
dogri cinema,1
tum log khyali duniya jeete match haar bi nikal aate hn har baar muh utha,0
wish were united,1
beta upar lekar nichhe tak pelta pata beta,0
hello due respect,1
budbak itna chila kiun,0
great gem,1
jai hind zindabad,1
sindur bhejrahu lagalo,0
pata chalgeya bap bap hota,0
mind relaxing,1
dream exactly similar,1
hum hahahhahah lol bhai,0
mashaallah bahut khoob,1
proud dii,1
edited video not like vlog but like documentary,1
pinnacle beautiful,1
razaahmed,1
bete paki,0
noorie singing way better than rao melodious voice,1
moved tears thank sharing,1
kon kon instagram sunne liye aaya,1
bol mdc tere baap jeet gaya,0
play coke,1
' voice ear,1
thanks coke,1
coke always present best music,1
softness smoothness,1
yeahlove,1
bap bap,0
suruat mendhak tarah uchal rahe hua habibi,0
sapna sacha hua sale tum log sudhroge nahi,0
coke nahi,1
your voice give motivation something big,1
thousands surrendered team patlun gili hua team,0
things like about rathee nyea guessed right,1
chatai watai sambhal rakho time ane par pelenge,0
hope both happily married now,1
way she says litti as traditional bihari food,1
wow song good,1
hiba arnous love seryian people love,1
uneducated people,0
chalo jitna kor nehi sakte husna bolte burkha pinke gumna chalo,0
bap bap hota,0
lol ain t even indian,0
chor base bhai mobile charjar le gaye,0
noted madam,1
always gives us motivation thank must apni kakshya team,1
song awesome mean best,1
daily date update kr ra ldka,1
aap jo hume pada rhe uske liye bahut bahut dhanyawad,1
sale pure zahil,0
indian like beta jhhuk rahna padega mere aage,0
jat log kaphi jatiwadi hote,0
bhai bahut din aapki video dekhta hu achi knowledge milti yaar video videsh ja job karne wale logo par banao kiya aam aadmi nmbr tarike usa mil sakta kiya vahan job lalach donky mar jana sahi usa jiyada shi ya uae kis tarah agents log frod krte,0
tum shach bola bap bap hotahe beta kabhi bap nehibanashakta pakistanio,0
rathi type guy went vacation there two thinking about his business selling courses,1
mu thuk bacha nvarma ji bete balla dekh kar,0
tum sab mkc,0
hua mote hawa nikal gyi isko report jarur kare sb,0
bhaiya short bna btao ap aa rhe ya big boss ya log afwah fela rhe bhai plzz btao,1
zainjuttgaming international media bol ra min andhr camp uda diye bss tum media pr rafel gira kr khus jao photo dikha tumne rafel giraye humne sabhi statellite image dikhai vo international dikha ri jo tumhara nur khan airbase uda diya,0
live match porkio,0
opration sindoor part air base chudi fir opration sindoor part tumhare chakke chude,0
love your lecture,1
truly magnificent,1
wahi toh baap baap hota,0
song maine suna lekin viral horaha,1
yar nu milygi aj lash yar d different thing,1
saheee bolaaa yaaaaaarrrrr baap baap hothaaaa rey bachuuuuu,0
saram aati nahi tumare sab tuke jathe tum duua kar te hu wo bhe chutu suneta nahi,0
congratulations trending youtube,1
lots love indian kashmir,1
yashkiduniya bro aman bhaiya bolo plzzzzz,1
sanchita,1
awesome,1
cute,1
guided one true path,1
gave,1
chud gye guru hr bar ese mroge,0
bhai inko kuchh mat bol yah log kabhi nahin manenge isase jyada delusion koi nahin jita duniya,0
baap baap hota allah hizde beta dua kaam aayi,0
charger chori gaya nbangaya madeena,0
dekh dekh kaise khush,0
pak th baap verma,0
zindabad npakistan jinda bhag,0
charger kaun le gaya,0
best season best song nostalgic,1
selam turkey very nice song,1
what sound love,1
favorite line nahi miley ga lash aaj yr di,1
phad pallada uss murshid da jehda tenu paar lagaa ve,1
real women empowerment,1
thanks bro,1
kiya kuta traha bhuk,0
jis din aukat pe aa gye din pura kabristan bana denge,0
sale road pe dikh jaiyo warna log laal peela kar denge,0
rafel gira bum bum,0
right bottom corner waali ldki dua maang rhi bechaari saath dhoka gya,0
achcha hua match live chal nnahin har jeet badal dete,0
naqvi trophy chor karke bhag gaya,0
ind baba tera,0
thing which ll ahead will definately not easier than before but know courage faith yourself which will definately lead up achieve anything want your life ll full support lots love our side nbut ll always remembered by microsoft wali rest our life apna college shraddhakhapra,1
best music can find world coke,1
baap age jada bolna nehi beeta petai hoga,0
inspiration,1
string,1
your vlogs very soothing peaceful,1
mundabad,0
bhai logo rafale apne social media par gira diya,0
words touched,1
qb fits better,1
song not song ' masterpiece,1
love way julie speak soo politely,1
whole,1
heart touching line,1
what song first time listen feel love what composition music director bright future,1
nmadrasa chap cant fact check sala,0
wah wah wah subhan allah,1
pak walo rote rho hme enjoy aata,0
tumne sahi kaha baap baap hota,0
say jung nahi jeet sakte pakistanion idher miya bhai,0
such masterpieces,1
very good people,1
masterpiece,1
incredible listeners,1
sahi bol ra bhai baap baap hota,0
please visit gurgaon,0
older lady your big respect,1
really song great,1
niteshdubey tu koi up bihar bhaiya jiske maa baap kbhi aye honge maine dubey surname kisi gaon dekha shar dekhe wo bihari,0
indians,1
jhatuuuu tim pak,0
song touches places heart words cant reach every beat feels like heartbeat,1
sab gareeb sath sath majaki bahot,0
ofcourse bap bap hota vale najayas khoon jhat hote,0
don know but got goose bumps,1
proud sia,1
melodious singing,1
peaceful ears,1
shobhitgupta objective pura chuka hafeez syed ghar tabah bohot log tabah terrorist jawab dene gaya jung karne nahi hutiye mat bano,0
analyses kinds topic ni want know which religion right islam right your religion,1
abhi maja aaya bhikhariyo,0
nice trade,1
beta baap baap hota beta beta hota,0
get well soon ali noor,1
really appreciate your father liked song,1
aunty jiiii bikao bol rhe bhagggg bikao aap logo tarah jeeta toh hume bikao boldiya bkl,0
yea thoudy bhain choad dy,0
trophy chor bhikhariyo,0
charger mela,0
love,1
pakistani,0
bap bap hota tu pakistani hamesha nazaz aulad raho ge yaad rakhna bap bap hota charger choro,0
best part,1
meaningful explanation,1
good video his similar video was also made by indian youtuber deepanshu nomadic indian about his life counselling people about cleanliness water canal nehar will not solve problem heavy penalties should imposed,1
amazing song beautiful,1
bahan lohadi fixing kiye bol rahi,0
yaar nu mily gi aj lash yar di literally gives goosebumps if know whole story,1
an inspiration god bless,1
simply fall love amazing track,1
process will always wait your review thanks,1
process watching subtitles,1
im getting tears eyes every time listen song,1
ap sabse best ladki kyu ap maa baap naam bhht ucha kar rhi,1
kha tum etne salo ...,1
aala bhai aala,1
itne jldi hum kpde ni badalte jitne jaldi pakistani papa badal jate,0
tera bap,0
aabhas khara,1
such unique voice,1
shradha di love will support,1
excellent full feel,1
bahi tab aya dogla,0
bhai t shirt change kr liya,1
sep love yaar,1
charger le gye bhikmange,0
bhai ur big fan aapka sara video dekhta hu but bhai can help plz,1
those smiles ni hope never lose those,1
way younger than got subscriber not because your story but because your knowledge way explaining,1
allah thumy hammesha raky,1
jo tum log jhaaj kaa ishaarakiya saare tumhare pichwade ghussa diyaa akrla verma ntum losahii bol rahe nbapp akhir baap hii hoeta,0
proud men,1
pahle sikh aao fir hume harane sochna,0
wish world becomes peaceful,1
everytime listen your soul feel calmness,1
german doggy,0
vaibhavi bora love too sis,1
love song,1
sab koi report maro,0
iya ya allah,1
real story girl,1
music coke presents marvelous indo-pak combo par excellence,1
still obsessed masterpiece,1
bhai barshat mausham gehu ji katai kaha hoti,1
but dream visit,0
beautiful lyrics,1
last sale charger pel diye,0
back here,1
aapke waha pahado kaise ghr hote same trah,1
radioactivity wala jhoke unexpected,1
there something special dhanana there many talents nreally proud,1
really great,1
bhai anterview lo koi,0
kachian te rakhiye umeed,1
adding subtitles made song worth listening,1
ali noor takes full control how brilliantly finishes off,1
epic,1
thank aaj aapki wajah meri pahli job lag gai package kam lekin agar aapko follow karta aise din google resignation de hounga njoining google,1
sahi baat tum logo haddiyan tutni chahiye,0
pata chala kon baap,0
love awesome,1
nora el hadi thanks,1
love azad kashmir,1
came here at perfect moment life,1
really good song,1
video too late,0
haris rauf should porks new field marshall because lost consecutive matches,0
song hy yarr,1
ma really an emotional inspiring story engineering last year hu,1
walo reaction dekhne majaa aya ntilak varma game changer,0
dakh lo padda tee,0
charger gayab what pak capable,0
govt should an idiot spreading nonsense modi ji,0
padosi mulk unmatchable when comes music,1
beautiful moment,1
insta rell tranding sod,1
pak walo khud pe kala jadu kar dediya,0
meri tarf sab,1
rookie,1
bta baap kon,0
like very much song,1
among most soulful singers,1
rookietookie ha vi,1
maut bahut pass aa gaya team lawrance anti nationalist marna hoga,0
honesty saying first song season liked good job,1
very inspiring,1
charjar chori gya,0
nice visit ur,0
hats off your decision,1
bahut zyada inspirational maine apna channel isliye khola free education un logon tak pahunche jo bahut paisa dene baad achchi cheezein nahi seekh paate nmain koshis kar hun kuchh kar paun un engineers liye jo abhi college,1
huge love song,1
zindabaad,1
danish khan same here buddy,1
video acha,1
exactly was outstanding,1
paglo kom,0
what beautiful,1
salo raat bhar padte rahe sharma ji baare npaper agya verma ji bare nverma ji chapter rat baar ni khola itne maa chod di verma ji,0
tumhe gali dun tum kaam karo apni bhan betiyon bhej jyada bolu,0
sach bap bap hota npure stadium camere lage hue hain puri duniya dekhti nahin aap log apni awaaz kahate ham jeet gaye match jaise jung bataya,0
hats off lady playing strings,1
best example sheher log educated chapri uh know what mean,0
mam did wonderful,1
bravo efforts appreciated,1
han kon jeeta,0
pure genius,1
thats why they throwing their garbage river,0
rahat fateh ali khan,1
punjab rich culture,1
kaun kaun august dekh,1
terrorism country kaisa laga bharat jalba bap kon hota pata chala,0
rao wht voice dat noori coke combination great,1
shraddha suggest should go upsc,1
literally got goosebumps,1
great see your,1
true inspiration,1
thats school njain bharati mrigavati vidyalaya,1
when see only found positivity his comment section really appreciatble ya ik opposing comments got deleted,1
mohsin naqvi bhai bhid main dekh usine charger gayab kiya tera nnaqvi ghar ja miljayega ncrime master naqvi aaya hun too kuch lekehi jaunga,0
best song far,1
microsoft,1
stay safe bro no need show anything hurts your privacy,1
just one state maharastra tamil nadu economy bigger than your whole country bcci controls cricket economy no team talking baap not even th indian power,0
rendition song,1
abe jeet nahin paate fir karte paise diya gaya abe pahle dhang khiladi khila paisa aisa nahin kiya jata final bataen kaise aaye agar koi match jeet jata final nahin ghuste bekar khel rahe paisa paise baat bharat agar paise gai tumhara mil jaega tumhare aaspaas jameen abhi jaati bekar khele tum log google,0
pak mkc,0
lavel hy bhai,1
lowdy pak gon,0
fvr t lv,1
can stop falling love music,1
best di thanks,1
tumne sach kaha baap baap hota tumra baap yaad rakhna,0
thanks western music,1
was hiding bathroom,0
removes emotions,1
bhagwan age kisi v nahi chal sakta,0
trust listen,1
masterpiece kuch nahi,1
could listen over over,1
chothela baap inka pakiyo,0
jo badal garajte vo barsate nahin,0
best didu hope succeed what planned ahead,1
beta baap ungle nhe krte nhe baap pel deta,0
bap bap hota beta beta hota,0
kaa baat,1
best cs,1
tere baap aaya thilak varma true indian,0
muhammad abu bakr g bilkul,1
aab bol mc,0
achha kaam sath,1
really baap baap hota hea ind,0
maturity when realise,1
mujhe thoda support milega,1
thanks sharing great goal best wishes shradha,1
gala fad isiliye tera charger lekar bhag gaya,0
such an epitome man beautiful voice,1
rafael girane sabut social media par tum kitna anpar jahil,0
baap baap hota npakistan abhi jaao practice match khelo,0
mujhe apke team join karna,1
pakistani punjabi public baap,0
congratulations walo aapke abbu jit gye,0
such sal gaye,1
sohni mahiwal,1
hamare bihar per video banaye road uchha nala yha road per pani lag jata aapka ham sab video dekhte bahut badhiya research karke bolte,1
trending nrip rathee haters,0
yaar nu mely ge aj lash yaar di,1
sare duniya pata baap kon,0
baaap baap hota pata tumhe match jit pate jung,0
pata beta baap mat sikhao,0
love,1
babe can meet up let marry will show happy life too,0
ekdum dumb log yahi zindagi maqsad,0
juli bhabi hindu op njuli bhabi op,1
said right baap baap hota bachho thodi khushi dekhakar achha laga,0
plzzzz,1
tumhari benn cotttttttttttt,0
baap baap hota ha,0
kyon hila dala,0
new papa milega varma,0
these great songs,1
country has amazing culture,1
congratulations pakistani tumare new abbu varma,0
tight slap those chapri people always comment don t love his country,0
sapname jeethega bai,0
cant stop listening awesome,1
rao peace love,1
allah yahi marji thi beta soja ya pichhe suja,0
pakistani log haste haste aya rote rote chala gaya,0
karma nishap,1
advance congrats,1
abu jeet gaye oyee rafle gand ghus gaye oyee,0
surrender bhul gaye tum log surrender kam hamesha isi tarike samne surrender karte aaj vahi kiya tum logon team,0
kaisa laga beta,0
very nice place seen dear nalso enjoying rathi family blog,1
tumhara baap kabhi nahi jiit sajte tum,0
its speciality,1
big fan,1
salute,1
puri rat fudi deni gastiya,0
tum lok gali ya kha kha ad ad hageya pk,0
salo charger chodte vo trophy ghanta chhodege,0
whole like gobar goumata mutra everywhere,0
ji gaya hu achha jagah,1
loooooooooove,1
fivekey talking town students their parents ntelling them also town still get govt college then why not ur child nand many more struggles town literate ni make them understand,1
abb patachala bap kon sele tum roti layek nehi bap banogey,0
such strong vibes love noori,1
"friend, beloved",1
totally nailed,1
strongest people make time help others,1
respect one most elegant personality youtube yt has ever had nthe kind simplicity grace remarkable nthankyou providing us fruitful content nsir rathee,1
best,1
most disillusioned bunch clowns can get gods green earth,0
di very inspirational nthanks shradhha di,1
very excited your thoughts,1
bete,1
jaat bhawan proud jaat,1
new papa pasand aya sala faku pak,0
proud,1
goosebumps every single time,1
bhai khel dam gand masti jyada hy jaise jung jeeti thi vaisehi mechjeete tumlok kuch sharm hy,0
alog us okath bhul jathe amesha,0
trophy sath sath chargers chor tum log pak country ufff,0
wow how much same our country thought traveling big fan please visit,0
its good music,1
classics,1
akashsingh oe xt,0
koun dunya parjati hain kab mare fighter jet kaha gaya duwa hate nepal,0
spirit,1
bhai kitna harte phir sharam nahi aati sahi kaha tumne bap bap hota,0
new papa barma baap baap hotha phir baar proof kar diya walo pakistha choor haii charjer chori kar liya,0
lonewolfe tune bkwas kari sari up bihar bare,0
bhai khas ap prime minister bnn jao,1
well said bruh,1
called,1
master peace,1
tending at no namazing,1
probably best song season,1
no attitude simple pure heart,1
r best aap jaha jaoge,1
china inke pichware gushane wale,0
powerful strings at age,1
greatness ittuusii umr unbelievable,1
world best song,1
kala jadu har man gaye indian cricketer team aage per tum log nahin sudhroge salon,0
tum log hamesha josh khargosh aate bad roke jaate hain,0
did great,1
bhai tera koi bhikaristani charger utha le gya bc hamara pura asia cup koi chura bhaag gya,0
tumlog talk karte rhoo hum show karenge sher shant hote hain show karte hain,0
hamare char bandhuon pel diya tumhen,0
aata chahiye babu pareshan beta abhi bhejwate ha tabhi samjhane kosis kar rha hu baap baap hota lamde tu khud bata tera baap pahle ya tu pahle tera bato lag rha tune apne baap paisa kiya achha rafel aaise girta waah paper wale giraye warna real wala nukila hota ghus jayega jitna pair utha rha aata lene gaya hoga bech kyuki takat sarir chahiye hoti refel girana pairo maar,0
very favorite music,1
lots love,1
its not just music thats amazing,1
hum bihar jharkhand up wale chal gae tab btaenge jang kisko kaha jata,0
fat geyi,0
aap bhut sabse jayada chila rahe,0
bhai love,1
bapa,0
bhai bete aaise koun marta yr mar jayega din aaise maaroge toh,0
boskd kabhi war jeete nher baar chode jate,0
dear natasha,1
apne abbu jeet kr dikha nalle,0
baap baap hota,0
noor zehra kazim,1
words baap baap hota beta dog hota,0
starting jo white black penguin bht uchal rhi thi unko chehra dikhana gandd marwa vaag gyi,0
khayili fholw dikat nhai,0
literally,1
best,1
sale tera abbu trophy chori krke le gya antkkiyo,0
no one beat music industry love jammu kashmir,1
sanam marvi,1
rafel bhe tumhare sapne gira ma der cho,0
charger gayab,0
hit like,1
little kitties,1
congratulations trending no,1
mar gaye amme,0
amazing piecefull soulful,1
dogla nri o indian hone par proud nahi karta nbhagwan shri ram kalpanik manta nsayad tu manta hoga,0
one like one heart,1
enjoying melodious song,1
nice bhai happy coming,1
lore lag gaye haay lore lag gaye,0
adore your singing,1
yeh badi snhi laga har baar har jate yaar samaj aaya baap baap hota naak beta nalla hota,0
papa,0
o bhai charger dedo yr abhi mzaa aa le mera le le tu aaja,0
video tune bahut achcha,1
awesome better than best believe,1
muh dekho sabka,0
sooooo much good,1
anyone koi,1
may god bless,1
tum abhi bachche,0
very thankfull sradha mam mam continue always nand thank nbut some doubts when take class but where solve dont know mam can tell where share problems,1
hats off best,1
choro chori,0
rao' olive,1
naseeb charger choro gaya varna tmuhaari dono gotiya chori jaati,0
nic song nd great music made,1
sahi bhaijaan baap baap hota,0
tum log kabhi nahi jeet sakte kioki tum khel khel nahi jung samjte wo nafrat sath,0
hope indians like our coke songs,1
such insight,1
aisi hota last tok dekhne dhojya nahi rafal social media por,0
shi kaha bhai baap baap hota,0
papa virat,0
may waqt buzar ha dosto,1
isnt lovely,1
wse bhai mujhe tu pasand ha but sambhal rhio,1
bhai charger chori gaya last bc end tak dekho guys,0
tum khel jung samajhte,0
at part best,1
baap baap hota heh,0
rafel bahut gunda namak chata diya,0
quickest minutes day,1
noori strings,1
tum bhukhi kom,0
paradise fools,1
nice video bhai,1
beta abhi khush aakhir teri cheekh niklegi dekh,0
namaste london yaad aagai,1
charger chori gya,0
beautiful people,1
bap kaun pata chala bache,0
last saap sung gya sbko,0
tum ladikiya dua leke rat dua karo,0
think will go shitty show,0
kindly make video sant rampal ji maharaj as also belongs your dhanana might know him better than nwhen was jailed had only followers but now after years approx has approx followers nthe question asked how can followers man can exponentially increased after being sentenced life imprisonment nhe displays himself as tatvdarshi sant mentioned bhagwat geeta siren mentioned by many future tellers past nkindly make video topic,1
kala jadoogar aap par ulta pard jayega,0
awesoommyy favsong,1
en logon khawab tabah kar diya jo adampur main abhi tak khada,0
only music lovers listen masterpiece,1
tausif raza,1
best part video when introduced goga ji,1
baap baap thilk varma,0
river,1
thats what siad at by aman bhaiya really inspiring,1
thanks zakir khan,1
e bahut old video,0
world no mental country,0
bas kaise suda woh dekhne aya,0
most welcome any time dear,1
deserves lot,1
baap baap hota saabit hua,0
ks copacetic switched career towards delivery side things,1
their behaviour showing their illetracy terrorism,0
shakal makkar lagta tu,0
nusrat fateh ali khan,1
sahi bola bhai bapp baap hota beta beta baap bharat aapka,0
music soul,1
main video jyada comment padhne aata hu papistan pahle paglaye fir rote dekh bada sukun milta,0
nobel thoughts,1
srk english,1
took some time realize its story soni mahiwal. love every bit song hats off singers,1
mudassir khan qadri,1
bap tumhara indean hay,0
only love,1
tukadepe palne valo bada sapnamat dekho,0
won coke,1
beautiful interpretation,1
hua aa gya swad zahilo,0
thank good motivation,1
hypertensive news solid daddy,1
great job nlots love nkeep up,1
thank friend,1
rathee create nice vlogs,1
ha ha ha man gaye bhai baap baap hoti ha bechari chila chila gala baitha liya,0
tilyaar lake,1
wale like karo,1
sorry say but just uneducated arrogant people no wonder they run around begging bowl country country,0
wahi shradhha dil aati sanatani bolne nahi,1
gla fad chila indian teem koi player over run banane himat rakhta,0
love coding but cant afford laptop nbut keep learning,1
love read comments,1
wow been ro asaam,1
puri raat party kiya lekin tumhare saare baap log,0
gaan phat gayi system,1
kis soorat dekh saal,1
love song nori amazing singer,1
hatsoff tht social activist team good work,1
thanku,1
sharam aati tum logo hindu kehne yeh nahi shikaya jata hamare hindutva,0
elegance noor zehra,1
thank insta reel recommending gr song love take care,1
bask tu ku vlog bana jab sabko bura bolta hain,0
bappe,1
pakistani cricketer janta ind vs match dekhna chorwa dega,0
waha cases thik samne nahi aa rahe,1
tumhari problem waqt pehle naachna shuru jata tumhara last main rona shuru jata tumhara,0
okat nahi tumlogka jitneka,0
koi daal peeche,0
full power mam,1
proud moment every pakistani,1
rafael main guss gaya noorkhan base uda diya,0
faheem ahmed umrani thinking need there only one life us lets live peace friendship respect each other irrespective gender,1
satish shah fenral val ral dakh kar gan par sanan val hazaar da,1
haaaaaaaaaaaaaaaaa,0
convert kom abbu kon pata laga hoga,0
love,1
hindustan love,1
brother,1
vloger pass powerbank tk nahi greeb vloger,0
di such great person mujhe rona aa gya dekh kr,1
its beautiful,1
insta trend pr le aa sakti hein,1
beta tum log,0
baap baap hota beta sahi bola tumne,0
naya baap kaun verma naya baap verma ekadam naya baap,0
itne jahil kaise sakte,0
loved,1
legends had seen something,1
noorkhan airbase fir uda dhiya sale jeetneke pehle celebration karte har baar muki khathe,0
song really gem one favourites,1
why miss noor university days amazing,1
bol baap baap hota,0
live telecaste nahi hota log apne mulk batate jeet gaya bharat haar gaya jaise inhone jung jhoot bataya apne logo,0
tumse payega bab vej,0
beta kutte milker sher sikar nahi kar sakte wo pure babber sher,0
hence proved nbaap baap hota,0
she has an adorable voice,1
also belong dhanana brother today got surprised after knowing ancestral also dhanana keep rocking world nstay blessed bhai gye naam jarur lena video rohit bhoria ni will share at other platforms,1
wah beautiful,1
musical illustration legendary folk tale,1
riaz vlogs good gaon tumhara bahut mast,1
itna hype hamare koi hype hein hamare hype hein australia vs match,0
aukat karo beta,0
social media by pakistani defence minister himself,0
yesss baap baap hota hay,0
tum kisi chiz hara sakte daru pike video bana,0
jeske pas dollar hota o sor nahi karte sale tum log bhikhari bhukhe nanga ate pe marne mitne wale kom number munafeek,0
bhai tere shoaib akhtar sahbaag bola baap baap hota tum humse baat kahane lage,0
tum logon char din chandni fir kali raat,0
ageya sowad walahi diana suji,0
roz santa hu sone pehle bar,1
im genz just year old but what masterpiece yaar,1
beta baap bhulna chahiye,0
baap kon malum padna beta,0
creation gift,1
shipra rao looking beautiful,1
after nine years song hits different,1
one biggest dream npakistan father,0
're amazing,1
itna pyara song music,1
good reconnect your culture soul feels fulfilled real,1
amazing outstanding,1
bhaiya agar kisi tarah aap hame abhiyan hissa bana paoo dekhoo hamne aaphi logo coding sikhi haii agar kisi tarah ham bachho laa sake flow maii hamara desh hamara youth aage badh jayega koi aise idea jaroor leke aana bhaiya maii wait karungaa nthanks lott giving much,1
meko laga nahi appka background asi hoga fir bhe app microsoft placement lagvaya nyou best inspiration life,1
kuldeep jadav new abbu,0
clean water green earth two main source life please save both save humanity,1
beautiful song addictive,1
logoka dimag hain jung jit gya barda majak,0
bhai saal puarana gaana itna new kaise lg sakta,1
nice,1
think did great job,1
master piece doondhny walo lo,1
mam both like guys need grow proud also think sometimes students need quality education provide us thank much apni kaksha team,1
appreciation course entire team,1
best comment,1
coke fuel soul pandemic,1
such beautiful language,1
handsome,1
tumhara charger gaya hamara asia cup trophy acc sarbara nakvi chori kar le gaya,0
very good nice vl ge,1
dhanana kyy,1
baap kon tere baap bataya nahi puch mach har kar pata chal gaya hoga,0
wao what beautiful song,1
yeaaaaahhhhhh yeeeaaaahhhhh yeaaaaaaaaahhhhhh bolo yeaaaaahhhhhh baap baap hota khud confess kar ooops confess meaning toh pata,0
charger chor trophy chor,0
baap baap hota samajh gaya hero bete,0
liked,1
high,1
love song,1
brahmos missile tumhare pichhwade ghus gaya ntrophy chor,0
youtubeer production house chuka ha aba feel proud haryanvi,1
tumhara video dekh muze itna pakka malum hua tum sab dimagi taur pe kafi bimar hone wale kyoun o lagatar series samaz aya kuchh,0
thankyou such amazing words,1
noori aowsom,1
soothing wonderful meaningful,1
years old???? seriouslyyyy come after womens cricket team winning,1
aj mara brithday ha nko wish kar,1
three different voice textures such wonderful orchestration different instruments just amazing,1
tumader baba balo kore dekho sala mental lafa lafi kor,0
charger le gye,0
amazing heart touching song after year still survive modern world,1
nice her gau dekha gye nehro gandgi dekhne milti ha,1
koi itna besharm kaise skta jahil aand force govt video game edit bna paf,0
sourabh tu chaat rha tabhi tere aag lagi,0
har bar harjate bacche,0
has has pet dard gaya,0
nice video,1
yaar nu milegi aaj lash yaar di line gave goosebumps,1
clicked video buffalo,1
bahuti badiya gao ladka jo itna bada ban gaya,1
ghand fati padi,0
love,1
coke should held at border,1
maa chud bhag gya terri,0
نعم إقبال seriousness unable get over song even sleep hear,1
brother,1
congratulations npurana papa virat kohli gaya lekin tum logo liye naya papa verma chhodke gaya,0
such pleasant experience watch guys your,1
after years people would love like song,1
not at youtubers r biggest scammers full fake news social media,0
usama mir,1
done graduation mechanical engineering but love programming more than any thing taking journey by god grace hope ll reach destination as soon as possible,1
charjer churaliya sab chor,0
maja aagya beta,0
very profound,1
luv,1
aap gully criket khelo,0
something call super cool,1
bhai andhbhakt bano nha manta hu biased news deta but road modi hamari nbo baat alag tax paisa apan logo bhai,0
bolna yaise jokaro khud galiya khate har jagah fir enki awkat dikhti rote rahte,0
karod sab khatm karke namo nishan mita denge tab aukat jaaoge han kise panga liya bolkar humne kuchh nahin kiya bolkar aage bahut chal rahe jab naamonishan mita denge tab pata chalega bacche bolkar chhod diye,0
match pehle inshha alhaa,0
bhai nhair transplant karana please bataiye hair transplant karana accha ya nahi agar best kaun sa clinic mei ya kisi country mei kharcha kitna hoga please bataiye nthanks,0
will better future because these people,1
pak always fail nyakk nits not anymore rivalry,0
yeh bhikhari itne jaldi khus kyun jaate hainn,0
behtareen,1
one classics,1
allaha bless beloved,1
day without humiliation day wasted,0
sahi bola beta baap baap hota,0
listen nooris manwa re,1
aise song beech kon beh ad lagata,1
allah totla maar li,0
hua hiramandi aulaad dard hua,0
will made revolution,1
talented artists,1
pakistani punjabi much softer full deep meaning,1
season was best,1
ha bhai aap logo jyada pata,1
song again famous,1
beautiful line at ever best,1
proud villager,1
childhood memories,1
bol jhanth,0
tum sab ase rote rho pakistaniyo,0
yaar toh dil,1
ali hamza outstanding,1
fakeero gya fir katora haath,0
last ball patha chalgaya kon baap kon beta,0
rao too good everyone playing singing just too good,1
thank both awesome love,1
didn t know thay comes middle class family there one person takes middle class tag rich family every family one also middle class got placed company good salary hoping ll one will take middle class family rich one,1
sohni used cross dangerous chenab river every night meet her lover,1
harekrishna,1
tumara baap,0
bhai yaa vlog haryanvi honda teh jee sa aa zanda thank anyway bring vlog loving content already,1
tumara bap thek,0
ine logon sahi kaha baap baap hota beta beta hota jay hind jay bharat mata jay,0
soooo nice,1
same yhi krne ja rha w f through,1
beautiful song more beautifully sung,1
amazing just no words what say too good,1
wanted an iitian too,1
fock fock fockan fock,0
kaha gae bhakt log jo druv hawai dhamki dete lo agaya bhai gaon ghom sare aam chala gaya kuch ukhad nahi sake tum education always wins bhakton,1
shraddha dee an inspiration d,1
sahi kaha baap baap hota lekin yaha baap samjhe,0
think content has been recorded few months ago as crops harvested,1
only thing like about,1
tumko pyar tumare abbhu aa rhe pakistaniyo,0
hmmm yaha aapka bestfriend bhai,1
poor bro can t afford,0
nice song good job,1
will always love song,1
tumari yahi aukat bhikaristan,0
option factory,1
reels made us discover masterpices like these,1
keep growing may god bless,1
ghula ghual par abbu mat bhul,0
song pure magic,1
pakistani jitne log khel dekha sob log madar sud,0
hum vahi bol rahe baap baap hota jhula jhulo baap mat bhulo beta,0
allahko pata hei tjm nahi,0
ky mtlb papa abhi ghr andar tw apne gao hoyata hu,1
pure magic,1
jaisa besharm kahin nahi dekha,0
dekh bhikhari,0
gaand ghus gaya missile,0
ziwan charger khud log lekar chal diya isse pata chalta wo kase log jung baat karte,0
ali noor awaz,1
yeh purana lovers point,1
soni mahiwals story,1
perfect medicine,1
meena lochini alkasundari,1
phli bar sun mare acga ghaya hae,1
desh drohi sala,0
great thank,1
hit like if want rohail hayat back,1
agar match live hota yeh match paxtan jeet jata,0
beautiful line bap bap hota,0
enchanted music,1
will never go show lol why need tumko lagta will waste time bb,0
month old vlog,1
tera abbu abbu puch baap kaun,0
r really amazing,1
abbe match haar gaye last win tumhara fir itna confidance ghamand kaha late itni bate fir pill gaye keh rahe repeat hoga repeat gaya,0
awesome best season,1
chor chor chor chor chor,0
l youtuber mera tag channel mere channel aapki help sakti nice video,1
baba hota baap baap hota,0
unique,1
jermen sheprd,1
tum aney jude jeet may kushi munatay munna bhae trafi lay gaya chate pitthay raho,0
research,1
final match perform what happening,0
why addicted song,1
thank much inspiring through your story,1
teri duaa hara ski,0
charger chori kar gaya pakistani,0
aage aane vale samay hame aap mamat chahiye education,1
nice voices,1
wow superb,1
ma cudgi rona band karo jhuth bolna surukaro bhart jindabad jy ram ji,0
inspiring words,1
great work bhiya,1
hard work,1
charger chori gai aapki,0
dad dad,0
mere dil,1
love ali hamza rocks,1
oo bhai sahab,1
plz make video salesforce,1
kids,1
pragmatic p same here,1
jo apne khud desh rha sakta wo false narrative faila rha bare nkitne achhe gaanv chhodkar germany rh rha,0
building real world site learning more javascript,1
baap baap hote beta beta hota,0
baap baap hota new father verma,0
kan someone lika mera coment soi kan lisn thia mastirpieks agen....,1
reels can viral any song any thing,1
aapka video dekha bahut aacha samjati,1
sahi khel gayi,1
paar jhanna de,1
noori brothers always best,1
proud,1
pel diya pak tum ni jeet skte bache jao sikh aayo,0
awesome dude,1
too cool,1
life decision leap faith best your future endeavours,1
baap bhej tere bash baat nahi,0
nice home vlog,1
most part liked was society stopping waste thrown into nahar,1
bacho wali harkat kar rahe bol rahe tumhe kashmir chahiye kuch ghanta nahi milega tumhe,0
baap baap hota bo baap modi pakistani yo,0
can't get enough,1
your best,1
new baap varma out sallybuss varma,0
baap baap hota sahi bole beta,0
ba kamal noorie,1
abbu jeet gay oyee,0
sohni zubaan,1
baat sahi kahin nbaap baap hota,0
ali hamza cute,1
love rao,1
wale viewers like here,1
charger gayab,0
patli galisr niklo,0
gand phat gaya,0
aman bhaya shraddha,1
bache jb javan jaye bapu gali deni chahiye bate,0
over confidence mar gaya sala one only world cricket king love,0
rao once more,1
pray peaceful coexistence,1
trophy choor,0
aakhir sabko goorah vadan aashiq isliye samla ladki dahej zyada,1
ooooyaa nbhonkna baand njahilo fatgayieee,0
rizwan vlogs bata baap kon saale aukad main nikle izzat kro,0
salman habib thanks educating updated blog,1
re our inspiration dii,1
beautiful soulful songs ever heard,1
poora video toh kiya isne,0
oi baap baap hotha beta kela,0
give rights people thats why divided,1
just superb,1
[cleaned text]: jor ba max ha ha thank,1
great love,1
koda kachra gandagi nwah maza,1
final match didnt perform whats happening,0
tum log sarm ati nahi sala kitna bar har ge,0
dil bat jubaan pai,0
pharh parla sachy murshad daa jeera teno paar lagaway,1
traditional bihari food thanks juli cover part,1
trending,1
itna paisa ku kharch karte jab pta haroge,0
azaanshahid-vulike independent today...,1
proper singers kehtay hain,1
sa allah aja vi bala gad mar liya,0
years age cannot beleive even today they cant make masterpiece like,1
rathe im sometime even can t believe your information great knowledge everything even had uploaded your main channel but itni saree unbelievable information bavajood choti si information ya bat samajh ha apko soory if hurting no hate love ap jin buton pooj tahan kbhi apna dakha navo hil sakta bol sakta even apko log isko khud banata hoon chalo rab god tu vo hota hana jo sab banata ha sab sa powerful alag hota ha tu wo insano jasa janwaroon jasa ya elephant kasa hosakta ha hum ya kahta koi hamara rb ha hum rb usko manta han jo clear ha hindu muslim cristan koi yanhi kah sakta vo rb kyon koi tuha jo mountains insan janwar asman even bacteria jisa insan dakh sakta sab banata ha cristian larki video viral ha jis allah hona saboot manga barish ma car ma drive daraan kaha agar allah ha lightning foran hoi same larka kaha same cheez hoi pr shatan us pr itna havi howa pra kahta manhi manta,0
juli was looking beautiful,1
nangad pungi bajne wali abhi,0
pamper pahan lo tum log abb hamesha pamper pamper karte rahte,0
tum log real bhole maaum log child jese tum logo saal pak army dafore bna rahi,0
cameraman bol bhai koun baap,0
kala jadu kiya hoya,0
happy,1
melodious young lady,1
amazing,1
great job,1
shit yaarrrrrrr tum haar gaye yaarrrr,0
fifty times more likes,1
season noori rules,1
tumhara pura l hota bol rha pura match hamara,0
fabulous list,1
tum jitna uncha lage utna tum jalil gaye bharat jay jay bharat,0
stunning,1
chor bhai tum,0
just thinking how someone youth like can think people by resigning reputed mnc job may god give strength each every stages your life,1
galiya bahut sari dena chahta hu but abi mood nahi,0
thank much sister inspiring us best your new journey,1
shi kaha baap baap hota vo baap,0
lady presenting ' culture,1
indian sunn nbaap baap hota,0
sandan jabardast jindabad,1
beta baab tumare,0
like part after,1
how good song,1
kainat amjad,1
pakistani match jeethna rafael girana sapna dekre lekin karke dikaya mera bharat mahan,0
people russian krri yaha,1
cant get enough ali noors part gives goosebumps,1
haan baap baap hota,0
across chenab rive lies jan hut,1
jat bawan,1
tum log chori number,0
here after listening buliya,1
tumara abbu jeet gea,0
chud diya padosiyon hamko indian bolte hasakar rulate,0
nice,1
sare kuposhan shikar,0
goosebumps love,1
bap bap hota salo tumhara allah tumhari sunta,0
karo duuayi nalla ji malum njahilo khud karo nalla ji harnayi nkay baad,0
har har hoti pakistaniyo tumlog sif har sakte baab jeet toe tumlog pake musalmaan banna chaye inshalla,0
its legends journey,1
dheerendrakushwah j,1
baap baap hota halala alud,0
itni public saath beijati ntum sab duwao karo humlog mehnat karenge,0
still many lovers,1
love form,1
ghar ja apni ghar mara,0
leaving microsoft really needs guts ntrue repect,1
rafel kiya sapno girate kiya,0
song no boundarys,1
love rao nice,1
pak time indian khiladi chapal brabar nahi,0
pakistani publick bahut uchal rahe rhe ky hua jung kabhi jit paoge,0
give man medal,1
most pakistani believe army propaganda without any proof everyone knows imran khan wrongfully jailed by army but no one dares say anything against,0
tumhhhri maa bahen tumhhari samnehi,0
lot love,1
wala match cahiye inko salman ali agha nindia sillne free main dega sue sath dagha,0
rafale maroge iska charger chori hogya riporter,0
raat haneeri nadi maar din line always makes,1
old lady was amazing,1
kyya ghana kasam,1
jaat bnega re tu,1
chalo inko pata chala baap baap hota,0
useless fellows harries rauf raw agent kaise runs diya jalte raho rote raho maja aa,0
madrasa kuch krwate ya sirf apni ghr halala kse krna vo btate baap beta aata bete baap ni aata bna ni bna,0
tatti kha le abb,0
really pity water being polluted actually more precious than gold people should rewarded protecting environment they should learn more profitable your wife lovely,1
suno re beta nbhape tumara hindustan nhindustan hindustan hindustan,0
true inspiration respect,1
bap kon pata chala jahilo,0
nai denge ue r,0
last baap man gayi,0
godd legit thought new song because never heard anywhere,1
nice review,1
love,1
climax,1
lalla garm dand karke dikhat last dekho,0
apna kachra angrezan gaoo le aya shaabash kachra,0
isk coke,1
one them second face god like your thought because very hard step your life god helps appreciate your work,1
was our pleasure,1
yes like line,1
ghabra sab mat beta jald pok doge beta,0
good sister,1
pata sala baap baap hota hein toh hamesa beta rahega tum ghar main jake pempaar checs karu dekha aah gaya shuyadhu,0
tears eyes literally being know difficulties one could face his her quality education more power guys creating better sure,1
super vlog,1
pakistani wants new abbu every second year,0
trophy chor saale,0
bhaiya nyours voice,1
kitna chalayeaa je banda je auratay har baad je bhukhe ha paisey chor sala camara man charger vi le kar bhag geaa,0
kachi meri maati kacha mera naam kachyain da hundaa kacha anjam aee gal aamm nin what beautiful real line lots love respect entire team coke always marvelous,1
sradha mam also an inspiration first year student started coding journey through apna college very helpful believe will get success what leave your job also thanks aman also hero us,1
thank sharing reminded our ancestral rajasthan very similar think only difference will language still not much development which good way people live king size city life like beggars compared life,1
such an inspirational story really blessed,1
only love,1
smile,1
dekha chu baap kaun,0
kargil bhul gaye,0
love theme,1
bale mut dengena pura badh aa jayega,0
noori an everlasting gem,1
why education important,1
some andhbhakt will say,0
rathee sketch was hilarious,1
tum log sa kabi nahi jit poyaga,0
fir pel diya,0
marva liye peda,0
khane roti nahi pakistani chale rafael girane,0
walon itna ghatiya team leke betha haimalum match har jayenge itna jazba dikhane jarurat,0
voyeurism audience,0
ali hamza both sang well,1
best wishes future,1
great move good luck need people like,1
bhai agli baar gaw aana batana zarur hm aayenge aapse milne love madhubani bihar,1
chalo sab bandhuk bnane sale pak,0
aman bhaiya bade sapne dekhna sikhate nhave great new journey di,1
great yaar,1
your new abu tell varma aa gya jai hind,0
matlab alag level goosebumps,1
baap bolte jai hind jain hindustan jai shri ram,0
baap baap hote,0
november wale like karo,1
yes was not live,0
cannot get enough,1
masha allah,1
thank much bro,1
sub pakistaniyo bap verma nbaap bap hota nkya jali,0
kisi jati hath nahi thama siksha hath thama isiliye dharm naam pe vadkane walo inki video dekh kar mirchi lagti,0
itna chilla rhe ma chud gai tumhari end tak,0
story night,1
how can years old heals something ws never seen,1
real heroes achieving goals their life great shraddha,1
tv kharid liye paisa tv hazar log,0
vistaar,1
baap baap hota pakistanio kaa baap hain hamesha rahega,0
great job chacha ji,1
love assam,1
shradha can pleases make video data science internet things,1
life becomes bit easy if guided by someone,1
' trend,1
one best vlog,1
days mese din dharti gali dunga baki din aake yaha vlog karke desh bhakt banne kosis karunga,1
aapko dilasa de chupp kra diya aaj pak name dunia nakse hota,0
amazinglove,1
great job dear,1
sunday muha dikhai sunday shaadi sunday honeymoon gaya reeeeeee vaaloo,0
arey social media pr girya hei yr bola toh,0
saif thanx buddy,1
jabardast bhai maja aa gya aaj vlog love much,1
wakh shalla pandea shadi dil wey,1
ham pratyaksh idhar prasangik geet aanand,1
like song,1
alwas land dal dega,0
r great,1
those birds water at were grey headed swamphen,1
rafel tum sapne gira sakte,0
trophy chor gadha lok,0
mind blowing superb,1
porkiyon tum salo nahi sudhroge,0
gratitude aman bhaiya,1
beautiful melodious,1
thanks dhruvji very nice vdo your ancestral proparty life realy great,1
also watching today,1
favorite song like,1
har bari har jate aatankwadiyo,0
shows how their media gov fooled them easily,0
sanik bandi bnaya main nbhul gya,0
great voice,1
amazing dii,1
kachyan tey rakhye umeed paarr din,1
hypersmrtgaming actually sbse bde jhute tum,0
walon kaise hain har maja gaya bad traffic chhodkar chala gaya,0
very beautiful khup sunder,1
still love song,1
song coke season,1
laodo,0
baap baap hota bete,0
trophy chor,0
beautiful person,1
owesome,1
she inspiration iloveyousomuch di,1
dhanana gaon sant rampal ji maharaj avtaran hua,1
wahi toh bol rhe kabse baab baab hota hmara beta hm tumahre baap forever,0
bap bap hota bhai sahi bat samjh gya hoga bap,0
bhai log gutter kide hain sara huaa komi babaseer,0
years gone but still refreshing as ever masterpiece,1
dekh liya baap kaun beta kaun,0
zainjuttgaming bhai kitni baar harke jaleel hona pak team baap samne masti nahi,0
mam tilyar lake ghuma dia lucknow completed bsc hha ihm love bohot mohhabat mili mujhe waha logo college days yaad dila dia,1
beta baap baap hota,0
charger chor tum giraoge rafel apna charger khojo,0
hahahaha cry cry cry cry cry cry cry,0
think if song start your voice feels more,1
inspiring story best ur journey,1
nice poetry,1
punjab comedy music unmatched,1
salaam,1
watching,1
amazing,1
instrument,1
full tamasa jokers,0
world best music,1
thanks bro respect lots love,1
most welcome ji,1
wish world listen,1
hope,1
tarun deep singh,1
surrender surrender surrender barmos,0
kashmiri hona,1
madam,1
aao tumhe pe likha karte hain,1
aree yrrr,1
kal israel pani wala jahaj udaya,0
okay inspiring,1
banda operation sindoor bhul gaya haiyad dilana padega,0
good job great work,1
still spell song,1
thank wonderful explanation,1
aniruddh singh king,1
baap baap hotha,0
impressive,1
your has beautiful colours very peaceful,1
go nwe viewers would support,1
best song world feel,1
baap fix nahi hota paisa hisab china imf real father,0
jalil hone wali kom tum jindagi bhar jalil hote rahoge jahilo,0
superb mam,1
kisi editing liye koi chahiye please reply,0
chakka nahi de laga diye,0
har pakistani may,0
hat off guys,1
yaa at . listening masterpiece,1
ohh nice song,1
bravo bosnia beautiful song,1
' song thi,1
jake aate line lgjao khtam jaega,0
baap baap rahega kasi lagi pata chala kon bacha,0
sahi baap baap hota hain,0
rinku karne tumhari ma bahan kar diya,0
salo jb inki pelai hua wo part salo dikhaya,0
epic beautiful renditions,1
did find express way better,1
jadeja lag,1
came here bit - : going through liked way she tunes -: later loved : beat something smells like motivation gives energy was carried : expressed her voice amazing,1
best sister,1
di your hardwork skills can join well known organization,1
pakistaanio halala giaa,0
bhut pura ktta match,0
charger chor saalon porkiyon,0
yar no milley gi aj lash yaar dii,1
his voice unique attractive,1
why failed give single evidence like govt shown what happened airbase,0
amazing body language,1
background music nice,1
sahi baat beta beta hota,0
due lack proper education they like,0
charjar kaha gaya chor leke gaye,0
its just awesome,1
nice beautiful,1
chor desh chor salo tum bada bol rahe starting,0
was just incredible,1
your voice magical,1
ise waja say allah fatha naseeb nahi karta ketna behaye,0
faida itny intelligence intellectual jab app sachy religion islam sa dur hn,0
beta tum payega,0
mohsin naqvi trophy churakar bhag gaya baap baap rahega tumse nahin hoga,0
wo jo iska dost wo banda itna accurate kaise sakta,0
rafael gire walo ammi gus gaye,0
every instrument has been given their importance their own screen time beauty coke,1
sweet,1
sahi kaha bap bap hota sale samjh aai,0
blew away,1
youtuber youtuber nmera tag channel nmera channel aapka help sakta nice video,1
such beautiful song,1
beautiful song love,1
ayaa line pe,0
would great pleasure join future after get into faang because think without get into companies like faang will never get into your social challenge work,1
im obsessed song beautiful voices performers,1
wow outstanding,1
great initiative idea great doing amazing proud encourage many best wishes will rock,1
gobar mountain bitoda khete uske under gosse rakhe jaate,1
came after listening ig masterpiece years old how miss,1
sahi kaha baap baap hota,0
aqrah,1
bhai jhanda chand hona aro chand jhanda hona bhut varak hota bhai,0
god bless both dear,1
superior angel,1
music just awesome,1
years old song seriously,1
nice see,1
jab tak war live nahi hoga tab tak bhikharisthan jitega,0
instagram,1
video should more long any way good video,1
greetings sri lanka,1
friendship,1
stay blessed brother,1
haris joker pack cricket team rotten tomatoes,0
awesome just loved one,1
jyse jung vyase match jeetliya team aakir may cup churaaliya things,0
aa lot respect julie mam how good she following indian rituals,1
enough lucky life got call aman bhayya,1
here after watching rao' interview about coke,1
bhai hum jajby wai kom bata beta kon bap kon,0
aao kabhi west bengal dekhke jao kitni tarakki huyi hain,1
thnks your explanation helped undrstnd sng mor,1
she going ceo apna college,1
watch coke season,1
full support jatt bhai,1
country perfect,1
peace efforts,1
vale like karo,1
rizwan jab rota ham indian bahut maza aata,0
suji,0
peace her voice,1
congratulations your new journey dii,1
thank much mam information really thankful,1
brilliant short documnetary inspiring shraddha love way was filmed such simplicity,1
haaa baap baap hota bacheee,0
listening even after episode song soulful,1
kafirs,0
jee ayaan nu bro also firozepur paternal maternal relatives area only will pleasure host if visit charhda panjab near future may your wish come true soon peace,1
frozennight wahi keh rha hu thoda research tu karle badhiya rehvega tere liye andhbhakti toh tum karne laag rhe iski,0
najeeb khan thanks bhai,1
tere londe cricketer nahi hoga sabhi ladki bhej match khanle liye indian cricketer,0
paijaan trophy aai bhale chori bas recording hatne phir jang tarah jeete ga,0
always loved ali hamza rao song,1
bhai chargar gayeb nindia wale maja lelo,0
listening these masterpieces,1
really appreciate nand,1
baap baap hota beta beta hota our tunhara baap,0
beautiful poetry,1
thanks salman ya,1
acha superstitious logo karan nehar gandi gyi,1
jhaat,0
manan sharma pamona,1
iska charger b chura le gaye chor awaam,0
le bache trophy churali tu rakhle hum nehi chahiye,0
maraan da haal,1
hua ghus geya pichhwaade meh,0
baap baap hata,0
season best far,1
support always your team,1
proof rafale shoot down nhttps youtu tfq ahlqdi si hnlr yx oi vafm nhttps youtube com shorts e guw jcme si oszj an kfyzxz https youtube com shorts rhtunpxg fw si dxdfx ss sj qw https youtu akbyebwyblw si fqrrq tg iqerqj,0
narnaul bhaiya much inspired how nicely explore beautiful world,1
also visited bro,0
sheikhuzair ji bhai,1
katorastaniyon tumhari ammiyon naya sohar verma,0
definitely good decision hope will help others,1
power music,1
tum duaye kro tmhra allah knbhi sunta hmre bhagwan bht power,0
songs,1
phir milte,1
last seen very nice,1
bap,0
hahahaha ncharger chor log rafale girayenge,0
rahilanazrin song magic,1
live match nahin hota toh trump bol match jitwa leta lavdsthan,0
dil,1
sahi beta baap baap hota beta beta hota ham baap,0
king babar azam,1
tum bache v tum av paida huye navjaat shishu jao doodhpili doodh pio aa jate match dekhne,0
noori awesome,1
best,1
abhi kon sun like karo,1
waah kabhi udas hota hun comedy dekhne aa jata haun,0
beautiful song,1
boht aala,1
wah baat noori kiali noor ali hamza amazing,1
aap jaise jarurat love,1
tumhri aukat,0
commendable coke,1
fakir zaman tulla zimbabar chota shakil lipstick legwan salman bagga buzdil shah faheem stokes shaheen langda harish tepiya nasheem chikna abrar mistri,0
his voice music direction extraordinary,1
great sought out reels. helps us get what missed,1
bharat desh mahan lekin uneducated log bas hate faila rahe comment ladkiyo respect bhulke,0
love love punjab love,1
really proud,1
kokka kokka bhji sabh pakistanio thokka thokka,0
great,1
miss,1
pak media afwaayein giraaye aukat dekho inki,0
just out world,1
no team lekar no team apni ammi,0
tumhara baap nikla,0
accha churan diya hua tumhre politician jung jitne live telecast hota mar jate jung,0
ap dl khidmat jzba inshallah one day god will succeed,1
papa jeet gaye,0
chomu jadha ur mat,0
heart,1
bro sidha sidha bolna,0
chorus outstanding,1
fawad khan thank much dear,1
yeh live nahi hotha yehl log bolthega humne jeetha humne jeetha rali bi karega,0
bhai aagye swaad,0
salman uppal,1
inbred bhai dimaag kam hota inn logo herd follow krte apna dimag use krte,0
pata kaise log apko jhutha bolte hain,0
aman bhhaiyya shradhha gems education system,1
cokestudiomtv,1
welcomes rao,1
nice wish,1
request please make video manipur situation asap,1
aapko vedio post karna kise karu nbhuttt sari duwa,0
yar song itna acha pora saal sunlo ga,1
madrasa ball udane takat rkhta,0
shooting down rafale where prove social media adha shortage,0
aala,1
woh sab theek woh bichare ladke kyu bolla datto pe brush kyu nahi kerte,0
should make videos about aagra,1
tej jawab comment apne baap,0
hag diya sale pakistani,0
noori always amuzing,1
got mesmerizing voice amazing noori took song another level at end love pak music talent,1
wahi jo aaj bigg boss dusro juthe bartan maaj saala chapri,0
love man proud,1
gursimran sethi thord sa,1
best di nyour new journey,1
illiterate people tora research krlo uske baad video main bolo always will better than every aspect also no player indian team has directly criticised,0
gaana suno chill maaro,1
jai last month was at but basically sirsa very nice vlog jaat bhai,1
bless our indian muslim brothers sisters they receive peace happiness,1
keep singing,1
proud ummate e muhammad pbuh,1
good luck choose path less travelled inspire millions god give strength achieve your goals,1
such smart person but following stupid culture,1
chor sale sabke sab bechare charger nahi choda,0
tumhe charger lagi yaha traffi le kar bhag gayi,0
finally also follow system njai shree ram,1
your message,1
ghusa diya,0
bhai inka pm jhutaa bc kuch bol deta gira diye,0
wow noble person may god bless taking decision really hard salute mam nice initiative nice approach,1
katorastan allout kar rahe laga akele pura terroristan kiya toh live telecast gaya haii naab kabhi its over social media bahar telecast karke dikhao,0
pure gane intezaar,1
aaaa ooombi yaaaar poda pacha potta,0
wow much love,1
kala jaadu karo bhai end,0
please make detailed video kpop idol career,1
mind blowing,1
hamre yahan ma behan public aise gaali dete batao charger chura liya itne gareebi,0
hamza noor creation,1
such sweet guy,1
pahli bar apki video tranding par dekha,1
stopping pollution best solution,1
iss video dikhna bewkhoof rafale uda usko apne andar dal rahey hey toh accident toh hona,0
ja ker khel field tab pata chalega beta,0
vlogs bekar hote,0
anyone listening watching,1
people trying save water channels haryanvi more logical aware then anyone else,1
best example voyeurism big boss video,1
bain relaxing song,1
ali noor rocks,1
batia rowo mat,0
waooo amazing song,1
osm song,1
first mint,1
yeh jagah dekh ta itni gareebi ma tv nahi garma,0
ok bro,1
wow just love,1
terko lgta wo wha pooja kar rha sirf vlog kar rha nsupport hindu kare ya naa kare wo problem lekin muslimo galat chizo support krta wo galat,1
yaar hua yaar yaar kaise geya yaar rafael gxxnd ghusa diya yaar,0
cock love,1
what story great decision,1
jhat bal har gaye,0
respect button our home earth,1
itna kyu silla rohi,0
keep up love,1
aajtak jang jite kam kam match jit lo yar,0
fariheen same same,1
p c,0
best luck future,1
syedali thanks everything brother,1
wow insipire gaya main sharda best,1
wah nmy guess was spot nkudos nkash hme aise mauke mile kaafi nasseb vale hote vo log jin sb kuch samay pr mil jata,1
turn subtitles,1
kithna uneducated people duva duva mdm inshallaha apka duva reject kiyaaaaa,0
saale trofi chooooor,0
lord rings fans,1
poora bjp kalar laga rakha nbuut upasak,0
aesn baar baar har baar pelen jayega,0
iske pahle saat bar har chuke fir itna confidence kaha late fir wa har gye krwa li bezzati,0
rajasthani,0
public tumhari chor jo charger chura le gaya naur wo dalla mohsin naqbi trophy churake le gaya,0
allah maar li,0
much excitement vlog,1
rao voice amazing,1
wish relation between two countries should awesome,1
reading,1
mohtarma piche mujhe khada kar dete,0
kumari baap hey,0
microsoft wali naar apni,1
abee paagalon desh,0
noori,1
papa hindusthan tera,0
kitne bapp,0
bap kon abhi,0
apne papa milne aya par vo bhar gye,1
chal nikal bhadave,0
magic music unbound boundaries,1
hey gentleman if listen song regularly then good taste music,1
vahi baap hota tera abbu jeeta,0
its nice story,1
sahi kaha baap baap hota beta beta hota hamesha baap,0
huge huge respect nkeep learning keep exploring,1
usman flo,1
baap baap hota sahi bola waloon langoors haris rauf raw agent maroon usko,0
thank coming,1
moosetape,1
wow di really amazing your sacrifice really appreciable,1
hamesha tarah aman bhaiya aawaj power punch jaise hit karta full energy charged,1
lady playing veena was amazing,1
unka charger gayab yar lmo,0
match jito jhaat bhar inshaaalha raat bhar,0
baap bhul gaya beta apne bahan de de,0
pakistani coke,1
mahiwal lover,1
such great human beings both just thinking out world,1
baap baap hota hm kab karhe,0
apne hisse placement mujhe de dete,1
your song has also become very famous long time,1
suyour alath kob jitega,0
long distance girlfriend sings,1
feels refreshing,1
song music,1
thoda jal rahi hogi indian roads achi condition dekh highway expressway dekh kar,1
baap hey rehega abb bari hey mep sye out karega jai hind,0
tarcio augusto leotero,1
ha bap bap hota tumara bap,0
aub bol baap baap hota baap baap baap rhe ga jai shree ram,0
inspiring,1
tumhare biwi behen hamare pass bejo taki ham jese mard peyda kar sake,0
most soft voice raō,1
behind music,1
sahi kaha hum baap tumare,0
song famous after years,1
baap baap hota beta,0
hum aapko microsoft wali kaise bulayenge,1
happy best luck,1
song healing,1
sehtoot,1
bolll papa tumhara indian,0
great song coke studios magic,1
match jit jaouge lekin jung nahi jit paoge afganistan laughing corner bow down jokers,0
can t imagine life without best friend friends make everything better ni can t think better gift than your friendship,1
jaa bache school ja jaateoge school chutti hogi,0
love ma,1
what gem such small really respect brother nlove,1
finally pak saying right things baap baap hota tumhara baap rahega,0
came after zakir khan successful reel,1
tumlog paida huha harne liye,0
tanu paar lagavā,1
some connections made by family,1
jiji really aap bahut acha,1
thank coming,1
trophy chor bhikari,0
tension mt le beta vese tum logo koi ijjat ni,0
its october,1
kon kon sun rha yee master piece,1
new pak team world cup hafiz sayed maulana masood azhar,0
simply cannot get better than,1
like noori band,1
baap baap hota re,0
just love,1
thank lovely context,1
pahle sahi bola baap baap hota tumhara baap,0
agar live nahi hota isme tum bolte bhai jan hamne run haraya,0
apnaa rao,1
ladure chup ja gatiya log,0
bap bap hota,0
best song,1
starting km bookha kro phir last kahi tatti nikalte,0
allah dua black magic asar aaj dekha poori duniya shameless creatures,0
literally saw him at around,1
nice your,1
great job shradha wish best journey ni too upskilling myself working hard walk same path one day,1
simply melodious,1
pakistani brothers,1
kuch kuch cheezein rooh chhu jane wali hoti hain song absolutely one them,1
julie beautiful badalo love,1
noor zehra love,1
hindu jit gye chuslam har gya thoko taali,0
baap baap hothahe,0
bap bap hotahi,0
grandmother always used refer girls family as adiye,1
p b,0
tumhara man pel diya,0
sabhi thobda aise gaye jaise sambhog karne baad laad sust jata vaise logo thobda gaya,0
best teacher,1
bhai maja aagya dekh kar dr jashmer hooda was professor highly respected professor jat college thanks bhai,1
match nahi jit pate itna bora bora bhate,0
bro please support those opd people,1
best season ever coke,1
wah ladkiya hum pel denge,0
mast mast,1
noori your performance y level love pak music,1
seems malnourished,0
education builds confidence break free corporate golden handcuffs live your dreams lucky support great mentor her passion,1
uffffff,1
kabhi kabhi muje lgta kisi alg duniya pr rhta jo sirf delusion rhte hain sbhi log itne pgl kaise skte hain,0
ahmad waleed,1
koi baat jets,0
rafael tumhare sapne gere honge tum log ful bewakuf jahil,0
new father porkistantilak verma,0
tum aunty vlogs dekhte nunke vlogs almost hamesha rehti nkabhi kabhi un dono dekhke lagta dono saas bahu,1
elvis isiliye aye,0
yes warrior,1
listen after year,1
rafel kis duniya ji rhe pakistani rafel dekha b kabhi,0
nek nkitne baar jitogii,1
haan ji baap baap hota bhikharistano,0
thoda apne gaanv bachho puchho how many them can afford your chat gtp course congratulations becoming an unreachable elite your own people,1
baap baap hota samja sadiyo tumhare baap hum rahenge,0
these guys really hero,1
piggistan,0
yar nu mily gi aj,1
perfect ending,1
charger gyi sach udhar nakvi trophy chura liya pure chor bhare pde hain udhar yaarr,0
voice awesome can t tell,1
bhabhi ji looking stunning,1
vlog terse hoga ise acha koi kaam kr dusre dialogue mrta rehta jhatu,0
baap baap hota tumhara abbu papa jit gaya mera payara love hindustani,0
beta ro mat tera papa toh jeeta,0
youtubeber channel name tope games channel gaming nice video,1
tafu sahab,1
bol baap kon,0
baap baap thumara baapa,0
bhot jyda uchal re porki pta chl gya baap baap hota,0
suji bolo burnnol bej walo,0
ali hamza great voice,1
amazing lines amazing just listen carefully,1
ayse pel chad,0
dream see ur live show guys,1
garib aadami chori karega,0
taki kabhi hamlogo samajh aya kare,1
friend nice,1
just magical,1
tum log sale aise udate rahoge jindagi bhar aise udate rahoge anpad,0
what an awesome rendition,1
hats off professor please amplify his efforts,1
maha thanks,1
fav part,1
bhakk bkl,0
bap bap hotahe,0
nice one,1
very nice vlog nthanks such amazing content,1
murdabad murdabad,0
everybody' contribution point,1
wawo amazing song love,1
big boss aa rhe,1
amazing song,1
these soothing coke songs priceless everything else mastercard,1
yar nu mily gae ajj lash yar di,1
jiss jiss ny apni behan di,1
pakistani suyr ikatha huye,0
beta land niche rhoge,0
think heaven,1
great song,1
tumhari ma pelke tumhe paida kiya jake tumhari ma puch lena,0
cant imagine better then just wow,1
aatankwadi desh wale itna confidence kaha late unko pata naa hamara abu,0
زabardastnd,1
how wish every human being hear masterpiece,1
ap log pagwl kunta pehele boktahe bat markana parta,0
log rafflal girane saboot toh dikhao,0
clearly music,1
kala jadu karo ya fir hara jadu karo kuch nahi hoga,0
proud your decision your goal your mission education great best luck your journey,1
baap pel diya,0
aashuvlog same dikhte nahi banne tarika same nab agar koi international person daal bati bihari food bataye as rajasthani acha nahi lagta njyada bada bihar ya rajasthan,1
guys much inspiring,1
airbase udaye ground pakistani chakke maar diye,0
sepah koi,1
jai jat ekta,1
tumhari abu pants leja,0
these people celebrating victory which never gonna happens,0
love your voice mam,1
inspiring,1
best your future endeavours,1
lovely vlog bro,1
song explanation sun aayi hu. literally loved,1
lo jee agyaaa,1
beta pata chala bap kon tera,0
inka uss tepiye rauf sara jazba inke pichwade ghusa diya matam manayo fake victory parade nikalo fake victory declare karo nbaap zindabaad always,0
whenever listen song gives courage,1
charger trophy chor naqvi kr pass bhikaroyo,0
she an artist not our enemy take chill pill,1
mu mujor tum npakistan agar tumhe jitna shivji pooja karo tabhi jit paonge,0
like if click because your current mode,1
more love song after knowing story,1
two handsome men,1
reels can revive what missed,1
thank person introduced magical,1
love cokestudio,1
she isn t going anywhere nshe will teach here only,1
first time watching early your video,1
mobile charge karane liye power bank lene aukat nahi dialog bade mar haj,0
one most favourite songs,1
waw nice watch see ur,1
listening masterpiece,1
bhai pakistani mob charger chori gya hamare trophy,0
qarina,1
bigs ups big step,1
tum group match jeet pa rhe border per jitoge nt v fodo tum log bas,0
charger chor sale,0
goosebumps whenever listen,1
baap baap hota sahi bola,0
true masterpiece,1
sale baap ni paye match jitenge,0
iske baap isko cheating paida kr diya tabhi yeh hua,0
wow mindblowing performance noori,1
nostalgic,1
waah what beautiful interpretation thanks,1
kuch toh aisa hota,1
song,1
har baar hindustan marwane shauk,0
gali gali shoor mohsin naqvi chor,0
such wonderfull song,1
shaped,0
pakistaan like mere baap,0
maa chud gai tumai pta chal gaya kon bapp,0
but vo vaha rehke ak avg indian better kam kar liye,0
sheikh khasif thank brother,1
bht acha laga par btao shadi kab aaplogo,1
love forever,1
was one only best season coke,1
may your loved ones always stay blessed peaceful,1
v nice song,1
shayad yeh dil maanta nahin,1
new papa,0
yaar nu milegi aaj laash yar di gives goosebumps at amazing whole lyrics song love,1
mach jitneke bad pta chala honga bap kon hay tujhe,0
usmanrk thank,1
freddie unparalleled,1
known world wide our hospitality,1
rock,1
si buena música,1
like his voice,1
love champaran,1
dedro,1
tera chillana kaise band gya noor khan base,0
sirf sapna dekna ata,0
love ali hamzas crispy voice,1
bichare charger chori gaya,0
beautiful melody,1
music,1
heart comes out whenever listen songs,1
movement,1
love odisha,1
only lone warrior bhakt era,1
great job mam keep up,1
thumbs up bro also looking forward peace,1
hatt ga baap baap hota beta beta hota,0
wow love,1
match live islia har gye varna social media par tumne jung jeet li thi,0
mashaallah beautiful,1
cant ever get over song,1
just wow,1
one few haryanvis ever possess an actual working brain,1
hamare yaha thele pe bechane jaise bolte wese pak public,0
bhai aram yr,0
amazing song,1
real hearo,1
bechare pakistani,0
veena played by woman haunting,1
your father,0
sahi bala baap baap hota abbu jeet gayi,0
watch which really need,1
samjha baap kaun baap baap hota beta baap baap banna sikhaye,0
wow shrdha di di re struggle awesome,1
abhi bol bhai bap bap hota,0
those people end public awareness doing an amazing job known trash make move clean your surroundings instead love,1
love mare jan,1
noorkhan airport atomic lickage karr di tumhari tatti bikher di tum logon lekin baatein dekho pakistanis logon lagta woh jeet gye shittar kha jeet gya,0
will dislike,1
raffle garn may gushe gaya,0
aami chud gyi,0
song acha,1
papa abhishek dusra papa verma,0
preeit anjum yeah thats fact but punjabians can understand,1
goosebumps whenever she sings,1
pakistanis definitely not bad,1
bahut intzaar apka,1
good job,1
sath haar dekhne aa gye,0
yess brother,1
bahot achi kiya tumne kisi gulami karne behetar khud raj banaye,1
tum ghar jake room garam karo,0
meee after watching girl reel,1
september listening masterpiece,1
wow apka gaanv blog very beautiful,1
match pehle allah allah match baad allah ma chut gae,0
pak vs ind final asia cup,1
love wins,1
haanji party hua party nahi night koi nahi party karlo,0
hahhaa sarkar public chutya bana hahaha chudu bhai sapne dekhne baad karo uthjaw subh hogya,0
bhai wo ghoomane wala bachha hoon,1
kutta bhoke hazaar hathi chle bazaar kutton bhokta dekh kafi sukoon mila,0
kon kon maja lene aaeho,0
ma,1
dont cry,0
rafel toh dikha yaar,0
kyaaaa baaat hhh brooo,1
rao nd,1
when understand meaning line definately start crying,1
big respect,1
beautiful man,1
like after year,1
chuti baat ker rahi thi inko kayi raato nind nahi ayagi,0
these brothers extremely talented think their mom also playing orchestra love,1
haramio kaess laga,0
microsoft dream job every engineer,1
pxmtrc gajab jahil socho indian cds bs sentence bol dia tmne kahani bana li bolne kahi b sabit hua tmne jets girae usne bs dialog mara gajab jahil sach,0
boor wali mauhtarma alag video keh rahi thi indians kaala jaadu karte hain ndekhlo iss video kon kaala jaadu kar ntumlogo times namaz padhne jarurat lekin hum bhartiya sache mann sirf baar kisi bhagwan subah naam lete poora din sahi jaata,0
pehale decide karo gire gire ya ya fir pehale decide karo toh gira diye kasam e delusional world inaka kargil sab tumane jeeta kasam jahil log,0
jeera tenu paar lagaway,1
hello ni student software engineering semester when heard flow doing struggle achieve your gole achieve but quit job microsoft spread education every indian child don t now meaning education really appreciate your efforts keep hard work humanity,1
apologize,1
aman well said heart touching,1
muh lene kab aa rahe jo aap log,0
har wicket out hote bus yahi chahiye thaa nbaap baap hota aj tumhari baat sach gyi wo chashme wala kaha gya,0
silent anticipation,1
ever since song came out,1
miss jo aapka aim bahut acha but agr isa koi idea ya starup agr plan krte jo govt schools sath milkr system bana ske toh aap har us bache tak pahuch skte jis pass education liye kharch kr skte,1
last may nae maa behen gali dia kaisa laga tum log jitni aukat utnae mahi raho,0
song love,1
kaam lag gaya fir,0
abhinando bro agaya aab sabko gadget dunga,1
muslim sirf dua karte rahajaenge salo khel khel jitte duaose nahi,0
vai love west bengal,1
ind pak war cricket match tarah live rahtha toh waha pe rona issi liye rafel churan pak govt tumko khilaya,0
bhikristan walo mkc inshallah,0
hilarious,1
bap kon bata,0
thanks bihari food,1
beta beta rahogi,0
vo ghnta nahi kuch ukad payega gamla chor,0
mere lode bhut takat,0
august kon kon sunraha,1
pakisthan com pe tarsh aa rha kitne ayer besh pe brhmosh gira j tumko btaya tumhari aarmy,0
bare bholne pahle aapko chakke bana denge baccha peda karna bhool jaoge,0
afifayousaf,1
sindur badla laga dia ja allah bata kr aaja mulle,0
itna chilla liye dusaro dekhne rafel bat krte gader movie nahi dekhi,0
thank god match live aata nahi kahate match jeet gaya ntrophy chor,0
thank uz introducing masterpiece,1
baap backe rehena uda de tumara baap tumhe tumara baap,0
just right now turned fan song,1
bap ham tumhare,0
sahe bola baap baap hota,0
har baat pe jung le aate tum log kiu,0
duwaa kam aai our kalaa jhadu kaam aaya,0
yai badiya guru inki khushiyan jo end matam badla sahi kaha pakistani beto baap baap hota tumhara real baap,0
btech plain btech artificial intelligence machine learning best please reply,1
yes baap baap hota,0
inspiring story girl great,1
first time listening adding once favorite listn,1
mam ur contribution will make our students more confident about comp science,1
beta ghar jaker aapni amma puchho hum kon hote tumhare nbeta tum log cricket layak nahi,0
ni very big fan your work ni also live,1
jang isliye ni jeet paynge kyoki usme camera ni laga hota,0
ooo la mind blowing music,1
really mam want join your journey,1
batao bc charger chura lekar ja rhe dil dil bhik manga,0
saram naam chej ha,0
baap baap hunda,0
see as great inspiration,1
chamaila hahaha,0
sahi kaha baap baap hota baap hota,0
muddasar kamal,1
chor desh charger chura le gaye tera ghatiya com software update gaya abbu hatho,0
bhaiya abhi as beginner hu sikh hu lekin jab capable jaunga as teacher tab aapke saath reh kar aapke mission aapka sath denaa chahunga love apni kaksha ndidi an inspiration students programmers,1
simple beautiful,1
murshad gurus respect justice humanity,1
lodo match jeeta jata,0
bap mil gaya pata chala bap kon,0
tepya bowler full pela balls runs,0
indian cricketer deepak hooda watched his biography but didn t knew dhuruv also haryanvi beautiful city nlove respect,1
luv madam,1
may god bless always complete your wishlist as soon as possible,1
youtube blessed by song,1
radhe radhe jai shree allah,1
big fan dhurav rathee ni support dhurav rathee nbjp godi media pe aese video banate rahiye,1
last jate jate hag diye mc bc porki,0
joker children school nahi jana hain,0
more beautiful when get know meaninmg lyrics,1
yesss fukkkkkkk pak,0
tum bhikhariyo yahi hal hota har bar kitna mar khalo jalil jawo par attitude kam honga,0
chalo g margaye g bargaya,0
bukharo dua qubool nahin karta allah hamara har har mahadev kabul karta harane jai hind,0
baap baap hota apni amma bhej,0
favourite,1
wish visit lovely vlog man love bangladesh,0
views liye educated people temple show kar jisko pehele roast karta uske pas ata,1
your talent beyond any barrier,1
baap kon mere bacche,0
assalamu alaikum peace upon,1
kala jadu kaha gaya,0
oyee magthulay ogu sata,0
iska matlab bigg boss ana pakka gayaa,1
love lyrics,1
bol tera bap kaun bada bap bap kr rha,0
best your next phase life,1
want hear more computer science,1
indian here,1
long lasting,1
pagel admi pk jai hind,0
baap baap hota beta beta hota,0
background music just soothing vibes doordarshan,1
baap baap hota,0
beautiful splendid amazing,1
paka mursid sab naseeb,1
larger than life,1
love pakistani nation,1
bc log kiss duniya,0
repeat after baap baap hota,0
chor puri public charger le gai,0
purvi tumhara yaad rakhna saloo,0
best shrada,1
story sohni mahiwal,1
listen plz like,1
bro tumne sahi kaha baap baap hota prove gyi won asia cup but match jeet paya toh cup chura nikal gya,0
wish these countries live love peace,1
soo much love,1
chaand,1
favourite line,1
cant stop listening song beautiful,1
weed priyaan,1
baap kon pata chala,0
when noori was rockstar was omg its been years,1
kala jaadu ulta pad gaya,0
sorry pakistani bhaiyo.. want rob songs especially musicians,1
iske bad inme kuch khudkushi kar leni chahiye specially cameraman uske liye duniya rehne layak nahin reh gai,0
cheese pizza amazing,1
message love loyalty,1
noori rao some extraordinary voice qualities,1
proud,1
such polished performance,1
rafale beta khane paise nahin jung jitne baat karte,0
country when its about music,1
favourite coke song,1
love veer,1
end gand fatgai,0
bhai toh majje lene aya hoon inke,0
proud super excited ur upcoming mission us nwe very blessed apni kaksha team jai hind,1
best,1
thanks made understand what now,1
baap kahan chala gaya yaar,0
no way trending no,0
baap now,0
hindustan paida kiya tum logo apne baap sikha rahe,0
thank sharing story,1
har match jitenge pak maa chhodege,0
allah hinduo sath kyun de hain nduao hua,0
just respect noori,1
jai guga jahar peer dil love bhaii,1
han ay hoye dil,1
your like movie pure nature beautiful,1
raising awareness cleanliness river great initiative,0
took whole new level,1
di aap video first home page pe pyari si smile lga nlove diii,1
ha ha ha gadhe chilla rahe jeetega bharat,0
beauty simple life thanks always depicting most raw informative footages,1
litti bihari food,1
love song,1
aayanmehta v o big boos jesi bakwaas cheez ham jese educated logo achi nahi lagti,0
inspiring sis,1
kangal des coree hogi kg aata mil jayega,0
murtaza,1
proud rohtaki,1
road not taken wish very best,1
best,1
absolutely magnificent,1
may still love like was first day,1
bap baap hota,0
music should celebrated like .....soulful not by dj. melts heart good.,1
ruchika tiwari thanks respect,1
land tera,0
chuto hum indian team har player champions koi player tumhari ekele maar sakta,0
really like your videos but wish could make vlog mumbai maharashtra please,1
after knowing lyrics just fall love song,1
lekin tune sofia ansari photo kiyu lagai taraf kheta proud ummate e muhammad pbuh dosri taraf sofia ansari photo lagai,1
bhai wale trophy chorii kar lete charger chiz,0
pura match tumara gaar humara,0
dekho bo rafel kahi tumhare hen bass tumhare sarkar jhut bola tumko,0
thank go match live telecasting otherwise they calim entire cricket mathes own by pak,0
kamal .... dil chhhu jae,1
kudo chillao tera baap,0
maja aa gaya haar gaya,0
trophy chor,0
moonlight increases magic song by times especially seeing moonlight running stream specially winter its just mesmerizing,1
chargar,0
music great,1
di waiting your new video please post new video,1
chadi phane okat jang bat krte,0
hum baap tumhare,0
continuously listening song,1
salo tum kabhi nahi sudhrenge,0
best song best story,1
great job coke,1
no reply your comment,0
rash thankyou bro answering actually didn t knew about,1
after started feeling real noori essence salutes hatsoff,1
just how beautifully expressed beauty,1
yeh tumhari country halat ha charger chori kar lete,0
jis job pane liye mere jese log fight marte us job aapne chhod diya nseriously really legend keep up nalways,1
raa agent hain hari shroff harris rouf sazish usne khilaf,0
some behind scene dhurv juli just kidding brother love bihar keep doing learn many things your vlog,1
them magnificent,1
vo mucchad kaha bhag gaya mc,0
always gamme,1
mere dost nu jana mil,1
bhai logo gober mat dikhao wrna andhbhagat chori kr lege,0
use ladki bhej dekh lena usko,0
pata mujhe kyo lga aapne gaav koi acchi cheej describe,0
don t think anyone would been place her could taken decision respect her,1
baap koun samjh aaya,0
beautiful lines,1
pak bap verma,0
video give motivation goosebumps,1
baap baap hota hey wait next years,0
rote takhnay may bada maaja aata hii face pink tears face orange frowning eyes purple crying,0
trashed omg,0
jaathood love punjab,1
song deserves more views,1
some piggy women was saying she has dhum her duwaa,0
yes can yes can,1
naah rather dirty as any other indian city,0
mehnaat safalta,1
hayeee,1
beta bap bap hota,0
pamper tumhara change gya haiii nbeta baap baap hota,0
log chanda collect kr cricket dekhate,0
wow how did missed,1
very beautiful male voice,1
never will,0
love your videos but your chatgpt course really expensive middle class people after still expensive,1
bhai konsa jung jisme tumhare airbase tabha kr dia wo wala ya jisme zahilo ghutne la dia wo wala,0
asia cup main baat achi hui npakistan bahut saare baap mil gaye,0
haha nailed bro,1
sahi kaha baap baap hota pak baap,0
walo bachho abhi,0
پaar chanaa de,1
inches dediya verma,0
jang pe yise marenge hamari army,0
muje lagta bollywood movie tarah juli ap indian foreigner bana doge,0
respect every culture but proud,1
after years song still pull up same vibe,1
lyrical song,1
august nyaar nu mily gi aaj lash di master piece,1
true love,1
woooowww,1
coke listen lack down lots love,1
elvis like aaya aukat germany germany khel bachcho,0
amazing soulful song,1
team apna college very much excited thankful both amd team creating life balanced manner r inspirations many people like please go ahead let know if can support getting nervous during life decisions now verge sink river flood got charging thru motivations thanks alll,1
best your future shradha di,1
sahi bola baap baap hota,0
bap,0
punjabies,1
shrishri right bro,1
haha pehle giraya uska toh evidence batao kaunsa bhang peete,0
cegop chindi log,0
hum baap baap hamesha baap rahe ge,0
good see indian students doing such great work,1
look at ugly actios fanatics nation will never live peace land impures,0
kyun bhai aa gya swaad,0
feel proud myself found channel learnt these people nwe too want part revolutionary future nall best bhayya,1
wow nice super,1
new abu peldiya,0
listening,1
last aawaz nikal rha,0
aand forces aand gir gaya,0
khud man liya bap bap hota,0
group effort,1
match gaya chutiyon hath charger gaya,0
bhai kaisa laga gand faad dena,0
shame,0
baap baap hota bhul kaise jate tum log,0
baap baap hota mc porki,0
surprised,1
nice explanation hariyanavi proud things,1
greatful upload video,1
sare su r jhund gu khate hue,0
baap baap hota sudhar ja,0
aman proud both such an amazing energy both your parents blessed,1
very enjoyable knowledgeable both your blogs videos,1
speechless song,1
arsalan ali sayeed,1
jiy hind,0
jalil hogye aap beta,0
muheed deta,1
such talent,1
shes got beautiful voice,1
jo khud itne gire vo raifal kaya giraynge,0
' voice made song wonderful,1
today watch your video really inspired your life story will really inspiring,1
baap aisa mara beta hug kar chala gaya isliye kehte baap samne hamesha jhuka kar chalo,0
here,1
july still listening masterpiece,1
typical pakistani trophy lekar bhaag gaya dubai charger leakr,0
ky hua fat gaya,0
as usual bhai meine like kardiya before watching video,1
history behind song makes more special,1
amazing awesome,1
nostalgia,1
bhai charger chura liya,0
love love love cant speak,1
hope still together,1
indian pawer bap bap bap rahega,0
bangladesh love,1
inspirational,1
jaipur pakistani match dekhen ya chullu bhar pani doob mar jaaye,0
january foggy morning,1
yaa yaa gya,0
baap baap hota leke beta beta rahega,0
kattu baap baap hota pata chal gaya,0
bhai maan gya ap log sabse jahil com maan gya kutto terah chilla rahe jaise tum log match jitne sapna dekhte vaise tumhare sapne rafel girne sapna aata,0
rao fab,1
baap baap hota new baap verma,0
proud haryanvi love bhiwani hr,1
finally someone smart,1
papa aise bat krte beta,0
fantastic,1
there un bigbos just checking out rumours,1
form punjab good job ji,1
baap wapsi dekhi ky,0
ohh wow r not germany,1
beautiful thoughts,1
rafael giraane proofs mil jaate toh achha hota paaijan hahahahha hua nahi mila proofs milega nahi kyuki tumhari aand forces toh surrender kar diya ahahha match war dono haar gaye,0
luv shradha,1
bigg boss entry liye visit kiya,0
bap panga nahi bhikhari,0
reels,1
may allah bless,1
match bad vapas ghar jate samay gile pile paizame nahi dikhaye janab,0
abhi becharae ro hoga,0
absolute banger,1
کچہ میں انسان سے امید نہ راخو پور کرنا کی سرفرح اللہ ہی پور لگا سکتا جو منی میtlb لیا وو بتا رہا,1
nooris voice amazing,1
please consider request student can t obviously afford involve your course although highly eager look forward your videos always never fail make aware new things as say only ones can learn adapt well would safe long run please explain some topics which included your course about chatgpt,1
wohi,1
pakistaniyon battri down hogaya jai sri ram,0
lyrics beautiful beyond comparison,1
ali noor awaz,1
charger khayab chooote log number bakerat khom,0
divya yadav great,1
pakistaniyonke muj pe koi thook nahi paisa kaun dega,0
alisha gizri,1
kuch toh bol taaah vloging bare kuch voyerism aisa kuch hypocrisy bhee seema hoti,0
love ma always support,1
kala jaadu ulta khud pe pad gaya nus kaala jaadu wale bula poocho kaala jaadu pe kar ya phir khud pe,0
true masterpiece,1
white kurta guy gali aisi de jaise war liye apna zhat leke gaya,0
gold,1
fate fate position negative,0
haa smjhdari dalali krta,1
tumko baddua lagi tumne bahut zulm kiye par abbhogo,0
nice voice,1
freaking proud being successful making successful,1
love reading positive comments indians love guys peace,1
bhai bht achhe aata chatgpt use krna kaho tumko sikha de,1
pakistani coke awesome,1
sala ketna chelarhata,0
someone said right,1
yaar noon milay gi ajj laash yaar din,1
aapane kaun kaun coding html,1
chah gaya ha ali,1
yeh vlogger yeh yeh yeh yeh elawa kuch nikal nahi rah mae toh bas end wait kar rah yeh yeh yeh nikal gayi sabki saale inko abhi tak pata nahi chala baap baap hota haar gaye trophy jeet nahi paaye toh churake baag gaye,0
lovely creation,1
respect ur getting fresh air our pind,1
wahi toh hum keh rahe hain baap,0
yar nu mily ge ajj laash,1
sahi kaha bhai baab baab hota dekh liya,0
allah mahabbat,1
duniya sab jyada delusional koum,0
charger chor,0
amazing di jaisa aman bhaiya khte decesion lo aage universe apne aap kr dega,1
after yrs its now trending anyone în dec,1
ammi jake pooch apne abbu kaun nbaap baap hota beta beta hota,0
more power people,1
par jo bhai sahab unse kahana tumhari har jung gaand maari,0
tele mobile battery khatam oyese pura pakistani vik mang allah nam debo baba atta chawal dall jay sree ram bharat mata jay,0
great ma,1
great feeling,1
love hear song,1
nice job hats off zehra madam,1
soo damn soothing,1
proud bihari,1
love not about face about bond share,1
wow what song,1
ive heard song over times cant still get over,1
bol tera baap kaun tera baap,0
thik kaha tum logo bap bap hota,0
noor lajwab,1
alla nahi duniya duayen lau kaam karengi,0
supporting bhaiya,1
like sting' coke more,1
hum papa pehle hasate nfir rulate,0
insha halla nahi karo tum jite,0
ireally like your voice mam,1
dont show your racist lahori churan nwe better know lahori churan aand forces,0
tumlog chor e nrafael kabhi dekhe naur baar sun yedi rafael gira de diya humne tumhare under jake kase tumlogo patakhe chhori tum achhi jante,0
process devotion,1
hope video shoot month april may,1
lovely,1
fabulous mean its simply best,1
coming because going bigboss house,1
hum indians pehle nahi khada sake,0
tb time when wait each coke song,1
jo admi bina mehenta jaldi phal milne khusi mana ta bo wolde maha mur ta,0
love respect song,1
video inspires lot because goal exactly same,1
jung maidaan nhaar gaye yahaan,0
amazing review,1
team naand force,0
kuch tarah,1
haa baap baap hota dekhaa,0
best will,1
bhaiyaa courses taking over youtube,1
first song brings tear,1
awesome town hain bhai apka,1
wellcome rao,1
saudi chala ja vikh magne wale tumhe vikh vi nehi denge,0
much love shradha dd,1
keep up,1
great men,1
kon bab,0
lagta hajar bhul gya,0
tumara bap,0
yar bheekmanga desh haraya lgatar baar trophy unhi pas jaise rafale giraye,0
dalle rafael tere baap ake giraye proof dikha bas social media,0
har jagah haarte fir vlbhi sharam nahi air base,0
moot de subah uthkar beh jaye,0
great,1
bhai bhabhi rassian love rathee,1
nala kay hup ind tumhare papa papa aise bate karte,0
pakistani ladkiyo bhejo indian ladko pass njit hum tumko bhikh de denge cup de denge nmatch khatam hone pahle jit kushi mana leto,0
wahi hum bolte rehte smjhate rehte baap baap hota champion,0
hats off amazing,1
duwa tum logo us pe pe dal lo thore der pata chalega tum log kaha pebho,0
bap bap hota jane kitni bar sabit kare ham indians nek naya bap list likh lo npakistaniyo naam varma jai hind,0
wonderful best your new journey,1
bol hua bete kon samjh gaya,0
dear rao,1
world happiest person if,1
noor zehra jinaapke aage sar apne aap jhuk gya,1
saale tu khudko baap samajh baap bhai,0
awesome truly enjoyed watching your videos,1
sabit kar diya uska dogla beta,0
bass subscribe karo,1
agr tujhe nahi ptaa,0
mesmerizing loved,1
inspiration,1
proof proof over social media,0
tumhaari shakal har baar aise rote huwe hoti match war premature ejaculation beemaar,0
kon kon mojja lene aya,0
nam suna hoga baccho,0
pure match koi peeche dala,0
bauht khuburat song ha,1
thanks aman bhaiya,1
saddam sarwar sindhi songs,1
such pleasure,1
refel girane aukat tumari bhikari,0
sabse aage njai njai jaat,1
love video,1
ali noor,1
love pakistani syria,1
old nanny,1
chor log cup churake leke gaye,0
sahi bola bap bap hota chitiya,0
like won war nsource social media meme page,0
hats off di,1
loved song since years,1
nikita makwana,1
pin drop silence noor zehra then she becomes one veena bleed their hearts out together,1
project unions,1
yehi sikhate islam,0
noori legendary as usual,1
baap baap hota,0
sahi kaha bhai tum logon baap baap hota hain,0
baap baap hota,0
bhikhme mage,0
kiyare baloko dekh hasi aarahihe,0
just amazing,1
kachaa ghadaa,1
[cleaned text]: spiritual journey,1
what determination risk bearing capacity,1
much respect shraddha wishing success may fulfill your deepest desires dreams,1
may his soul rest peace,1
usama khanzada bhaii,1
always proud indian,1
vlog bnake paise kamaye shi baki koi bnaye glat,0
phenomenal get goosebumps whenever listen song,1
bhadwo pata chala gya asli baap kaun,0
bhai tumara sakal dekhar maza aaya baap kaun,0
charger chorrr,0
haba nikal gayi beta,0
tere log tyri mar rhe chrjar dhnd,0
bataya bhai,1
best wishes your journey best luck,1
million likes,1
hay man chod di hay man chod di,0
chuu t jaisa muh leke ghar jaate log,0
jhande pe chand hona chaand jhande hone aukat bolte hy samjhe bete,0
atleast kuch existence toh bhai naa tere jaise comments hate deta,0
sohni' thoughts,1
inlogo balloon rafale bna giraye,0
lot love sradha ma,1
shafique ahmed awan,1
disgusting,0
great video love,1
inspring ni wish can offer services guys nlove,1
aws msong way they transcend slow rock splendid noori its just song engulfs lyrics beautiful voices really commendable,1
log aaise bolte jaise sab jante fir ulta jata,0
just love listening song ' magical,1
fabulous,1
shi pakde,1
gya pkmkb,0
tej pratap yadav zindabaad,1
female singer haag dia,1
tere baap sath janmo tak rahega nbaap baap hata,0
jab pta chalta koi nikal kar itna success gained kiya ak energy generate jati ander,1
old sitar lady nobody notice her,1
cricket njaadu duaa nyahi kaam kar sakte tum log,0
matlab,1
intense,1
aameen hum dono liye,1
tumhen hamesha jhoot bolna jajba jajba chellana aata,0
inspiring story keep up there no such thing as better than helping other people,1
what heroes,1
sohni mahiwal story,1
hmse hue chaina puchoge wo bolega bap,0
mera channel nmd abdul meri jaan sab kuch fayda hoga,1
saare saare pakistani tattoo salwaro hag diya last muh chhipa kar bhag rhe hain tarah,0
gokulmalan hindu bano phle jati mat batto,0
music z mesmerizing,1
diya diya,1
hello everyone anyone want collaborate,1
but they look like terrorists,0
charger chor ntrophy chor,0
ladki party karne mouka nahi diya bharat,0
esiliy acha lgta kyunki govt burai musslman issue per chup rhte jo dange fasad krte army per hmle krte kashmir safaya kia ese azadi time kiye purr desh dange krke bnaye jb tarek fateh,1
listen dashte tanhai,1
pata chala baap kon,0
abey paas drs system banane budget nahi kaha tumhara stand,0
babar azam,1
زویانوور نice,1
mutton karahi,1
people indian subcontinent actually one,1
watching your contents nepal nthe south asia needs more people like nhats off,1
guysss idea aaya channel report kar kar udaa ese timepass liye,0
vishalsharmaesports then why talking about privacy,1
love punjab,1
congratulations napka naya papa,0
calming,1
bap bap,0
song always gives goosebumps specially,1
oil lagakr pela lade,0
clay pot motivates,1
thats cute,1
parki kaha gai,0
shinde,1
hearts video inspired,1
dil sath sath bhot kuch tuta tumhara,0
also love,1
nahi bhai baap ghused diya pura,0
revisited after years course listened multiple times between still get same energy every time listen song,1
your voice most beautiful thing,1
new abu abhishek sharma dil sukun mila,0
charger chori jata,0
poora poora mulk hee fraud proof mango kahenge social media,0
tumse payega beta,0
kyun bhai hila dala dube npappa bol pappa operation sindoor successfully,0
chal gya pta baap baap hota,0
re haryanvi knew were too smart up bihar states outside east punjab re basically punjabi,1
song never get old,1
great,1
losers baggers,0
years duaa kaam aaraha,0
magical song,1
very very rare inspite lots off views,1
reading story while listening song,1
she does she meant as what say cow thank ni misunderstood her moment,1
sach kaha baap baap our pak baap,0
beautiful couple love bhai,1
one like doesn't justice,1
salo tum q nahi mante tumhara bap hamesha rahega,0
vaibhav thakur sirs reel,1
video dekh kar pata chal gaya bhai bap kon,0
think jo aap krna chah rahe uske liye ngo banana hoga kyo bahut bari funding chahiye pure offline coaching kholne liye but mujhe pata aap kr loge,1
nice decision mam,1
more than agree,1
think song which sensible music lovers looking dont know how many times listen song keep listening every time feel like im listening first time enjoying more every time as compare previous super soothing song thumbs up,1
wali baat,1
baap baap ni pitaji bol,0
always great job bus kerala story chhorake,1
beta jii papa papa hota,0
tridip dey respect brother,1
baap kon tera pata chala,0
jo maja haar vo maja trophy lene nahi,0
congratulations brother,1
tumne sahi kaha baap baap hota,0
respect noor zehra,1
kitna tum log dimag wala,0
god bless aate rehain khushi hoti,1
bro too loved her body lang,1
song became famous among,1
salute our senior musicians,1
pata chal gaya baap kon tumhara baap baap baap rahega hamesh jai shree ram,0
wale hajri lagao,1
america paltu ketta bhokega bhokne,0
beta betting par sharma rahe yah varma pelenge,0
salman habib,1
came pulse their hearts,1
know very well very busy support mushlim good job keep up,1
wale enki tarah mansik pagal nindia wale jitne bad aate pelae karne comment pr,0
big fan mom your voice pretty,1
simply addiction,1
lots love nepal best your future journey what girl what confidence,1
surgery kar kar puri team koh maar dala,0
welcome big boss ott,1
sahi kaha bhai baap baap hota jaise tumhara baap,0
uff god fav part,1
pe chodompati chal,0
nice see,1
madrakun bachapan yaha ushke bad jab success hoga dushra desh bhag gaya kon sa tarika yaar desh liye kuchh karo nbat rahi tumhara achha nahi jo bartan kha ushi thuk sarm karo yaar ntumlogo karan mera desh batnam,1
addicted song yar,1
bahan loade mehnat chalti kala jadu ni,0
musa akhtar,1
tropy chor bhikaristan,0
simarjeet singh tudy nalo asi sahi,1
abe sale baap baap hota,0
its as if season by season,1
chal gya pata kon baap,0
love their voices,1
always support,1
love ali noor part,1
bap bap hote ha najayaz bete,0
they giving new goals youth,1
most favorite song,1
trending yt nyou r best,1
kiya huwa pakistani suji,0
nice man poets,1
poor country poor thief charger chora,0
yar ap acha gaya love,1
koi bowler aata thok dete walo nsamjhe pakistani,0
quality content,1
asas asad,1
rao' voice straight heaven magical when she sings,1
best an inspiration,1
akhir tera najayaj najayaz rahega,0
pak not country nbalochistan new country,0
baap kaun samajh aaya,0
ishq wala video thi,1
path success goes through challenges only,1
batao baap kaun,0
kalmaaall,1
tum gareeebo mkc,0
wo trophy lekar baga ider charger leke baga tum log pura chor,0
zaleel jahil kom,0
beautiful coming fellow proud indian,1
what amazing place,1
wow wish were english class help writing reports,1
baap baap hota baap tumhara,0
pura achi tarah tel laga pela,0
ammi jaan poochh lo kiske sath soyegi aaj,0
inspiring,1
respect man,1
bravo,1
smjh gya big boss confirmed,1
thanks dedication video,1
sep koi nahi,1
year old.. kese missed gia mujh .. masterpiece,1
kacheee ya da honda kachaa anjaam re,1
only great mind soul can love,1
char chawaanni bhoot ch t pai,0
salute brother,1
pahle chillati bad roti tum log kisi kam nahin,0
truly mesmerizing performance,1
man piece music addictive,1
bhai daily vlog nomad antar hota daily vlog thodi banate jaise saurav joshi jaisa kuchh soch kar bolo,1
totally respectful ur privacy ofcourse need more more informative documentaries cum knowledge ur videos please go ahead bring more stuff us nrespect pakistani viewer,0
tum sab c,0
toh fir tukde kisne kiye they december niazi surrender kyo kiya,0
fabelous song,1
har bar jalil hone aa jata,0
hello love,1
baap baap hota hain,0
khoor aisa bi nae hay,1
tere jitna neech aadmi nahi dekha jis desh tu paida hua usi badnaam karne laga hua super busted neech tu,1
sath jungh chahiye ta ak kam kara uper missile chod dekha badme rona mat,0
[cleaned text]: listened song thousand times new every time,1
dal diya naa piche kaise laga pakistanion,0
power folk music,1
then please listen naina moray,1
apne mathe pa likhva lo baap baap hota ha,0
cricket cricket inshallah nkrikit sab sab joker entertainment kami nahi ngali gali chor trophy chor,0
master piece,1
wonderfully explained,1
udaas mat tumhari haar haar lagi rhti,0
seen julie home finally air shown us his home thanks video,1
charger chor,0
ma will definitely achieve your goals moreover will financially sound too our blessings good wishes god always bless,1
bap bap hota,0
wow million views,1
another love,1
tum log pehelese pagal,0
look at their faces moja aigaya sukun mela,0
aplogoki duyao mei takat nehi hey apka allah apse narash hey,0
wah rao sahib,1
thank singing coke,1
one legendary,1
totally heavenly,1
pathan kpk khyber pukhtoon khwa,1
number huro pel diya,0
your inspiration channel,1
baap baap hota bhikario tumara bap jai hind bharat mata jai,0
tumloko band bajathiyaare soothiya nrafale tum lok kuchpinagi karsakthey,0
pakistani brainless women,0
nicy,1
teri sister wahi diya de npkmkab,0
papa papa bete,0
puraa sadme main hain,0
tumhare bachhe bachhe b hamari paidawar landooro,0
far best season,1
inspiration us,1
song got viral after years,1
mil gaye school chutti,0
election baad aaj koun dekh big fan bro,1
beautifully crafted emotional tale,1
country love,1
pakka pagalkhane chala gya hoga haar dhekh,0
loved ghaedya alaap did towards end rest part,1
charger chura lia cup churake le gaya,0
ja viral hua song :,1
kon kon instagram sunke yha aya,1
abhi bolraha harbar harjhateh,0
your very beautiful peaceful wow amazing experience,1
yar nu milegi aj lash yar dii,1
respect,1
did she make across,1
love track specially thanks noori rao guys nailed,1
druv bhai mujhe baat bhut piyari lgi apka bhut acha better than cleaning,1
its lovely day,1
fazal dad yaar,1
rohail will proud,1
bahg lapadjhndis pakistani,0
love romania,1
what better than rathee himself promoting their campaign,1
watching fifth time,1
archerd murshid,1
chhapri aaya jo bol rha baar aa ja kaha ghus gya chhapari,0
woww nice see following indian religious culture,1
truely legend dii at such low age did too much good work which will inspire everyone keep teaching us always our support,1
great people professor his co workers saving earth,1
reel dekh aayi hoon,1
can't wait,1
gurdaas maan,1
wow thanx dear,1
one only song consumed countless times but not got fed up happened anyone,1
great hindus also worried about water pollution appreciated,1
chor des pk vikhari,0
very inspiring story,1
tumhari aukat banane thi run jyada bana liye tumne,0
zish techno tutorial love bro,1
bap,0
sol like song music,1
results pahle khushiyaan manana murkhta pakistaniyo,0
baap tumlogo,0
mc kitne bar tu log jita,0
kuch nahi hua nichea sea bullaha laghaya vupar vaala,0
fake set up news,0
pta bhai baap baap hta tumhe bta diya,0
baap baap hota nyeh toh humey pata ntum hamarey bacchey hum tumare baap,0
bkl motu hathi bda chila rha nd dard gaya,0
awesome speechless,1
yeh sab log itne jaahil kyu dikhte,0
seeing paragraphs comments shows love passion pakistani people music,1
moment,1
tere bina zindagi koi shakil nahin,1
chuud chali gaai,0
bravo bravo bravo,1
aab battao baap respect karni seakho,0
waikh challa paindia chadi dil way yar nu mily gi laash yar di laash yar di yar nu mily gi laash yar di,1
sheeba shafaq rubab,1
hathi hotoha uske piche kutte khub bhokhte hati koi parwah hoti,0
mam admire your initiativ persons like very rare world proud mam,1
noori cokestudio love,1
listening riverfront,1
raon,1
murdabad rahega,0
song was awesome,1
ginta giraya rfal,0
soulful expression,1
bol baap baap hota kaalaa jaaadu thank entertainment,0
daring sharadha ni respect your decision,1
o jo nach rhi thi usko nacho,0
nice song especially nooris end part,1
mohsin naqvi trophie churaya public charger,0
wanna again welcome depth heart,1
abrarkiyani,1
when feel facing problem remember our big family bhaiya,1
sahi baat chhoda,0
mujhe trh kuch krna inspired,1
mera time kharab gya teri video dekhne,0
love songs,1
match jita ni jara inse jang jitege dekh liya kon bap kon beta,0
waleed shami,1
swapnil narendra,1
jaha charger chor desh aap,0
just love vibe,1
bohat aala,1
hein such good song,1
public dog tumari bapa,0
rafael tumhare baap aukat nahi gira de,0
tumlog pakistani beta rahoge hum sab baap beta abhi pani,0
reel famous huva,1
sallute sharaddah,1
music indian subcontinent,1
wo paisa wali bolne wali baap pass vejo,0
respect,1
good luck mam,1
thank contribution aman bhayya,1
noori always was an inspiration,1
jis din jan jayega uss din hokka bhar merko dega,1
soohnis determination meet mahiwal,1
simplysuperb,1
sojni mahiwal,1
like comment get back masterpiece,1
usman arif thanks usman bhai,1
good yaar,1
guy literally said podcast doesn t consider murti pooja thing but still taking his wife into temple views what hypocrite,1
wish very best coming journey,1
wow din men million views,1
beta baap bap hota npata chala naaa,0
shraddha if can give ur linkedln plz nall best future,1
also wanted give contribution journey yours,1
script achi,1
saala tera charger chori kiya rafale girane chale,0
yar song,1
ready chor pak,0
pak walo tum log serp trophy chor kar sakti ha trophy chor,0
title inspiration tech lead,1
feeling good,1
bkloro hum jung jeet te match nrafale gaan daal oo apni ammi surrender surrender kiya aaj surrender ker rahe,0
mashallah allah apko naik kaam kaamyabi ata kare lekin yaad rakhna kaamyabi jab miljaye tab materialistic world dhoke mat aana isi tarha belos khidmat e khalq karna,1
sale choro luuu lelo walo,0
love listen,1
best wishes always,1
really aches heart whenever see people polluting our nature what will happen our earth its really getting worsen every single day,1
osm guitar,1
ali hamza your voice very deep amazing,1
chakke crore chakke maar diye,0
pure gold,1
very emotional plz suggest any book coding which covers basic advance study new field,1
got two new fathers asia cup,0
bro please make video french,1
big boss kab jarahe bhai,1
koi badi baat tera charger gayab hua mohsin naqvi trophy chora bhaag gya sab bhikhari tere chager time aata jogaar gya,0
randi rona chalu kardo,0
deeply heart touching,1
tumi ma duba diya,0
shagoofa nigar,1
respect,1
bahut chilla rahethe gaya beta,0
vlog was nice but couldn t enjoy as did every thing hurriedly before could understand wht what would reach add other place,1
song such classic emotional,1
haan baap naam verma,0
sare public gand rafael ghus gaye,0
lok kalyan,1
tera baap hei,0
what moment,1
hats off julie way she accepting whole new country culture environment,1
hona phir lurn ghusa diya,0
very well done mam,1
rafale girate lekin apne politician tumhare mulk pakistani cricket team gira rahe uska aap log koi masla nahi wah ji wah,0
r inspiration,1
one best,1
ruchika tiwadi thank love,1
god bless lady,1
pakistayon abhi maza le lo match har gye haroge world cup may,0
luvv,1
bhae nahi tum janga jitoge wor nahi criket mejito ge jay shee ram,0
slow cheetah those understand,1
charger chori last mey bikaaristaan charger key saath trophy chori kee,0
gawar,1
love,1
tmlog buri trah pela gya love,0
kachiya te rakhiye naa umeed paar di,1
prabhjyot kaur,1
vah vahi jo ram rachi rakha,0
sach kahu majaa aaya,0
ich bin süchtig nach diesem lied,1
listening awesome,1
she really super hero nlove bangladesh,1
if were not reel would missed generational song,1
process,1
love hisar,1
more than times listeners hit button,1
exceptional,1
anish malik won internet forever not today best luck,1
kachhi meri mitti kachha mera naam nijust,1
there any way which other people can also contribute mission bhaiya would love contribute,1
aap bahot achha nek kaam karne ja rahe aap safar achha jye aap apni manzil jald jald pye yahi hamari dua hame aap per garv god bless,1
traditional bihari food litti cchokha,1
love song sapin khalistani group,1
sisters bhej uske baad bataunga baap kon,0
they goldmines education system,1
visit kolkata during durga puja,0
album,1
indian singers at coke,1
charger b chori gaya trophy b atta aa jayega pure saal,0
maine pehla sahhi baat,1
beautiful song,1
bol nf g,0
now its hitting different,1
part underrated,1
bhit ja bhittai,1
toh tum log samajh giya baap baap hota beta beta rahega ainda khudka mazaak banane keliye videos mat banana thik joker,0
jis yai video pasand aayi,1
goos bumps,1
jay,1
welcome amazing song heard countless times,1
tumhara alla haar gya verma,0
jhat ukhad nahi sakta,0
baap baap rahega kal aaj,0
luv,1
bhai tumhare ghar adress koi nikal skta kyu wo electricity pole pr number likha hua us no pr call kr koi name pta kr skta,0
bhai course bahut mehnge apke,1
chodna cum chillana jyada,0
humara ghor kutra hau asise bhok ta,0
afreen,1
end baap beta gya,0
anyone listening song,1
surreal,1
full support bhai,1
sure sister class learning courses started html course your channel was superb ilearned sister don t feel sis yt channel will become no,1
op bro baat kahi,0
wow beautiful description,1
awsum voice just beyond words,1
سitaar,1
they illiterates dont give them your time,0
toh mohsin naqvi trophy chori kar liya,0
also love line,1
sahi bole tum baap baap hota,0
nice video but rear seat seat belt kaun lgata,1
love song,1
chunautiyon darna chahiye chutiyo nahi,0
yar love yar,1
verma hero bap,0
sagar veena piece,1
bhai thoda bas galat jagah pgga liya hua tera,0
congratulations tranding,1
satisfying,1
eik dam sy tune change wo bi smoothly wow,1
ohh rao has very strong voice fine grip music,1
ha sahi bol baap baap hota baap,0
love kishmish,1
sahi keh baap baap hota,0
dog ha tu bata,0
wo banda treat dene wala thhaa npak attitude,0
baap baap hota haia,0
paid actors,0
kala jadu haouaa nikal gya,0
ham tumko har bar match har aate hain jung har aate hain,0
app bhut aage jaoge,1
trophy bacha paye charger bacha lete,0
ha sahi kaha baap baap hota,0
just came rao,1
good job coke,1
kala jadu chal gaya paki saath,0
koi kuch nahe,1
pata chal gya baap kon baap baap rahe gay bachey,0
match asli war dono sabit kar pak nahi hoga,0
han baap baap hota beta beta vah last maloom chali gaya hoga tum log match khatm hote,0
kitne baap tumhari,0
true example willpower,1
music unites us,1
music good way,1
baap baap hota sahi kaha aapne,0
aik alif o yaar,1
one fav song thank coca cola,1
ali hamza ali noor sagar beta hain,1
bhai apke padosi gav hu dalal hu bhai apki sari video dakhti hu app inspiration aj generation kai liye keep up,1
laxmivishnoi narrow minded can never understand him got rotten mindset by bjp its dirty media largest democratic country by name only because people like bhaai sahab hamara hindu dharm duniya aisa dharm jo janm adhar uccha nich chiiiii bolne wala dharm lekin insaan apni galtiya dikhaai deti,1
ratt haneri nadi muthi mardi,1
juli ma good at adapating different environments places,1
soleful performance,1
murtiyon pani kyun bahate paani ganda hota usse,0
avinash sonawane,1
wow rao awesome,1
fond song,1
niteshdubey nahi toh maine webseries taoism grandmaster dekha toh dp pe laga liya,1
amazing song far,1
mayurmehta b han pta ha baap ha,0
harne vajah pehle cricket shikh lo tab khelne aao,0
jab tak saath harish rouf tab tak tum hara nahi sakte,0
maan le baap baap hota,0
sahi baap baap hota,0
ha bhai baap baap hota,0
just amazing yaar,1
kiya hova bhai anty sadma laga,0
good hear your story sister keep up keep growing proud haryanvi best wishes,1
paglo kom,0
nice sradha can teach how learn kotlin program,1
winistan not brother its simply gorgeously sexy amazing,1
lots love stay blessed,1
han baap baap rehta last beta kitna ud le,0
love song loop,1
outstanding hats off team,1
dua bhut takkat fir mere bajrangbali her her mahadev itna taqat god mera sunn liya allah pel doya,0
pakistani ham tumhare abbu abbu rahenge tum hamare niche rahoge,0
years old god seriously,1
impossible yrs ago missed masterpieces?,1
must heater music,1
amazing brother,1
smashing amazing,1
op,1
match goi satme tera charger goi tera hoga bhikaristan,0
process im your clay pot,1
best your new journey,1
last summer vacation dhanana gayi thi mujhe bilkul nahi pata aapka gav,1
match haarne dhuk taraf,0
tu l,0
apne education system theek karo tumhari government jhooth bol kar tummha chutiya bana rahe,0
rely,1
harne time pe gadhe mobile charge khatam,0
music at respectable lady,1
baap kon baap kon baap kon,0
traditional litti chokha love bihar,1
think few people brainless brainwashed but wrong brainless brainwashed peaceful community,0
sab log abhi apna apna munh le liya minut pahle sab chilla rahe gaya ladiss tumhare aurat log apna daal le liya ungali,0
iron man fan,1
maja gaya logo pelne,0
tera bapa kan,0
someone special,1
shahi baat baap baap hota,0
how beautiful song,1
glaub mir du bist beste ich w re niemand kann was machen was du gemacht hast ich hoffe ich schaffe das auch du bist einer der personen die ich mag,1
tum dob maro pani har bar bolte jito haro pyar thuk chatne wale pakistani,0
nimcet cat exam liya class start karo plzzzz,1
soor bachho indian players akistani players baap hein,0
bhikari kv jeet sakte,0
kar li dua beta teri bua dua kaam aaygi baad rote tum log,0
shatakshi sharma,1
love concept,1
beta peet peet nahi sudhar,0
heart touching video neveryone not bold take these big risks nall best her new journey,1
tum log rafel gira diya rafel gira diya bolate rahata kahan giraya social media per,0
its simply masterpiece,1
always fell motivated your videos,1
halala saare bacche video kisiko pta unka abbu kaun unka mama unka abbu sakta,0
salo bap bap hota,0
tumhare gad ghus gaya,0
fake fake,0
hamza nd,1
hiba arnous love our syrian brothers sisters always,1
internet gaali sun kaise paise kamane hote hain yeh koi inn beghairaton seekhe,0
achha hua tum log itna jante baap beti fork such hota haii hahaha tumar official baap,0
noori how can awesome,1
nlove nepal,1
whole song was brilliant,1
best your journey didu,1
tera baap,0
r boring boy,0
ha asye gand marta ha tartye bi shtha ma,0
ban channel sab views liye marte,0
anyone knows story song,1
match jeete,0
bhikharisthan,0
wow never thought about way,1
our privilege always welcome love respect,1
just vibing,1
luv,1
needs stay,1
raffle kabhi dekha sapne,0
anpadho padhai karlo thoda nnahi wo manipulator nmanipulating karta bjp nbjp destroyed,0
song itni der kyu mila mere bhai,1
those know hit,1
your dirty polluted come,0
if every one being masters their work had face,1
hats off keep good work going gal ni proud being fellow indian,1
anurag biswanath sagar veena piece quite addictive,1
entire coment section filled paid propaganda comments,0
tum logon sahi bola baap baap hota beta beta hota baap beta hamara,0
only song has touched heart,1
best song noori,1
charger bi choda aukat yhe tum logo,0
bap kaion,0
wow really awesome,1
deserve million,1
need more indo pak music collaborations,1
nicest vlog ever,1
amazing brother one best vlog forever,1
pitega,0
international joker ghoshit karna chahiye,0
noori was incredible,1
every time laughing up,1
today looks better than germany even foreign paid presstitutes can benefit shame antinationals,0
proud both doing extraordinary well best luck bright future your thinking too good those peoples childrens wants study life but they not get single chance good trainers teachers like both thanksgiving,1
love shrdha aman bhaiya,1
matka sandas koi khaya abhi tum log khud sandesh koi khaya jail road hamesha tum log aise,0
apne delulu mei jita rehta inke hisaab china america upr,0
pak dusre abbu aa gaye hain barma,0
koi chair fekta tv par,0
chal laure pahli fursat nikal koi jarurat nahi yaha bolne,0
watching dado after long years.,1
hua dua kam nahin,0
why song underrated,1
baap baap hota beta abhi tum log bache jay hind,0
proud rathee not hesitate show your basics real indian may god bless both,1
love,1
love france,1
what great song by noori,1
mast bro,1
pure dope,1
di will always support,1
song beautiful,1
khuda nikal gaya gudda,0
trending no,1
good work dream also making software engineer,1
baap baap hota npak neya baap verma,0
killer song touches soul beautiful,1
bomb song,1
match har gay gang har gay,0
uske desh charger le gaya koi bechare,0
proud,1
one time must visit bihar,0
plot video like movie nyou both taking good efforts future country mission providing education student not even watching video can t watch nthank aman bhaiya shradha ndidi will always remember as good teacher individual rest life,1
kese mara walo,0
thanks welcome,1
aba batauo bapa kon,0
daar gaya mene socha voh bacche bolne wale,1
dukt bhai vibe,1
neet lecture abe chal pichhle saal bjp sarkar baap dada patri pe hagne jate congress raaj baat kar development,1
rao first indian singer sung coke,1
dhruvratheevlogs your course chatgpt price high which around after coupon majority viewers students even if they working many less audience can pay hours course if really want expand your reach better cut price around,1
sohni yaad,1
such cute couple,1
absolutely,1
finally got new t shirt ncongratulations bro,1
jeetmanjeet solotravelor yeh beta modi sy puch pani kholta modi sath tum bhe mulazim rkhna ny jooty saaf kr rhy hoty wo tum shukr kro modi jet ghirny sy dar gya aor pani khol diya agr aor sala dar mary usny itni speed sy pani khola silab gya,0
juli such nice hearted girl she has beautifully adapted indian culture,1
litti chokha waaaao,1
wow music,1
beta bap bap hota our beta beta hota,0
such an unfortunate born man such despicable mind,0
koi baat nahi camara no hoti tum match jite hot,0
bap bap hot yad rakhana pakistsan valo,0
inn saalo lgta yeh aaj tk sb war jeetey inko schools yahi pdhaya jaata,0
t shirt,1
wahhhhh wahhhhh wahhhhh superbbbb thanks alot,1
shame teamed up jihadis turning his back mother,0
yalla yalla pakad lo mera lalla,0
hello guys ni perusing bachelor degree computer science channel help lot learn lot channel your videos really help studies also encourage boost more thing educational life,1
alllh phirse haar gaya,0
tum log maje lene aaye,0
man starts song golden big voice,1
kitna uchal re,0
finally local content which were waiting,1
vo sukar laula pak,0
toh nahi tumhara wo diya,0
moye moye,0
naqvi thopy chor,0
marvelous rao superb her voice heart touching,1
best luck di your future,1
love,1
pranam ap jaisa sraddha jai inssan main life nahi dhaka,1
bikariyo charger lagta ha inke moshin naqvi maar liya hoga,0
please make video which better branch iot branch plz plzz its very urgent plzzz plz make video,1
achcha hua match record gya warna yahan jeet claim kr dete yeh log,0
avg mindset elvis symptommssssss audience,1
apke yaha charger chor address bhej charger bhej dunga,0
believe guys,1
trending wow,1
big noori,1
dekh liye hum tumhare baap,0
di inspiration us knowledgesparkacademy,1
few years ago had watched your interview youtube lady asked question about your domestic identity question was where live still remember denied answer question because policies current regime against true person people very well knew what will happen when someone talks against present government wondered today showing your domestic identity never share before what reason ni want suggest showed bad situation naher was getting polluted,1
pahle sharma inki marta nab verma aa gya,0
thanks coming,1
sohni' heart,1
after watching respect x,1
duwaye kaam nh aaya bhaut takat,0
rafel giran dur mera racket bala pathak nehi gira sakta,0
also dhanana brother today feel very proud bcoz uhh some other person create great goodwill world level like australia,1
love much dii,1
don t come political pharse,0
favorite indian singer coke pak,1
jang tum social media pe jitoge,0
pakistani solders surrender indian army,0
inko sharm nahi aati,0
jee ap kr sakti hain,1
aaj tak tumari government sabit nahi kar payi rafel kaha gira varna tumare base pura naksha puri duniya dekha,0
aatif bhatt,1
thanks your efforts,1
truly inspiring yes should take new roads explore life destiny,1
great song mesmerizing,1
sahi kha baap baap hota kal apne bete dobara thokk diya,0
meechh haaar gayii yaaar,0
bhaiya mere sapana bhacho free teach karna lockdown mere gav baccho padaya shelhal mere gav nam form latur state maharastra ky aapke sath dusare bacho pada sakata hu abhi nd year hu engineering b tech g raisoni collage engineering management pune,1
sale mare lordee wall,0
baap baap hota,0
comedy show nilliterate pakistanis should correct their foolish violent behavior make your children study well only then will your intellect work if start working your intellect,0
uff peace while listening,1
such graceful woman,1
very welcome,1
cutie anties,0
kiranmccrea bhai wahi toh point sudharne zimmedaari iit iim graduates honi chahiye,1
dad love song,1
bhai inlogo sahi beleive gya inhone jets giraye bhai log kis duniya jeete,0
noor zehra' interlude,1
bhai ap burai karte germany mae bath kar views liye ana apko,0
bs aaaa le liya sb,0
thank your great work nreally inspired us nhope will successful ur goal nalways happy nand ni thanked,1
magical words listened after long time,1
rathee wife wearing bhagwa rang cloth now andhbhakt will saying boycott rathee wife,0
naya bap agaya,0
german khutta aagayaa,0
proud nu motivate alot,1
bete baap kaoun hy,0
rafel toh humne giraye,0
one great touching melody,1
bhabiji cute,1
hello thank much visiting collaborating noori coke sing song,1
bilkul apne dil keh hu aapne jo kiya jo karti no one can but sure your decision teaching students will make everyone achieve hight success love always,1
jat community proud rathee,1
loved,1
pakistani your music,1
muhammad rukhsar,1
come visit cyber city,0
vai sahab nd yr microsoft kamaall proud normal etce student hoke keyahi karlunga,1
iski fat jayegi,1
people r vloging bcz our indians money feed ur children,0
trophi chor,0
haar tropy tumha home minister bhaga gya,0
best music ever came across truly admire coke love,1
sb chhit sikar,0
great thought vision country,1
priceless,1
coming msit college,1
phir aaja,1
heartfelt,1
love,1
"[cleaned text]: found gem today after seeing komal pandey siddarth batra' reel, beautiful enjoying husband",1
achha rathi tu jaanta gobar utha utha tere ma baap tere pala jab teri gori biwi teri behan jab musalman bhaga bhaga chodenge fir kehna love jihad myth fir maanege tu gyani,1
saimunahmed but videos mostly informative hoti faltu,1
tum logo behavior vaja tum log har baar haar jaathe,0
another londbhakt spotted,1
npigistan zero team yaar,0
baap baap rahe only,0
only social media mei jung rafael giratey only dream,0
jung baat karte apne suur army pooch kaise surrender kiya,0
porkiyo aukat rho,0
dimag ghutno main,0
dady,0
inspiration,1
thats fantastic,1
one thing like about your simplicity,1
aapne owkat pata chalgaya tum logoko tum log leyea kabe jeet dekne naseb nahi,0
beautiful,1
hahahahahahah can only laugh at jokers,0
baar bolo beta baap koun,0
top bhai,1
kia baat kamaal,1
thought juli was studying write speak hindi how come she doesn t know word thank,1
muh pel dunga toh ooo kr payega jang jitega laure,0
thum log gand mardiyana,0
aireen zaib khan,1
watching reels tiktok,1
apne sahi kaha bacche nbaap baap hota beta beta hota,0
what masterpiece yrrrrr! love,1
yeh afgaan nahi loundee,0
match jitna kavi sochna v mat pakistani,0
sahi bola tune baap baap hota,0
charger chori karnewala tum kashmiri chahiye,0
bhabi ji pranam bhai best,1
rafel aaj dikhai dya,0
bhenkelodo halalkellodo,0
god trending hota asli power hat off,1
pakishtan madar sood,0
har sunday apni g mrane hamare pass ata,0
great story,1
hum gav log company naukri keliye marte isne chod di but accha muza java c kaun sikhayega,1
its transformation,1
baat tumhara baap,0
waited abishek sharma wkt but shivam dube became out syllabus,0
lady aman dhattarwal many love respect,1
literally huge respect sharadha admires lot best your life achieve your goals,1
very impressed,1
acha song ha piyara,1
got shivers while watching video,1
air base atankbadi hur pel diya jihadi atankbadi,0
burkhewali kaha geyi jo bade jor jor chilla rehi thi subnokha behen,0
adding subtitles animals really fun watch,1
bruh,1
video starting baap baap hota woo varma baat kar nsharma nvarma,0
its always mesmerizing brings tears eyes,1
beautiful touchy song.,1
beta school jayega njaa chale jaa aamii hmara number de dena,0
bangladesh bana diya feer alag duniya rehta,0
rafael kharid aukaat nenhi,0
ghar bethe duaay kro kus kaam mat kro job duaay ghar chal ta,0
best luck your future,1
muh louda leke kyu bhag rahe hinjado,0
andbhakt matlab malum tujhe nbhakt bano andbhakt,0
bhai hum jayada injoy kr rhe,0
jalil hone world record bana diya wapis jalil hone next sunday aana,0
its only,1
what lovely voice di,1
big boss meh swagat apka,1
love ali hamza,1
music has no boundaries as its containing essence punjabi folk sufi,1
gand faad chilla le magar baap baap hota,0
beta pata chala baap kaun tum log bane harne liye,0
baap hm tumhre tbhi tum peda huye,0
through song universe trying convey making us talk each other thankuou much bhagwanji,1
song feels spiritual,1
your post,1
run banate jit pakki thi,0
beta chillata baap raham nahin kiya pel diya,0
best best great youtuber world,1
mesmerizing make,1
lol true,1
pakistanio pel dia,0
charger nehi pak sala chora tum match jitoge fir tumhra bappa aya,0
hayyyy mr dala,1
koi bhok rha baap baap hota,0
nice video,1
hum,0
thak your kind words,1
ghazal aisi taisi gayi,1
madar chodd hass rahe,0
mam diploma st year student hu engineering apke videos mujhe kaafi helpful rahe concepts clear karne liye not only academically but kai acchi chize sikhne mii apke videos through thankyou much mam,1
maalum hua kon baap kon beta saalo,0
jhoomny lag jata hy,1
bigg boss jane tyari,1
tu pak walo bar bar piloge hindustaniyo,0
guys rocking,1
love dubai via,1
hahahah,1
salute,1
allah dua mt maango time zaya hoga allah dam hota isreal khtm jata allah dua dum hota modi teesri baar vazir e alam nahi bante,0
acha hua match live hua wrna pakistani bolte match humne jita jese bol rhe hain jang hmne jiti,0
mohsin nakali chor chappal chor,0
asthal bohar canal there many monkeys because feed them many bananas kale chole every tuesday saturday,1
tu ro le,0
tu bol rha aisi videos bnani chaiye,0
rip pukistan terror,0
today song always good listen,1
rathee real sanatani follow his religion respect others real indian,1
after chandrayan successful mission our chief scientist arrived his,1
proud,1
tera bolati band jaega kaliya pakistani,0
tom nay such kha baap baap huta afghanistan tum pakistanio baap,0
nobita uske father yad aa gayi,0
love maaam,1
banda kitna besharam isko sabnay comment gaali dai rhay fir bi paisay kamanay liye comment closed nahi kri,0
trophy aali jagha mero land lelo,0
coke music,1
your voice grips heart,1
love lahore,1
renewable energy master kiya usk bad renewable sector job kiya but interesting renewable engy after economic management,1
wow beautiful,1
thank ji,1
wao analyst spotted ummah,1
version too good after original one by legend arif lohar,1
our bahot logo liye wo kuch karne awsar mil sakta,1
skarshad isko engineer reveals roast kardiya,1
abhay gharibon bhuke nawab aaj ta kon sa jung jeete proof saath bata,0
bohat deep song,1
el vi sh yadav op,1
way teach amazing di,1
bc dua match nahi jeeti jati khelna padta baap baap rahega,0
jung jeeta match aapka media aapko glt suchna deta baap baap hota nbache,0
islamic culture does not forbid music,1
yaar nu mile gi aj lash yaar din,1
jahar pir baba ji jai,1
jaher veer maharaj ghode pe sawar photo humare kul dev,1
purvash jha,1
best cs yet love repeat,1
aeee aeee eeeeeeee,0
march live porki wale khud winner bolte,0
baap warma jisne gali di last video uska baap warma ja puch apne ghar pe,0
gyi pant gili,0
watching srinagar kashmir,1
despite being married one man,1
trophy chor charger chor,0
rao voice after hits different,1
awsome love,1
qissa sohni mahiwal,1
one only tumhara bap,0
april aas pas video shoot gayi bcz wheat crop already field,1
gale gusa diya,0
what music year killed,1
big boss,1
crush updated ali hamza,1
obsessed song,1
asif amum taz,1
oh gujrat love,1
kabristan banaa diya pel diya,0
such soulful music,1
love your voice,1
salute your decision ngod bless lot nkeep doing,1
bhai bitode yeh inme gose uple maa gobar yaar inta angrej b karde,1
madihamuabshir meto,1
're real mvp,1
zanda zala dho,0
yahi harkaton vajah pura duniya tum logon munh per thumka jata,0
jaffar,1
people crazy about song,1
your best video,1
aapne nature activist logo dikhaya,1
outstanding song,1
chor kom,0
congratulations new baap ban gaya tumhara varma,0
outstanding video bhai,1
inka new papa verma nazayaj baap kyu bana rahey rizwan sahi bol baar baar tera baap pata chal gaya hoga,0
best whatever going your future life nwe learnt lot things,1
legend watching,1
what else expect these cockroaches,0
bhut khubsurat listening,1
bhai milna,1
upload around one vlog once every two weeks what see us fraction our life ntaking someone along when travelling showing highlights country different exposing every single aspect your life when sick food poisoning puking,1
merey khayal tujhe pehely hona pampers,0
your thoughts same as mine,1
alap,1
yess ni preparing jee,1
prakharchauhan t x bro religious but not andhbhakt fyi used read bhagwat geeta but doesn t mean believe such kinda stupidity,0
end part very nice,1
tum cricketers choro,0
guitar awesome,1
tumhare baap pata chal gaya baap hamen log hote beta baap kabhi girdhari nahin kiya jata,0
best ending song since november rain,1
appreciate lot apna collage nmy name manoj sharma,1
humans,1
tum pakistanio diam ghutane,0
[cleaned text]: yahan leke tak boht mazy,1
composition vocals,1
bushra nadeem,1
bap,0
tum nehi sudhuroge,0
asmani quam jooth je rahi jahil anapad gawar ninko inke nalayak politicians jahil army lollipop de diya akbhi kabhi kabhi kiyki pata padne likhne waleto koi ni pak sab jahil ha read newyork times its,0
koi nahi boora mat maano,0
songs really suits rahul gandhi,1
har saal bap jit ta ha cricket team gar mare diya,0
ladies gentlemen present shit hole which produced humongus disgrace our culture,0
instagram kon kon sun aaya,1
beautyyyyyyyy amazingggggg,1
r good inspiration right now doing ph d but classmatehas rejected pain very no words love both dears r lucky,1
why chiku much lovely,1
ulumuvale rizvan tere bapko lagake chala gaya,0
aane wali generation sune gi,1
har baar daalenge tumhar muhh baar daal diya,0
here after years,1
aja beta pakistanio lali pop khilata hu aja,0
came upon coke sessions by pure chance,1
peace love back,1
pakishtan top music.. wonder song .. dont know about beautiful song.. how much underrated song.. nostalgic,1
proud aapke decision bahut logo prabhavit karenge aapse prerna lenge,1
jihadi swines,0
nimra rafiq,1
: legend دادی جان۔ amazing ❤❤❤❤❤❤❤,1
moment ghareyaa,1
baap baap hota,0
jia hind but songs next level sukoon,1
pakistani fans sach mei bhut bade joker,0
your journey begins,1
literally salute may god bless your journey,1
starts alltime favourite,1
like when raotake stage,1
first part masterpiece,1
best part,1
"ali hamza voice amazing , hadiqa kiani jazee",1
rao superb,1
fantastic vlog bhaiya,1
agli baar jung hoga toh kuch bachega tumhare,0
coke,1
aaj social media par asia cup jeet gya,0
bhai rocket inki ghus gaya,0
phenomenal rao,1
absolute masterpiece,1
aamaan shaikh inshaallah will always,1
what magnificent show,1
respoter asked where proof ur defence minister said its social media hahaha,0
guitar magic,1
love dii bhaiya,1
druv tshirt finally,1
very encouraging video,1
baap baap hota bhikharistan congratulations tumko new father mil gya varma,0
dhol beat,1
allah gendi kom sath nahi hota,0
such catchy chorus,1
mughees sheikh,1
divine,1
never disrespected hinduism,1
sun le,1
abdullah-rajpoots great,1
kala jadu ulta pad gaya,0
pak army tik tak par rafel giradiya bikaristan mulk,0
what vibe song,1
think clear don t mess great,0
hello miss shardha faisal here belong really like your vision kept up never give one allah bless inshallah,1
pata nahi allah tum jahilon bat kiun nahi sunta,0
congratulation,1
tumhara pappa rehega tum hamara baccha baccha rehejau papa banne le koshish nehi karo thik sale pakishtan nehi pader than,0
read description,1
tum logo gund ghush gya ak bat sahi boli bap bap hota,0
kaala jaadu vaapas gaya abhi samjo baap baap hotha,0
your efforts truly worth,1
absolute piece art,1
shilpas voice makes song more beautiful,1
. bhai best line,1
ena de sistar chod de varma,0
hey way an intelligent man please search study islam religion will find facts only right religion world,1
paise milte saram aati,0
harne baad josh gand ghus jata ha,0
aisa lag tirath verma tere munh de diya,0
wale khud bola baap baap hota beta beta pata chalega baap kaun beta kaun,0
bap bye bye kar jana beta,0
huge paradigm shift coming nall best your new journey,1
maa chhod gaye walo,0
etni sari millhi eski gar marne bhut mja ayega,0
sonu nigam,1
match jitnge jang,0
coke favourite,1
why prejudice against muslim brothers shame if,0
your interview aman bhaiya first thing brought life change successful journey naman bhaiya op nlots love,1
sahi kaha tune maa bahan gai tumhari,0
atb bae keep inspiring,1
views tho mere ge,1
cricket hargaya carjerme jethgaya,0
inspire many,1
awesome combination,1
never,0
abbu end pail taa hamesha bache samne,0
best luck di nyou inspire alot,1
your teaching way awesome watched every video java will successful field insha allah,1
atif voice bahut jada pyari lgegi song,1
manipur video,0
porkis beggers kilo aata manago,0
charger chooooor,0
arslanahmed,1
baap kon pata chal gaya bachche kon,0
views liye jahil abhi vdo delete kiya,0
meknas fez,1
kyu allah pray ni kiye te,0
please not subscribe these pakistani youtube channels,0
v good,1
artists united,1
allama iqbal,1
abbu kaisa laga tujhe zahil,0
amazing really quit lakhs package job humanity naman dattarwal app acche motivator,1
مرا پاكستان hun,1
people watching your vlogs,1
tohdee pinh dee fuddee padda,0
ji nice apke ghr give more tips how increase spritulity life,1
shraddha dont worry ur decision right aap bohot bada fodoge just keep hustling best ur future journey,1
cant process depth lyrics love,1
beautifully,1
born hariyana nwow but indian good but just like foolish man,1
second portion,1
tuchiye porkis rote dekh sukoon mil gaya,0
fvrt line,1
thats gournment job remove yhe garbage make system higher peoples,1
nothing just feeling proud pakistani,1
operationtilak,0
pakistani like mere dodo baap mere dodo baap,0
proud sister,1
tumare bap rafael dekha jo giraoge,0
bete match jitenge jung v jitene qki ham bale,0
funtoal tasty trio wright,1
muhammad behlol,1
compliment,1
ankushmishra nthanks sis,1
attendance also support,1
watching after aman bhai proposed shraddha ji,1
kaha aata itna confidence tumhare awam jo match katam hone pehle kuch padhte,0
tum log kutte bs bhaukane ata but hmare yha kutte tumse achchhe,0
kitne masoom yah log ine logon pata nahin baap baap hota baccho,0
ali hamza baat,1
gush gya anadr,0
jai hindustan zindabad,1
trophy chor naqli,0
guys doing hell lot motivate entire generation thanks,1
rafhel humne dhusam di,0
abbu indian,0
premiun bollar premium tarike li,0
pyar inlogo pagal kar diya,0
salo tumhara charger chori gya tum chor tumharan nakvy trafi leke bhag gya aako sab chor,0
beta aab choop jaooo chaal kaal saala,0
really want join coke,1
baryani khany vale jeet nahi sakde,0
chud geya,0
kaale jadoo naam pe jhanda dikha diya,0
win heart,1
happy birthday,1
love shipa rao,1
yarrr aman bhaiya finally handovers his channel her she best capable they could found,1
acha ji ji,1
proud tell bihari food litti,1
noori ur one most favourite band,1
inshallah haar gaya thui,0
what stopping going villages holiday,1
: best,1
ali noor just wow,1
isko bolna bakchodi kam kare jaake maange yahi safed kurta dikhake bheek mangna,0
loved vlog,1
respect indians,1
plz rathi ap bht ache insan kbhi apke muh gali ya koi galt bat suni liye aza fan apse khungi ap kbhi big boss jaise show mt jana,1
bap manlo,0
congratulations sister quit microsoft because don t depend othere start your own best luck,1
tera bap hu,0
thanks subscribers,1
listen aik alif,1
changed whole mindset,1
cricket match live liye pata chala pur live nahi hota jit mohol hota,0
beautiful voice ali hamza,1
sept islam ekbr fir har gya nislam mkb,0
your most fake man,0
kaisa laga bap zhatka,0
good singer,1
thanks lot your efforts,1
arreeehhh vagwan hamare saath rehne aaya haiii nutsav tayariiii karooooooooo,1
purest poetry,1
gaam guhaand aalya shaan badha di bhai tanne,1
bikari log roj apna naya baap bante,0
right baap baap hota prove,0
again listening,1
jadu tuma re gaad cala gaya kiya musu,0
sani sana its deep poetry,1
web designing ya java course dusre souce available krwaane try kijiye jahan doubt pooch sku bahut saare doubt plzzz,1
sindur bhardiye mang,0
love love only love,1
bangladesh yaad karo apni army,0
noori awesome as always,1
jahil kaum heh,0
soul stirring,1
thanks info mam,1
tind wala tara v kamal aa yar super,1
sohni mahiwal mohabbat,1
aisi awaj koi sarhad naa roke,1
there calmness their conversations,1
wish both successful mission,1
well done,1
lots love nepal,1
shraddha di awesome person,1
rizwan apni ammi puchh rat kiske sath jayegi,0
sach jahil yar toh,0
meri pakistanio gujarish bhaio aapni juban badl lo plz arbi juban use kiya kro tum hindu urdu layak,0
noori best,1
bhai big boss afwah shi ya galat,1
thats really bold,1
pass petrol paise nahi chale rafale girwane,0
nagr koi tiktok sun kr aya ya insta ya kisi social media aya sun kr song exact wahi sunna chahta tou mene time lap lga dia issi time lap pr click kren aap wahi song sunnengy,1
allah pak apki mad kren gy,1
too family,1
will definitely succeed here also nhard work does pays off nkeep inspiring students like us,1
sagar veena lady,1
musicvibes shayad isi liye aaye honge,0
charger chori gaya aru trophy chori karke le gaya,0
bolo walon baba per rahata beta beti rahata nikala beti baap jay shri ram,0
lovefromindia,1
warriormagic,1
rd nove,1
raon noorie,1
hahahah landure type log sab,0
yar nu mily gi aj lash yaardinn wt line yaaaar,1
beautiful wife,1
gives novel vibes,1
puri raat rona bhai,0
his voice therapy soul,1
song stole heart really,1
us chhapri,0
hiba love peace,1
coke seasons best,1
always apni kaksha team ni also doing type work town,1
ali noor,1
bhai thx,1
want ask yt why was not suggested years back. music far better than...,1
hoga out beta,0
itna khushi kyon banaa rahe tumko harna har tarah aana chahe jung maidan chahe khel maidan salon gand padati laat tumhare piche lekin tum log jhooth sunane bakwas jhooth kitna bolate tum log bhagwan,0
what beautiful song really amazing,1
cricket jeet nahi paate jung jeetege,0
proud pakistani,1
jee adv khatam apni kaksha watch later jo videos vo dekhne nedit apna college vo saal apni kaksha aadat gai thi,1
box borolin dubai bheja pichhuwade lagalena bhutni,0
bachea nahin tarea baap baap chahiye,0
if don t believe god then why visiting temples,0
heartful song,1
sab chor charger tak chori kar liya,0
di heart big,1
tum logo baat krna pata isliya puri umar haarte rhoga,0
tumne uchi uchi bol bol tati nikal li apni match fer b mila,0
sale system bhai,0
coke studios best song ever,1
rocked,1
gursharan singh,1
baap gusa diya lamba,0
tera baap,0
kia baat hay deep meanings,1
also bangladesh,1
mara bna diya tum logo,0
best best vibe,1
jawab,1
reel dikha,1
vah misal humne girae faadne liye niche faad chala gaya,0
dhogla fake pandit,0
ears grateful hear,1
love pakistani coke version songs love northeast,1
beta baap tera baap rehega,0
tum tumhare pushte match war kuch nhii jeet paaoge isliye beta aukat baat kiya kro baap baap hota,0
why atheist non believers can t enter temple,0
bacho sapne aata hoga tumhara nya bap varma,0
pakistani pablic pagal gai,0
down earth,1
mera dada ny kahnuar sy migrate kiya thanks showing,1
charger gaya match,0
tum zahilo dusman jarurat nahi tum khud gaali duniya liye,0
funfun best,1
she was brilliant,1
very good choudhary saab,1
kuto bokne ser nahi darte,0
gate tum log yarr body hila di puri bahut gajab story song,1
pahle sindoor may pela aub lagake pela bhikhari bich tumhara charger avi gayab hua tum apne aapko bacho nahito tum gayab bhikhario,0
emerging,1
salute,1
es laude charger le gaye,0
really inspiration journey thank much video,1
big boss kab,1
dil khush gaya mera yeh sun,1
soulful song,1
malum chal gya hoga baap kaun tumlogo tumhara new nabbu varma,0
sb log yhi aaj,1
music & culture only hope between relationship+ peoples still love their home,1
was eagerly waiting vlog,1
love punjab,1
battery tumhari lo gai,0
bohot dukh hota logo dekh kar,0
what melodious love peshawar,1
baap baap hota bete,0
baap baap hota beta beta hota,0
song has another level,1
alaaaaaaw,1
vibes coming,1
bap bap hota bhikhari,0
bhai comment year,1
pata chala baap kaun,0
tumara papa jeet gya,0
bete baap baap hota wahi tumlog btana chahte maan rha,0
seeing litti feep hungry,0
juliy mam very simple respect krti culture,1
pata chala bete kon bap kon,0
wish one hit billion views soon,1
woooow,1
app kbhi congress mistakes bataya kro aesa wo bilkul achhe,0
zinda bach aa gye bro,1
wow called jug lota its hindi word dont know deep southern place south tamilnadu called water jug small one lota nwe here never spoke hindi know hindi may due british influence many hindi urdu words spread southern,1
may apna story share karna chahata hu agar ap ijajat de may apki comment may apna coding journey share karna chata hu may kohi scince students hu jab may stating kiya tab mere pas internet computer vi nehi tab news pepar tecknology bareme pratha usise jan paya coding bolke vi kuch hay,1
best one ever heard,1
kabhi nahi jitoge beta,0
thanks guy made song more interesting,1
shakhubon esa love respect,1
pakistani indian singers performing together,1
love guys,1
how miss song,1
should proud him,1
only sagar veena player world,1
log sudrege har kr inki bolti band jati,0
blahytare whi log jo russian ladki piche bhagte yha foreigner wife hate kr rha,0
frnz always facinate coding,1
bhaiya pls make vlog jatayu statue marvelous,1
lagi bina rain jage koi,1
flag sidha rkhne ni aata match jitoge,0
baran sher,1
song got viral,1
whole world news different but pak social media was different bcz pakers create our own satisfaction,0
beautiful song beautifully sung by guys. awesome wordings,1
expression,1
mujhe,1
also nproud know too,1
epic line baap baap hota,0
ustad tanveer hussain,1
bhikhari sthan aukat raho,0
bht sukoon milta sun kar,1
every instrument played,1
very nice smile beautiful fan holland,1
tumare bapu bacha tomlog bikari,0
nbr trending pe chal video,1
silpa doing great job amazing song,1
pakistani kalma go surrender army jung kabhi jeeti nahi election kabhi hari nahi,0
awesome brother,1
agar aa gye onlt hand,0
rao' nice song,1
rafel tere baap baap gira tum bina nunny walose giregaa sapne dekho bas,0
sab bikari hain dekne ak banda koi acca nahi laga sab bikari jaisa laga,0
virat baad naya abba aap,0
coke studios songs,1
paxtani su r hote jung haarte match rafale dekha kabhi,0
probably best arranged song season every instrument seems place loving,1
baap baap hota samaj aaya,0
shilpaubeauty,1
r true inspiration,1
crazy people what hatred them booked first class ticket hell,0
haryanvi lath gaad dena,1
sahi bola bhai baap baap hota,0
suna kall tumhari gad fat gai gad mardi bat qya sach batana jara,0
obaid abbasi lyrics,1
nikal diya,1
match gaya sath charger gayab gaya,0
medam bol rhi baap baap hota sharma ji nahi chale verma ji chal gye chote papa nahi bade papa chal gye abhi dada ji,0
most welcome,1
kon kon muhhuhmad paigamber mu hagega,0
rafale blast can buy another not beg frighter jets like go repeated your air bases,0
beauty,1
gave goosebumps,1
oh wow vlog lovely,1
liye bolte gaar khol kar khusih mt hua kro tum log last rona pdhta tum logo hmesa hr chiz chahe jang ya mach kisi chiz jeet pta mach kiya jite ga bcche log,0
addicted one awesome song composition awesome vocalists did justice,1
pata chala kon bap ha kon beta tum log only sakte,0
pak sucks,0
down earth person,1
female version sonu nigam good if enjoy country really appreciated,1
pak charger chori rhe,0
sapno girao ge bkl nikal gai hawa,0
epic idea,1
your heart more beautiful than,1
hmm bhai hmm man gaye hum bas kro tumhara baap,0
motivating,1
sale anrej chode chhor cla ja apni salang use kro,0
sahi bola tune baap baap hota,0
ate,1
mera lele tere piche,0
sohni mainwaal channa means chenaab river chanaab sohni used visit mainwaal avross river chenaab by sitting pot made clay gharyaal but one night her sister law changed pot weak one song about sohni weak pot gharyaal having conversation,1
sale kis baat attitude dikha rahe bloody suaristan,0
nys song very nys,1
just wanna say there some kind precious vibes which personally sensed aman bhaiya thoughts which will lead something huge definitely wish best doing great job,1
congress aygi next time hooda sarkaar protest mhengai berojgari sabka gusa nikalegi public bjp pe byy byy bjp,0
harta tumhara video acha chalta,0
soothing,1
thank story,1
: know come,1
amazing video ni inspire video nlove boss pakisrtan,1
madam mujhe bhula lo naa apne team pe plz,1
bheed pelne v lgte dusre,0
abhi big boss wali video vloger bulayi kr rha khud vlog bna rha bc kesa dogla insaan bhai adami,0
achha beta nur airbesh huya pata nahi,0
chalo fat gyi gand jau silo usko,0
sweet song,1
bap bap hota beta beta hota mere bete,0
jaat bhawan,1
lots love kashmir,1
brother cant express love,1
tu jinda,0
being small town gives immense motivation if labour dedication yourself,1
proud part punjabi pakistani,1
kaisa muhhuhmad paigamber langda hua,0
had an amazing experience watch desi cultural richness warmth people made our trip truly memorable would love see school journey,1
pak sharma ji verma ji pela achi trh tel lga kr,0
noori awesome,1
bhikhari mulk phone charger chura liya,0
love syria,1
sale charger chura liya choro yaha chor,0
aapke,1
trolling yourself money beta grow up,0
fav female voice maam,1
nice choice brother maile nepali harule yesto ramro geet suneko dekheko thina,1
phar palra sachey murshad da,1
owsm fabnu rock guys,1
charger lekar kon kon gali dena chahta,0
rom rom bhaiyonn nsystummm phaad denge uneducated chapri,0
one video shows country full radicalist even kids not take sports as sports but as war,0
last lines lulled,1
match war jitna tum lalluo kaam nahi bhikhario,0
pak janta kitna masoom unko aaj biswas giraya aap lag ta waisa kabhi hua hoga shareef awaz pata chal jana chahiye khana khaya beta,0
bikau kharid liye paisa chahiye bhikhario kaheke,0
hua beta fat gai tumhari bahut pasand dena nahin,0
ohhh perfection,1
pak won coke real gemstones there,1
hu nlots respect,1
youtuber nmera tek chennal hei mere chennal aapka help sakata nice video,1
khalid mehmood ji zarur,1
match fix pagol,0
danny dgaf uske according uske papa nahi man rahe,0
anyone danny pandit video,1
she wearing indian authentic clothes,1
ap very nice,1
chotu,0
tum log dogs bhaukte raho,0
pak beta asa nehi hota,0
very inspiring shradhha,1
bismillah,1
lol win,0
casun marij karka dimag sath pura sarir hil gaya ha hajar pak army pant utarvai thi ayarbass bacha lata tum pakistani har sahar ma drone ghum tumhari ak drone girani aukat thi tum rafael giraoga jasa ganda majhab ha vasa tum jhutha loog tum apni bhano chodta dusra gali data bas samna mhu land ghus bolna aukat tari,0
its very great song,1
pure soul full song which relax heart mind,1
request everyone plz save our earth as well as their future,1
rupsanag,1
sab jag soye,1
atleast heard times what an amazing song every time listening liking more,1
bro can listen without anyone liking your comment. will not get money fame by likes. live your life,1
most favorite instrument,1
dont recommend ads song,1
rao did an excellent job,1
thanks shradaa making video,1
iska ammiko payer pela humare varma bhai nmother com bhikaristan,0
charger churake le gaye,0
bhot achaa song hv,1
kachchi meri mitti,1
can transcribe your video,1
aap apni bevkufi haray,0
urdu lafj sahi match hote songs,1
mere shukriya,1
tum match jeet sakte war bus sochta hu agar war live hota tumko tumhari okat pata chal jati,0
tera baap,0
trophy chor chargar chor,0
superb singing lyrics,1
ruchika tiwadi thanks much,1
teri ammi khud gyi pakhi log bhool gya,0
amar bhaiya wala video clip college jadavpur university,1
tmkc suru nbda khus hora,0
're still alive bro,1
kyu jung camera pe live rhi thi cricket match live telecast hota tum bhikhari bolte hum match jit gye hum jit gye,0
kamse kam spelling yaad karle jara apne dono text dhayan dekhle spelling yaad karle sale,0
zabardast yarr,1
shraddha dee good luck your future,1
nuh hinsa par video dalye,0
bhagwan ji logo comedy liye banaya,0
tumhre yaha logo lagta tum jang jitgye ham kisne btaya unko bhut badi galt fami tum log kyoki tumne kabhi jang puri kari our bhag jate,0
superb,1
one beautiful song,1
sach very good musics lyrics sound,1
an absolute example beauty brain shradha khapra,1
avi mobile charger gayab hua kaal tum gayab naa jaw nikal lo,0
traditional bihari foods wow super,1
samaj walo liye gana sona,1
dunia sare pagal bewkub log paki rehte hain,0
music doesn't know boundaries,1
dekh tera new bap verma,0
bebkhoof buniyaad prr bna yah kaisa aap churan becch saktey,0
obsessed since was created,1
wicket chaiye njese kg aata mang aapne ghabrana nahi,0
yeah but even better,1
hero dhru bhai love brother,1
rajeshwas ghar,1
rafel jhuti khabar toh pakkstani govt tume suna di,0
want part community,1
paxztan aaand forces aaand phod diya,0
inspiring,1
bap bap hota ar beta beta hota ak dam,0
fav song season far,1
tapan sharma,1
beta baap baap hota trophy chor,0
mera bhai rafale dekhane aukaat rafale girane baat krte hasi aati teri government pe koi evidence gali nikal rhe lo charger le gye tera koi khus reh ha war baat jhuth tum aapki goverment sirf jhuth boolti,0
shabd nahi ma,1
soni,1
abbu abbu hota bache bachhe hote,0
ali raza,1
inspiring words,1
pata chala kutte baap kon bete kon,0
go beg imf money bhikaristan,0
pak music,1
amazed,1
appreciate taking decision not believe also thinking about start free tuition class such people but because one thing financials also as well as some limitation but overall doing great job god blase,1
bhai kuch par log sab stream karke indian view kama sahi,0
poora chor log charger tera kidney wahi check kar lena kuch nahi chodega chalethe rafale girane gira sirf inke aazoo upar lekar neeche tak saab chor asia cup nahi baksha,0
coke .... giving goosebumps their music every single time ❤😮,1
har cheej peeche y jaheel,0
uske sboot dikhao jo time pagl bna rhe kitne giraye kuch sboot mang lo unse game live chlta bolte refri mila d empire mila hua,0
power music can reunite separated families,1
har nay tumara kam ha,0
atakwadiyo tum haar gye,0
what masterpiece,1
farzand panah sachay murshid da,1
make video how learn english language good job,1
another masterpiece,1
tum apna chrger sambhal nahi sakta tum rafeail girayoge,0
har match pakistani shuru ghante etna bhokte,0
kisi hava jisne tumhe best singer banana dikha,1
such soul relaxing music lots love,1
beta cricket dua mehnat jeette trophy choro nikammo haram khau aawam,0
guuu kha lo ib,0
charger chor papisthan jung hum jeethe jai hind,0
baap baap hotah hain madarhod,0
such beautiful melody,1
bhikharistan chale rafael girane charger ura lo bus,0
some person asking meet bro but only legend know what time video shooted actually,1
baap kon hain,0
chor sale charger chod rahe hardik cr watch kaha safe rehti liye khela wo final sale chor bhikari,0
chalo pata chal gya asli baap kon,0
beauty music,1
naqwi chor trophy chhor,0
beyond epic,1
its very bhavpurn,1
saal baad aye usme maa chod liya tumhari hamare hato npadhai kiya sharma sawal aa gaye varma tum beta nahi hamare pote tum,0
thankyou much,1
background music vibe change kar diya,1
charger chor trophy chor,0
soheini mehwaal,1
han mere bete tumne sahi kaha baap baap hota ise liye bol hun baap chodna mat seekha hum tumare baap hen jeeja thik humse panga mat liya karo hum ghar ghush kab marke chale jayenge tume pata nahe chalega tabhi pata chalega jb tumara bhai bhanja sath jaye,0
jo bhai burai krte ghume godi andhbhakat ve kde aake dhekiyo bera chale ga tumne nkde khet aao gheu katan,0
aap phir humare liye microsoft wali rahogi,1
srijit srivastava same,1
ahan bath,1
juli speaking hindi sweet cute love both,1
phar palra pakkay murshad da jehra tennu paar lga day,1
your beautiful voice stands out even chorus parts very well sung ji,1
ali hamza' awesome voice,1
such great inspiration,1
syed bukhari,1
cybil winston thank,1
like sourav joshi,1
pata chala kaun baap hain,0
noori,1
lashhhh yaar dii,1
respect,1
offx harsh famous as him,1
akely sunny mza,1
love mam,1
good greatness best,1
chor mahsin naqvi,0
can literally feel sohni going meet mahiwal masterpiece,1
chor sale charger chor,0
bap bap rahega tumara bap,0
ankitsingh fr gm par kabhi dhruva sahi video nahi bana shakta koi ishwar kaha aye kyuki kishi sachi pata nahi,0
respect,1
pata chala baap kaun gandu,0
like way sign,1
wow just eat bihari litti,1
love west africa,1
best shraddha nthank helping us,1
gali gali shor npakistan trophy chor,0
pak kitni nafrat karta,0
naa kare janab naa kare,0
just cant get enuf song,1
now viewers increasing day by day,1
like,1
came insta reels,1
tera abbu jit gaya beta,0
beta kabhi bap jit sakta,0
vitaminputin nakli jhuthi taur jeete raho,0
bap,0
wow uncle was sensible,1
god bless mam,1
hindustan log circus paise de kar dekhte lekin aaj yaha free circus dekho youtube par aisa circus saalo aata,0
takes some parallel world altogether,1
agr hm aik country hote muslims kbi moka milta age ane unko apne rights lye zulm sehne prte,1
koi baat nahi,1
poetry,1
sabhi jang hm jeete tum bhikhariyo sapne jeet skte,0
lota,1
same win loss just game nyour obsession make lose everything even happiness problem your army airforce could not even try defend your country as even airbases were inoperable,0
bhayya want almost same,1
irfanullah fakih,1
jhoothi natak state nation man femele jhooth by jhooth truth karna like,0
boht aula,1
